platform,contest_id,contest_title,start_time,year,contest_family
Codeforces,2237,"Order Capital Round 2 (Codeforces Round 1104, Div. 1 + Div. 2)",2026-06-18 14:35:00,2026,Div.1+Div.2
Codeforces,2236,Codeforces Round 1103 (Div. 3),2026-06-12 14:35:00,2026,Div.3
Codeforces,2233,Educational Codeforces Round 191 (Rated for Div. 2),2026-06-09 14:35:00,2026,Educational
Codeforces,2234,Codeforces Round 1102 (Div. 2),2026-06-07 14:35:00,2026,Div.2
Codeforces,2232,Codeforces Round 1101 (Div. 2),2026-05-30 14:35:00,2026,Div.2
Codeforces,2229,"Spectral::Cup 2026 Round 2 (Codeforces Round 1100, Div. 1 + Div. 2)",2026-05-23 14:35:00,2026,Div.1+Div.2
Codeforces,2231,Codeforces Round 1099 (Div. 2),2026-05-21 14:35:00,2026,Div.2
Codeforces,2230,Educational Codeforces Round 190 (Rated for Div. 2),2026-05-18 14:35:00,2026,Educational
Codeforces,2228,Codeforces Round 1098 (Div. 2),2026-05-16 14:35:00,2026,Div.2
Codeforces,2223,"Codeforces Round 1097 (Div. 1,  Based on Zhili Cup 2026)",2026-05-06 06:05:00,2026,Div.1
Codeforces,2224,"Codeforces Round 1097 (Div. 2,  Based on Zhili Cup 2026)",2026-05-06 06:05:00,2026,Div.2
Codeforces,2227,Codeforces Round 1096 (Div. 3),2026-04-30 14:35:00,2026,Div.3
Codeforces,2226,Codeforces Round 1095 (Div. 2),2026-04-28 14:35:00,2026,Div.2
Codeforces,2222,"Spectral::Cup 2026 Round 1 (Codeforces Round 1094, Div. 1 + Div. 2)",2026-04-25 14:35:00,2026,Div.1+Div.2
Codeforces,2225,Educational Codeforces Round 189 (Rated for Div. 2),2026-04-21 14:35:00,2026,Educational
Codeforces,2219,Codeforces Round 1093 (Div. 1),2026-04-13 14:35:00,2026,Div.1
Codeforces,2220,Codeforces Round 1093 (Div. 2),2026-04-13 14:35:00,2026,Div.2
Codeforces,2215,"Codeforces Round 1092 (Unrated, Div. 1, Based on THUPC 2026 — Finals)",2026-04-12 05:35:00,2026,Div.1
Codeforces,2216,"Codeforces Round 1092 (Unrated, Div. 2, Based on THUPC 2026 — Finals)",2026-04-12 05:35:00,2026,Div.2
Codeforces,2217,Codeforces Round 1091 (Div. 2) and CodeCraft 26,2026-04-07 14:35:00,2026,Div.2
Codeforces,2218,Codeforces Round 1090 (Div. 4),2026-04-04 14:35:00,2026,Div.4
Codeforces,2214,April Fools Day Contest 2026,2026-04-01 14:35:00,2026,Other
Codeforces,2210,Codeforces Round 1089 (Div. 2),2026-03-29 14:35:00,2026,Div.2
Codeforces,2211,"Nebius Round 2 (Codeforces Round 1088, Div. 1 + Div. 2)",2026-03-28 14:45:00,2026,Div.1+Div.2
Codeforces,2209,Codeforces Round 1087 (Div. 2),2026-03-21 14:35:00,2026,Div.2
Codeforces,2204,Educational Codeforces Round 188 (Rated for Div. 2),2026-03-16 14:35:00,2026,Educational
Codeforces,2208,Codeforces Round 1086 (Div. 2),2026-03-14 14:35:00,2026,Div.2
Codeforces,2207,Codeforces Round 1085 (Div. 1 + Div. 2),2026-03-08 14:35:00,2026,Div.1+Div.2
Codeforces,2206,"2026 ICPC Asia Pacific Championship - Online Mirror (Unrated, Online Mirror, ICPC Rules, Teams Preferred)",2026-03-08 01:45:00,2026,Other
Codeforces,2199,Kotlin Heroes: Episode 14,2026-03-02 14:35:00,2026,Other
Codeforces,2200,Codeforces Round 1084 (Div. 3),2026-02-27 14:35:00,2026,Div.3
Codeforces,2205,Codeforces Round 1083 (Div. 2),2026-02-26 14:35:00,2026,Div.2
Codeforces,2203,Educational Codeforces Round 187 (Rated for Div. 2),2026-02-25 14:35:00,2026,Educational
Codeforces,2201,Codeforces Round 1082 (Div. 1),2026-02-23 14:35:00,2026,Div.1
Codeforces,2202,Codeforces Round 1082 (Div. 2),2026-02-23 14:35:00,2026,Div.2
Codeforces,2192,Codeforces Round 1081 (Div. 2),2026-02-21 14:35:00,2026,Div.2
Codeforces,2198,Kotlin Heroes: Practice 14,2026-02-21 14:30:00,2026,Other
Codeforces,2195,Codeforces Round 1080 (Div. 3),2026-02-15 14:45:00,2026,Div.3
Codeforces,2196,Codeforces Round 1079 (Div. 1),2026-02-11 14:35:00,2026,Div.1
Codeforces,2197,Codeforces Round 1079 (Div. 2),2026-02-11 14:35:00,2026,Div.2
Codeforces,2194,Codeforces Round 1078 (Div. 2),2026-02-08 09:05:00,2026,Div.2
Codeforces,2187,Codeforces Round 1077 (Div. 1),2026-01-29 14:35:00,2026,Div.1
Codeforces,2188,Codeforces Round 1077 (Div. 2),2026-01-29 14:35:00,2026,Div.2
Codeforces,2193,Codeforces Round 1076 (Div. 3),2026-01-25 14:35:00,2026,Div.3
Codeforces,2189,Codeforces Round 1075 (Div. 2),2026-01-23 14:35:00,2026,Div.2
Codeforces,2185,Codeforces Round 1074 (Div. 4),2026-01-18 14:35:00,2026,Div.4
Codeforces,2190,Codeforces Round 1073 (Div. 1),2026-01-17 14:35:00,2026,Div.1
Codeforces,2191,Codeforces Round 1073 (Div. 2),2026-01-17 14:35:00,2026,Div.2
Codeforces,2184,Codeforces Round 1072 (Div. 3),2026-01-12 14:35:00,2026,Div.3
Codeforces,2183,Hello 2026,2026-01-07 14:35:00,2026,Other
Codeforces,2182,Educational Codeforces Round 186 (Rated for Div. 2),2025-12-29 14:35:00,2025,Educational
Codeforces,2178,Good Bye 2025,2025-12-27 14:35:00,2025,Other
Codeforces,2177,ICPC 2025 Online Winter Challenge powered by Huawei,2025-12-26 11:00:00,2025,Other
Codeforces,2179,Codeforces Round 1071 (Div. 3),2025-12-23 14:45:00,2025,Div.3
Codeforces,2180,Codeforces Global Round 31 (Div. 1 + Div. 2),2025-12-19 14:35:00,2025,Div.1+Div.2
Codeforces,2181,"2025-2026 ICPC, NERC, Northern Eurasia Finals (Unrated, Online Mirror, ICPC Rules, Teams Preferred)",2025-12-17 08:05:00,2025,Other
Codeforces,2176,Codeforces Round 1070 (Div. 2),2025-12-11 14:35:00,2025,Div.2
Codeforces,2174,Codeforces Round 1069 (Div. 1),2025-12-06 08:15:00,2025,Div.1
Codeforces,2175,Codeforces Round 1069 (Div. 2),2025-12-06 08:15:00,2025,Div.2
Codeforces,2173,Codeforces Round 1068 (Div. 2),2025-12-05 14:35:00,2025,Div.2
Codeforces,2158,Codeforces Round 1067 (Div. 2),2025-11-29 14:35:00,2025,Div.2
Codeforces,2170,Educational Codeforces Round 185 (Rated for Div. 2),2025-11-28 14:35:00,2025,Educational
Codeforces,2157,Codeforces Round 1066 (Div. 1 + Div. 2),2025-11-23 09:35:00,2025,Div.1+Div.2
Codeforces,2171,Codeforces Round 1065 (Div. 3),2025-11-20 14:35:00,2025,Div.3
Codeforces,2165,Codeforces Round 1064 (Div. 1),2025-11-16 14:35:00,2025,Div.1
Codeforces,2166,Codeforces Round 1064 (Div. 2),2025-11-16 14:35:00,2025,Div.2
Codeforces,2172,"2025 ICPC Asia Taichung Regional Contest (Unrated, Online Mirror, ICPC Rules, Preferably Teams)",2025-11-16 01:50:00,2025,Other
Codeforces,2169,Educational Codeforces Round 184 (Rated for Div. 2),2025-11-14 14:35:00,2025,Educational
Codeforces,2163,Codeforces Round 1063 (Div. 2),2025-11-10 15:05:00,2025,Div.2
Codeforces,2164,Codeforces Global Round 30 (Div. 1 + Div. 2),2025-11-06 14:35:00,2025,Div.1+Div.2
Codeforces,2168,"Testing Round 20 (Unrated, Communication Problems)",2025-11-03 14:35:00,2025,Other
Codeforces,2161,Pinely Round 5 (Div. 1 + Div. 2),2025-10-30 16:35:00,2025,Div.1+Div.2
Codeforces,2167,Codeforces Round 1062 (Div. 4),2025-10-28 14:35:00,2025,Div.4
Codeforces,2156,Codeforces Round 1061 (Div. 2),2025-10-24 14:35:00,2025,Div.2
Codeforces,2154,Codeforces Round 1060 (Div. 2),2025-10-19 14:35:00,2025,Div.2
Codeforces,2162,Codeforces Round 1059 (Div. 3),2025-10-17 14:35:00,2025,Div.3
Codeforces,2159,Codeforces Round 1058 (Div. 1),2025-10-12 14:35:00,2025,Div.1
Codeforces,2160,Codeforces Round 1058 (Div. 2),2025-10-12 14:35:00,2025,Div.2
Codeforces,2153,Codeforces Round 1057 (Div. 2),2025-10-10 14:35:00,2025,Div.2
Codeforces,2145,Educational Codeforces Round 183 (Rated for Div. 2),2025-10-06 14:35:00,2025,Educational
Codeforces,2155,Codeforces Round 1056 (Div. 2),2025-10-05 16:35:00,2025,Div.2
Codeforces,2152,"Squarepoint Challenge (Codeforces Round 1055, Div. 1 + Div. 2)",2025-10-03 14:35:00,2025,Div.1+Div.2
Codeforces,2149,Codeforces Round 1054 (Div. 3),2025-09-25 14:35:00,2025,Div.3
Codeforces,2150,Codeforces Round 1053 (Div. 1),2025-09-24 11:35:00,2025,Div.1
Codeforces,2151,Codeforces Round 1053 (Div. 2),2025-09-24 11:35:00,2025,Div.2
Codeforces,2146,Codeforces Round 1052 (Div. 2),2025-09-21 14:35:00,2025,Div.2
Codeforces,2147,Codeforces Global Round 29 (Div. 1 + Div. 2),2025-09-20 14:35:00,2025,Div.1+Div.2
Codeforces,2143,Codeforces Round 1051 (Div. 2),2025-09-17 14:35:00,2025,Div.2
Codeforces,2144,Educational Codeforces Round 182 (Rated for Div. 2),2025-09-15 14:35:00,2025,Educational
Codeforces,2148,Codeforces Round 1050 (Div. 4),2025-09-13 14:35:00,2025,Div.4
Codeforces,2141,Kotlin Heroes: Episode 13,2025-09-12 14:35:00,2025,Other
Codeforces,2140,Codeforces Round 1049 (Div. 2),2025-09-09 14:35:00,2025,Div.2
Codeforces,2138,Codeforces Round 1048 (Div. 1),2025-09-08 14:35:00,2025,Div.1
Codeforces,2139,Codeforces Round 1048 (Div. 2),2025-09-08 14:35:00,2025,Div.2
Codeforces,2137,Codeforces Round 1047 (Div. 3),2025-09-07 14:35:00,2025,Div.3
Codeforces,2142,Kotlin Heroes: Practice 13,2025-09-02 14:30:00,2025,Other
Codeforces,2135,Codeforces Round 1046 (Div. 1),2025-08-28 14:35:00,2025,Div.1
Codeforces,2136,Codeforces Round 1046 (Div. 2),2025-08-28 14:35:00,2025,Div.2
Codeforces,2134,Codeforces Round 1045 (Div. 2),2025-08-26 14:35:00,2025,Div.2
Codeforces,2133,Codeforces Round 1044 (Div. 2),2025-08-24 14:35:00,2025,Div.2
Codeforces,2132,Codeforces Round 1043 (Div. 3),2025-08-21 14:35:00,2025,Div.3
Codeforces,2131,Codeforces Round 1042 (Div. 3),2025-08-10 14:35:00,2025,Div.3
Codeforces,2127,"Atto Round 1 (Codeforces Round 1041, Div. 1 + Div. 2)",2025-08-07 14:35:00,2025,Div.1+Div.2
Codeforces,2129,Codeforces Round 1040 (Div. 1),2025-07-31 14:35:00,2025,Div.1
Codeforces,2130,Codeforces Round 1040 (Div. 2),2025-07-31 14:35:00,2025,Div.2
Codeforces,2128,Codeforces Round 1039 (Div. 2),2025-07-27 14:35:00,2025,Div.2
Codeforces,2125,Educational Codeforces Round 181 (Rated for Div. 2),2025-07-22 14:35:00,2025,Educational
Codeforces,2122,"Order Capital Round 1 (Codeforces Round 1038, Div. 1 + Div. 2)",2025-07-19 14:35:00,2025,Div.1+Div.2
Codeforces,2126,Codeforces Round 1037 (Div. 3),2025-07-17 14:35:00,2025,Div.3
Codeforces,2124,"EPIC Institute of Technology Round Summer 2025 (Codeforces Round 1036, Div. 1 + Div. 2)",2025-07-06 14:35:00,2025,Div.1+Div.2
Codeforces,2119,Codeforces Round 1035 (Div. 2),2025-07-05 14:35:00,2025,Div.2
Codeforces,2123,Codeforces Round 1034 (Div. 3),2025-07-01 14:35:00,2025,Div.3
Codeforces,2112,Educational Codeforces Round 180 (Rated for Div. 2),2025-06-23 14:35:00,2025,Educational
Codeforces,2120,Codeforces Round 1033 (Div. 2) and CodeNite 2025,2025-06-21 14:35:00,2025,Div.2
Codeforces,2121,Codeforces Round 1032 (Div. 3),2025-06-17 14:35:00,2025,Div.3
Codeforces,2113,Codeforces Round 1031 (Div. 2),2025-06-15 09:05:00,2025,Div.2
Codeforces,2118,Codeforces Round 1030 (Div. 2),2025-06-12 14:35:00,2025,Div.2
Codeforces,2117,Codeforces Round 1029 (Div. 3),2025-06-08 14:35:00,2025,Div.3
Codeforces,2111,Educational Codeforces Round 179 (Rated for Div. 2),2025-06-03 14:35:00,2025,Educational
Codeforces,2115,Codeforces Round 1028 (Div. 1),2025-05-31 14:35:00,2025,Div.1
Codeforces,2116,Codeforces Round 1028 (Div. 2),2025-05-31 14:35:00,2025,Div.2
Codeforces,2114,Codeforces Round 1027 (Div. 3),2025-05-26 14:35:00,2025,Div.3
Codeforces,2110,Codeforces Round 1026 (Div. 2),2025-05-24 14:35:00,2025,Div.2
Codeforces,2109,Codeforces Round 1025 (Div. 2),2025-05-17 14:35:00,2025,Div.2
Codeforces,2101,Codeforces Round 1024 (Div. 1),2025-05-11 14:35:00,2025,Div.1
Codeforces,2102,Codeforces Round 1024 (Div. 2),2025-05-11 14:35:00,2025,Div.2
Codeforces,2107,Codeforces Round 1023 (Div. 2),2025-05-05 14:35:00,2025,Div.2
Codeforces,2108,Codeforces Round 1022 (Div. 2),2025-05-01 14:35:00,2025,Div.2
Codeforces,2104,Educational Codeforces Round 178 (Rated for Div. 2),2025-04-28 14:35:00,2025,Educational
Codeforces,2097,Codeforces Round 1021 (Div. 1),2025-04-26 08:35:00,2025,Div.1
Codeforces,2098,Codeforces Round 1021 (Div. 2),2025-04-26 08:35:00,2025,Div.2
Codeforces,2106,Codeforces Round 1020 (Div. 3),2025-04-24 14:35:00,2025,Div.3
Codeforces,2103,Codeforces Round 1019 (Div. 2),2025-04-21 14:35:00,2025,Div.2
Codeforces,2105,Tact Smart Battle 1,2025-04-21 09:00:00,2025,Other
Codeforces,2096,"Neowise Labs Contest 1 (Codeforces Round 1018, Div. 1 + Div. 2)",2025-04-19 14:35:00,2025,Div.1+Div.2
Codeforces,2094,Codeforces Round 1017 (Div. 4),2025-04-13 15:35:00,2025,Div.4
Codeforces,2093,Codeforces Round 1016 (Div. 3),2025-04-08 14:35:00,2025,Div.3
Codeforces,2087,Kotlin Heroes: Episode 12,2025-04-07 14:35:00,2025,Other
Codeforces,2084,"Teza Round 1 (Codeforces Round 1015, Div. 1 + Div. 2)",2025-04-05 14:35:00,2025,Div.1+Div.2
Codeforces,2086,Educational Codeforces Round 177 (Rated for Div. 2),2025-04-03 14:35:00,2025,Educational
Codeforces,2095,April Fools Day Contest 2025,2025-04-01 14:35:00,2025,Other
Codeforces,2088,Kotlin Heroes: Practice 12,2025-03-31 13:35:00,2025,Other
Codeforces,2092,Codeforces Round 1014 (Div. 2),2025-03-29 14:35:00,2025,Div.2
Codeforces,2091,Codeforces Round 1013 (Div. 3),2025-03-25 14:35:00,2025,Div.3
Codeforces,2089,Codeforces Round 1012 (Div. 1),2025-03-23 05:35:00,2025,Div.1
Codeforces,2090,Codeforces Round 1012 (Div. 2),2025-03-23 05:35:00,2025,Div.2
Codeforces,2085,Codeforces Round 1011 (Div. 2),2025-03-22 14:35:00,2025,Div.2
Codeforces,2075,Educational Codeforces Round 176 (Rated for Div. 2),2025-03-17 14:35:00,2025,Educational
Codeforces,2081,"Codeforces Round 1010 (Div. 1, Unrated)",2025-03-15 14:35:00,2025,Div.1
Codeforces,2082,"Codeforces Round 1010 (Div. 2, Unrated)",2025-03-15 14:35:00,2025,Div.2
Codeforces,2074,Codeforces Round 1009 (Div. 3),2025-03-11 14:35:00,2025,Div.3
Codeforces,2077,Codeforces Round 1008 (Div. 1),2025-03-10 14:45:00,2025,Div.1
Codeforces,2078,Codeforces Round 1008 (Div. 2),2025-03-10 14:45:00,2025,Div.2
Codeforces,2080,"XIX Open Olympiad in Informatics - Final Stage, Day 2 (Unrated, Online Mirror, IOI rules)",2025-03-10 08:05:00,2025,Other
Codeforces,2079,"XIX Open Olympiad in Informatics - Final Stage, Day 1 (Unrated, Online Mirror, IOI rules)",2025-03-07 08:05:00,2025,Other
Codeforces,2068,"European Championship 2025 - Online Mirror (Unrated, ICPC Rules, Teams Preferred)",2025-03-02 10:35:00,2025,Other
Codeforces,2073,"2025 ICPC Asia Pacific Championship - Online Mirror (Unrated, Online Mirror, ICPC Rules, Teams Preferred)",2025-03-01 02:05:00,2025,Other
Codeforces,2071,Codeforces Round 1007 (Div. 2),2025-02-28 14:35:00,2025,Div.2
Codeforces,2070,Educational Codeforces Round 175 (Rated for Div. 2),2025-02-27 14:35:00,2025,Educational
Codeforces,2072,Codeforces Round 1006 (Div. 3),2025-02-25 14:35:00,2025,Div.3
Codeforces,2069,Educational Codeforces Round 174 (Rated for Div. 2),2025-02-18 14:35:00,2025,Educational
Codeforces,2064,Codeforces Round 1005 (Div. 2),2025-02-16 14:35:00,2025,Div.2
Codeforces,2066,Codeforces Round 1004 (Div. 1),2025-02-11 14:35:00,2025,Div.1
Codeforces,2067,Codeforces Round 1004 (Div. 2),2025-02-11 14:35:00,2025,Div.2
Codeforces,2065,Codeforces Round 1003 (Div. 4),2025-02-09 14:35:00,2025,Div.4
Codeforces,2059,Codeforces Round 1002 (Div. 2),2025-02-02 14:35:00,2025,Div.2
Codeforces,2062,"Ethflow Round 1 (Codeforces Round 1001, Div. 1 + Div. 2)",2025-01-26 14:35:00,2025,Div.1+Div.2
Codeforces,2063,Codeforces Round 1000 (Div. 2),2025-01-22 12:05:00,2025,Div.2
Codeforces,2061,"IAEPC Preliminary Contest (Codeforces Round 999, Div. 1 + Div. 2)",2025-01-20 14:35:00,2025,Div.1+Div.2
Codeforces,2060,Codeforces Round 998 (Div. 3),2025-01-19 14:35:00,2025,Div.3
Codeforces,2056,Codeforces Round 997 (Div. 2),2025-01-17 14:35:00,2025,Div.2
Codeforces,2055,Codeforces Round 996 (Div. 2),2025-01-12 14:35:00,2025,Div.2
Codeforces,2057,Hello 2025,2025-01-04 14:35:00,2025,Other
Codeforces,2053,Good Bye 2024: 2025 is NEAR,2024-12-28 14:35:00,2024,Other
Codeforces,2043,Educational Codeforces Round 173 (Rated for Div. 2),2024-12-24 14:35:00,2024,Educational
Codeforces,2054,MaraTON Challenge 1,2024-12-23 13:35:00,2024,Other
Codeforces,2051,Codeforces Round 995 (Div. 3),2024-12-22 14:35:00,2024,Div.3
Codeforces,2049,Codeforces Round 994 (Div. 2),2024-12-20 14:35:00,2024,Div.2
Codeforces,2048,Codeforces Global Round 28,2024-12-19 14:35:00,2024,Other
Codeforces,2044,Codeforces Round 993 (Div. 4),2024-12-15 14:35:00,2024,Div.4
Codeforces,2052,"2024-2025 ICPC, NERC, Northern Eurasia Finals (Unrated, Online Mirror, ICPC Rules, Teams Preferred)",2024-12-15 07:35:00,2024,Other
Codeforces,2040,Codeforces Round 992 (Div. 2),2024-12-08 14:35:00,2024,Div.2
Codeforces,2050,Codeforces Round 991 (Div. 3),2024-12-05 14:35:00,2024,Div.3
Codeforces,2046,Codeforces Round 990 (Div. 1),2024-12-03 06:25:00,2024,Div.1
Codeforces,2047,Codeforces Round 990 (Div. 2),2024-12-03 06:25:00,2024,Div.2
Codeforces,2042,Educational Codeforces Round 172 (Rated for Div. 2),2024-12-02 14:35:00,2024,Educational
Codeforces,2045,"2024-2025 ICPC Asia Jakarta Regional Contest (Unrated, Online Mirror, ICPC Rules, Teams Preferred)",2024-12-01 05:05:00,2024,Other
Codeforces,2034,"Rayan Programming Contest 2024 - Selection (Codeforces Round 989, Div. 1 + Div. 2)",2024-11-30 14:35:00,2024,Div.1+Div.2
Codeforces,2041,"2024 ICPC Asia Taichung Regional Contest (Unrated, Online Mirror, ICPC Rules, Preferably Teams)",2024-11-24 07:05:00,2024,Other
Codeforces,2039,"CodeTON Round 9 (Div. 1 + Div. 2, Rated, Prizes!)",2024-11-23 14:35:00,2024,Div.1+Div.2
Codeforces,2038,"2024-2025 ICPC, NERC, Southern and Volga Russian Regional Contest (Unrated, Online Mirror, ICPC Rules, Preferably Teams)",2024-11-18 10:35:00,2024,Other
Codeforces,2037,Codeforces Round 988 (Div. 3),2024-11-17 14:35:00,2024,Div.3
Codeforces,2031,Codeforces Round 987 (Div. 2),2024-11-15 12:35:00,2024,Div.2
Codeforces,2028,Codeforces Round 986 (Div. 2),2024-11-10 15:35:00,2024,Div.2
Codeforces,2029,Refact.ai Match 1 (Codeforces Round 985),2024-11-09 14:35:00,2024,Other
Codeforces,2036,Codeforces Round 984 (Div. 3),2024-11-02 14:35:00,2024,Div.3
Codeforces,2032,Codeforces Round 983 (Div. 2),2024-11-01 14:35:00,2024,Div.2
Codeforces,2026,Educational Codeforces Round 171 (Rated for Div. 2),2024-10-28 14:35:00,2024,Educational
Codeforces,2035,Codeforces Global Round 27,2024-10-27 14:35:00,2024,Other
Codeforces,2027,Codeforces Round 982 (Div. 2),2024-10-26 14:35:00,2024,Div.2
Codeforces,2033,Codeforces Round 981 (Div. 3),2024-10-24 14:35:00,2024,Div.3
Codeforces,2023,Codeforces Round 980 (Div. 1),2024-10-20 09:05:00,2024,Div.1
Codeforces,2024,Codeforces Round 980 (Div. 2),2024-10-20 09:05:00,2024,Div.2
Codeforces,2030,Codeforces Round 979 (Div. 2),2024-10-19 14:05:00,2024,Div.2
Codeforces,2025,Educational Codeforces Round 170 (Rated for Div. 2),2024-10-14 14:35:00,2024,Educational
Codeforces,2022,Codeforces Round 978 (Div. 2),2024-10-13 19:35:00,2024,Div.2
Codeforces,2021,"Codeforces Round 977 (Div. 2, based on COMPFEST 16 - Final Round)",2024-10-06 06:05:00,2024,Div.2
Codeforces,2011,Kotlin Heroes: Episode 11,2024-09-30 14:35:00,2024,Other
Codeforces,2020,Codeforces Round 976 (Div. 2) and Divide By Zero 9.0,2024-09-29 15:35:00,2024,Div.2
Codeforces,2018,Codeforces Round 975 (Div. 1),2024-09-27 13:35:00,2024,Div.1
Codeforces,2019,Codeforces Round 975 (Div. 2),2024-09-27 13:35:00,2024,Div.2
Codeforces,2014,Codeforces Round 974 (Div. 3),2024-09-21 14:45:00,2024,Div.3
Codeforces,2013,Codeforces Round 973 (Div. 2),2024-09-20 14:35:00,2024,Div.2
Codeforces,2012,Kotlin Heroes: Practice 11,2024-09-17 14:35:00,2024,Other
Codeforces,2015,2024 ICPC World Finals Challenge powered by Huawei,2024-09-17 06:34:00,2024,Other
Codeforces,2017,2024 ICPC World Finals: JetBrains Tech Trek,2024-09-17 04:47:00,2024,Other
Codeforces,2005,Codeforces Round 972 (Div. 2),2024-09-14 14:35:00,2024,Div.2
Codeforces,2009,Codeforces Round 971 (Div. 4),2024-09-03 14:35:00,2024,Div.4
Codeforces,2008,Codeforces Round 970 (Div. 3),2024-09-01 14:35:00,2024,Div.3
Codeforces,2006,Codeforces Round 969 (Div. 1),2024-08-30 14:35:00,2024,Div.1
Codeforces,2007,Codeforces Round 969 (Div. 2),2024-08-30 14:35:00,2024,Div.2
Codeforces,2010,Testing Round 19 (Div. 3),2024-08-28 20:35:00,2024,Div.3
Codeforces,2003,Codeforces Round 968 (Div. 2),2024-08-25 14:35:00,2024,Div.2
Codeforces,2001,Codeforces Round 967 (Div. 2),2024-08-20 14:35:00,2024,Div.2
Codeforces,2004,Educational Codeforces Round 169 (Rated for Div. 2),2024-08-15 14:35:00,2024,Educational
Codeforces,2000,Codeforces Round 966 (Div. 3),2024-08-13 14:40:00,2024,Div.3
Codeforces,2002,EPIC Institute of Technology Round August 2024 (Div. 1 + Div. 2),2024-08-11 14:35:00,2024,Div.1+Div.2
Codeforces,1998,Codeforces Round 965 (Div. 2),2024-08-10 14:35:00,2024,Div.2
Codeforces,1999,Codeforces Round 964 (Div. 4),2024-08-06 14:35:00,2024,Div.4
Codeforces,1993,Codeforces Round 963 (Div. 2),2024-08-04 14:35:00,2024,Div.2
Codeforces,1997,Educational Codeforces Round 168 (Rated for Div. 2),2024-07-30 14:35:00,2024,Educational
Codeforces,1991,Pinely Round 4 (Div. 1 + Div. 2),2024-07-28 14:35:00,2024,Div.1+Div.2
Codeforces,1996,Codeforces Round 962 (Div. 3),2024-07-26 14:35:00,2024,Div.3
Codeforces,1995,Codeforces Round 961 (Div. 2),2024-07-23 14:35:00,2024,Div.2
Codeforces,1990,Codeforces Round 960 (Div. 2),2024-07-20 14:35:00,2024,Div.2
Codeforces,1994,Codeforces Round 959 sponsored by NEAR (Div. 1 + Div. 2),2024-07-18 14:35:00,2024,Div.1+Div.2
Codeforces,1988,Codeforces Round 958 (Div. 2),2024-07-15 14:35:00,2024,Div.2
Codeforces,1992,Codeforces Round 957 (Div. 3),2024-07-11 14:35:00,2024,Div.3
Codeforces,1983,Codeforces Round 956 (Div. 2) and ByteRace 2024,2024-07-07 14:35:00,2024,Div.2
Codeforces,1987,EPIC Institute of Technology Round Summer 2024 (Div. 1 + Div. 2),2024-06-30 14:35:00,2024,Div.1+Div.2
Codeforces,1989,Educational Codeforces Round 167 (Rated for Div. 2),2024-06-27 14:35:00,2024,Educational
Codeforces,1982,"Codeforces Round 955 (Div. 2, with prizes from NEAR!)",2024-06-25 14:35:00,2024,Div.2
Codeforces,1986,Codeforces Round 954 (Div. 3),2024-06-23 14:50:00,2024,Div.3
Codeforces,1978,Codeforces Round 953 (Div. 2),2024-06-16 09:05:00,2024,Div.2
Codeforces,1985,Codeforces Round 952 (Div. 4),2024-06-11 14:35:00,2024,Div.4
Codeforces,1984,Codeforces Global Round 26,2024-06-09 14:35:00,2024,Other
Codeforces,1979,Codeforces Round 951 (Div. 2),2024-06-06 14:35:00,2024,Div.2
Codeforces,1980,Codeforces Round 950 (Div. 3),2024-06-03 14:35:00,2024,Div.3
Codeforces,1981,Codeforces Round 949 (Div. 2),2024-05-31 10:05:00,2024,Div.2
Codeforces,1976,Educational Codeforces Round 166 (Rated for Div. 2),2024-05-30 14:35:00,2024,Educational
Codeforces,1977,Codeforces Round 948 (Div. 2),2024-05-26 14:35:00,2024,Div.2
Codeforces,1975,Codeforces Round 947 (Div. 1 + Div. 2),2024-05-25 14:35:00,2024,Div.1+Div.2
Codeforces,1974,Codeforces Round 946 (Div. 3),2024-05-20 14:35:00,2024,Div.3
Codeforces,1973,Codeforces Round 945 (Div. 2),2024-05-17 14:35:00,2024,Div.2
Codeforces,1958,Kotlin Heroes: Episode 10,2024-05-13 14:35:00,2024,Other
Codeforces,1971,Codeforces Round 944 (Div. 4),2024-05-10 14:35:00,2024,Div.4
Codeforces,1959,Kotlin Heroes: Practice 10,2024-05-07 15:35:00,2024,Other
Codeforces,1953,2023 Post World Finals Online ICPC Challenge powered by Huawei,2024-05-06 15:00:00,2024,Other
Codeforces,1970,"Helvetic Coding Contest 2024 online mirror (teams allowed, unrated)",2024-05-04 07:05:00,2024,Other
Codeforces,1968,Codeforces Round 943 (Div. 3),2024-05-02 14:45:00,2024,Div.3
Codeforces,1967,Codeforces Round 942 (Div. 1),2024-04-30 14:35:00,2024,Div.1
Codeforces,1972,Codeforces Round 942 (Div. 2),2024-04-30 14:35:00,2024,Div.2
Codeforces,1969,Educational Codeforces Round 165 (Rated for Div. 2),2024-04-29 14:35:00,2024,Educational
Codeforces,1965,Codeforces Round 941 (Div. 1),2024-04-27 14:35:00,2024,Div.1
Codeforces,1966,Codeforces Round 941 (Div. 2),2024-04-27 14:35:00,2024,Div.2
Codeforces,1957,Codeforces Round 940 (Div. 2) and CodeCraft-23,2024-04-21 14:35:00,2024,Div.2
Codeforces,1956,Codeforces Round 939 (Div. 2),2024-04-13 14:35:00,2024,Div.2
Codeforces,1954,Educational Codeforces Round 164 (Rated for Div. 2),2024-04-12 14:35:00,2024,Educational
Codeforces,1955,Codeforces Round 938 (Div. 3),2024-04-08 14:35:00,2024,Div.3
Codeforces,1951,Codeforces Global Round 25,2024-04-06 14:35:00,2024,Other
Codeforces,1952,April Fools Day Contest 2024,2024-04-01 14:35:00,2024,Other
Codeforces,1942,"CodeTON Round 8 (Div. 1 + Div. 2, Rated, Prizes!)",2024-03-30 14:35:00,2024,Div.1+Div.2
Codeforces,1950,Codeforces Round 937 (Div. 4),2024-03-28 14:45:00,2024,Div.4
Codeforces,1949,"European Championship 2024 - Online Mirror (Unrated, ICPC Rules, Teams Preferred)",2024-03-24 10:00:00,2024,Other
Codeforces,1946,Codeforces Round 936 (Div. 2),2024-03-22 14:35:00,2024,Div.2
Codeforces,1945,Codeforces Round 935 (Div. 3),2024-03-19 08:05:00,2024,Div.3
Codeforces,1943,Codeforces Round 934 (Div. 1),2024-03-16 14:35:00,2024,Div.1
Codeforces,1944,Codeforces Round 934 (Div. 2),2024-03-16 14:35:00,2024,Div.2
Codeforces,1948,Educational Codeforces Round 163 (Rated for Div. 2),2024-03-15 14:35:00,2024,Educational
Codeforces,1941,Codeforces Round 933 (Div. 3),2024-03-11 14:35:00,2024,Div.3
Codeforces,1940,"XVIII Open Olympiad in Informatics - Final Stage, Day 2 (Unrated, Online Mirror, IOI rules)",2024-03-09 09:05:00,2024,Other
Codeforces,1939,"XVIII Open Olympiad in Informatics - Final Stage, Day 1 (Unrated, Online Mirror, IOI rules)",2024-03-08 09:05:00,2024,Other
Codeforces,1935,Codeforces Round 932 (Div. 2),2024-03-05 14:35:00,2024,Div.2
Codeforces,1938,"2024 ICPC Asia Pacific Championship - Online Mirror (Unrated, Online Mirror, ICPC Rules, Teams Preferred)",2024-03-02 02:35:00,2024,Other
Codeforces,1934,Codeforces Round 931 (Div. 2),2024-03-01 14:35:00,2024,Div.2
Codeforces,1936,Codeforces Round 930 (Div. 1),2024-02-29 14:35:00,2024,Div.1
Codeforces,1937,Codeforces Round 930 (Div. 2),2024-02-29 14:35:00,2024,Div.2
Codeforces,1933,Codeforces Round 929 (Div. 3),2024-02-27 14:35:00,2024,Div.3
Codeforces,1923,Educational Codeforces Round 162 (Rated for Div. 2),2024-02-23 14:35:00,2024,Educational
Codeforces,1926,Codeforces Round 928 (Div. 4),2024-02-19 14:35:00,2024,Div.4
Codeforces,1932,Codeforces Round 927 (Div. 3),2024-02-18 12:05:00,2024,Div.3
Codeforces,1930,think-cell Round 1,2024-02-17 14:35:00,2024,Other
Codeforces,1929,Codeforces Round 926 (Div. 2),2024-02-15 14:35:00,2024,Div.2
Codeforces,1931,Codeforces Round 925 (Div. 3),2024-02-13 14:35:00,2024,Div.3
Codeforces,1928,Codeforces Round 924 (Div. 2),2024-02-11 09:35:00,2024,Div.2
Codeforces,1927,Codeforces Round 923 (Div. 3),2024-02-06 14:45:00,2024,Div.3
Codeforces,1918,Codeforces Round 922 (Div. 2),2024-01-30 14:35:00,2024,Div.2
Codeforces,1924,Codeforces Round 921 (Div. 1),2024-01-27 14:45:00,2024,Div.1
Codeforces,1925,Codeforces Round 921 (Div. 2),2024-01-27 14:45:00,2024,Div.2
Codeforces,1922,Educational Codeforces Round 161 (Rated for Div. 2),2024-01-18 14:35:00,2024,Educational
Codeforces,1921,Codeforces Round 920 (Div. 3),2024-01-15 14:35:00,2024,Div.3
Codeforces,1920,Codeforces Round 919 (Div. 2),2024-01-13 14:35:00,2024,Div.2
Codeforces,1919,Hello 2024,2024-01-06 14:35:00,2024,Other
Codeforces,1916,Good Bye 2023,2023-12-30 14:50:00,2023,Other
Codeforces,1915,Codeforces Round 918 (Div. 4),2023-12-28 14:35:00,2023,Div.4
Codeforces,1917,Codeforces Round 917 (Div. 2),2023-12-24 14:35:00,2023,Div.2
Codeforces,1909,Pinely Round 3 (Div. 1 + Div. 2),2023-12-23 14:35:00,2023,Div.1+Div.2
Codeforces,1914,Codeforces Round 916 (Div. 3),2023-12-19 14:35:00,2023,Div.3
Codeforces,1913,Educational Codeforces Round 160 (Rated for Div. 2),2023-12-18 14:35:00,2023,Educational
Codeforces,1905,Codeforces Round 915 (Div. 2),2023-12-16 14:35:00,2023,Div.2
Codeforces,1912,"2023-2024 ICPC, NERC, Northern Eurasia Onsite (Unrated, Online Mirror, ICPC Rules, Teams Preferred)",2023-12-13 07:35:00,2023,Other
Codeforces,1910,"Kotlin Heroes: Episode 9 (Unrated, T-Shirts + Prizes!)",2023-12-11 14:35:00,2023,Other
Codeforces,1904,Codeforces Round 914 (Div. 2),2023-12-09 16:05:00,2023,Div.2
Codeforces,1907,Codeforces Round 913 (Div. 3),2023-12-05 14:45:00,2023,Div.3
Codeforces,1902,Educational Codeforces Round 159 (Rated for Div. 2),2023-12-03 14:35:00,2023,Educational
Codeforces,1906,"2023-2024 ICPC, Asia Jakarta Regional Contest (Online Mirror, Unrated, ICPC Rules, Teams Preferred)",2023-12-03 04:35:00,2023,Other
Codeforces,1911,Kotlin Heroes: Practice 9 (release 2),2023-12-01 14:25:00,2023,Other
Codeforces,1903,Codeforces Round 912 (Div. 2),2023-11-30 16:35:00,2023,Div.2
Codeforces,1900,Codeforces Round 911 (Div. 2),2023-11-26 14:35:00,2023,Div.2
Codeforces,1896,"CodeTON Round 7 (Div. 1 + Div. 2, Rated, Prizes!)",2023-11-25 14:50:00,2023,Div.1+Div.2
Codeforces,1901,Educational Codeforces Round 158 (Rated for Div. 2),2023-11-24 14:35:00,2023,Educational
Codeforces,1885,ICPC 2023 Online Challenge powered by Huawei,2023-11-20 07:00:00,2023,Other
Codeforces,1898,Codeforces Round 910 (Div. 2),2023-11-19 14:35:00,2023,Div.2
Codeforces,1899,Codeforces Round 909 (Div. 3),2023-11-17 14:35:00,2023,Div.3
Codeforces,1893,Codeforces Round 908 (Div. 1),2023-11-07 14:35:00,2023,Div.1
Codeforces,1894,Codeforces Round 908 (Div. 2),2023-11-07 14:35:00,2023,Div.2
Codeforces,1895,Educational Codeforces Round 157 (Rated for Div. 2),2023-11-03 14:35:00,2023,Educational
Codeforces,1891,Codeforces Round 907 (Div. 2),2023-10-30 14:35:00,2023,Div.2
Codeforces,1889,Codeforces Round 906 (Div. 1),2023-10-28 14:35:00,2023,Div.1
Codeforces,1890,Codeforces Round 906 (Div. 2),2023-10-28 14:35:00,2023,Div.2
Codeforces,1887,Codeforces Round 905 (Div. 1),2023-10-22 11:05:00,2023,Div.1
Codeforces,1888,Codeforces Round 905 (Div. 2),2023-10-22 11:05:00,2023,Div.2
Codeforces,1883,Codeforces Round 905 (Div. 3),2023-10-22 11:05:00,2023,Div.3
Codeforces,1884,Codeforces Round 904 (Div. 2),2023-10-22 07:05:00,2023,Div.2
Codeforces,1881,Codeforces Round 903 (Div. 3),2023-10-12 14:35:00,2023,Div.3
Codeforces,1886,Educational Codeforces Round 156 (Rated for Div. 2),2023-10-09 14:35:00,2023,Educational
Codeforces,1876,"Codeforces Round 902 (Div. 1, based on COMPFEST 15 - Final Round)",2023-10-08 09:05:00,2023,Div.1
Codeforces,1877,"Codeforces Round 902 (Div. 2, based on COMPFEST 15 - Final Round)",2023-10-08 09:05:00,2023,Div.2
Codeforces,1874,Codeforces Round 901 (Div. 1),2023-09-30 14:35:00,2023,Div.1
Codeforces,1875,Codeforces Round 901 (Div. 2),2023-09-30 14:35:00,2023,Div.2
Codeforces,1878,Codeforces Round 900 (Div. 3),2023-09-26 14:35:00,2023,Div.3
Codeforces,1882,Codeforces Round 899 (Div. 2),2023-09-25 14:35:00,2023,Div.2
Codeforces,1879,Educational Codeforces Round 155 (Rated for Div. 2),2023-09-24 14:35:00,2023,Educational
Codeforces,1873,Codeforces Round 898 (Div. 4),2023-09-21 14:35:00,2023,Div.4
Codeforces,1870,"CodeTON Round 6 (Div. 1 + Div. 2, Rated, Prizes!)",2023-09-18 14:35:00,2023,Div.1+Div.2
Codeforces,1867,Codeforces Round 897 (Div. 2),2023-09-11 14:35:00,2023,Div.2
Codeforces,1868,Codeforces Round 896 (Div. 1),2023-09-10 14:05:00,2023,Div.1
Codeforces,1869,Codeforces Round 896 (Div. 2),2023-09-10 14:05:00,2023,Div.2
Codeforces,1872,Codeforces Round 895 (Div. 3),2023-09-07 14:35:00,2023,Div.3
Codeforces,1866,"COMPFEST 15 - Preliminary Online Mirror (Unrated, ICPC Rules, Teams Preferred)",2023-09-03 12:05:00,2023,Other
Codeforces,1861,Educational Codeforces Round 154 (Rated for Div. 2),2023-08-31 14:35:00,2023,Educational
Codeforces,1863,Pinely Round 2 (Div. 1 + Div. 2),2023-08-30 14:35:00,2023,Div.1+Div.2
Codeforces,1864,Harbour.Space Scholarship Contest 2023-2024 (Div. 1 + Div. 2),2023-08-26 14:35:00,2023,Div.1+Div.2
Codeforces,1862,Codeforces Round 894 (Div. 3),2023-08-24 14:35:00,2023,Div.3
Codeforces,1860,Educational Codeforces Round 153 (Rated for Div. 2),2023-08-17 14:35:00,2023,Educational
Codeforces,1858,Codeforces Round 893 (Div. 2),2023-08-15 14:35:00,2023,Div.2
Codeforces,1859,Codeforces Round 892 (Div. 2),2023-08-12 14:35:00,2023,Div.2
Codeforces,1857,Codeforces Round 891 (Div. 3),2023-08-07 14:35:00,2023,Div.3
Codeforces,1856,Codeforces Round 890 (Div. 2) supported by Constructor Institute,2023-08-05 14:35:00,2023,Div.2
Codeforces,1854,Codeforces Round 889 (Div. 1),2023-07-29 14:35:00,2023,Div.1
Codeforces,1855,Codeforces Round 889 (Div. 2),2023-07-29 14:35:00,2023,Div.2
Codeforces,1849,Educational Codeforces Round 152 (Rated for Div. 2),2023-07-27 14:35:00,2023,Educational
Codeforces,1851,Codeforces Round 888 (Div. 3),2023-07-25 14:35:00,2023,Div.3
Codeforces,1852,Codeforces Round 887 (Div. 1),2023-07-23 14:35:00,2023,Div.1
Codeforces,1853,Codeforces Round 887 (Div. 2),2023-07-23 14:35:00,2023,Div.2
Codeforces,1850,Codeforces Round 886 (Div. 4),2023-07-21 14:35:00,2023,Div.4
Codeforces,1848,Codeforces Round 885 (Div. 2),2023-07-16 14:35:00,2023,Div.2
Codeforces,1844,Codeforces Round 884 (Div. 1 + Div. 2),2023-07-11 14:35:00,2023,Div.1+Div.2
Codeforces,1846,Codeforces Round 883 (Div. 3),2023-07-07 14:35:00,2023,Div.3
Codeforces,1847,Codeforces Round 882 (Div. 2),2023-07-06 14:35:00,2023,Div.2
Codeforces,1845,Educational Codeforces Round 151 (Rated for Div. 2),2023-06-29 14:35:00,2023,Educational
Codeforces,1842,"CodeTON Round 5 (Div. 1 + Div. 2, Rated, Prizes!)",2023-06-24 14:05:00,2023,Div.1+Div.2
Codeforces,1843,Codeforces Round 881 (Div. 3),2023-06-20 14:35:00,2023,Div.3
Codeforces,1835,Codeforces Round 880 (Div. 1),2023-06-18 14:35:00,2023,Div.1
Codeforces,1836,Codeforces Round 880 (Div. 2),2023-06-18 14:35:00,2023,Div.2
Codeforces,1834,Codeforces Round 879 (Div. 2),2023-06-18 08:05:00,2023,Div.2
Codeforces,1841,Educational Codeforces Round 150 (Rated for Div. 2),2023-06-12 14:35:00,2023,Educational
Codeforces,1840,Codeforces Round 878 (Div. 3),2023-06-06 14:35:00,2023,Div.3
Codeforces,1838,Codeforces Round 877 (Div. 2),2023-06-04 14:45:00,2023,Div.2
Codeforces,1839,Codeforces Round 876 (Div. 2),2023-06-03 14:35:00,2023,Div.2
Codeforces,1830,Codeforces Round 875 (Div. 1),2023-05-28 14:35:00,2023,Div.1
Codeforces,1831,Codeforces Round 875 (Div. 2),2023-05-28 14:35:00,2023,Div.2
Codeforces,1837,Educational Codeforces Round 149 (Rated for Div. 2),2023-05-25 14:35:00,2023,Educational
Codeforces,1833,Codeforces Round 874 (Div. 3),2023-05-19 14:35:00,2023,Div.3
Codeforces,1827,Codeforces Round 873 (Div. 1),2023-05-14 14:35:00,2023,Div.1
Codeforces,1828,Codeforces Round 873 (Div. 2),2023-05-14 14:35:00,2023,Div.2
Codeforces,1832,Educational Codeforces Round 148 (Rated for Div. 2),2023-05-12 14:35:00,2023,Educational
Codeforces,1824,Codeforces Round 872 (Div. 1),2023-05-08 12:05:00,2023,Div.1
Codeforces,1825,Codeforces Round 872 (Div. 2),2023-05-08 12:05:00,2023,Div.2
Codeforces,1829,Codeforces Round 871 (Div. 4),2023-05-06 14:35:00,2023,Div.4
Codeforces,1826,Codeforces Round 870 (Div. 2),2023-05-05 14:35:00,2023,Div.2
Codeforces,1817,Codeforces Round 869 (Div. 1),2023-04-29 14:35:00,2023,Div.1
Codeforces,1818,Codeforces Round 869 (Div. 2),2023-04-29 14:35:00,2023,Div.2
Codeforces,1823,Codeforces Round 868 (Div. 2),2023-04-27 14:35:00,2023,Div.2
Codeforces,1822,Codeforces Round 867 (Div. 3),2023-04-24 14:35:00,2023,Div.3
Codeforces,1821,Educational Codeforces Round 147 (Rated for Div. 2),2023-04-20 14:35:00,2023,Educational
Codeforces,1819,Codeforces Round 866 (Div. 1),2023-04-15 09:05:00,2023,Div.1
Codeforces,1820,Codeforces Round 866 (Div. 2),2023-04-15 09:05:00,2023,Div.2
Codeforces,1813,ICPC 2023 Online Spring Challenge powered by Huawei,2023-04-13 11:00:00,2023,Other
Codeforces,1815,Codeforces Round 865 (Div. 1),2023-04-09 14:45:00,2023,Div.1
Codeforces,1816,Codeforces Round 865 (Div. 2),2023-04-09 14:45:00,2023,Div.2
Codeforces,1797,Codeforces Round 864 (Div. 2),2023-04-08 14:05:00,2023,Div.2
Codeforces,1814,Educational Codeforces Round 146 (Rated for Div. 2),2023-04-06 14:35:00,2023,Educational
Codeforces,1811,Codeforces Round 863 (Div. 3),2023-04-04 14:35:00,2023,Div.3
Codeforces,1805,Codeforces Round 862 (Div. 2),2023-04-02 14:35:00,2023,Div.2
Codeforces,1812,April Fools Day Contest 2023,2023-04-01 14:35:00,2023,Other
Codeforces,1810,"CodeTON Round 4 (Div. 1 + Div. 2, Rated, Prizes!)",2023-03-31 14:35:00,2023,Div.1+Div.2
Codeforces,1808,Codeforces Round 861 (Div. 2),2023-03-29 09:05:00,2023,Div.2
Codeforces,1798,Codeforces Round 860 (Div. 2),2023-03-26 14:35:00,2023,Div.2
Codeforces,1809,Educational Codeforces Round 145 (Rated for Div. 2),2023-03-23 14:35:00,2023,Educational
Codeforces,1807,Codeforces Round 859 (Div. 4),2023-03-19 14:55:00,2023,Div.4
Codeforces,1806,Codeforces Round 858 (Div. 2),2023-03-18 12:05:00,2023,Div.2
Codeforces,1804,Nebius Welcome Round (Div. 1 + Div. 2),2023-03-12 14:35:00,2023,Div.1+Div.2
Codeforces,1801,Codeforces Round 857 (Div. 1),2023-03-09 09:35:00,2023,Div.1
Codeforces,1802,Codeforces Round 857 (Div. 2),2023-03-09 09:35:00,2023,Div.2
Codeforces,1794,Codeforces Round 856 (Div. 2),2023-03-04 17:35:00,2023,Div.2
Codeforces,1800,Codeforces Round 855 (Div. 3),2023-03-02 14:35:00,2023,Div.3
Codeforces,1796,Educational Codeforces Round 144 (Rated for Div. 2),2023-02-28 14:35:00,2023,Educational
Codeforces,1799,Codeforces Round 854 by cybercats (Div. 1 + Div. 2),2023-02-27 14:35:00,2023,Div.1+Div.2
Codeforces,1789,Codeforces Round 853 (Div. 2),2023-02-25 14:20:00,2023,Div.2
Codeforces,1776,"SWERC 2022-2023 - Online Mirror (Unrated, ICPC Rules, Teams Preferred)",2023-02-19 11:05:00,2023,Other
Codeforces,1795,Educational Codeforces Round 143 (Rated for Div. 2),2023-02-16 14:35:00,2023,Educational
Codeforces,1793,Codeforces Round 852 (Div. 2),2023-02-12 08:35:00,2023,Div.2
Codeforces,1788,Codeforces Round 851 (Div. 2),2023-02-09 14:35:00,2023,Div.2
Codeforces,1784,VK Cup 2022 - Финальный раунд (Engine),2023-02-05 12:05:00,2023,Other
Codeforces,1785,"Codeforces Round 850 (Div. 1, based on VK Cup 2022 - Final Round)",2023-02-05 12:05:00,2023,Div.1
Codeforces,1786,"Codeforces Round 850 (Div. 2, based on VK Cup 2022 - Final Round)",2023-02-05 12:05:00,2023,Div.2
Codeforces,1791,Codeforces Round 849 (Div. 4),2023-02-03 14:35:00,2023,Div.4
Codeforces,1778,Codeforces Round 848 (Div. 2),2023-02-01 14:35:00,2023,Div.2
Codeforces,1787,"TypeDB Forces 2023 (Div. 1 + Div. 2, Rated, Prizes!)",2023-01-29 14:35:00,2023,Div.1+Div.2
Codeforces,1790,Codeforces Round 847 (Div. 3),2023-01-27 14:35:00,2023,Div.3
Codeforces,1780,Codeforces Round 846 (Div. 2),2023-01-25 14:35:00,2023,Div.2
Codeforces,1792,Educational Codeforces Round 142 (Rated for Div. 2),2023-01-24 14:35:00,2023,Educational
Codeforces,1777,Codeforces Round 845 (Div. 2) and ByteRace 2023,2023-01-21 14:35:00,2023,Div.2
Codeforces,1781,VK Cup 2022 - Отборочный раунд (Engine),2023-01-15 12:05:00,2023,Other
Codeforces,1782,"Codeforces Round 844 (Div. 1 + Div. 2, based on VK Cup 2022 - Elimination Round)",2023-01-15 12:05:00,2023,Div.1+Div.2
Codeforces,1775,Codeforces Round 843 (Div. 2),2023-01-10 11:15:00,2023,Div.2
Codeforces,1783,Educational Codeforces Round 141 (Rated for Div. 2),2023-01-08 14:35:00,2023,Educational
Codeforces,1768,Codeforces Round 842 (Div. 2),2023-01-05 14:35:00,2023,Div.2
Codeforces,1779,Hello 2023,2023-01-03 14:35:00,2023,Other
Codeforces,1770,Good Bye 2022: 2023 is NEAR,2022-12-30 14:35:00,2022,Other
Codeforces,1731,Codeforces Round 841 (Div. 2) and Divide by Zero 2022,2022-12-27 14:35:00,2022,Div.2
Codeforces,1763,Codeforces Round 840 (Div. 2) and Enigma 2022 - Cybros LNMIIT,2022-12-19 14:35:00,2022,Div.2
Codeforces,1772,Codeforces Round 839 (Div. 3),2022-12-18 14:35:00,2022,Div.3
Codeforces,1774,"Polynomial Round 2022 (Div. 1 + Div. 2, Rated, Prizes!)",2022-12-17 14:35:00,2022,Div.1+Div.2
Codeforces,1767,Educational Codeforces Round 140 (Rated for Div. 2),2022-12-16 14:35:00,2022,Educational
Codeforces,1762,Codeforces Round 838 (Div. 2),2022-12-15 14:35:00,2022,Div.2
Codeforces,1766,Educational Codeforces Round 139 (Rated for Div. 2),2022-12-12 14:35:00,2022,Educational
Codeforces,1771,Codeforces Round 837 (Div. 2),2022-12-11 15:35:00,2022,Div.2
Codeforces,1773,"2022-2023 ICPC, NERC, Northern Eurasia Onsite (Unrated, Online Mirror, ICPC Rules, Teams Preferred)",2022-12-07 08:05:00,2022,Other
Codeforces,1769,VK Cup 2022 - Квалификация (Engine),2022-12-03 09:00:00,2022,Other
Codeforces,1765,"2022-2023 ICPC, NERC, Southern and Volga Russian Regional Contest (Online Mirror, ICPC Rules, Preferably Teams)",2022-11-27 10:35:00,2022,Other
Codeforces,1764,Codeforces Global Round 24,2022-11-26 14:05:00,2022,Other
Codeforces,1758,Codeforces Round 836 (Div. 2),2022-11-25 15:35:00,2022,Div.2
Codeforces,1760,Codeforces Round 835 (Div. 4),2022-11-21 14:35:00,2022,Div.4
Codeforces,1761,Pinely Round 1 (Div. 1 + Div. 2),2022-11-20 14:35:00,2022,Div.1+Div.2
Codeforces,1759,Codeforces Round  834 (Div. 3),2022-11-18 14:35:00,2022,Div.3
Codeforces,1752,45th ICPC World Finals Challenge powered by Huawei - Problem 1,2022-11-17 00:00:00,2022,Other
Codeforces,1751,45th ICPC World Finals Challenge powered by Huawei - Problem 2,2022-11-17 00:00:00,2022,Other
Codeforces,1748,Codeforces Round 833 (Div. 2),2022-11-12 14:35:00,2022,Div.2
Codeforces,1755,Ecnerwala vs Errichto Kotlin Match,2022-11-07 04:17:00,2022,Other
Codeforces,1750,"CodeTON Round 3 (Div. 1 + Div. 2, Rated, Prizes!)",2022-11-06 14:35:00,2022,Div.1+Div.2
Codeforces,1747,Codeforces Round 832 (Div. 2),2022-11-04 14:35:00,2022,Div.2
Codeforces,1740,Codeforces Round 831 (Div. 1 + Div. 2),2022-10-29 09:10:00,2022,Div.1+Div.2
Codeforces,1732,Codeforces Round 830 (Div. 2),2022-10-23 10:05:00,2022,Div.2
Codeforces,1753,Codeforces Round 829 (Div. 1),2022-10-23 07:50:00,2022,Div.1
Codeforces,1754,Codeforces Round 829 (Div. 2),2022-10-23 07:50:00,2022,Div.2
Codeforces,1749,Educational Codeforces Round 138 (Rated for Div. 2),2022-10-20 14:35:00,2022,Educational
Codeforces,1743,Educational Codeforces Round 137 (Rated for Div. 2),2022-10-17 14:35:00,2022,Educational
Codeforces,1744,Codeforces Round  828 (Div. 3),2022-10-16 14:35:00,2022,Div.3
Codeforces,1746,Codeforces Global Round 23,2022-10-15 14:35:00,2022,Other
Codeforces,1742,Codeforces Round 827 (Div. 4),2022-10-13 14:35:00,2022,Div.4
Codeforces,1741,Codeforces Round 826 (Div. 3),2022-10-11 14:35:00,2022,Div.3
Codeforces,1736,Codeforces Round 825 (Div. 2),2022-10-10 14:35:00,2022,Div.2
Codeforces,1737,Dytechlab Cup 2022,2022-10-07 14:35:00,2022,Other
Codeforces,1735,Codeforces Round 824 (Div. 2),2022-10-02 14:35:00,2022,Div.2
Codeforces,1738,Codeforces Global Round 22,2022-09-30 14:35:00,2022,Other
Codeforces,1739,Educational Codeforces Round 136 (Rated for Div. 2),2022-09-29 14:35:00,2022,Educational
Codeforces,1730,Codeforces Round 823 (Div. 2),2022-09-25 14:35:00,2022,Div.2
Codeforces,1734,Codeforces Round 822 (Div. 2),2022-09-23 12:05:00,2022,Div.2
Codeforces,1733,Codeforces Round 821 (Div. 2),2022-09-19 14:35:00,2022,Div.2
Codeforces,1723,ICPC 2022 Online Challenge powered by HUAWEI - Problem 1,2022-09-15 00:00:00,2022,Other
Codeforces,1724,ICPC 2022 Online Challenge powered by HUAWEI - Problem 2,2022-09-15 00:00:00,2022,Other
Codeforces,1729,Codeforces Round 820 (Div. 3),2022-09-12 14:35:00,2022,Div.3
Codeforces,1728,Educational Codeforces Round 135 (Rated for Div. 2),2022-09-08 14:35:00,2022,Educational
Codeforces,1726,Codeforces Round 819 (Div. 1 + Div. 2) and Grimoire of Code Annual Contest 2022,2022-09-06 14:35:00,2022,Div.1+Div.2
Codeforces,1725,"COMPFEST 14 - Preliminary Online Mirror (Unrated, ICPC Rules, Teams Preferred)",2022-09-04 13:35:00,2022,Other
Codeforces,1717,Codeforces Round 818 (Div. 2),2022-09-02 14:35:00,2022,Div.2
Codeforces,1722,Codeforces Round 817 (Div. 4),2022-08-30 14:50:00,2022,Div.4
Codeforces,1721,Educational Codeforces Round 134 (Rated for Div. 2),2022-08-27 14:35:00,2022,Educational
Codeforces,1715,Codeforces Round 816 (Div. 2),2022-08-20 14:35:00,2022,Div.2
Codeforces,1720,Codeforces Round 815 (Div. 2),2022-08-18 13:35:00,2022,Div.2
Codeforces,1718,Codeforces Round 814 (Div. 1),2022-08-16 14:35:00,2022,Div.1
Codeforces,1719,Codeforces Round 814 (Div. 2),2022-08-16 14:35:00,2022,Div.2
Codeforces,1712,Codeforces Round 813 (Div. 2),2022-08-13 14:35:00,2022,Div.2
Codeforces,1713,Codeforces Round 812 (Div. 2),2022-08-06 14:35:00,2022,Div.2
Codeforces,1716,Educational Codeforces Round 133 (Rated for Div. 2),2022-08-04 14:35:00,2022,Educational
Codeforces,1714,Codeforces Round 811 (Div. 3),2022-08-01 14:35:00,2022,Div.3
Codeforces,1704,"CodeTON Round 2 (Div. 1 + Div. 2, Rated, Prizes!)",2022-07-31 14:05:00,2022,Div.1+Div.2
Codeforces,1710,Codeforces Round 810 (Div. 1),2022-07-24 14:35:00,2022,Div.1
Codeforces,1711,Codeforces Round 810 (Div. 2),2022-07-24 14:35:00,2022,Div.2
Codeforces,1709,Educational Codeforces Round 132 (Rated for Div. 2),2022-07-21 14:35:00,2022,Educational
Codeforces,1706,Codeforces Round 809 (Div. 2),2022-07-18 14:35:00,2022,Div.2
Codeforces,1707,Codeforces Round 808 (Div. 1),2022-07-16 14:35:00,2022,Div.1
Codeforces,1708,Codeforces Round 808 (Div. 2),2022-07-16 14:35:00,2022,Div.2
Codeforces,1705,Codeforces Round 807 (Div. 2),2022-07-15 13:35:00,2022,Div.2
Codeforces,1703,Codeforces Round 806 (Div. 4),2022-07-12 14:35:00,2022,Div.4
Codeforces,1702,Codeforces Round 805 (Div. 3),2022-07-10 14:35:00,2022,Div.3
Codeforces,1701,Educational Codeforces Round 131 (Rated for Div. 2),2022-07-08 14:35:00,2022,Educational
Codeforces,1699,Codeforces Round 804 (Div. 2),2022-07-04 14:35:00,2022,Div.2
Codeforces,1698,Codeforces Round 803 (Div. 2),2022-06-28 14:35:00,2022,Div.2
Codeforces,1696,Codeforces Global Round 21,2022-06-25 14:35:00,2022,Other
Codeforces,1700,Codeforces Round 802 (Div. 2),2022-06-19 09:05:00,2022,Div.2
Codeforces,1695,Codeforces Round 801 (Div. 2) and EPIC Institute of Technology Round,2022-06-18 14:35:00,2022,Div.2
Codeforces,1693,Codeforces Round 800 (Div. 1),2022-06-16 14:35:00,2022,Div.1
Codeforces,1694,Codeforces Round 800 (Div. 2),2022-06-16 14:35:00,2022,Div.2
Codeforces,1692,Codeforces Round 799 (Div. 4),2022-06-14 14:35:00,2022,Div.4
Codeforces,1697,Educational Codeforces Round 130 (Rated for Div. 2),2022-06-12 14:35:00,2022,Educational
Codeforces,1689,Codeforces Round 798 (Div. 2),2022-06-10 16:35:00,2022,Div.2
Codeforces,1690,Codeforces Round 797 (Div. 3),2022-06-07 14:35:00,2022,Div.3
Codeforces,1687,Codeforces Round 796 (Div. 1),2022-06-03 14:35:00,2022,Div.1
Codeforces,1688,Codeforces Round 796 (Div. 2),2022-06-03 14:35:00,2022,Div.2
Codeforces,1691,CodeCraft-22 and Codeforces Round 795 (Div. 2),2022-05-31 14:35:00,2022,Div.2
Codeforces,1685,Codeforces Round 794 (Div. 1),2022-05-25 17:35:00,2022,Div.1
Codeforces,1686,Codeforces Round 794 (Div. 2),2022-05-25 17:35:00,2022,Div.2
Codeforces,1681,Educational Codeforces Round 129 (Rated for Div. 2),2022-05-23 14:35:00,2022,Educational
Codeforces,1682,Codeforces Round 793 (Div. 2),2022-05-22 14:35:00,2022,Div.2
Codeforces,1684,Codeforces Round 792 (Div. 1 + Div. 2),2022-05-19 14:35:00,2022,Div.1+Div.2
Codeforces,1679,Codeforces Round 791 (Div. 2),2022-05-14 09:35:00,2022,Div.2
Codeforces,1680,Educational Codeforces Round 128 (Rated for Div. 2),2022-05-13 14:35:00,2022,Educational
Codeforces,1676,Codeforces Round 790 (Div. 4),2022-05-10 14:45:00,2022,Div.4
Codeforces,1677,Codeforces Round 789 (Div. 1),2022-05-08 14:35:00,2022,Div.1
Codeforces,1678,Codeforces Round 789 (Div. 2),2022-05-08 14:35:00,2022,Div.2
Codeforces,1670,Codeforces Round 788 (Div. 2),2022-05-06 14:35:00,2022,Div.2
Codeforces,1675,Codeforces Round 787 (Div. 3),2022-05-05 14:35:00,2022,Div.3
Codeforces,1674,Codeforces Round 786 (Div. 3),2022-05-02 14:35:00,2022,Div.3
Codeforces,1673,Codeforces Round 785 (Div. 2),2022-04-30 14:35:00,2022,Div.2
Codeforces,1662,"SWERC 2021-2022 - Online Mirror (Unrated, ICPC Rules, Teams Preferred)",2022-04-24 11:05:00,2022,Other
Codeforces,1672,Codeforces Global Round 20,2022-04-23 14:05:00,2022,Other
Codeforces,1671,Educational Codeforces Round 127 (Rated for Div. 2),2022-04-22 14:35:00,2022,Educational
Codeforces,1669,Codeforces Round 784 (Div. 4),2022-04-21 14:35:00,2022,Div.4
Codeforces,1667,Codeforces Round 783 (Div. 1),2022-04-19 14:35:00,2022,Div.1
Codeforces,1668,Codeforces Round 783 (Div. 2),2022-04-19 14:35:00,2022,Div.2
Codeforces,1659,Codeforces Round 782 (Div. 2),2022-04-17 14:35:00,2022,Div.2
Codeforces,1666,"2021-2022 ICPC, NERC, Northern Eurasia Onsite (Unrated, Online Mirror, ICPC Rules, Teams Preferred)",2022-04-13 08:05:00,2022,Other
Codeforces,1661,Educational Codeforces Round 126 (Rated for Div. 2),2022-04-09 14:35:00,2022,Educational
Codeforces,1665,Codeforces Round 781 (Div. 2),2022-04-08 14:35:00,2022,Div.2
Codeforces,1663,April Fools Day Contest 2022,2022-04-01 14:35:00,2022,Other
Codeforces,1660,Codeforces Round 780 (Div. 3),2022-03-31 14:35:00,2022,Div.3
Codeforces,1658,Codeforces Round 779 (Div. 2),2022-03-27 14:35:00,2022,Div.2
Codeforces,1656,"CodeTON Round 1 (Div. 1 + Div. 2, Rated, Prizes!)",2022-03-24 14:35:00,2022,Div.1+Div.2
Codeforces,1657,Educational Codeforces Round 125 (Rated for Div. 2),2022-03-22 14:45:00,2022,Educational
Codeforces,1654,"Codeforces Round 778 (Div. 1 + Div. 2, based on Technocup 2022 Final Round)",2022-03-20 11:35:00,2022,Div.1+Div.2
Codeforces,1652,Технокубок 2022 - Финал,2022-03-20 08:15:00,2022,Other
Codeforces,1647,Codeforces Round 777 (Div. 2),2022-03-11 14:35:00,2022,Div.2
Codeforces,1651,Educational Codeforces Round 124 (Rated for Div. 2),2022-03-10 14:35:00,2022,Educational
Codeforces,1650,Codeforces Round 776 (Div. 3),2022-03-08 14:35:00,2022,Div.3
Codeforces,1648,"Codeforces Round 775 (Div. 1, based on Moscow Open Olympiad in Informatics)",2022-03-06 09:55:00,2022,Div.1
Codeforces,1649,"Codeforces Round 775 (Div. 2, based on Moscow Open Olympiad in Informatics)",2022-03-06 09:55:00,2022,Div.2
Codeforces,1646,Codeforces Round 774 (Div. 2),2022-03-04 15:35:00,2022,Div.2
Codeforces,1641,Codeforces Round 773 (Div. 1),2022-02-23 10:10:00,2022,Div.1
Codeforces,1642,Codeforces Round 773 (Div. 2),2022-02-23 10:10:00,2022,Div.2
Codeforces,1644,Educational Codeforces Round 123 (Rated for Div. 2),2022-02-22 14:35:00,2022,Educational
Codeforces,1635,Codeforces Round 772 (Div. 2),2022-02-20 14:35:00,2022,Div.2
Codeforces,1638,Codeforces Round 771 (Div. 2),2022-02-14 14:35:00,2022,Div.2
Codeforces,1637,Codeforces Global Round 19,2022-02-12 14:35:00,2022,Other
Codeforces,1634,Codeforces Round 770 (Div. 2),2022-02-06 14:35:00,2022,Div.2
Codeforces,1639,Pinely Treasure Hunt Contest,2022-02-05 10:00:00,2022,Other
Codeforces,1633,Educational Codeforces Round 122 (Rated for Div. 2),2022-01-31 14:35:00,2022,Educational
Codeforces,1632,Codeforces Round 769 (Div. 2),2022-01-30 14:35:00,2022,Div.2
Codeforces,1630,Codeforces Round 768 (Div. 1),2022-01-27 14:35:00,2022,Div.1
Codeforces,1631,Codeforces Round 768 (Div. 2),2022-01-27 14:35:00,2022,Div.2
Codeforces,1628,Codeforces Round 767 (Div. 1),2022-01-22 14:35:00,2022,Div.1
Codeforces,1629,Codeforces Round 767 (Div. 2),2022-01-22 14:35:00,2022,Div.2
Codeforces,1626,Educational Codeforces Round 121 (Rated for Div. 2),2022-01-16 14:35:00,2022,Educational
Codeforces,1627,Codeforces Round 766 (Div. 2),2022-01-15 14:35:00,2022,Div.2
Codeforces,1625,Codeforces Round 765 (Div. 2),2022-01-12 12:05:00,2022,Div.2
Codeforces,1624,Codeforces Round 764 (Div. 3),2022-01-10 14:35:00,2022,Div.3
Codeforces,1621,Hello 2022,2022-01-03 14:35:00,2022,Other
Codeforces,1616,Good Bye 2021: 2022 is NEAR,2021-12-29 15:35:00,2021,Other
Codeforces,1623,Codeforces Round 763 (Div. 2),2021-12-28 13:35:00,2021,Div.2
Codeforces,1622,Educational Codeforces Round 120 (Rated for Div. 2),2021-12-27 14:35:00,2021,Educational
Codeforces,1615,Codeforces Global Round 18,2021-12-24 14:35:00,2021,Other
Codeforces,1619,Codeforces Round 762 (Div. 3),2021-12-20 14:35:00,2021,Div.3
Codeforces,1620,Educational Codeforces Round 119 (Rated for Div. 2),2021-12-18 15:35:00,2021,Educational
Codeforces,1617,Codeforces Round 761 (Div. 2),2021-12-16 13:35:00,2021,Div.2
Codeforces,1618,Codeforces Round 760 (Div. 3),2021-12-14 14:35:00,2021,Div.3
Codeforces,1591,"Codeforces Round 759 (Div. 2, based on Technocup 2022 Elimination Round 3)",2021-12-12 15:15:00,2021,Div.2
Codeforces,1585,Technocup 2022 - Elimination Round 3,2021-12-12 15:15:00,2021,Other
Codeforces,1608,Codeforces Round 758 (Div.1 + Div. 2),2021-12-11 10:05:00,2021,Div.2
Codeforces,1597,Технокубок 2022 - Ознакомительный Раунд 3,2021-12-10 14:05:00,2021,Other
Codeforces,1613,Educational Codeforces Round 118 (Rated for Div. 2),2021-12-01 14:35:00,2021,Educational
Codeforces,1609,"Deltix Round, Autumn 2021 (open for everyone, rated, Div. 1 + Div. 2)",2021-11-28 14:35:00,2021,Div.1+Div.2
Codeforces,1614,Codeforces Round 757 (Div. 2),2021-11-26 11:15:00,2021,Div.2
Codeforces,1611,Codeforces Round 756 (Div. 3),2021-11-25 14:35:00,2021,Div.3
Codeforces,1610,Codeforces Global Round 17,2021-11-23 14:35:00,2021,Other
Codeforces,1612,Educational Codeforces Round 117 (Rated for Div. 2),2021-11-22 09:35:00,2021,Educational
Codeforces,1588,"Codeforces Round 755 (Div. 1, based on Technocup 2022 Elimination Round 2)",2021-11-14 06:05:00,2021,Div.1
Codeforces,1589,"Codeforces Round 755 (Div. 2, based on Technocup 2022 Elimination Round 2)",2021-11-14 06:05:00,2021,Div.2
Codeforces,1584,Technocup 2022 - Elimination Round 2,2021-11-14 06:05:00,2021,Other
Codeforces,1605,Codeforces Round 754 (Div. 2),2021-11-12 14:35:00,2021,Div.2
Codeforces,1596,Технокубок 2022 - Ознакомительный Раунд 2,2021-11-12 05:05:00,2021,Other
Codeforces,1607,Codeforces Round 753 (Div. 3),2021-11-02 14:35:00,2021,Div.3
Codeforces,1603,Codeforces Round 752 (Div. 1),2021-10-30 14:35:00,2021,Div.1
Codeforces,1604,Codeforces Round 752 (Div. 2),2021-10-30 14:35:00,2021,Div.2
Codeforces,1606,Educational Codeforces Round 116 (Rated for Div. 2),2021-10-29 14:35:00,2021,Educational
Codeforces,1601,Codeforces Round 751 (Div. 1),2021-10-25 06:35:00,2021,Div.1
Codeforces,1602,Codeforces Round 751 (Div. 2),2021-10-25 06:35:00,2021,Div.2
Codeforces,1582,Codeforces Round 750 (Div. 2),2021-10-24 10:05:00,2021,Div.2
Codeforces,1586,"Codeforces Round 749 (Div. 1 + Div. 2, based on Technocup 2022 Elimination Round 1)",2021-10-17 11:05:00,2021,Div.1+Div.2
Codeforces,1583,Technocup 2022 - Elimination Round 1,2021-10-17 11:05:00,2021,Other
Codeforces,1595,Технокубок 2022 - Ознакомительный Раунд 1,2021-10-15 10:05:00,2021,Other
Codeforces,1593,Codeforces Round 748 (Div. 3),2021-10-13 14:35:00,2021,Div.3
Codeforces,1598,Educational Codeforces Round 115 (Rated for Div. 2),2021-10-10 09:05:00,2021,Educational
Codeforces,1599,"Bubble Cup 14 - Finals Online Mirror (Unrated, ICPC Rules, Teams Preferred, Div. 1)",2021-10-09 09:05:00,2021,Div.1
Codeforces,1600,"Bubble Cup 14 - Finals Online Mirror (Unrated, ICPC Rules, Teams Preferred, Div. 2)",2021-10-09 09:05:00,2021,Div.2
Codeforces,1576,2021 ICPC Communication Routing Challenge: Marathon,2021-10-09 00:00:00,2021,Other
Codeforces,1594,Codeforces Round 747 (Div. 2),2021-10-08 15:05:00,2021,Div.2
Codeforces,1571,Kotlin Heroes: Episode 8,2021-10-07 14:35:00,2021,Other
Codeforces,1592,Codeforces Round 746 (Div. 2),2021-10-03 14:35:00,2021,Div.2
Codeforces,1575,"COMPFEST 13 - Finals Online Mirror (Unrated, ICPC Rules, Teams Preferred)",2021-10-02 13:35:00,2021,Other
Codeforces,1570,Kotlin Heroes: Practice 8,2021-10-01 13:35:00,2021,Other
Codeforces,1578,"ICPC WF Moscow Invitational Contest - Online Mirror (Unrated, ICPC Rules, Teams Preferred)",2021-10-01 13:05:00,2021,Other
Codeforces,1580,Codeforces Round 745 (Div. 1),2021-09-30 10:15:00,2021,Div.1
Codeforces,1581,Codeforces Round 745 (Div. 2),2021-09-30 10:15:00,2021,Div.2
Codeforces,1579,Codeforces Round 744 (Div. 3),2021-09-28 14:35:00,2021,Div.3
Codeforces,1574,Educational Codeforces Round 114 (Rated for Div. 2),2021-09-20 14:35:00,2021,Educational
Codeforces,1572,Codeforces Round 743 (Div. 1),2021-09-18 14:35:00,2021,Div.1
Codeforces,1573,Codeforces Round 743 (Div. 2),2021-09-18 14:35:00,2021,Div.2
Codeforces,1566,Codeforces Global Round 16,2021-09-12 14:35:00,2021,Other
Codeforces,1569,Educational Codeforces Round 113 (Rated for Div. 2),2021-09-08 14:35:00,2021,Educational
Codeforces,1567,Codeforces Round 742 (Div. 2),2021-09-05 14:35:00,2021,Div.2
Codeforces,1556,"Deltix Round, Summer 2021 (open for everyone, rated, Div. 1 + Div. 2)",2021-08-29 14:35:00,2021,Div.1+Div.2
Codeforces,1562,Codeforces Round 741 (Div. 2),2021-08-26 14:35:00,2021,Div.2
Codeforces,1558,"Codeforces Round 740 (Div. 1, based on VK Cup 2021 - Final (Engine))",2021-08-24 14:35:00,2021,Div.1
Codeforces,1561,"Codeforces Round 740 (Div. 2, based on VK Cup 2021 - Final (Engine))",2021-08-24 14:35:00,2021,Div.2
Codeforces,1563,VK Cup 2021 - Final (Engine),2021-08-22 12:05:00,2021,Other
Codeforces,1560,Codeforces Round 739 (Div. 3),2021-08-18 14:35:00,2021,Div.3
Codeforces,1559,Codeforces Round 738 (Div. 2),2021-08-15 14:35:00,2021,Div.2
Codeforces,1557,Codeforces Round 737 (Div. 2),2021-08-09 14:35:00,2021,Div.2
Codeforces,1548,Codeforces Round 736 (Div. 1),2021-08-01 14:35:00,2021,Div.1
Codeforces,1549,Codeforces Round 736 (Div. 2),2021-08-01 14:35:00,2021,Div.2
Codeforces,1555,Educational Codeforces Round 112 (Rated for Div. 2),2021-07-30 14:35:00,2021,Educational
Codeforces,1554,Codeforces Round 735 (Div. 2),2021-07-29 14:35:00,2021,Div.2
Codeforces,1552,Codeforces Global Round 15,2021-07-25 14:35:00,2021,Other
Codeforces,1551,Codeforces Round 734 (Div. 3),2021-07-23 14:35:00,2021,Div.3
Codeforces,1553,"Harbour.Space Scholarship Contest 2021-2022 (open for everyone, rated, Div. 1 + Div. 2)",2021-07-22 14:35:00,2021,Div.1+Div.2
Codeforces,1530,"Codeforces Round 733 (Div. 1 + Div. 2, based on VK Cup 2021 - Elimination (Engine))",2021-07-17 14:35:00,2021,Div.1+Div.2
Codeforces,1544,VK Cup 2021 - Elimination (Engine),2021-07-17 14:35:00,2021,Other
Codeforces,1550,Educational Codeforces Round 111 (Rated for Div. 2),2021-07-14 14:35:00,2021,Educational
Codeforces,1545,Codeforces Round 732 (Div. 1),2021-07-11 14:05:00,2021,Div.1
Codeforces,1546,Codeforces Round 732 (Div. 2),2021-07-11 14:05:00,2021,Div.2
Codeforces,1547,Codeforces Round 731 (Div. 3),2021-07-10 14:35:00,2021,Div.3
Codeforces,1543,Codeforces Round 730 (Div. 2),2021-07-07 14:35:00,2021,Div.2
Codeforces,1542,Codeforces Round 729 (Div. 2),2021-07-03 13:05:00,2021,Div.2
Codeforces,1533,Kotlin Heroes: Episode 7,2021-06-29 14:35:00,2021,Other
Codeforces,1540,Codeforces Round 728 (Div. 1),2021-06-25 15:35:00,2021,Div.1
Codeforces,1541,Codeforces Round 728 (Div. 2),2021-06-25 15:35:00,2021,Div.2
Codeforces,1532,Kotlin Heroes: Practice 7,2021-06-22 13:35:00,2021,Other
Codeforces,1539,Codeforces Round 727 (Div. 2),2021-06-20 10:05:00,2021,Div.2
Codeforces,1537,Codeforces Round 726 (Div. 2),2021-06-18 14:35:00,2021,Div.2
Codeforces,1534,Codeforces LATOKEN Round 1 (Div. 1 + Div. 2),2021-06-13 15:35:00,2021,Div.1+Div.2
Codeforces,1538,Codeforces Round 725 (Div. 3),2021-06-10 14:35:00,2021,Div.3
Codeforces,1536,Codeforces Round 724 (Div. 2),2021-06-06 14:35:00,2021,Div.2
Codeforces,1535,Educational Codeforces Round 110 (Rated for Div. 2),2021-06-04 14:35:00,2021,Educational
Codeforces,1523,"Deltix Round, Spring 2021 (open for everyone, rated, Div. 1 + Div. 2)",2021-05-30 14:35:00,2021,Div.1+Div.2
Codeforces,1526,Codeforces Round 723 (Div. 2),2021-05-28 14:05:00,2021,Div.2
Codeforces,1524,ICPC Challenge 2021: Marathon (powered by Huawei),2021-05-26 04:00:00,2021,Other
Codeforces,1528,Codeforces Round 722 (Div. 1),2021-05-24 14:35:00,2021,Div.1
Codeforces,1529,Codeforces Round 722 (Div. 2),2021-05-24 14:35:00,2021,Div.2
Codeforces,1531,VK Cup 2021 - Квалификация (Engine),2021-05-24 09:00:00,2021,Other
Codeforces,1527,Codeforces Round 721 (Div. 2),2021-05-20 14:35:00,2021,Div.2
Codeforces,1522,Codeforces Raif ML Round 1,2021-05-17 16:00:00,2021,Other
Codeforces,1525,Educational Codeforces Round 109 (Rated for Div. 2),2021-05-16 08:00:00,2021,Educational
Codeforces,1521,Codeforces Round 720 (Div. 2),2021-05-07 14:35:00,2021,Div.2
Codeforces,1520,Codeforces Round 719 (Div. 3),2021-05-05 14:35:00,2021,Div.3
Codeforces,1515,Codeforces Global Round 14,2021-05-02 14:35:00,2021,Other
Codeforces,1519,Educational Codeforces Round 108 (Rated for Div. 2),2021-04-29 14:35:00,2021,Educational
Codeforces,1517,Contest 2050 and Codeforces Round 718 (Div. 1 + Div. 2),2021-04-23 14:35:00,2021,Div.1+Div.2
Codeforces,1516,Codeforces Round 717 (Div. 2),2021-04-21 13:35:00,2021,Div.2
Codeforces,1514,Codeforces Round 716 (Div. 2),2021-04-19 13:35:00,2021,Div.2
Codeforces,1508,Codeforces Round 715 (Div. 1),2021-04-16 14:35:00,2021,Div.1
Codeforces,1509,Codeforces Round 715 (Div. 2),2021-04-16 14:35:00,2021,Div.2
Codeforces,1511,Educational Codeforces Round 107 (Rated for Div. 2),2021-04-12 14:35:00,2021,Educational
Codeforces,1513,Divide by Zero 2021 and Codeforces Round 714 (Div. 2),2021-04-11 14:35:00,2021,Div.2
Codeforces,1512,Codeforces Round 713 (Div. 3),2021-04-10 14:35:00,2021,Div.3
Codeforces,1510,"2020-2021 ICPC, NERC, Northern Eurasia Onsite (Unrated, Online Mirror, ICPC Rules, Teams Preferred)",2021-04-04 08:05:00,2021,Other
Codeforces,1503,Codeforces Round 712 (Div. 1),2021-04-03 14:35:00,2021,Div.1
Codeforces,1504,Codeforces Round 712 (Div. 2),2021-04-03 14:35:00,2021,Div.2
Codeforces,1505,April Fools Day Contest 2021,2021-04-01 14:35:00,2021,Other
Codeforces,1498,CodeCraft-21 and Codeforces Round 711 (Div. 2),2021-03-29 14:35:00,2021,Div.2
Codeforces,1506,Codeforces Round 710 (Div. 3),2021-03-25 14:35:00,2021,Div.3
Codeforces,1483,"Codeforces Round 709 (Div. 1, based on Technocup 2021 Final Round)",2021-03-21 13:20:00,2021,Div.1
Codeforces,1484,"Codeforces Round 709 (Div. 2, based on Technocup 2021 Final Round)",2021-03-21 13:20:00,2021,Div.2
Codeforces,1482,Технокубок 2021 - Финал,2021-03-21 10:20:00,2021,Other
Codeforces,1499,Educational Codeforces Round 106 (Rated for Div. 2),2021-03-18 14:50:00,2021,Educational
Codeforces,1497,Codeforces Round 708 (Div. 2),2021-03-17 14:35:00,2021,Div.2
Codeforces,1500,"Codeforces Round 707 (Div. 1, based on Moscow Open Olympiad in Informatics)",2021-03-13 09:05:00,2021,Div.1
Codeforces,1501,"Codeforces Round 707 (Div. 2, based on Moscow Open Olympiad in Informatics)",2021-03-13 09:05:00,2021,Div.2
Codeforces,1495,Codeforces Round 706 (Div. 1),2021-03-10 12:05:00,2021,Div.1
Codeforces,1496,Codeforces Round 706 (Div. 2),2021-03-10 12:05:00,2021,Div.2
Codeforces,1488,Kotlin Heroes: Episode 6,2021-03-09 14:35:00,2021,Other
Codeforces,1493,Codeforces Round 705 (Div. 2),2021-03-06 14:05:00,2021,Div.2
Codeforces,1494,Educational Codeforces Round 105 (Rated for Div. 2),2021-03-02 14:45:00,2021,Educational
Codeforces,1489,Kotlin Heroes: Practice 6,2021-03-02 13:35:00,2021,Other
Codeforces,1491,Codeforces Global Round 13,2021-02-28 13:35:00,2021,Other
Codeforces,1492,Codeforces Round 704 (Div. 2),2021-02-23 09:05:00,2021,Div.2
Codeforces,1486,Codeforces Round 703 (Div. 2),2021-02-18 14:35:00,2021,Div.2
Codeforces,1490,Codeforces Round 702 (Div. 3),2021-02-16 14:35:00,2021,Div.3
Codeforces,1487,Educational Codeforces Round 104 (Rated for Div. 2),2021-02-15 14:35:00,2021,Educational
Codeforces,1485,Codeforces Round 701 (Div. 2),2021-02-12 14:50:00,2021,Div.2
Codeforces,1479,Codeforces Round 700 (Div. 1),2021-02-07 14:35:00,2021,Div.1
Codeforces,1480,Codeforces Round 700 (Div. 2),2021-02-07 14:35:00,2021,Div.2
Codeforces,1481,Codeforces Round 699 (Div. 2),2021-02-05 14:35:00,2021,Div.2
Codeforces,1476,Educational Codeforces Round 103 (Rated for Div. 2),2021-01-29 14:35:00,2021,Educational
Codeforces,1477,Codeforces Round 698 (Div. 1),2021-01-28 14:35:00,2021,Div.1
Codeforces,1478,Codeforces Round 698 (Div. 2),2021-01-28 14:35:00,2021,Div.2
Codeforces,1475,Codeforces Round 697 (Div. 3),2021-01-25 15:00:00,2021,Div.3
Codeforces,1474,Codeforces Round 696 (Div. 2),2021-01-19 14:35:00,2021,Div.2
Codeforces,1473,Educational Codeforces Round 102 (Rated for Div. 2),2021-01-14 14:35:00,2021,Educational
Codeforces,1467,Codeforces Round 695 (Div. 2),2021-01-08 14:35:00,2021,Div.2
Codeforces,1470,Codeforces Round 694 (Div. 1),2021-01-05 14:35:00,2021,Div.1
Codeforces,1471,Codeforces Round 694 (Div. 2),2021-01-05 14:35:00,2021,Div.2
Codeforces,1472,Codeforces Round 693 (Div. 3),2021-01-04 14:35:00,2021,Div.3
Codeforces,1466,Good Bye 2020,2020-12-30 14:35:00,2020,Other
Codeforces,1469,Educational Codeforces Round 101 (Rated for Div. 2),2020-12-28 14:35:00,2020,Educational
Codeforces,1468,"2020-2021 ICPC, NERC, Southern and Volga Russian Regional Contest (Online Mirror, ICPC Rules)",2020-12-25 11:35:00,2020,Other
Codeforces,1464,"Codeforces Round 692 (Div. 1, based on Technocup 2021 Elimination Round 3)",2020-12-20 15:05:00,2020,Div.1
Codeforces,1465,"Codeforces Round 692 (Div. 2, based on Technocup 2021 Elimination Round 3)",2020-12-20 15:05:00,2020,Div.2
Codeforces,1411,Technocup 2021 - Elimination Round 3,2020-12-20 15:05:00,2020,Other
Codeforces,1458,Codeforces Round 691 (Div. 1),2020-12-19 09:35:00,2020,Div.1
Codeforces,1459,Codeforces Round 691 (Div. 2),2020-12-19 09:35:00,2020,Div.2
Codeforces,1410,Технокубок 2021 - Ознакомительный Раунд 3,2020-12-18 14:05:00,2020,Other
Codeforces,1463,Educational Codeforces Round 100 (Rated for Div. 2),2020-12-17 14:35:00,2020,Educational
Codeforces,1462,Codeforces Round 690 (Div. 3),2020-12-15 14:35:00,2020,Div.3
Codeforces,1460,NERC Challenge 2020: Marathon,2020-12-12 09:00:00,2020,Other
Codeforces,1461,"Codeforces Round 689 (Div. 2, based on Zed Code Competition)",2020-12-11 14:35:00,2020,Div.2
Codeforces,1450,Codeforces Global Round 12,2020-12-06 14:35:00,2020,Other
Codeforces,1453,Codeforces Round 688 (Div. 2),2020-12-04 13:05:00,2020,Div.2
Codeforces,1455,Educational Codeforces Round 99 (Rated for Div. 2),2020-11-30 14:35:00,2020,Educational
Codeforces,1456,"Codeforces Round 687 (Div. 1, based on Technocup 2021 Elimination Round 2)",2020-11-29 07:05:00,2020,Div.1
Codeforces,1457,"Codeforces Round 687 (Div. 2, based on Technocup 2021 Elimination Round 2)",2020-11-29 07:05:00,2020,Div.2
Codeforces,1415,Technocup 2021 - Elimination Round 2,2020-11-29 07:05:00,2020,Other
Codeforces,1414,Технокубок 2021 - Ознакомительный Раунд 2,2020-11-27 06:05:00,2020,Other
Codeforces,1454,Codeforces Round 686 (Div. 3),2020-11-24 14:35:00,2020,Div.3
Codeforces,1451,Codeforces Round 685 (Div. 2),2020-11-21 14:35:00,2020,Div.2
Codeforces,1452,Educational Codeforces Round 98 (Rated for Div. 2),2020-11-19 14:35:00,2020,Educational
Codeforces,1439,Codeforces Round 684 (Div. 1),2020-11-17 14:35:00,2020,Div.1
Codeforces,1440,Codeforces Round 684 (Div. 2),2020-11-17 14:35:00,2020,Div.2
Codeforces,1446,"Codeforces Round 683 (Div. 1, by Meet IT)",2020-11-15 14:35:00,2020,Div.1
Codeforces,1447,"Codeforces Round 683 (Div. 2, by Meet IT)",2020-11-15 14:35:00,2020,Div.2
Codeforces,1438,Codeforces Round 682 (Div. 2),2020-11-13 14:35:00,2020,Div.2
Codeforces,1431,Kotlin Heroes 5: ICPC Round,2020-11-12 14:35:00,2020,Other
Codeforces,1432,Kotlin Heroes 5: ICPC Round (Practice),2020-11-05 13:35:00,2020,Other
Codeforces,1442,"Codeforces Round 681 (Div. 1, based on VK Cup 2019-2020 - Final)",2020-11-02 14:35:00,2020,Div.1
Codeforces,1443,"Codeforces Round 681 (Div. 2, based on VK Cup 2019-2020 - Final)",2020-11-02 14:35:00,2020,Div.2
Codeforces,1441,VK Cup 2019-2020 - Final Round (Engine),2020-11-01 14:05:00,2020,Other
Codeforces,1444,"Codeforces Round 680 (Div. 1, based on Moscow Team Olympiad)",2020-11-01 11:05:00,2020,Div.1
Codeforces,1445,"Codeforces Round 680 (Div. 2, based on Moscow Team Olympiad)",2020-11-01 11:05:00,2020,Div.2
Codeforces,1437,Educational Codeforces Round 97 (Rated for Div. 2),2020-10-27 14:35:00,2020,Educational
Codeforces,1434,"Codeforces Round 679 (Div. 1, based on Technocup 2021 Elimination Round 1)",2020-10-25 11:05:00,2020,Div.1
Codeforces,1435,"Codeforces Round 679 (Div. 2, based on Technocup 2021 Elimination Round 1)",2020-10-25 11:05:00,2020,Div.2
Codeforces,1413,Technocup 2021 - Elimination Round 1,2020-10-25 11:05:00,2020,Other
Codeforces,1436,Codeforces Round 678 (Div. 2),2020-10-24 14:05:00,2020,Div.2
Codeforces,1412,Технокубок 2021 - Ознакомительный Раунд 1,2020-10-23 10:05:00,2020,Other
Codeforces,1433,Codeforces Round 677 (Div. 3),2020-10-20 14:35:00,2020,Div.3
Codeforces,1421,Codeforces Round 676 (Div. 2),2020-10-18 09:05:00,2020,Div.2
Codeforces,1428,Codeforces Raif Round 1 (Div. 1 + Div. 2),2020-10-17 13:05:00,2020,Div.1+Div.2
Codeforces,1430,Educational Codeforces Round 96 (Rated for Div. 2),2020-10-11 09:05:00,2020,Educational
Codeforces,1427,Codeforces Global Round 11,2020-10-10 14:50:00,2020,Other
Codeforces,1423,"Bubble Cup 13 - Finals [Online Mirror, unrated, Div. 1]",2020-10-05 13:05:00,2020,Div.1
Codeforces,1424,"Bubble Cup 13 - Finals [Online Mirror, unrated, Div. 2]",2020-10-05 13:05:00,2020,Div.2
Codeforces,1422,Codeforces Round 675 (Div. 2),2020-10-04 16:05:00,2020,Div.2
Codeforces,1408,Grakn Forces 2020,2020-09-30 14:35:00,2020,Other
Codeforces,1426,Codeforces Round 674 (Div. 3),2020-09-28 08:05:00,2020,Div.3
Codeforces,1416,Codeforces Round 673 (Div. 1),2020-09-27 15:05:00,2020,Div.1
Codeforces,1417,Codeforces Round 673 (Div. 2),2020-09-27 15:05:00,2020,Div.2
Codeforces,1425,"2020 ICPC, COMPFEST 12, Indonesia Multi-Provincial Contest (Unrated, Online Mirror, ICPC Rules, Teams Preferred)",2020-09-27 05:00:00,2020,Other
Codeforces,1420,Codeforces Round 672 (Div. 2),2020-09-24 14:35:00,2020,Div.2
Codeforces,1419,Codeforces Round 671 (Div. 2),2020-09-19 14:35:00,2020,Div.2
Codeforces,1418,Educational Codeforces Round 95 (Rated for Div. 2),2020-09-14 14:35:00,2020,Educational
Codeforces,1406,Codeforces Round 670 (Div. 2),2020-09-12 13:45:00,2020,Div.2
Codeforces,1407,Codeforces Round 669 (Div. 2),2020-09-08 14:35:00,2020,Div.2
Codeforces,1404,Codeforces Round 668 (Div. 1),2020-09-06 14:35:00,2020,Div.1
Codeforces,1405,Codeforces Round 668 (Div. 2),2020-09-06 14:35:00,2020,Div.2
Codeforces,1409,Codeforces Round 667 (Div. 3),2020-09-04 14:35:00,2020,Div.3
Codeforces,1396,Codeforces Round 666 (Div. 1),2020-08-30 14:35:00,2020,Div.1
Codeforces,1397,Codeforces Round 666 (Div. 2),2020-08-30 14:35:00,2020,Div.2
Codeforces,1403,"Central-European Olympiad in Informatics, CEOI 2020, Day 2 (IOI, Unofficial Mirror Contest, Unrated)",2020-08-28 12:05:00,2020,Other
Codeforces,1402,"Central-European Olympiad in Informatics, CEOI 2020, Day 1 (IOI, Unofficial Mirror Contest, Unrated)",2020-08-26 12:05:00,2020,Other
Codeforces,1400,Educational Codeforces Round 94 (Rated for Div. 2),2020-08-25 14:35:00,2020,Educational
Codeforces,1401,Codeforces Round 665 (Div. 2),2020-08-21 14:35:00,2020,Div.2
Codeforces,1392,Codeforces Global Round 10,2020-08-16 14:35:00,2020,Other
Codeforces,1398,Educational Codeforces Round 93 (Rated for Div. 2),2020-08-14 14:35:00,2020,Educational
Codeforces,1394,Codeforces Round 664 (Div. 1),2020-08-12 14:35:00,2020,Div.1
Codeforces,1395,Codeforces Round 664 (Div. 2),2020-08-12 14:35:00,2020,Div.2
Codeforces,1391,Codeforces Round 663 (Div. 2),2020-08-09 14:35:00,2020,Div.2
Codeforces,1393,Codeforces Round 662 (Div. 2),2020-08-07 14:35:00,2020,Div.2
Codeforces,1399,Codeforces Round 661 (Div. 3),2020-08-05 14:35:00,2020,Div.3
Codeforces,1388,Codeforces Round 660 (Div. 2),2020-07-30 14:35:00,2020,Div.2
Codeforces,1389,Educational Codeforces Round 92 (Rated for Div. 2),2020-07-29 14:35:00,2020,Educational
Codeforces,1383,Codeforces Round 659 (Div. 1),2020-07-24 14:35:00,2020,Div.1
Codeforces,1384,Codeforces Round 659 (Div. 2),2020-07-24 14:35:00,2020,Div.2
Codeforces,1387,"Baltic Olympiad in Informatics 2020, Day 2 (IOI, Unofficial Mirror Contest, Unrated)",2020-07-23 11:05:00,2020,Other
Codeforces,1386,"Baltic Olympiad in Informatics 2020, Day 1 (IOI, Unofficial Mirror Contest, Unrated)",2020-07-22 11:05:00,2020,Other
Codeforces,1381,Codeforces Round 658 (Div. 1),2020-07-21 14:35:00,2020,Div.1
Codeforces,1382,Codeforces Round 658 (Div. 2),2020-07-21 14:35:00,2020,Div.2
Codeforces,1379,Codeforces Round 657 (Div. 2),2020-07-19 09:00:00,2020,Div.2
Codeforces,1385,Codeforces Round 656 (Div. 3),2020-07-17 14:35:00,2020,Div.3
Codeforces,1380,Educational Codeforces Round 91 (Rated for Div. 2),2020-07-12 14:45:00,2020,Educational
Codeforces,1372,Codeforces Round 655 (Div. 2),2020-07-11 15:05:00,2020,Div.2
Codeforces,1375,Codeforces Global Round 9,2020-07-04 14:45:00,2020,Other
Codeforces,1371,Codeforces Round 654 (Div. 2),2020-07-01 13:35:00,2020,Div.2
Codeforces,1374,Codeforces Round 653 (Div. 3),2020-06-28 14:35:00,2020,Div.3
Codeforces,1378,ICPC Challenge 2020: Marathon,2020-06-27 15:30:00,2020,Other
Codeforces,1377,ICPC Challenge 2020,2020-06-27 11:00:00,2020,Other
Codeforces,1373,Educational Codeforces Round 90 (Rated for Div. 2),2020-06-25 14:35:00,2020,Educational
Codeforces,1376,ICPC Challenge 2020: Practice,2020-06-25 11:00:00,2020,Other
Codeforces,1369,Codeforces Round 652 (Div. 2),2020-06-23 14:05:00,2020,Div.2
Codeforces,1370,Codeforces Round 651 (Div. 2),2020-06-20 14:35:00,2020,Div.2
Codeforces,1357,Microsoft Q# Coding Contest - Summer 2020,2020-06-19 16:00:00,2020,Other
Codeforces,1368,Codeforces Global Round 8,2020-06-18 14:45:00,2020,Other
Codeforces,1367,Codeforces Round 650 (Div. 3),2020-06-16 14:35:00,2020,Div.3
Codeforces,1364,Codeforces Round 649 (Div. 2),2020-06-13 15:05:00,2020,Div.2
Codeforces,1356,Microsoft Q# Coding Contest - Summer 2020 - Warmup,2020-06-12 16:00:00,2020,Other
Codeforces,1366,Educational Codeforces Round 89 (Rated for Div. 2),2020-06-11 14:35:00,2020,Educational
Codeforces,1365,Codeforces Round 648 (Div. 2),2020-06-07 14:35:00,2020,Div.2
Codeforces,1361,"Codeforces Round 647 (Div. 1) - Thanks, Algo Muse!",2020-06-04 14:35:00,2020,Div.1
Codeforces,1362,"Codeforces Round 647 (Div. 2) - Thanks, Algo Muse!",2020-06-04 14:35:00,2020,Div.2
Codeforces,1363,Codeforces Round 646 (Div. 2),2020-05-31 14:35:00,2020,Div.2
Codeforces,1346,Kotlin Heroes: Episode 4,2020-05-29 14:35:00,2020,Other
Codeforces,1359,Educational Codeforces Round 88 (Rated for Div. 2),2020-05-28 14:35:00,2020,Educational
Codeforces,1358,Codeforces Round 645 (Div. 2),2020-05-26 14:35:00,2020,Div.2
Codeforces,1360,Codeforces Round 644 (Div. 3),2020-05-24 13:35:00,2020,Div.3
Codeforces,1347,Kotlin Heroes: Practice 4,2020-05-22 13:35:00,2020,Other
Codeforces,1354,Educational Codeforces Round 87 (Rated for Div. 2),2020-05-17 09:20:00,2020,Educational
Codeforces,1355,Codeforces Round 643 (Div. 2),2020-05-16 11:35:00,2020,Div.2
Codeforces,1353,Codeforces Round 642 (Div. 3),2020-05-14 14:35:00,2020,Div.3
Codeforces,1349,Codeforces Round 641 (Div. 1),2020-05-12 12:35:00,2020,Div.1
Codeforces,1350,Codeforces Round 641 (Div. 2),2020-05-12 12:35:00,2020,Div.2
Codeforces,1352,Codeforces Round 640 (Div. 4),2020-05-09 14:35:00,2020,Div.4
Codeforces,1351,Testing Round 16 (Unrated),2020-05-07 14:05:00,2020,Other
Codeforces,1344,Codeforces Round 639 (Div. 1),2020-05-06 14:35:00,2020,Div.1
Codeforces,1345,Codeforces Round 639 (Div. 2),2020-05-06 14:35:00,2020,Div.2
Codeforces,1348,Codeforces Round 638 (Div. 2),2020-05-01 14:35:00,2020,Div.2
Codeforces,1342,Educational Codeforces Round 86 (Rated for Div. 2),2020-04-26 14:35:00,2020,Educational
Codeforces,1340,"Codeforces Round 637 (Div. 1) - Thanks, Ivan Belonogov!",2020-04-23 14:45:00,2020,Div.1
Codeforces,1341,"Codeforces Round 637 (Div. 2) - Thanks, Ivan Belonogov!",2020-04-23 14:45:00,2020,Div.2
Codeforces,1343,Codeforces Round 636 (Div. 3),2020-04-21 14:35:00,2020,Div.3
Codeforces,1336,Codeforces Round 635 (Div. 1),2020-04-15 14:35:00,2020,Div.1
Codeforces,1337,Codeforces Round 635 (Div. 2),2020-04-15 14:35:00,2020,Div.2
Codeforces,1335,Codeforces Round 634 (Div. 3),2020-04-13 14:35:00,2020,Div.3
Codeforces,1338,Codeforces Round 633 (Div. 1),2020-04-12 14:05:00,2020,Div.1
Codeforces,1339,Codeforces Round 633 (Div. 2),2020-04-12 14:05:00,2020,Div.2
Codeforces,1334,Educational Codeforces Round 85 (Rated for Div. 2),2020-04-10 14:35:00,2020,Educational
Codeforces,1333,Codeforces Round 632 (Div. 2),2020-04-08 14:35:00,2020,Div.2
Codeforces,1329,"Codeforces Round 631 (Div. 1) - Thanks, Denis aramis Shitov!",2020-04-03 14:35:00,2020,Div.1
Codeforces,1330,"Codeforces Round 631 (Div. 2) - Thanks, Denis aramis Shitov!",2020-04-03 14:35:00,2020,Div.2
Codeforces,1331,April Fools Day Contest 2020,2020-04-01 14:35:00,2020,Other
Codeforces,1332,Codeforces Round 630 (Div. 2),2020-03-31 13:35:00,2020,Div.2
Codeforces,1328,Codeforces Round 629 (Div. 3),2020-03-26 14:35:00,2020,Div.3
Codeforces,1327,Educational Codeforces Round 84 (Rated for Div. 2),2020-03-23 14:35:00,2020,Educational
Codeforces,1326,Codeforces Global Round 7,2020-03-19 14:35:00,2020,Other
Codeforces,1325,Codeforces Round 628 (Div. 2),2020-03-14 14:35:00,2020,Div.2
Codeforces,1324,Codeforces Round 627 (Div. 3),2020-03-12 13:05:00,2020,Div.3
Codeforces,1312,Educational Codeforces Round 83 (Rated for Div. 2),2020-03-09 14:35:00,2020,Educational
Codeforces,1322,"Codeforces Round 626 (Div. 1, based on Moscow Open Olympiad in Informatics)",2020-03-07 09:35:00,2020,Div.1
Codeforces,1323,"Codeforces Round 626 (Div. 2, based on Moscow Open Olympiad in Informatics)",2020-03-07 09:35:00,2020,Div.2
Codeforces,1316,CodeCraft-20 (Div. 2),2020-03-04 14:35:00,2020,Div.2
Codeforces,1305,"Ozon Tech Challenge 2020 (Div.1 + Div.2, Rated, T-shirts + prizes!)",2020-03-03 14:35:00,2020,Other
Codeforces,1320,"Codeforces Round 625 (Div. 1, based on Technocup 2020 Final Round)",2020-03-01 13:15:00,2020,Div.1
Codeforces,1321,"Codeforces Round 625 (Div. 2, based on Technocup 2020 Final Round)",2020-03-01 13:15:00,2020,Div.2
Codeforces,1319,Технокубок 2020 - Финал,2020-03-01 10:10:00,2020,Other
Codeforces,1297,Kotlin Heroes: Episode 3,2020-02-27 13:35:00,2020,Other
Codeforces,1311,Codeforces Round 624 (Div. 3),2020-02-24 14:35:00,2020,Div.3
Codeforces,1314,"Codeforces Round 623 (Div. 1, based on VK Cup 2019-2020 - Elimination Round, Engine)",2020-02-23 16:05:00,2020,Div.1
Codeforces,1315,"Codeforces Round 623 (Div. 2, based on VK Cup 2019-2020 - Elimination Round, Engine)",2020-02-23 16:05:00,2020,Div.2
Codeforces,1310,VK Cup 2019-2020 - Elimination Round (Engine),2020-02-23 16:05:00,2020,Other
Codeforces,1313,Codeforces Round 622 (Div. 2),2020-02-23 09:05:00,2020,Div.2
Codeforces,1298,Kotlin Heroes: Practice 3,2020-02-20 12:35:00,2020,Other
Codeforces,1307,Codeforces Round 621 (Div. 1 + Div. 2),2020-02-17 15:35:00,2020,Div.1+Div.2
Codeforces,1304,Codeforces Round 620 (Div. 2),2020-02-15 13:05:00,2020,Div.2
Codeforces,1301,Codeforces Round 619 (Div. 2),2020-02-13 14:35:00,2020,Div.2
Codeforces,1303,Educational Codeforces Round 82 (Rated for Div. 2),2020-02-12 14:35:00,2020,Educational
Codeforces,1299,Codeforces Round 618 (Div. 1),2020-02-09 14:05:00,2020,Div.1
Codeforces,1300,Codeforces Round 618 (Div. 2),2020-02-09 14:05:00,2020,Div.2
Codeforces,1296,Codeforces Round 617 (Div. 3),2020-02-04 14:35:00,2020,Div.3
Codeforces,1302,"AIM Tech Poorly Prepared Contest (unrated, funny, Div. 1 preferred)",2020-02-03 16:15:00,2020,Div.1
Codeforces,1290,Codeforces Round 616 (Div. 1),2020-02-02 14:05:00,2020,Div.1
Codeforces,1291,Codeforces Round 616 (Div. 2),2020-02-02 14:05:00,2020,Div.2
Codeforces,1295,Educational Codeforces Round 81 (Rated for Div. 2),2020-01-29 14:35:00,2020,Educational
Codeforces,1294,Codeforces Round 615 (Div. 3),2020-01-22 14:35:00,2020,Div.3
Codeforces,1292,Codeforces Round 614 (Div. 1),2020-01-19 13:35:00,2020,Div.1
Codeforces,1293,Codeforces Round 614 (Div. 2),2020-01-19 13:35:00,2020,Div.2
Codeforces,1288,Educational Codeforces Round 80 (Rated for Div. 2),2020-01-14 14:35:00,2020,Educational
Codeforces,1285,Codeforces Round 613 (Div. 2),2020-01-10 14:05:00,2020,Div.2
Codeforces,1286,Codeforces Round 612 (Div. 1),2020-01-05 14:05:00,2020,Div.1
Codeforces,1287,Codeforces Round 612 (Div. 2),2020-01-05 14:05:00,2020,Div.2
Codeforces,1284,Hello 2020,2020-01-04 12:05:00,2020,Other
Codeforces,1270,Good Bye 2019,2019-12-29 14:05:00,2019,Other
Codeforces,1283,Codeforces Round 611 (Div. 3),2019-12-28 17:05:00,2019,Div.3
Codeforces,1279,Educational Codeforces Round 79 (Rated for Div. 2),2019-12-27 14:40:00,2019,Educational
Codeforces,1282,Codeforces Round 610 (Div. 2),2019-12-24 14:35:00,2019,Div.2
Codeforces,1268,Codeforces Round 609 (Div. 1),2019-12-21 11:05:00,2019,Div.1
Codeforces,1269,Codeforces Round 609 (Div. 2),2019-12-21 11:05:00,2019,Div.2
Codeforces,1278,Educational Codeforces Round 78 (Rated for Div. 2),2019-12-19 14:35:00,2019,Educational
Codeforces,1266,Codeforces Global Round 6,2019-12-17 15:05:00,2019,Other
Codeforces,1271,Codeforces Round 608 (Div. 2),2019-12-15 09:15:00,2019,Div.2
Codeforces,1280,Codeforces Round 607 (Div. 1),2019-12-15 05:05:00,2019,Div.1
Codeforces,1281,Codeforces Round 607 (Div. 2),2019-12-15 05:05:00,2019,Div.2
Codeforces,1276,"Codeforces Round 606 (Div. 1, based on Technocup 2020 Elimination Round 4)",2019-12-14 11:05:00,2019,Div.1
Codeforces,1277,"Codeforces Round 606 (Div. 2, based on Technocup 2020 Elimination Round 4)",2019-12-14 11:05:00,2019,Div.2
Codeforces,1259,Technocup 2020 - Elimination Round 4,2019-12-14 11:05:00,2019,Other
Codeforces,1272,Codeforces Round 605 (Div. 3),2019-12-12 13:35:00,2019,Div.3
Codeforces,1258,Технокубок 2020 - Ознакомительный Раунд 4,2019-12-12 10:05:00,2019,Other
Codeforces,1273,VK Cup 2019 - Квалификация (Design),2019-12-05 21:10:00,2019,Other
Codeforces,1275,VK Cup 2019 - Квалификация (Engine),2019-12-05 21:10:00,2019,Other
Codeforces,1274,VK Cup 2019 - Квалификация (Mobile),2019-12-05 21:10:00,2019,Other
Codeforces,1264,Codeforces Round 604 (Div. 1),2019-12-05 14:35:00,2019,Div.1
Codeforces,1265,Codeforces Round 604 (Div. 2),2019-12-05 14:35:00,2019,Div.2
Codeforces,1267,"2019-2020 ICPC, NERC, Northern Eurasia Finals (Unrated, Online Mirror, ICPC Rules, Teams Preferred)",2019-12-01 07:00:00,2019,Other
Codeforces,1263,Codeforces Round 603 (Div. 2),2019-11-29 14:35:00,2019,Div.2
Codeforces,1260,Educational Codeforces Round 77 (Rated for Div. 2),2019-11-27 13:50:00,2019,Educational
Codeforces,1261,"Codeforces Round 602 (Div. 1, based on Technocup 2020 Elimination Round 3)",2019-11-24 08:05:00,2019,Div.1
Codeforces,1262,"Codeforces Round 602 (Div. 2, based on Technocup 2020 Elimination Round 3)",2019-11-24 08:05:00,2019,Div.2
Codeforces,1227,Technocup 2020 - Elimination Round 3,2019-11-24 08:05:00,2019,Other
Codeforces,1226,Технокубок 2020 - Ознакомительный Раунд 3,2019-11-22 07:05:00,2019,Other
Codeforces,1254,Codeforces Round 601 (Div. 1),2019-11-19 14:35:00,2019,Div.1
Codeforces,1255,Codeforces Round 601 (Div. 2),2019-11-19 14:35:00,2019,Div.2
Codeforces,1253,Codeforces Round 600 (Div. 2),2019-11-16 14:35:00,2019,Div.2
Codeforces,1257,Educational Codeforces Round 76 (Rated for Div. 2),2019-11-13 14:35:00,2019,Educational
Codeforces,1242,Codeforces Round 599 (Div. 1),2019-11-06 15:05:00,2019,Div.1
Codeforces,1243,Codeforces Round 599 (Div. 2),2019-11-06 15:05:00,2019,Div.2
Codeforces,1256,Codeforces Round 598 (Div. 3),2019-11-04 13:15:00,2019,Div.3
Codeforces,1245,Codeforces Round 597 (Div. 2),2019-11-01 14:35:00,2019,Div.2
Codeforces,1250,"2019-2020 ICPC, NERC, Southern and Volga Russian Regional Contest (Online Mirror, ICPC Rules, Teams Preferred)",2019-10-27 09:35:00,2019,Other
Codeforces,1252,"2019-2020 ICPC, Asia Jakarta Regional Contest (Online Mirror, ICPC Rules, Teams Preferred)",2019-10-27 03:30:00,2019,Other
Codeforces,1246,"Codeforces Round 596 (Div. 1, based on Technocup 2020 Elimination Round 2)",2019-10-26 11:05:00,2019,Div.1
Codeforces,1247,"Codeforces Round 596 (Div. 2, based on Technocup 2020 Elimination Round 2)",2019-10-26 11:05:00,2019,Div.2
Codeforces,1225,Technocup 2020 - Elimination Round 2,2019-10-26 11:05:00,2019,Other
Codeforces,1251,Educational Codeforces Round 75 (Rated for Div. 2),2019-10-24 15:05:00,2019,Educational
Codeforces,1224,Технокубок 2020 - Ознакомительный Раунд 2,2019-10-24 10:05:00,2019,Other
Codeforces,1249,Codeforces Round 595 (Div. 3),2019-10-22 14:35:00,2019,Div.3
Codeforces,1239,Codeforces Round 594 (Div. 1),2019-10-20 09:05:00,2019,Div.1
Codeforces,1248,Codeforces Round 594 (Div. 2),2019-10-20 09:05:00,2019,Div.2
Codeforces,1236,Codeforces Round 593 (Div. 2),2019-10-17 13:35:00,2019,Div.2
Codeforces,1237,Codeforces Global Round 5,2019-10-16 14:35:00,2019,Other
Codeforces,1244,Codeforces Round 592 (Div. 2),2019-10-13 09:05:00,2019,Div.2
Codeforces,1238,Educational Codeforces Round 74 (Rated for Div. 2),2019-10-08 14:35:00,2019,Educational
Codeforces,1240,"Codeforces Round 591 (Div. 1, based on Technocup 2020 Elimination Round 1)",2019-10-06 15:05:00,2019,Div.1
Codeforces,1241,"Codeforces Round 591 (Div. 2, based on Technocup 2020 Elimination Round 1)",2019-10-06 15:05:00,2019,Div.2
Codeforces,1223,Technocup 2020 - Elimination Round 1,2019-10-06 15:05:00,2019,Other
Codeforces,1222,Технокубок 2020 - Ознакомительный Раунд 1,2019-10-04 14:05:00,2019,Other
Codeforces,1234,Codeforces Round 590 (Div. 3),2019-10-01 14:35:00,2019,Div.3
Codeforces,1235,Huawei Honorcup Marathon 2,2019-09-30 18:00:00,2019,Other
Codeforces,1228,Codeforces Round 589 (Div. 2),2019-09-29 13:05:00,2019,Div.2
Codeforces,1229,Codeforces Round 588 (Div. 1),2019-09-23 14:05:00,2019,Div.1
Codeforces,1230,Codeforces Round 588 (Div. 2),2019-09-23 14:05:00,2019,Div.2
Codeforces,1231,Dasha Code Championship - Novosibirsk Finals Round (only for onsite-finalists),2019-09-22 09:05:00,2019,Other
Codeforces,1210,Dasha Code Championship - SPb Finals Round (only for onsite-finalists),2019-09-22 09:05:00,2019,Other
Codeforces,1216,Codeforces Round 587 (Div. 3),2019-09-21 07:05:00,2019,Div.3
Codeforces,1221,Educational Codeforces Round 73 (Rated for Div. 2),2019-09-19 14:35:00,2019,Educational
Codeforces,1220,Codeforces Round 586 (Div. 1 + Div. 2),2019-09-18 16:05:00,2019,Div.1+Div.2
Codeforces,1218,"Bubble Cup 12 - Finals [Online Mirror, unrated, Div. 1]",2019-09-15 13:35:00,2019,Div.1
Codeforces,1219,"Bubble Cup 12 - Finals [Online Mirror, unrated, Div. 2]",2019-09-15 13:35:00,2019,Div.2
Codeforces,1215,Codeforces Round 585 (Div. 2),2019-09-15 10:35:00,2019,Div.2
Codeforces,1209,"Codeforces Round 584 - Dasha Code Championship - Elimination Round (rated, open for everyone, Div. 1 + Div. 2)",2019-09-14 13:05:00,2019,Div.1+Div.2
Codeforces,1211,Kotlin Heroes: Episode 2,2019-09-07 14:35:00,2019,Other
Codeforces,1217,Educational Codeforces Round 72 (Rated for Div. 2),2019-09-05 14:35:00,2019,Educational
Codeforces,1214,"Codeforces Round 583 (Div. 1 + Div. 2, based on Olympiad of Metropolises)",2019-09-04 09:05:00,2019,Div.1+Div.2
Codeforces,1212,Kotlin Heroes: Practice 2,2019-08-31 13:35:00,2019,Other
Codeforces,1213,Codeforces Round 582 (Div. 3),2019-08-30 14:35:00,2019,Div.3
Codeforces,1208,"Manthan, Codefest 19 (open for everyone, rated, Div. 1 + Div. 2)",2019-08-25 14:35:00,2019,Div.1+Div.2
Codeforces,1207,Educational Codeforces Round 71 (Rated for Div. 2),2019-08-22 14:35:00,2019,Educational
Codeforces,1204,Codeforces Round 581 (Div. 2),2019-08-20 14:35:00,2019,Div.2
Codeforces,1205,Codeforces Round 580 (Div. 1),2019-08-18 13:45:00,2019,Div.1
Codeforces,1206,Codeforces Round 580 (Div. 2),2019-08-18 13:45:00,2019,Div.2
Codeforces,1203,Codeforces Round 579 (Div. 3),2019-08-13 14:35:00,2019,Div.3
Codeforces,1200,Codeforces Round 578 (Div. 2),2019-08-11 12:35:00,2019,Div.2
Codeforces,1202,Educational Codeforces Round 70 (Rated for Div. 2),2019-08-07 14:35:00,2019,Educational
Codeforces,1201,Codeforces Round 577 (Div. 2),2019-08-04 16:35:00,2019,Div.2
Codeforces,1198,Codeforces Round 576 (Div. 1),2019-07-30 14:35:00,2019,Div.1
Codeforces,1199,Codeforces Round 576 (Div. 2),2019-07-30 14:35:00,2019,Div.2
Codeforces,1193,"CEOI 2019 day 2 online mirror (unrated, IOI format)",2019-07-28 08:05:00,2019,Other
Codeforces,1192,"CEOI 2019 day 1 online mirror (unrated, IOI format)",2019-07-25 14:05:00,2019,Other
Codeforces,1196,Codeforces Round 575 (Div. 3),2019-07-24 14:35:00,2019,Div.3
Codeforces,1197,Educational Codeforces Round 69 (Rated for Div. 2),2019-07-22 14:35:00,2019,Educational
Codeforces,1178,Codeforces Global Round 4,2019-07-20 15:35:00,2019,Other
Codeforces,1195,Codeforces Round 574 (Div. 2),2019-07-17 14:35:00,2019,Div.2
Codeforces,1194,Educational Codeforces Round 68 (Rated for Div. 2),2019-07-14 14:45:00,2019,Educational
Codeforces,1190,Codeforces Round 573 (Div. 1),2019-07-12 14:35:00,2019,Div.1
Codeforces,1191,Codeforces Round 573 (Div. 2),2019-07-12 14:35:00,2019,Div.2
Codeforces,1184,"Helvetic Coding Contest 2019 online mirror (teams allowed, unrated)",2019-07-07 07:05:00,2019,Other
Codeforces,1188,Codeforces Round 572 (Div. 1),2019-07-05 15:05:00,2019,Div.1
Codeforces,1189,Codeforces Round 572 (Div. 2),2019-07-05 15:05:00,2019,Div.2
Codeforces,1187,Educational Codeforces Round 67 (Rated for Div. 2),2019-06-30 14:45:00,2019,Educational
Codeforces,1186,Codeforces Round 571 (Div. 2),2019-06-28 08:20:00,2019,Div.2
Codeforces,1183,Codeforces Round 570 (Div. 3),2019-06-26 14:35:00,2019,Div.3
Codeforces,1179,Codeforces Round 569 (Div. 1),2019-06-21 17:05:00,2019,Div.1
Codeforces,1180,Codeforces Round 569 (Div. 2),2019-06-21 17:05:00,2019,Div.2
Codeforces,1185,Codeforces Round 568 (Div. 2),2019-06-19 14:45:00,2019,Div.2
Codeforces,1181,Codeforces Round 567 (Div. 2),2019-06-16 09:35:00,2019,Div.2
Codeforces,1182,Codeforces Round 566 (Div. 2),2019-06-11 13:05:00,2019,Div.2
Codeforces,1176,Codeforces Round 565 (Div. 3),2019-06-09 14:35:00,2019,Div.3
Codeforces,1172,Codeforces Round 564 (Div. 1),2019-06-07 12:05:00,2019,Div.1
Codeforces,1173,Codeforces Round 564 (Div. 2),2019-06-07 12:05:00,2019,Div.2
Codeforces,1175,Educational Codeforces Round 66 (Rated for Div. 2),2019-06-05 14:35:00,2019,Educational
Codeforces,1174,Codeforces Round 563 (Div. 2),2019-06-03 14:05:00,2019,Div.2
Codeforces,1148,Codeforces Global Round 3,2019-06-01 14:35:00,2019,Other
Codeforces,1177,Testing Round 15 (Unrated),2019-06-01 07:45:00,2019,Other
Codeforces,1170,Kotlin Heroes: Episode 1,2019-05-28 14:35:00,2019,Other
Codeforces,1168,Codeforces Round 562 (Div. 1),2019-05-26 15:35:00,2019,Div.1
Codeforces,1169,Codeforces Round 562 (Div. 2),2019-05-26 15:35:00,2019,Div.2
Codeforces,1171,Kotlin Heroes: Practice 1,2019-05-22 14:35:00,2019,Other
Codeforces,1166,Codeforces Round 561 (Div. 2),2019-05-17 15:05:00,2019,Div.2
Codeforces,1167,Educational Codeforces Round 65 (Rated for Div. 2),2019-05-15 14:35:00,2019,Educational
Codeforces,1165,Codeforces Round 560 (Div. 3),2019-05-14 14:35:00,2019,Div.3
Codeforces,1158,Codeforces Round 559 (Div. 1),2019-05-12 14:35:00,2019,Div.1
Codeforces,1159,Codeforces Round 559 (Div. 2),2019-05-12 14:35:00,2019,Div.2
Codeforces,1163,Codeforces Round 558 (Div. 2),2019-05-09 15:05:00,2019,Div.2
Codeforces,1164,"Mathforces: Tech Scouts Online Test 2018 (just fun and practice, unofficial, unrated)",2019-05-05 08:05:00,2019,Other
Codeforces,1161,Codeforces Round 557 (Div. 1) [based on Forethought Future Cup - Final Round],2019-05-04 17:05:00,2019,Div.1
Codeforces,1162,Codeforces Round 557 (Div. 2) [based on Forethought Future Cup - Final Round],2019-05-04 17:05:00,2019,Div.2
Codeforces,1147,Forethought Future Cup - Final Round (Onsite Finalists Only),2019-05-04 17:05:00,2019,Other
Codeforces,1156,Educational Codeforces Round 64 (Rated for Div. 2),2019-05-01 14:35:00,2019,Educational
Codeforces,1160,VRt Contest 2019 (marathon),2019-04-30 09:00:00,2019,Other
Codeforces,1149,Codeforces Round 556 (Div. 1),2019-04-29 14:35:00,2019,Div.1
Codeforces,1150,Codeforces Round 556 (Div. 2),2019-04-29 14:35:00,2019,Div.2
Codeforces,1157,Codeforces Round 555 (Div. 3),2019-04-26 14:35:00,2019,Div.3
Codeforces,1152,Codeforces Round 554 (Div. 2),2019-04-24 14:35:00,2019,Div.2
Codeforces,1155,Educational Codeforces Round 63 (Rated for Div. 2),2019-04-22 14:35:00,2019,Educational
Codeforces,1146,Forethought Future Cup - Elimination Round,2019-04-20 18:05:00,2019,Other
Codeforces,1151,Codeforces Round 553 (Div. 2),2019-04-18 15:35:00,2019,Div.2
Codeforces,1154,Codeforces Round 552 (Div. 3),2019-04-16 14:35:00,2019,Div.3
Codeforces,1153,Codeforces Round 551 (Div. 2),2019-04-13 14:05:00,2019,Div.2
Codeforces,1119,Codeforces Global Round 2,2019-04-06 11:35:00,2019,Other
Codeforces,1145,April Fools Day Contest 2019,2019-04-01 15:05:00,2019,Other
Codeforces,1144,Codeforces Round 550 (Div. 3),2019-03-31 14:05:00,2019,Div.3
Codeforces,1142,Codeforces Round 549 (Div. 1),2019-03-30 17:10:00,2019,Div.1
Codeforces,1143,Codeforces Round 549 (Div. 2),2019-03-30 17:10:00,2019,Div.2
Codeforces,1140,Educational Codeforces Round 62 (Rated for Div. 2),2019-03-22 15:05:00,2019,Educational
Codeforces,1139,Codeforces Round 548 (Div. 2),2019-03-21 15:35:00,2019,Div.2
Codeforces,1141,Codeforces Round 547 (Div. 3),2019-03-19 14:35:00,2019,Div.3
Codeforces,1136,Codeforces Round 546 (Div. 2),2019-03-11 16:35:00,2019,Div.2
Codeforces,1137,Codeforces Round 545 (Div. 1),2019-03-08 09:05:00,2019,Div.1
Codeforces,1138,Codeforces Round 545 (Div. 2),2019-03-08 09:05:00,2019,Div.2
Codeforces,1133,Codeforces Round 544 (Div. 3),2019-03-07 15:05:00,2019,Div.3
Codeforces,1132,Educational Codeforces Round 61 (Rated for Div. 2),2019-03-05 15:05:00,2019,Educational
Codeforces,1120,"Codeforces Round 543 (Div. 1, based on Technocup 2019 Final Round)",2019-03-03 15:35:00,2019,Div.1
Codeforces,1121,"Codeforces Round 543 (Div. 2, based on Technocup 2019 Final Round)",2019-03-03 15:35:00,2019,Div.2
Codeforces,1112,Technocup 2019 - Final,2019-03-03 08:30:00,2019,Other
Codeforces,1116,Microsoft Q# Coding Contest - Winter 2019,2019-03-01 17:00:00,2019,Other
Codeforces,1129,Codeforces Round 542 [Alex Lopashev Thanks-Round] (Div. 1),2019-02-24 15:35:00,2019,Div.1
Codeforces,1130,Codeforces Round 542 [Alex Lopashev Thanks-Round] (Div. 2),2019-02-24 15:35:00,2019,Div.2
Codeforces,1131,Codeforces Round 541 (Div. 2),2019-02-23 10:20:00,2019,Div.2
Codeforces,1115,Microsoft Q# Coding Contest - Winter 2019 - Warmup,2019-02-22 17:00:00,2019,Other
Codeforces,1118,Codeforces Round 540 (Div. 3),2019-02-19 14:35:00,2019,Div.3
Codeforces,1117,Educational Codeforces Round 60 (Rated for Div. 2),2019-02-18 15:40:00,2019,Educational
Codeforces,1109,Codeforces Round 539 (Div. 1),2019-02-16 16:35:00,2019,Div.1
Codeforces,1113,Codeforces Round 539 (Div. 2),2019-02-16 16:35:00,2019,Div.2
Codeforces,1114,Codeforces Round 538 (Div. 2),2019-02-10 14:05:00,2019,Div.2
Codeforces,1110,Codeforces Global Round 1,2019-02-07 13:35:00,2019,Other
Codeforces,1111,CodeCraft-19 and Codeforces Round 537 (Div. 2),2019-02-03 15:35:00,2019,Div.2
Codeforces,1106,Codeforces Round 536 (Div. 2),2019-01-31 12:35:00,2019,Div.2
Codeforces,1107,Educational Codeforces Round 59 (Rated for Div. 2),2019-01-26 15:35:00,2019,Educational
Codeforces,1108,Codeforces Round 535 (Div. 3),2019-01-23 14:35:00,2019,Div.3
Codeforces,1103,Codeforces Round 534 (Div. 1),2019-01-22 14:35:00,2019,Div.1
Codeforces,1104,Codeforces Round 534 (Div. 2),2019-01-22 14:35:00,2019,Div.2
Codeforces,1105,Codeforces Round 533 (Div. 2),2019-01-20 12:05:00,2019,Div.2
Codeforces,1100,Codeforces Round 532 (Div. 2),2019-01-13 14:35:00,2019,Div.2
Codeforces,1101,Educational Codeforces Round 58 (Rated for Div. 2),2019-01-11 14:35:00,2019,Educational
Codeforces,1102,Codeforces Round 531 (Div. 3),2019-01-09 14:35:00,2019,Div.3
Codeforces,1098,Codeforces Round 530 (Div. 1),2019-01-05 16:35:00,2019,Div.1
Codeforces,1099,Codeforces Round 530 (Div. 2),2019-01-05 16:35:00,2019,Div.2
Codeforces,1097,Hello 2019,2019-01-04 14:45:00,2019,Other
Codeforces,1091,Good Bye 2018,2018-12-30 14:35:00,2018,Other
Codeforces,1096,Educational Codeforces Round 57 (Rated for Div. 2),2018-12-28 14:35:00,2018,Educational
Codeforces,1095,Codeforces Round 529 (Div. 3),2018-12-27 14:35:00,2018,Div.3
Codeforces,1086,"Codeforces Round 528 (Div. 1, based on Technocup 2019 Elimination Round 4)",2018-12-23 13:35:00,2018,Div.1
Codeforces,1087,"Codeforces Round 528 (Div. 2, based on Technocup 2019 Elimination Round 4)",2018-12-23 13:35:00,2018,Div.2
Codeforces,1085,Technocup 2019 - Elimination Round 4,2018-12-23 13:35:00,2018,Other
Codeforces,1094,Технокубок 2019 - Ознакомительный Раунд 4,2018-12-21 12:35:00,2018,Other
Codeforces,1092,Codeforces Round 527 (Div. 3),2018-12-18 14:35:00,2018,Div.3
Codeforces,1081,Avito Cool Challenge 2018,2018-12-16 14:35:00,2018,Other
Codeforces,1093,Educational Codeforces Round 56 (Rated for Div. 2),2018-12-15 14:35:00,2018,Educational
Codeforces,1083,Codeforces Round 526 (Div. 1),2018-12-10 16:35:00,2018,Div.1
Codeforces,1084,Codeforces Round 526 (Div. 2),2018-12-10 16:35:00,2018,Div.2
Codeforces,1090,"2018-2019 Russia Open High School Programming Contest (Unrated, Online Mirror, ICPC Rules, Teams Preferred)",2018-12-09 08:05:00,2018,Other
Codeforces,1088,Codeforces Round 525 (Div. 2),2018-12-04 14:35:00,2018,Div.2
Codeforces,1089,"2018-2019 ICPC, NEERC, Northern Eurasia Finals (Unrated, Online Mirror, ICPC Rules, Teams Preferred)",2018-12-02 07:05:00,2018,Other
Codeforces,1082,Educational Codeforces Round 55 (Rated for Div. 2),2018-11-28 14:35:00,2018,Educational
Codeforces,1056,Mail.Ru Cup 2018 Round 3,2018-11-25 16:35:00,2018,Other
Codeforces,1080,Codeforces Round 524 (Div. 2),2018-11-24 07:35:00,2018,Div.2
Codeforces,1061,Codeforces Round 523 (Div. 2),2018-11-22 15:45:00,2018,Div.2
Codeforces,1078,"Codeforces Round 522 (Div. 1, based on Technocup 2019 Elimination Round 3)",2018-11-18 16:05:00,2018,Div.1
Codeforces,1079,"Codeforces Round 522 (Div. 2, based on Technocup 2019 Elimination Round 3)",2018-11-18 16:05:00,2018,Div.2
Codeforces,1032,Technocup 2019 - Elimination Round 3,2018-11-18 16:05:00,2018,Other
Codeforces,1050,Технокубок 2019 - Ознакомительный Раунд 3,2018-11-16 15:05:00,2018,Other
Codeforces,1077,Codeforces Round 521 (Div. 3),2018-11-16 14:35:00,2018,Div.3
Codeforces,1062,Codeforces Round 520 (Div. 2),2018-11-14 15:35:00,2018,Div.2
Codeforces,1076,Educational Codeforces Round 54 (Rated for Div. 2),2018-11-12 14:35:00,2018,Educational
Codeforces,1055,Mail.Ru Cup 2018 Round 2,2018-11-10 14:35:00,2018,Other
Codeforces,1044,Lyft Level 5 Challenge 2018 - Final Round,2018-11-04 18:10:00,2018,Other
Codeforces,1074,Lyft Level 5 Challenge 2018 - Final Round (Open Div. 1),2018-11-04 18:10:00,2018,Div.1
Codeforces,1075,Lyft Level 5 Challenge 2018 - Final Round (Open Div. 2),2018-11-04 18:10:00,2018,Div.2
Codeforces,1043,Codeforces Round 519 by Botan Investments,2018-10-28 15:35:00,2018,Other
Codeforces,1073,Educational Codeforces Round 53 (Rated for Div. 2),2018-10-25 14:35:00,2018,Educational
Codeforces,1067,"Codeforces Round 518 (Div. 1) [Thanks, Mail.Ru!]",2018-10-24 16:35:00,2018,Div.1
Codeforces,1068,"Codeforces Round 518 (Div. 2) [Thanks, Mail.Ru!]",2018-10-24 16:35:00,2018,Div.2
Codeforces,1071,"Codeforces Round 517 (Div. 1, based on Technocup 2019 Elimination Round 2)",2018-10-21 08:10:00,2018,Div.1
Codeforces,1072,"Codeforces Round 517 (Div. 2, based on Technocup 2019 Elimination Round 2)",2018-10-21 08:10:00,2018,Div.2
Codeforces,1031,Technocup 2019 - Elimination Round 2,2018-10-21 08:10:00,2018,Other
Codeforces,1070,"2018-2019 ICPC, NEERC, Southern Subregional Contest (Online Mirror, ACM-ICPC Rules, Teams Preferred)",2018-10-20 08:05:00,2018,Other
Codeforces,1049,Технокубок 2019 - Ознакомительный Раунд 2,2018-10-19 07:05:00,2018,Other
Codeforces,1054,Mail.Ru Cup 2018 Round 1,2018-10-18 16:35:00,2018,Other
Codeforces,1063,"Codeforces Round 516 (Div. 1, by Moscow Team Olympiad)",2018-10-14 10:05:00,2018,Div.1
Codeforces,1064,"Codeforces Round 516 (Div. 2, by Moscow Team Olympiad)",2018-10-14 10:05:00,2018,Div.2
Codeforces,1066,Codeforces Round 515 (Div. 3),2018-10-12 14:35:00,2018,Div.3
Codeforces,1057,Mail.Ru Cup 2018 - Practice Round,2018-10-12 09:05:00,2018,Other
Codeforces,1065,Educational Codeforces Round 52 (Rated for Div. 2),2018-10-11 14:50:00,2018,Educational
Codeforces,1033,Lyft Level 5 Challenge 2018 - Elimination Round,2018-10-07 17:05:00,2018,Other
Codeforces,1059,Codeforces Round 514 (Div. 2),2018-10-05 14:35:00,2018,Div.2
Codeforces,1060,"Codeforces Round 513 by Barcelona Bootcamp (rated, Div. 1 + Div. 2)",2018-10-04 07:05:00,2018,Div.1+Div.2
Codeforces,1053,"Codeforces Round 512 (Div. 1, based on Technocup 2019 Elimination Round 1)",2018-09-23 13:05:00,2018,Div.1
Codeforces,1058,"Codeforces Round 512 (Div. 2, based on Technocup 2019 Elimination Round 1)",2018-09-23 13:05:00,2018,Div.2
Codeforces,1030,Technocup 2019 - Elimination Round 1,2018-09-23 13:05:00,2018,Other
Codeforces,1045,"Bubble Cup 11 - Finals [Online Mirror, Div. 1]",2018-09-22 10:35:00,2018,Div.1
Codeforces,1046,"Bubble Cup 11 - Finals [Online Mirror, Div. 2]",2018-09-22 10:35:00,2018,Div.2
Codeforces,1034,Codeforces Round 511 (Div. 1),2018-09-21 14:35:00,2018,Div.1
Codeforces,1047,Codeforces Round 511 (Div. 2),2018-09-21 14:35:00,2018,Div.2
Codeforces,1048,Технокубок 2019 - Ознакомительный Раунд 1,2018-09-21 12:05:00,2018,Other
Codeforces,1052,Huawei Honorcup Marathon 1,2018-09-20 17:00:00,2018,Other
Codeforces,1051,Educational Codeforces Round 51 (Rated for Div. 2),2018-09-20 14:45:00,2018,Educational
Codeforces,1042,Codeforces Round 510 (Div. 2),2018-09-17 08:05:00,2018,Div.2
Codeforces,1041,Codeforces Round 509 (Div. 2),2018-09-16 10:35:00,2018,Div.2
Codeforces,1036,Educational Codeforces Round 50 (Rated for Div. 2),2018-09-07 14:35:00,2018,Educational
Codeforces,1038,Codeforces Round 508 (Div. 2),2018-09-06 15:35:00,2018,Div.2
Codeforces,1039,"Codeforces Round 507 (Div. 1, based on Olympiad of Metropolises)",2018-09-05 16:35:00,2018,Div.1
Codeforces,1040,"Codeforces Round 507 (Div. 2, based on Olympiad of Metropolises)",2018-09-05 16:35:00,2018,Div.2
Codeforces,1037,"Manthan, Codefest 18 (rated, Div. 1 + Div. 2)",2018-09-02 14:35:00,2018,Div.1+Div.2
Codeforces,1028,"AIM Tech Round 5 (rated, Div. 1 + Div. 2)",2018-08-27 16:35:00,2018,Div.1+Div.2
Codeforces,1029,Codeforces Round 506 (Div. 3),2018-08-24 14:50:00,2018,Div.3
Codeforces,1025,"Codeforces Round 505 (rated, Div. 1 + Div. 2, based on VK Cup 2018 Final)",2018-08-19 13:35:00,2018,Div.1+Div.2
Codeforces,1027,Educational Codeforces Round 49 (Rated for Div. 2),2018-08-18 14:35:00,2018,Educational
Codeforces,1023,"Codeforces Round 504 (rated, Div. 1 + Div. 2, based on VK Cup 2018 Final)",2018-08-17 14:35:00,2018,Div.1+Div.2
Codeforces,951,VK Cup 2018 - Final,2018-08-12 07:40:00,2018,Other
Codeforces,1019,"Codeforces Round 503 (by SIS, Div. 1)",2018-08-11 13:35:00,2018,Div.1
Codeforces,1020,"Codeforces Round 503 (by SIS, Div. 2)",2018-08-11 13:35:00,2018,Div.2
Codeforces,1017,"Codeforces Round 502 (in memory of Leopoldo Taravilse, Div. 1 + Div. 2)",2018-08-08 14:05:00,2018,Div.1+Div.2
Codeforces,1016,Educational Codeforces Round 48 (Rated for Div. 2),2018-08-03 14:45:00,2018,Educational
Codeforces,1015,Codeforces Round 501 (Div. 3),2018-07-31 14:35:00,2018,Div.3
Codeforces,1012,Codeforces Round 500 (Div. 1) [based on EJOI],2018-07-30 08:15:00,2018,Div.1
Codeforces,1013,Codeforces Round 500 (Div. 2) [based on EJOI],2018-07-30 08:15:00,2018,Div.2
Codeforces,1010,Codeforces Round 499 (Div. 1),2018-07-26 15:05:00,2018,Div.1
Codeforces,1011,Codeforces Round 499 (Div. 2),2018-07-26 15:05:00,2018,Div.2
Codeforces,1014,Codeforces Marathon Round 2,2018-07-24 12:15:00,2018,Other
Codeforces,1006,Codeforces Round 498 (Div. 3),2018-07-16 14:35:00,2018,Div.3
Codeforces,1009,Educational Codeforces Round 47 (Rated for Div. 2),2018-07-14 14:35:00,2018,Educational
Codeforces,1007,Codeforces Round 497 (Div. 1),2018-07-13 14:35:00,2018,Div.1
Codeforces,1008,Codeforces Round 497 (Div. 2),2018-07-13 14:35:00,2018,Div.2
Codeforces,1005,Codeforces Round 496 (Div. 3),2018-07-09 15:35:00,2018,Div.3
Codeforces,1002,Microsoft Q# Coding Contest - Summer 2018,2018-07-06 16:00:00,2018,Other
Codeforces,1004,Codeforces Round 495 (Div. 2),2018-07-05 16:35:00,2018,Div.2
Codeforces,1003,Codeforces Round 494 (Div. 3),2018-07-03 14:35:00,2018,Div.3
Codeforces,997,Codeforces Round 493 (Div. 1),2018-07-01 14:05:00,2018,Div.1
Codeforces,998,Codeforces Round 493 (Div. 2),2018-07-01 14:05:00,2018,Div.2
Codeforces,1001,Microsoft Q# Coding Contest - Summer 2018 - Warmup,2018-06-29 16:00:00,2018,Other
Codeforces,1000,Educational Codeforces Round 46 (Rated for Div. 2),2018-06-27 14:35:00,2018,Educational
Codeforces,995,"Codeforces Round 492 (Div. 1) [Thanks, uDebug!]",2018-06-24 16:35:00,2018,Div.1
Codeforces,996,"Codeforces Round 492 (Div. 2) [Thanks, uDebug!]",2018-06-24 16:35:00,2018,Div.2
Codeforces,991,Codeforces Round 491 (Div. 2),2018-06-23 15:35:00,2018,Div.2
Codeforces,999,Codeforces Round 490 (Div. 3),2018-06-21 14:35:00,2018,Div.3
Codeforces,992,Codeforces Round 489 (Div. 2),2018-06-18 16:35:00,2018,Div.2
Codeforces,993,Codeforces Round 488 by NEAR (Div. 1),2018-06-16 16:35:00,2018,Div.1
Codeforces,994,Codeforces Round 488 by NEAR (Div. 2),2018-06-16 16:35:00,2018,Div.2
Codeforces,989,Codeforces Round 487 (Div. 2),2018-06-11 13:35:00,2018,Div.2
Codeforces,990,Educational Codeforces Round 45 (Rated for Div. 2),2018-06-10 10:05:00,2018,Educational
Codeforces,988,Codeforces Round 486 (Div. 3),2018-06-01 14:35:00,2018,Div.3
Codeforces,986,Codeforces Round 485 (Div. 1),2018-05-29 15:35:00,2018,Div.1
Codeforces,987,Codeforces Round 485 (Div. 2),2018-05-29 15:35:00,2018,Div.2
Codeforces,981,Avito Code Challenge 2018,2018-05-27 14:50:00,2018,Other
Codeforces,985,Educational Codeforces Round 44 (Rated for Div. 2),2018-05-21 14:45:00,2018,Educational
Codeforces,982,Codeforces Round 484 (Div. 2),2018-05-17 16:35:00,2018,Div.2
Codeforces,983,"Codeforces Round 483 (Div. 1) [Thanks, Botan Investments and Victor Shaburov!]",2018-05-15 14:45:00,2018,Div.1
Codeforces,984,"Codeforces Round 483 (Div. 2) [Thanks, Botan Investments and Victor Shaburov!]",2018-05-15 14:45:00,2018,Div.2
Codeforces,979,Codeforces Round 482 (Div. 2),2018-05-14 14:35:00,2018,Div.2
Codeforces,978,Codeforces Round 481 (Div. 3),2018-05-13 09:05:00,2018,Div.3
Codeforces,980,Codeforces Round 480 (Div. 2),2018-05-08 15:05:00,2018,Div.2
Codeforces,977,Codeforces Round 479 (Div. 3),2018-05-06 14:05:00,2018,Div.3
Codeforces,975,Codeforces Round 478 (Div. 2),2018-05-01 14:05:00,2018,Div.2
Codeforces,976,Educational Codeforces Round 43 (Rated for Div. 2),2018-04-30 14:40:00,2018,Educational
Codeforces,966,"Codeforces Round 477 (rated, Div. 1, based on VK Cup 2018 Round 3)",2018-04-29 13:15:00,2018,Div.1
Codeforces,967,"Codeforces Round 477 (rated, Div. 2, based on VK Cup 2018 Round 3)",2018-04-29 13:15:00,2018,Div.2
Codeforces,925,VK Cup 2018 - Round 3,2018-04-29 13:15:00,2018,Other
Codeforces,965,"Codeforces Round 476 (Div. 2) [Thanks, Telegram!]",2018-04-25 17:35:00,2018,Div.2
Codeforces,927,VK Cup 2018 - Wild-card Round 2,2018-04-19 15:35:00,2018,Other
Codeforces,963,Tinkoff Internship Warmup Round 2018 and Codeforces Round 475 (Div. 1),2018-04-17 14:05:00,2018,Div.1
Codeforces,964,Tinkoff Internship Warmup Round 2018 and Codeforces Round 475 (Div. 2),2018-04-17 14:05:00,2018,Div.2
Codeforces,958,"Helvetic Coding Contest 2018 online mirror (teams allowed, unrated)",2018-04-14 07:05:00,2018,Other
Codeforces,962,Educational Codeforces Round 42 (Rated for Div. 2),2018-04-10 14:35:00,2018,Educational
Codeforces,960,"Divide by Zero 2018 and Codeforces Round 474 (Div. 1 + Div. 2, combined)",2018-04-07 16:05:00,2018,Div.1+Div.2
Codeforces,961,Educational Codeforces Round 41 (Rated for Div. 2),2018-04-04 14:05:00,2018,Educational
Codeforces,959,Codeforces Round 473 (Div. 2),2018-04-03 16:05:00,2018,Div.2
Codeforces,952,April Fools Contest 2018,2018-04-01 15:35:00,2018,Other
Codeforces,956,"Codeforces Round 472 (rated, Div. 1, based on VK Cup 2018 Round 2)",2018-03-24 15:35:00,2018,Div.1
Codeforces,957,"Codeforces Round 472 (rated, Div. 2, based on VK Cup 2018 Round 2)",2018-03-24 15:35:00,2018,Div.2
Codeforces,924,VK Cup 2018 - Round 2,2018-03-24 15:35:00,2018,Other
Codeforces,955,Codeforces Round 471 (Div. 2),2018-03-23 16:35:00,2018,Div.2
Codeforces,954,Educational Codeforces Round 40 (Rated for Div. 2),2018-03-22 06:05:00,2018,Educational
Codeforces,926,VK Cup 2018 - Wild-card Round 1,2018-03-17 15:35:00,2018,Other
Codeforces,953,VK Cup 2018 - Wild-card Round 1 (unofficial unrated mirror),2018-03-17 15:35:00,2018,Other
Codeforces,947,"Codeforces Round 470 (rated, Div. 1, based on VK Cup 2018 Round 1)",2018-03-10 15:35:00,2018,Div.1
Codeforces,948,"Codeforces Round 470 (rated, Div. 2, based on VK Cup 2018 Round 1)",2018-03-10 15:35:00,2018,Div.2
Codeforces,923,VK Cup 2018 - Round 1,2018-03-10 15:35:00,2018,Other
Codeforces,949,Codeforces Round 469 (Div. 1),2018-03-09 08:10:00,2018,Div.1
Codeforces,950,Codeforces Round 469 (Div. 2),2018-03-09 08:10:00,2018,Div.2
Codeforces,946,Educational Codeforces Round 39 (Rated for Div. 2),2018-03-06 15:05:00,2018,Educational
Codeforces,930,"Codeforces Round 468 (Div. 1, based on Technocup 2018 Final Round)",2018-03-04 15:35:00,2018,Div.1
Codeforces,931,"Codeforces Round 468 (Div. 2, based on Technocup 2018 Final Round)",2018-03-04 15:35:00,2018,Div.2
Codeforces,944,Технокубок 2018 - Финал (только для онсайт-финалистов),2018-03-04 08:40:00,2018,Other
Codeforces,929,VK Cup 2018 - Квалификация 2,2018-03-02 15:35:00,2018,Other
Codeforces,936,Codeforces Round 467 (Div. 1),2018-02-25 16:05:00,2018,Div.1
Codeforces,937,Codeforces Round 467 (Div. 2),2018-02-25 16:05:00,2018,Div.2
Codeforces,928,VK Cup 2018 - Квалификация 1,2018-02-24 15:35:00,2018,Other
Codeforces,940,Codeforces Round 466 (Div. 2),2018-02-24 09:35:00,2018,Div.2
Codeforces,935,Codeforces Round 465 (Div. 2),2018-02-19 16:35:00,2018,Div.2
Codeforces,939,Codeforces Round 464 (Div. 2),2018-02-17 10:05:00,2018,Div.2
Codeforces,938,Educational Codeforces Round 38 (Rated for Div. 2),2018-02-16 15:05:00,2018,Educational
Codeforces,932,"ICM Technex 2018 and Codeforces Round 463 (Div. 1 + Div. 2, combined)",2018-02-15 14:35:00,2018,Div.1+Div.2
Codeforces,933,Codeforces Round 462 (Div. 1),2018-02-14 12:05:00,2018,Div.1
Codeforces,934,Codeforces Round 462 (Div. 2),2018-02-14 12:05:00,2018,Div.2
Codeforces,922,Codeforces Round 461 (Div. 2),2018-02-07 17:15:00,2018,Div.2
Codeforces,920,Educational Codeforces Round 37 (Rated for Div. 2),2018-02-02 14:35:00,2018,Educational
Codeforces,921,AIM Tech Mini Marathon 1,2018-02-01 16:00:00,2018,Other
Codeforces,919,Codeforces Round 460 (Div. 2),2018-01-31 13:05:00,2018,Div.2
Codeforces,917,Codeforces Round 459 (Div. 1),2018-01-29 14:35:00,2018,Div.1
Codeforces,918,Codeforces Round 459 (Div. 2),2018-01-29 14:35:00,2018,Div.2
Codeforces,914,"Codecraft-18 and Codeforces Round 458 (Div. 1 + Div. 2, combined)",2018-01-20 15:35:00,2018,Div.1+Div.2
Codeforces,916,Codeforces Round 457 (Div. 2),2018-01-19 14:35:00,2018,Div.2
Codeforces,915,Educational Codeforces Round 36 (Rated for Div. 2),2018-01-13 13:05:00,2018,Educational
Codeforces,913,Hello 2018,2018-01-08 14:45:00,2018,Other
Codeforces,912,Codeforces Round 456 (Div. 2),2018-01-05 14:35:00,2018,Div.2
Codeforces,908,Good Bye 2017,2017-12-29 15:40:00,2017,Other
Codeforces,911,Educational Codeforces Round 35 (Rated for Div. 2),2017-12-28 14:05:00,2017,Educational
Codeforces,909,Codeforces Round 455 (Div. 2),2017-12-27 16:35:00,2017,Div.2
Codeforces,904,Технокубок 2018 - Отборочный Раунд 4,2017-12-23 14:05:00,2017,Other
Codeforces,906,"Codeforces Round 454 (Div. 1, based on Technocup 2018 Elimination Round 4)",2017-12-23 14:05:00,2017,Div.1
Codeforces,907,"Codeforces Round 454 (Div. 2, based on Technocup 2018 Elimination Round 4)",2017-12-23 14:05:00,2017,Div.2
Codeforces,910,Testing Round 14 (Unrated),2017-12-22 11:05:00,2017,Other
Codeforces,905,Технокубок 2018 - Ознакомительный Раунд 4,2017-12-21 13:00:00,2017,Other
Codeforces,901,Codeforces Round 453 (Div. 1),2017-12-19 15:35:00,2017,Div.1
Codeforces,902,Codeforces Round 453 (Div. 2),2017-12-19 15:35:00,2017,Div.2
Codeforces,899,Codeforces Round 452 (Div. 2),2017-12-17 06:35:00,2017,Div.2
Codeforces,898,Codeforces Round 451 (Div. 2),2017-12-16 11:35:00,2017,Div.2
Codeforces,903,Educational Codeforces Round 34 (Rated for Div. 2),2017-12-12 15:05:00,2017,Educational
Codeforces,900,Codeforces Round 450 (Div. 2),2017-12-11 16:05:00,2017,Div.2
Codeforces,896,Codeforces Round 449 (Div. 1),2017-12-02 14:05:00,2017,Div.1
Codeforces,897,Codeforces Round 449 (Div. 2),2017-12-02 14:05:00,2017,Div.2
Codeforces,895,Codeforces Round 448 (Div. 2),2017-11-26 16:05:00,2017,Div.2
Codeforces,893,Educational Codeforces Round 33 (Rated for Div. 2),2017-11-23 15:05:00,2017,Educational
Codeforces,894,Codeforces Round 447 (Div. 2),2017-11-19 13:55:00,2017,Div.2
Codeforces,891,Codeforces Round 446 (Div. 1),2017-11-17 14:35:00,2017,Div.1
Codeforces,892,Codeforces Round 446 (Div. 2),2017-11-17 14:35:00,2017,Div.2
Codeforces,886,Технокубок 2018 - Отборочный Раунд 3,2017-11-12 16:05:00,2017,Other
Codeforces,889,"Codeforces Round 445 (Div. 1, based on Technocup 2018 Elimination Round 3)",2017-11-12 16:05:00,2017,Div.1
Codeforces,890,"Codeforces Round 445 (Div. 2, based on Technocup 2018 Elimination Round 3)",2017-11-12 16:05:00,2017,Div.2
Codeforces,888,Educational Codeforces Round 32,2017-11-09 15:05:00,2017,Educational
Codeforces,885,Технокубок 2018 - Ознакомительный Раунд 3,2017-11-09 15:00:00,2017,Other
Codeforces,887,Codeforces Round 444 (Div. 2),2017-11-03 16:05:00,2017,Div.2
Codeforces,884,Educational Codeforces Round 31,2017-10-27 14:05:00,2017,Educational
Codeforces,878,Codeforces Round 443 (Div. 1),2017-10-26 14:45:00,2017,Div.1
Codeforces,879,Codeforces Round 443 (Div. 2),2017-10-26 14:45:00,2017,Div.2
Codeforces,877,Codeforces Round 442 (Div. 2),2017-10-23 15:45:00,2017,Div.2
Codeforces,883,"2017-2018 ACM-ICPC, NEERC, Southern Subregional Contest (Online Mirror, ACM-ICPC Rules, Teams Preferred)",2017-10-21 08:05:00,2017,Other
Codeforces,875,"Codeforces Round 441 (Div. 1, by Moscow Team Olympiad)",2017-10-16 11:05:00,2017,Div.1
Codeforces,876,"Codeforces Round 441 (Div. 2, by Moscow Team Olympiad)",2017-10-16 11:05:00,2017,Div.2
Codeforces,871,"Codeforces Round 440 (Div. 1, based on Technocup 2018 Elimination Round 2)",2017-10-15 08:05:00,2017,Div.1
Codeforces,872,"Codeforces Round 440 (Div. 2, based on Technocup 2018 Elimination Round 2)",2017-10-15 08:05:00,2017,Div.2
Codeforces,870,Technocup 2018 - Elimination Round 2,2017-10-15 08:05:00,2017,Other
Codeforces,873,Educational Codeforces Round 30,2017-10-12 14:05:00,2017,Educational
Codeforces,874,Technocup 2018 - Practice Round 2,2017-10-12 07:00:00,2017,Other
Codeforces,869,Codeforces Round 439 (Div. 2),2017-10-06 13:35:00,2017,Div.2
Codeforces,868,Codeforces Round 438 by Sberbank and Barcelona Bootcamp (Div. 1 + Div. 2 combined),2017-10-05 07:05:00,2017,Div.1+Div.2
Codeforces,867,"Codeforces Round 437 (Div. 2, based on MemSQL Start[c]UP 3.0 - Round 2)",2017-09-30 17:05:00,2017,Div.2
Codeforces,865,MemSQL Start[c]UP 3.0 - Round 2 (onsite finalists),2017-09-30 17:05:00,2017,Other
Codeforces,866,MemSQL Start[c]UP 3.0 - Round 2 and Codeforces Round 437 (Div. 1),2017-09-30 17:05:00,2017,Div.1
Codeforces,864,Codeforces Round 436 (Div. 2),2017-09-25 10:35:00,2017,Div.2
Codeforces,855,"Manthan, Codefest 17",2017-09-24 14:35:00,2017,Other
Codeforces,863,Educational Codeforces Round 29,2017-09-21 15:05:00,2017,Educational
Codeforces,862,Codeforces Round 435 (Div. 2),2017-09-19 15:05:00,2017,Div.2
Codeforces,847,"2017-2018 ACM-ICPC, NEERC, Southern Subregional Contest, qualification stage (Online Mirror, ACM-ICPC Rules, Teams Preferred)",2017-09-18 13:05:00,2017,Other
Codeforces,858,Технокубок 2018 - Отборочный Раунд 1,2017-09-17 13:05:00,2017,Other
Codeforces,860,"Codeforces Round 434 (Div. 1, based on Technocup 2018 Elimination Round 1)",2017-09-17 13:05:00,2017,Div.1
Codeforces,861,"Codeforces Round 434 (Div. 2, based on Technocup 2018 Elimination Round 1)",2017-09-17 13:05:00,2017,Div.2
Codeforces,859,MemSQL Start[c]UP 3.0 - Round 1,2017-09-16 17:35:00,2017,Other
Codeforces,857,Технокубок 2018 - Ознакомительный Раунд 1,2017-09-14 12:00:00,2017,Other
Codeforces,856,"Russian Code Cup 2017 - Finals [Unofficial Mirror, Div. 1 Only Recommended, Teams Allowed]",2017-09-10 13:35:00,2017,Div.1
Codeforces,853,"Codeforces Round 433 (Div. 1, based on Olympiad of Metropolises)",2017-09-06 12:55:00,2017,Div.1
Codeforces,854,"Codeforces Round 433 (Div. 2, based on Olympiad of Metropolises)",2017-09-06 12:55:00,2017,Div.2
Codeforces,846,Educational Codeforces Round 28,2017-09-05 15:05:00,2017,Educational
Codeforces,850,"Codeforces Round 432 (Div. 1, based on IndiaHacks Final Round 2017)",2017-09-04 14:35:00,2017,Div.1
Codeforces,851,"Codeforces Round 432 (Div. 2, based on IndiaHacks Final Round 2017)",2017-09-04 14:35:00,2017,Div.2
Codeforces,852,Bubble Cup X - Finals [Online Mirror],2017-09-03 10:00:00,2017,Other
Codeforces,848,Codeforces Round 431 (Div. 1),2017-09-01 13:35:00,2017,Div.1
Codeforces,849,Codeforces Round 431 (Div. 2),2017-09-01 13:35:00,2017,Div.2
Codeforces,842,Codeforces Round 430 (Div. 2),2017-08-29 15:05:00,2017,Div.2
Codeforces,843,AIM Tech Round 4 (Div. 1),2017-08-24 16:35:00,2017,Div.1
Codeforces,844,AIM Tech Round 4 (Div. 2),2017-08-24 16:35:00,2017,Div.2
Codeforces,845,Educational Codeforces Round 27,2017-08-21 15:05:00,2017,Educational
Codeforces,840,Codeforces Round 429 (Div. 1),2017-08-18 15:05:00,2017,Div.1
Codeforces,841,Codeforces Round 429 (Div. 2),2017-08-18 15:05:00,2017,Div.2
Codeforces,839,Codeforces Round 428 (Div. 2),2017-08-12 14:35:00,2017,Div.2
Codeforces,838,"IndiaHacks 2nd Elimination 2017 (unofficial, unrated mirror, ICPC rules)",2017-08-07 06:05:00,2017,Other
Codeforces,837,Educational Codeforces Round 26,2017-08-03 15:15:00,2017,Educational
Codeforces,835,Codeforces Round 427 (Div. 2),2017-07-31 14:35:00,2017,Div.2
Codeforces,833,Codeforces Round 426 (Div. 1),2017-07-30 14:35:00,2017,Div.1
Codeforces,834,Codeforces Round 426 (Div. 2),2017-07-30 14:35:00,2017,Div.2
Codeforces,832,Codeforces Round 425 (Div. 2),2017-07-24 14:35:00,2017,Div.2
Codeforces,825,Educational Codeforces Round 25,2017-07-16 15:05:00,2017,Educational
Codeforces,830,"Codeforces Round 424 (Div. 1, rated, based on VK Cup Finals)",2017-07-13 15:05:00,2017,Div.1
Codeforces,831,"Codeforces Round 424 (Div. 2, rated, based on VK Cup Finals)",2017-07-13 15:05:00,2017,Div.2
Codeforces,827,"Codeforces Round 423 (Div. 1, rated, based on VK Cup Finals)",2017-07-11 16:45:00,2017,Div.1
Codeforces,828,"Codeforces Round 423 (Div. 2, rated, based on VK Cup Finals)",2017-07-11 16:45:00,2017,Div.2
Codeforces,823,VK Cup 2017 - Finals,2017-07-09 08:05:00,2017,Other
Codeforces,826,VK Cup 2017 - Finals (practice session),2017-07-08 08:20:00,2017,Other
Codeforces,822,Codeforces Round 422 (Div. 2),2017-07-02 16:05:00,2017,Div.2
Codeforces,818,Educational Codeforces Round 24,2017-06-29 15:05:00,2017,Educational
Codeforces,819,Codeforces Round 421 (Div. 1),2017-06-27 14:35:00,2017,Div.1
Codeforces,820,Codeforces Round 421 (Div. 2),2017-06-27 14:35:00,2017,Div.2
Codeforces,821,Codeforces Round 420 (Div. 2),2017-06-25 14:35:00,2017,Div.2
Codeforces,815,Codeforces Round 419 (Div. 1),2017-06-17 14:35:00,2017,Div.1
Codeforces,816,Codeforces Round 419 (Div. 2),2017-06-17 14:35:00,2017,Div.2
Codeforces,817,Educational Codeforces Round 23,2017-06-15 15:05:00,2017,Educational
Codeforces,814,Codeforces Round 418 (Div. 2),2017-06-07 12:15:00,2017,Div.2
Codeforces,813,Educational Codeforces Round 22,2017-06-05 15:05:00,2017,Educational
Codeforces,812,Codeforces Round 417 (Div. 2),2017-06-01 14:15:00,2017,Div.2
Codeforces,802,"Helvetic Coding Contest 2017 online mirror (teams allowed, unrated)",2017-05-28 08:05:00,2017,Other
Codeforces,811,Codeforces Round 416 (Div. 2),2017-05-27 09:35:00,2017,Div.2
Codeforces,809,Codeforces Round 415 (Div. 1),2017-05-20 18:05:00,2017,Div.1
Codeforces,810,Codeforces Round 415 (Div. 2),2017-05-20 18:05:00,2017,Div.2
Codeforces,808,Educational Codeforces Round 21,2017-05-15 15:05:00,2017,Educational
Codeforces,794,"Tinkoff Challenge - Final Round (Codeforces Round 414, rated, Div. 1 + Div. 2)",2017-05-13 09:35:00,2017,Div.1+Div.2
Codeforces,799,"Playrix Codescapes Cup (Codeforces Round 413, rated, Div. 1 + Div. 2)",2017-05-11 15:35:00,2017,Div.1+Div.2
Codeforces,806,"Codeforces Round 412 (rated, Div. 1, based on VK Cup 2017 Round 3)",2017-05-07 15:45:00,2017,Div.1
Codeforces,807,"Codeforces Round 412 (rated, Div. 2, base on VK Cup 2017 Round 3)",2017-05-07 15:45:00,2017,Div.2
Codeforces,773,VK Cup 2017 - Round 3,2017-05-07 15:45:00,2017,Other
Codeforces,804,Codeforces Round 411 (Div. 1),2017-05-04 14:50:00,2017,Div.1
Codeforces,805,Codeforces Round 411 (Div. 2),2017-05-04 14:50:00,2017,Div.2
Codeforces,803,Educational Codeforces Round 20,2017-04-28 15:05:00,2017,Educational
Codeforces,775,VK Cup 2017 - Wild Card Round 2,2017-04-26 15:35:00,2017,Other
Codeforces,793,Tinkoff Challenge - Elimination Round,2017-04-23 16:45:00,2017,Other
Codeforces,798,Codeforces Round 410 (Div. 2),2017-04-21 14:35:00,2017,Div.2
Codeforces,800,"Codeforces Round 409 (rated, Div. 1, based on VK Cup 2017 Round 2)",2017-04-16 15:35:00,2017,Div.1
Codeforces,801,"Codeforces Round 409 (rated, Div. 2, based on VK Cup 2017 Round 2)",2017-04-16 15:35:00,2017,Div.2
Codeforces,772,VK Cup 2017 - Round 2,2017-04-16 15:35:00,2017,Other
Codeforces,797,Educational Codeforces Round 19,2017-04-15 14:35:00,2017,Educational
Codeforces,796,Codeforces Round 408 (Div. 2),2017-04-10 16:35:00,2017,Div.2
Codeforces,774,VK Cup 2017 - Wild Card Round 1,2017-04-05 15:35:00,2017,Other
Codeforces,795,VK Cup 2017 - Wild Card Round 1 (Unofficial Public Mirror),2017-04-05 15:35:00,2017,Other
Codeforces,784,April Fools Contest 2017,2017-03-31 15:00:00,2017,Other
Codeforces,788,Codeforces Round 407 (Div. 1),2017-03-29 16:05:00,2017,Div.1
Codeforces,789,Codeforces Round 407 (Div. 2),2017-03-29 16:05:00,2017,Div.2
Codeforces,792,Educational Codeforces Round 18,2017-03-27 14:35:00,2017,Educational
Codeforces,786,Codeforces Round 406 (Div. 1),2017-03-23 15:05:00,2017,Div.1
Codeforces,787,Codeforces Round 406 (Div. 2),2017-03-23 15:05:00,2017,Div.2
Codeforces,790,"Codeforces Round 405 (rated, Div. 1, based on VK Cup 2017 Round 1)",2017-03-18 15:35:00,2017,Div.1
Codeforces,791,"Codeforces Round 405 (rated, Div. 2, based on VK Cup 2017 Round 1)",2017-03-18 15:35:00,2017,Div.2
Codeforces,771,VK Cup 2017 - Round 1,2017-03-18 15:35:00,2017,Other
Codeforces,785,Codeforces Round 404 (Div. 2),2017-03-15 15:05:00,2017,Div.2
Codeforces,770,VK Cup 2017 - Qualification 2,2017-03-11 12:00:00,2017,Other
Codeforces,781,"Codeforces Round 403 (Div. 1, based on Technocup 2017 Finals)",2017-03-05 13:05:00,2017,Div.1
Codeforces,782,"Codeforces Round 403 (Div. 2, based on Technocup 2017 Finals)",2017-03-05 13:05:00,2017,Div.2
Codeforces,780,Технокубок 2017 - Финал (только для онсайт-финалистов),2017-03-05 09:15:00,2017,Other
Codeforces,769,VK Cup 2017 - Qualification 1,2017-03-04 12:00:00,2017,Other
Codeforces,778,Codeforces Round 402 (Div. 1),2017-02-26 08:05:00,2017,Div.1
Codeforces,779,Codeforces Round 402 (Div. 2),2017-02-26 08:05:00,2017,Div.2
Codeforces,777,Codeforces Round 401 (Div. 2),2017-02-24 10:05:00,2017,Div.2
Codeforces,776,"ICM Technex 2017 and Codeforces Round 400 (Div. 1 + Div. 2, combined)",2017-02-23 14:45:00,2017,Div.1+Div.2
Codeforces,768,"Divide by Zero 2017 and Codeforces Round 399 (Div. 1 + Div. 2, combined)",2017-02-20 16:05:00,2017,Div.1+Div.2
Codeforces,767,Codeforces Round 398 (Div. 2),2017-02-18 09:05:00,2017,Div.2
Codeforces,765,Codeforces Round 397 by Kaspersky Lab and Barcelona Bootcamp (Div. 1 + Div. 2 combined),2017-02-14 08:05:00,2017,Div.1+Div.2
Codeforces,766,Codeforces Round 396 (Div. 2),2017-02-07 17:05:00,2017,Div.2
Codeforces,763,Codeforces Round 395 (Div. 1),2017-02-02 13:35:00,2017,Div.1
Codeforces,764,Codeforces Round 395 (Div. 2),2017-02-02 13:35:00,2017,Div.2
Codeforces,761,Codeforces Round 394 (Div. 2),2017-01-31 14:35:00,2017,Div.2
Codeforces,762,Educational Codeforces Round 17,2017-01-25 14:35:00,2017,Educational
Codeforces,756,8VC Venture Cup 2017 - Final Round,2017-01-22 18:15:00,2017,Other
Codeforces,759,Codeforces Round 393 (Div. 1) (8VC Venture Cup 2017 - Final Round Div. 1 Edition),2017-01-22 18:15:00,2017,Div.1
Codeforces,760,Codeforces Round 393 (Div. 2) (8VC Venture Cup 2017 - Final Round Div. 2 Edition),2017-01-22 18:15:00,2017,Div.2
Codeforces,758,Codeforces Round 392 (Div. 2),2017-01-19 15:05:00,2017,Div.2
Codeforces,755,8VC Venture Cup 2017 - Elimination Round,2017-01-15 17:05:00,2017,Other
Codeforces,757,"Codecraft-17 and Codeforces Round 391 (Div. 1 + Div. 2, combined)",2017-01-12 15:35:00,2017,Div.1+Div.2
Codeforces,754,Codeforces Round 390 (Div. 2),2017-01-06 14:35:00,2017,Div.2
Codeforces,750,Good Bye 2016,2016-12-30 14:15:00,2016,Other
Codeforces,753,Testing Round 13,2016-12-29 09:05:00,2016,Other
Codeforces,752,"Codeforces Round 389 (Div. 2, Rated, Based on Technocup 2017 - Elimination Round 3)",2016-12-25 09:05:00,2016,Div.2
Codeforces,748,Technocup 2017 - Elimination Round 3,2016-12-25 09:05:00,2016,Other
Codeforces,751,Технокубок 2017 - Ознакомительный Раунд 3,2016-12-22 08:30:00,2016,Other
Codeforces,749,Codeforces Round 388 (Div. 2),2016-12-19 16:35:00,2016,Div.2
Codeforces,747,Codeforces Round 387 (Div. 2),2016-12-19 02:05:00,2016,Div.2
Codeforces,746,Codeforces Round 386 (Div. 2),2016-12-18 10:35:00,2016,Div.2
Codeforces,744,Codeforces Round 385 (Div. 1),2016-12-17 16:35:00,2016,Div.1
Codeforces,745,Codeforces Round 385 (Div. 2),2016-12-17 16:35:00,2016,Div.2
Codeforces,743,Codeforces Round 384 (Div. 2),2016-12-14 14:35:00,2016,Div.2
Codeforces,741,Codeforces Round 383 (Div. 1),2016-12-06 14:35:00,2016,Div.1
Codeforces,742,Codeforces Round 383 (Div. 2),2016-12-06 14:35:00,2016,Div.2
Codeforces,736,Codeforces Round 382 (Div. 1),2016-11-27 16:35:00,2016,Div.1
Codeforces,735,Codeforces Round 382 (Div. 2),2016-11-27 16:35:00,2016,Div.2
Codeforces,739,Codeforces Round 381 (Div. 1),2016-11-23 16:35:00,2016,Div.1
Codeforces,740,Codeforces Round 381 (Div. 2),2016-11-23 16:35:00,2016,Div.2
Codeforces,737,"Codeforces Round 380 (Div. 1, Rated, Based on Technocup 2017 - Elimination Round 2)",2016-11-20 09:05:00,2016,Div.1
Codeforces,738,"Codeforces Round 380 (Div. 2, Rated, Based on Technocup 2017 - Elimination Round 2)",2016-11-20 09:05:00,2016,Div.2
Codeforces,729,Technocup 2017 - Elimination Round 2,2016-11-20 09:05:00,2016,Other
Codeforces,728,Технокубок 2017 - Ознакомительный Раунд 2,2016-11-17 08:00:00,2016,Other
Codeforces,734,Codeforces Round 379 (Div. 2),2016-11-15 16:35:00,2016,Div.2
Codeforces,733,Codeforces Round 378 (Div. 2),2016-10-31 14:05:00,2016,Div.2
Codeforces,730,"2016-2017 ACM-ICPC, NEERC, Southern Subregional Contest (Online Mirror, ACM-ICPC Rules, Teams Preferred)",2016-10-23 08:00:00,2016,Other
Codeforces,725,Canada Cup 2016,2016-10-22 15:05:00,2016,Other
Codeforces,732,Codeforces Round 377 (Div. 2),2016-10-17 14:35:00,2016,Div.2
Codeforces,731,Codeforces Round 376 (Div. 2),2016-10-16 09:45:00,2016,Div.2
Codeforces,727,"Technocup 2017 - Elimination Round 1 (Unofficially Open for Everyone, Rated for Div. 2)",2016-10-15 09:05:00,2016,Div.2
Codeforces,726,Технокубок 2017 - Ознакомительный Раунд 1,2016-10-12 09:00:00,2016,Other
Codeforces,724,"Intel Code Challenge Final Round (Div. 1 + Div. 2, Combined)",2016-10-08 12:15:00,2016,Div.1+Div.2
Codeforces,723,Codeforces Round 375 (Div. 2),2016-10-03 11:35:00,2016,Div.2
Codeforces,722,"Intel Code Challenge Elimination Round (Div. 1 + Div. 2, combined)",2016-10-01 14:05:00,2016,Div.1+Div.2
Codeforces,721,Codeforces Round 374 (Div. 2),2016-09-30 14:05:00,2016,Div.2
Codeforces,718,Codeforces Round 373 (Div. 1),2016-09-23 13:05:00,2016,Div.1
Codeforces,719,Codeforces Round 373 (Div. 2),2016-09-23 13:05:00,2016,Div.2
Codeforces,720,"Russian Code Cup 2016 - Finals [Unofficial Mirror, Div. 1 Only Recommended]",2016-09-18 11:05:00,2016,Div.1
Codeforces,715,Codeforces Round 372 (Div. 1),2016-09-17 13:45:00,2016,Div.1
Codeforces,716,Codeforces Round 372 (Div. 2),2016-09-17 13:45:00,2016,Div.2
Codeforces,713,Codeforces Round 371 (Div. 1),2016-09-13 16:35:00,2016,Div.1
Codeforces,714,Codeforces Round 371 (Div. 2),2016-09-13 16:35:00,2016,Div.2
Codeforces,717,Bubble Cup 9 - Finals [Online Mirror],2016-09-11 09:00:00,2016,Other
Codeforces,712,Codeforces Round 370 (Div. 2),2016-09-10 16:45:00,2016,Div.2
Codeforces,711,Codeforces Round 369 (Div. 2),2016-08-29 12:05:00,2016,Div.2
Codeforces,708,AIM Tech Round 3 (Div. 1),2016-08-24 16:35:00,2016,Div.1
Codeforces,709,AIM Tech Round 3 (Div. 2),2016-08-24 16:35:00,2016,Div.2
Codeforces,710,Educational Codeforces Round 16,2016-08-22 14:10:00,2016,Educational
Codeforces,707,Codeforces Round 368 (Div. 2),2016-08-20 13:05:00,2016,Div.2
Codeforces,706,Codeforces Round 367 (Div. 2),2016-08-11 16:35:00,2016,Div.2
Codeforces,704,Codeforces Round 366 (Div. 1),2016-08-07 14:05:00,2016,Div.1
Codeforces,705,Codeforces Round 366 (Div. 2),2016-08-07 14:05:00,2016,Div.2
Codeforces,703,Codeforces Round 365 (Div. 2),2016-08-04 15:15:00,2016,Div.2
Codeforces,702,Educational Codeforces Round 15,2016-07-29 15:00:00,2016,Educational
Codeforces,700,Codeforces Round 364 (Div. 1),2016-07-22 16:35:00,2016,Div.1
Codeforces,701,Codeforces Round 364 (Div. 2),2016-07-22 16:35:00,2016,Div.2
Codeforces,698,Codeforces Round 363 (Div. 1),2016-07-19 13:05:00,2016,Div.1
Codeforces,699,Codeforces Round 363 (Div. 2),2016-07-19 13:05:00,2016,Div.2
Codeforces,696,Codeforces Round 362 (Div. 1),2016-07-14 16:35:00,2016,Div.1
Codeforces,697,Codeforces Round 362 (Div. 2),2016-07-14 16:35:00,2016,Div.2
Codeforces,691,Educational Codeforces Round 14,2016-07-13 16:00:00,2016,Educational
Codeforces,690,"Helvetic Coding Contest 2016 online mirror (teams, unrated)",2016-07-10 08:00:00,2016,Other
Codeforces,689,Codeforces Round 361 (Div. 2),2016-07-06 16:35:00,2016,Div.2
Codeforces,695,VK Cup 2016 - Finals,2016-07-03 08:20:00,2016,Other
Codeforces,693,VK Cup 2016 - Finals (trial contest),2016-07-02 08:25:00,2016,Other
Codeforces,687,Codeforces Round 360 (Div. 1),2016-06-29 17:05:00,2016,Div.1
Codeforces,688,Codeforces Round 360 (Div. 2),2016-06-29 17:05:00,2016,Div.2
Codeforces,685,Codeforces Round 359 (Div. 1),2016-06-23 16:35:00,2016,Div.1
Codeforces,686,Codeforces Round 359 (Div. 2),2016-06-23 16:35:00,2016,Div.2
Codeforces,682,Codeforces Round 358 (Div. 2),2016-06-17 16:35:00,2016,Div.2
Codeforces,683,Surprise Language Round 8,2016-06-16 16:00:00,2016,Other
Codeforces,681,Codeforces Round 357 (Div. 2),2016-06-14 16:35:00,2016,Div.2
Codeforces,678,Educational Codeforces Round 13,2016-06-13 16:10:00,2016,Educational
Codeforces,684,Codeforces Marathon Round 1,2016-06-12 09:00:00,2016,Other
Codeforces,679,Codeforces Round 356 (Div. 1),2016-06-08 16:35:00,2016,Div.1
Codeforces,680,Codeforces Round 356 (Div. 2),2016-06-08 16:35:00,2016,Div.2
Codeforces,677,Codeforces Round 355 (Div. 2),2016-06-01 16:35:00,2016,Div.2
Codeforces,676,Codeforces Round 354 (Div. 2),2016-05-25 15:05:00,2016,Div.2
Codeforces,675,Codeforces Round 353 (Div. 2),2016-05-16 16:35:00,2016,Div.2
Codeforces,671,Codeforces Round 352 (Div. 1),2016-05-11 16:35:00,2016,Div.1
Codeforces,672,Codeforces Round 352 (Div. 2),2016-05-11 16:35:00,2016,Div.2
Codeforces,674,"Codeforces Round 351 (VK Cup 2016 Round 3, Div. 1 Edition)",2016-05-07 15:05:00,2016,Div.1
Codeforces,673,"Codeforces Round 351 (VK Cup 2016 Round 3, Div. 2 Edition)",2016-05-07 15:05:00,2016,Div.2
Codeforces,643,VK Cup 2016 - Round 3,2016-05-07 15:05:00,2016,Other
Codeforces,670,Codeforces Round 350 (Div. 2),2016-05-05 16:05:00,2016,Div.2
Codeforces,666,Codeforces Round 349 (Div. 1),2016-04-29 16:35:00,2016,Div.1
Codeforces,667,Codeforces Round 349 (Div. 2),2016-04-29 16:35:00,2016,Div.2
Codeforces,642,VK Cup 2016 - Wild Card Round 2,2016-04-25 15:00:00,2016,Other
Codeforces,668,"Codeforces Round 348 (VK Cup 2016 Round 2, Div. 1 Edition)",2016-04-24 16:35:00,2016,Div.1
Codeforces,669,"Codeforces Round 348 (VK Cup 2016 Round 2, Div. 2 Edition)",2016-04-24 16:35:00,2016,Div.2
Codeforces,641,VK Cup 2016 - Round 2,2016-04-24 16:35:00,2016,Other
Codeforces,665,Educational Codeforces Round 12,2016-04-20 15:00:00,2016,Educational
Codeforces,663,Codeforces Round 347 (Div. 1),2016-04-16 16:35:00,2016,Div.1
Codeforces,664,Codeforces Round 347 (Div. 2),2016-04-16 16:35:00,2016,Div.2
Codeforces,662,"CROC 2016 - Final Round [Private, For Onsite Finalists Only]",2016-04-15 14:15:00,2016,Other
Codeforces,640,VK Cup 2016 - Wild Card Round 1,2016-04-10 16:35:00,2016,Other
Codeforces,661,VK Cup 2016 - Wild Card Round 1 (Unofficial Open Online Mirror),2016-04-10 16:35:00,2016,Other
Codeforces,660,Educational Codeforces Round 11,2016-04-08 15:00:00,2016,Educational
Codeforces,656,April Fools Day Contest 2016,2016-04-01 16:00:00,2016,Other
Codeforces,659,Codeforces Round 346 (Div. 2),2016-03-30 16:05:00,2016,Div.2
Codeforces,639,VK Cup 2016 - Round 1,2016-03-28 16:35:00,2016,Other
Codeforces,658,VK Cup 2016 - Round 1 (Div. 2 Edition),2016-03-28 16:35:00,2016,Div.2
Codeforces,657,VK Cup 2016 - Round 1 (Div.1 Edition),2016-03-28 16:35:00,2016,Other
Codeforces,649,Технокубок 2016 - Отборочный Раунд 2,2016-03-26 07:00:00,2016,Other
Codeforces,652,Educational Codeforces Round 10,2016-03-25 13:00:00,2016,Educational
Codeforces,647,Технокубок 2016 - Ознакомительный Раунд 2,2016-03-24 06:00:00,2016,Other
Codeforces,648,Технокубок 2016 - Отборочный Раунд 1,2016-03-23 15:00:00,2016,Other
Codeforces,646,Технокубок 2016 - Ознакомительный Раунд 1,2016-03-21 14:00:00,2016,Other
Codeforces,638,VK Cup 2016 - Qualification Round 2,2016-03-20 12:00:00,2016,Other
Codeforces,653,IndiaHacks 2016 - Online Edition (Div. 1 + Div. 2),2016-03-19 08:35:00,2016,Div.1+Div.2
Codeforces,645,CROC 2016 - Elimination Round,2016-03-18 16:35:00,2016,Other
Codeforces,655,CROC 2016 - Elimination Round  (Rated Unofficial Edition),2016-03-18 16:35:00,2016,Other
Codeforces,644,CROC 2016 - Qualification,2016-03-16 09:00:00,2016,Other
Codeforces,637,VK Cup 2016 - Qualification Round 1,2016-03-13 12:00:00,2016,Other
Codeforces,650,Codeforces Round 345 (Div. 1),2016-03-07 09:25:00,2016,Div.1
Codeforces,651,Codeforces Round 345 (Div. 2),2016-03-07 09:25:00,2016,Div.2
Codeforces,631,Codeforces Round 344 (Div. 2),2016-03-03 16:35:00,2016,Div.2
Codeforces,632,Educational Codeforces Round 9,2016-03-01 15:00:00,2016,Educational
Codeforces,636,VeeRoute Marathon,2016-02-29 17:00:00,2016,Other
Codeforces,627,8VC Venture Cup 2016 - Final Round,2016-02-28 18:10:00,2016,Other
Codeforces,634,8VC Venture Cup 2016 - Final Round (Div. 1 Edition),2016-02-28 18:10:00,2016,Div.1
Codeforces,635,8VC Venture Cup 2016 - Final Round (Div. 2 Edition),2016-02-28 18:10:00,2016,Div.2
Codeforces,633,"Manthan, Codefest 16",2016-02-26 17:15:00,2016,Other
Codeforces,629,Codeforces Round 343 (Div. 2),2016-02-20 16:35:00,2016,Div.2
Codeforces,628,Educational Codeforces Round 8,2016-02-19 15:00:00,2016,Educational
Codeforces,630,Experimental Educational Round: VolBIT Formulas Blitz,2016-02-18 15:00:00,2016,Educational
Codeforces,626,8VC Venture Cup 2016 - Elimination Round,2016-02-13 17:35:00,2016,Other
Codeforces,622,Educational Codeforces Round 7,2016-02-10 15:00:00,2016,Educational
Codeforces,625,Codeforces Round 342 (Div. 2),2016-02-07 09:05:00,2016,Div.2
Codeforces,623,AIM Tech Round (Div. 1),2016-02-04 17:05:00,2016,Div.1
Codeforces,624,AIM Tech Round (Div. 2),2016-02-04 17:05:00,2016,Div.2
Codeforces,621,Codeforces Round 341 (Div. 2),2016-01-31 14:05:00,2016,Div.2
Codeforces,618,Wunder Fund Round 2016 (Div. 1 + Div. 2 combined),2016-01-29 17:10:00,2016,Div.1+Div.2
Codeforces,617,Codeforces Round 340 (Div. 2),2016-01-23 15:35:00,2016,Div.2
Codeforces,620,Educational Codeforces Round 6,2016-01-21 15:00:00,2016,Educational
Codeforces,613,Codeforces Round 339 (Div. 1),2016-01-14 16:35:00,2016,Div.1
Codeforces,614,Codeforces Round 339 (Div. 2),2016-01-14 16:35:00,2016,Div.2
Codeforces,616,Educational Codeforces Round 5,2016-01-11 15:00:00,2016,Educational
Codeforces,615,Codeforces Round 338 (Div. 2),2016-01-08 14:05:00,2016,Div.2
Codeforces,611,Good Bye 2015,2015-12-30 15:05:00,2015,Other
Codeforces,610,Codeforces Round 337 (Div. 2),2015-12-27 11:20:00,2015,Div.2
Codeforces,612,Educational Codeforces Round 4,2015-12-25 15:00:00,2015,Educational
Codeforces,607,Codeforces Round 336 (Div. 1),2015-12-23 16:35:00,2015,Div.1
Codeforces,608,Codeforces Round 336 (Div. 2),2015-12-23 16:35:00,2015,Div.2
Codeforces,609,Educational Codeforces Round 3,2015-12-19 15:00:00,2015,Educational
Codeforces,605,Codeforces Round 335 (Div. 1),2015-12-09 16:05:00,2015,Div.1
Codeforces,606,Codeforces Round 335 (Div. 2),2015-12-09 16:05:00,2015,Div.2
Codeforces,603,Codeforces Round 334 (Div. 1),2015-12-01 15:35:00,2015,Div.1
Codeforces,604,Codeforces Round 334 (Div. 2),2015-12-01 15:35:00,2015,Div.2
Codeforces,600,Educational Codeforces Round 2,2015-11-27 15:00:00,2015,Educational
Codeforces,601,Codeforces Round 333 (Div. 1),2015-11-24 16:35:00,2015,Div.1
Codeforces,602,Codeforces Round 333 (Div. 2),2015-11-24 16:35:00,2015,Div.2
Codeforces,599,Codeforces Round 332 (Div. 2),2015-11-20 16:35:00,2015,Div.2
Codeforces,596,Codeforces Round 331 (Div. 2),2015-11-15 16:35:00,2015,Div.2
Codeforces,598,Educational Codeforces Round 1,2015-11-13 15:00:00,2015,Educational
Codeforces,597,Testing Round 12,2015-11-11 18:00:00,2015,Other
Codeforces,594,Codeforces Round 330 (Div. 1),2015-11-08 16:30:00,2015,Div.1
Codeforces,595,Codeforces Round 330 (Div. 2),2015-11-08 16:30:00,2015,Div.2
Codeforces,593,Codeforces Round 329 (Div. 2),2015-11-04 16:45:00,2015,Div.2
Codeforces,592,Codeforces Round 328 (Div. 2),2015-10-31 16:30:00,2015,Div.2
Codeforces,590,Codeforces Round 327 (Div. 1),2015-10-25 09:00:00,2015,Div.1
Codeforces,591,Codeforces Round 327 (Div. 2),2015-10-25 09:00:00,2015,Div.2
Codeforces,587,Codeforces Round 326 (Div. 1),2015-10-15 16:30:00,2015,Div.1
Codeforces,588,Codeforces Round 326 (Div. 2),2015-10-15 16:30:00,2015,Div.2
Codeforces,585,Codeforces Round 325 (Div. 1),2015-10-12 09:10:00,2015,Div.1
Codeforces,586,Codeforces Round 325 (Div. 2),2015-10-12 09:10:00,2015,Div.2
Codeforces,584,Codeforces Round 324 (Div. 2),2015-10-06 16:30:00,2015,Div.2
Codeforces,582,Codeforces Round 323 (Div. 1),2015-10-03 16:45:00,2015,Div.1
Codeforces,583,Codeforces Round 323 (Div. 2),2015-10-03 16:45:00,2015,Div.2
Codeforces,581,Codeforces Round 322 (Div. 2),2015-09-28 09:00:00,2015,Div.2
Codeforces,580,Codeforces Round 321 (Div. 2),2015-09-22 16:30:00,2015,Div.2
Codeforces,578,Codeforces Round 320 (Div. 1) [Bayan Thanks-Round],2015-09-16 15:15:00,2015,Div.1
Codeforces,579,Codeforces Round 320 (Div. 2) [Bayan Thanks-Round],2015-09-16 15:15:00,2015,Div.2
Codeforces,576,Codeforces Round 319 (Div. 1),2015-09-10 16:30:00,2015,Div.1
Codeforces,577,Codeforces Round 319 (Div. 2),2015-09-10 16:30:00,2015,Div.2
Codeforces,575,Bubble Cup 8 - Finals [Online Mirror],2015-09-06 08:00:00,2015,Other
Codeforces,573,Codeforces Round 318 [RussianCodeCup Thanks-Round] (Div. 1),2015-08-29 16:30:00,2015,Div.1
Codeforces,574,Codeforces Round 318 [RussianCodeCup Thanks-Round] (Div. 2),2015-08-29 16:30:00,2015,Div.2
Codeforces,571,Codeforces Round 317 [AimFund Thanks-Round] (Div. 1),2015-08-22 16:30:00,2015,Div.1
Codeforces,572,Codeforces Round 317 [AimFund Thanks-Round] (Div. 2),2015-08-22 16:30:00,2015,Div.2
Codeforces,570,Codeforces Round 316 (Div. 2),2015-08-13 16:30:00,2015,Div.2
Codeforces,568,Codeforces Round 315 (Div. 1),2015-08-10 16:30:00,2015,Div.1
Codeforces,569,Codeforces Round 315 (Div. 2),2015-08-10 16:30:00,2015,Div.2
Codeforces,567,Codeforces Round #Pi (Div. 2),2015-08-05 16:00:00,2015,Div.2
Codeforces,566,"VK Cup 2015 - Finals, online mirror",2015-07-30 16:20:00,2015,Other
Codeforces,562,VK Cup 2015 - Finals,2015-07-26 08:15:00,2015,Other
Codeforces,559,Codeforces Round 313 (Div. 1),2015-07-22 14:00:00,2015,Div.1
Codeforces,560,Codeforces Round 313 (Div. 2),2015-07-22 14:00:00,2015,Div.2
Codeforces,558,Codeforces Round 312 (Div. 2),2015-07-14 15:10:00,2015,Div.2
Codeforces,557,Codeforces Round 311 (Div. 2),2015-06-30 15:00:00,2015,Div.2
Codeforces,555,Codeforces Round 310 (Div. 1),2015-06-27 14:10:00,2015,Div.1
Codeforces,556,Codeforces Round 310 (Div. 2),2015-06-27 14:10:00,2015,Div.2
Codeforces,553,Codeforces Round 309 (Div. 1),2015-06-24 16:30:00,2015,Div.1
Codeforces,554,Codeforces Round 309 (Div. 2),2015-06-24 16:30:00,2015,Div.2
Codeforces,552,Codeforces Round 308 (Div. 2),2015-06-18 16:30:00,2015,Div.2
Codeforces,551,Codeforces Round 307 (Div. 2),2015-06-12 16:45:00,2015,Div.2
Codeforces,549,Looksery Cup 2015,2015-06-06 13:00:00,2015,Other
Codeforces,550,Codeforces Round 306 (Div. 2),2015-06-04 16:30:00,2015,Div.2
Codeforces,547,Codeforces Round 305 (Div. 1),2015-05-26 16:35:00,2015,Div.1
Codeforces,548,Codeforces Round 305 (Div. 2),2015-05-26 16:35:00,2015,Div.2
Codeforces,546,Codeforces Round 304 (Div. 2),2015-05-22 16:30:00,2015,Div.2
Codeforces,545,Codeforces Round 303 (Div. 2),2015-05-19 16:30:00,2015,Div.2
Codeforces,543,Codeforces Round 302 (Div. 1),2015-05-07 16:30:00,2015,Div.1
Codeforces,544,Codeforces Round 302 (Div. 2),2015-05-07 16:30:00,2015,Div.2
Codeforces,541,VK Cup 2015 - Раунд 3,2015-05-03 16:00:00,2015,Other
Codeforces,542,"VK Cup 2015 - Round 3 (unofficial online mirror, Div. 1 only)",2015-05-03 16:00:00,2015,Div.1
Codeforces,540,Codeforces Round 301 (Div. 2),2015-04-30 16:30:00,2015,Div.2
Codeforces,538,Codeforces Round 300,2015-04-26 16:00:00,2015,Other
Codeforces,537,VK Cup 2015 - Wild Card Round 2,2015-04-18 18:30:00,2015,Other
Codeforces,532,VK Cup 2015 - Round 2,2015-04-17 16:00:00,2015,Other
Codeforces,533,"VK Cup 2015 - Round 2 (unofficial online mirror, Div. 1 only)",2015-04-17 16:00:00,2015,Div.1
Codeforces,536,Codeforces Round 299 (Div. 1),2015-04-14 16:35:00,2015,Div.1
Codeforces,535,Codeforces Round 299 (Div. 2),2015-04-14 16:35:00,2015,Div.2
Codeforces,534,Codeforces Round 298 (Div. 2),2015-04-12 16:00:00,2015,Div.2
Codeforces,526,ZeptoLab Code Rush 2015,2015-04-04 16:35:00,2015,Other
Codeforces,530,VK Cup 2015 - Wild Card Round 1,2015-03-28 17:00:00,2015,Other
Codeforces,531,VK Cup 2015 - Wild Card Round 1 (Online Mirror),2015-03-28 17:00:00,2015,Other
Codeforces,525,Codeforces Round 297 (Div. 2),2015-03-26 16:30:00,2015,Div.2
Codeforces,529,"VK Cup 2015 - Round 1 (unofficial online mirror, Div. 1 only)",2015-03-21 16:45:00,2015,Div.1
Codeforces,524,VK Cup 2015 - Round 1,2015-03-21 14:00:00,2015,Other
Codeforces,528,Codeforces Round 296 (Div. 1),2015-03-17 16:45:00,2015,Div.1
Codeforces,527,Codeforces Round 296 (Div. 2),2015-03-17 16:45:00,2015,Div.2
Codeforces,523,VK Cup 2015 - Qualification Round 2,2015-03-14 15:00:00,2015,Other
Codeforces,522,VK Cup 2015 - Qualification Round 1,2015-03-07 15:00:00,2015,Other
Codeforces,521,Codeforces Round 295 (Div. 1),2015-03-02 07:00:00,2015,Div.1
Codeforces,520,Codeforces Round 295 (Div. 2),2015-03-02 07:00:00,2015,Div.2
Codeforces,519,Codeforces Round 294 (Div. 2),2015-02-28 13:00:00,2015,Div.2
Codeforces,518,Codeforces Round 293 (Div. 2),2015-02-24 16:30:00,2015,Div.2
Codeforces,516,Codeforces Round 292 (Div. 1),2015-02-17 16:35:00,2015,Div.1
Codeforces,515,Codeforces Round 292 (Div. 2),2015-02-17 16:35:00,2015,Div.2
Codeforces,514,Codeforces Round 291 (Div. 2),2015-02-14 16:30:00,2015,Div.2
Codeforces,513,Rockethon 2015,2015-02-07 17:00:00,2015,Other
Codeforces,512,Codeforces Round 290 (Div. 1),2015-02-02 16:30:00,2015,Div.1
Codeforces,510,Codeforces Round 290 (Div. 2),2015-02-02 16:30:00,2015,Div.2
Codeforces,509,"Codeforces Round 289 (Div. 2, ACM ICPC Rules)",2015-01-31 12:00:00,2015,Div.2
Codeforces,508,Codeforces Round 288 (Div. 2),2015-01-27 16:30:00,2015,Div.2
Codeforces,507,Codeforces Round 287 (Div. 2),2015-01-23 16:00:00,2015,Div.2
Codeforces,506,Codeforces Round 286 (Div. 1),2015-01-18 13:00:00,2015,Div.1
Codeforces,505,Codeforces Round 286 (Div. 2),2015-01-18 13:00:00,2015,Div.2
Codeforces,504,Codeforces Round 285 (Div. 1),2015-01-12 09:00:00,2015,Div.1
Codeforces,501,Codeforces Round 285 (Div. 2),2015-01-12 09:00:00,2015,Div.2
Codeforces,500,Good Bye 2014,2014-12-30 15:00:00,2014,Other
Codeforces,498,Codeforces Round 284 (Div. 1),2014-12-24 16:30:00,2014,Div.1
Codeforces,499,Codeforces Round 284 (Div. 2),2014-12-24 16:30:00,2014,Div.2
Codeforces,497,Codeforces Round 283 (Div. 1),2014-12-17 16:30:00,2014,Div.1
Codeforces,496,Codeforces Round 283 (Div. 2),2014-12-17 16:30:00,2014,Div.2
Codeforces,494,Codeforces Round 282 (Div. 1),2014-12-13 16:30:00,2014,Div.1
Codeforces,495,Codeforces Round 282 (Div. 2),2014-12-13 16:30:00,2014,Div.2
Codeforces,493,Codeforces Round 281 (Div. 2),2014-12-03 15:00:00,2014,Div.2
Codeforces,492,Codeforces Round 280 (Div. 2),2014-12-01 16:30:00,2014,Div.2
Codeforces,490,Codeforces Round 279 (Div. 2),2014-11-23 09:10:00,2014,Div.2
Codeforces,487,Codeforces Round 278 (Div. 1),2014-11-21 17:20:00,2014,Div.1
Codeforces,488,Codeforces Round 278 (Div. 2),2014-11-21 17:20:00,2014,Div.2
Codeforces,491,Testing Round 11,2014-11-20 21:30:00,2014,Other
Codeforces,489,Codeforces Round 277.5 (Div. 2),2014-11-17 15:35:00,2014,Div.2
Codeforces,486,Codeforces Round 277 (Div. 2),2014-11-11 15:00:00,2014,Div.2
Codeforces,484,Codeforces Round 276 (Div. 1),2014-11-05 16:30:00,2014,Div.1
Codeforces,485,Codeforces Round 276 (Div. 2),2014-11-05 16:30:00,2014,Div.2
Codeforces,482,Codeforces Round 275 (Div. 1),2014-10-24 17:00:00,2014,Div.1
Codeforces,483,Codeforces Round 275 (Div. 2),2014-10-24 17:00:00,2014,Div.2
Codeforces,480,Codeforces Round 274 (Div. 1),2014-10-19 09:00:00,2014,Div.1
Codeforces,479,Codeforces Round 274 (Div. 2),2014-10-19 09:00:00,2014,Div.2
Codeforces,478,Codeforces Round 273 (Div. 2),2014-10-16 15:40:00,2014,Div.2
Codeforces,477,Codeforces Round 272 (Div. 1),2014-10-12 14:00:00,2014,Div.1
Codeforces,476,Codeforces Round 272 (Div. 2),2014-10-12 14:00:00,2014,Div.2
Codeforces,474,Codeforces Round 271 (Div. 2),2014-10-06 15:30:00,2014,Div.2
Codeforces,475,Bayan 2015 Contest Warm Up,2014-10-05 13:00:00,2014,Other
Codeforces,472,Codeforces Round 270,2014-09-28 15:35:00,2014,Other
Codeforces,471,Codeforces Round 269 (Div. 2),2014-09-26 15:30:00,2014,Div.2
Codeforces,468,Codeforces Round 268 (Div. 1),2014-09-20 13:00:00,2014,Div.1
Codeforces,469,Codeforces Round 268 (Div. 2),2014-09-20 13:00:00,2014,Div.2
Codeforces,467,Codeforces Round 267 (Div. 2),2014-09-18 15:30:00,2014,Div.2
Codeforces,470,Surprise Language Round 7,2014-09-13 15:30:00,2014,Other
Codeforces,466,Codeforces Round 266 (Div. 2),2014-09-12 15:30:00,2014,Div.2
Codeforces,464,Codeforces Round 265 (Div. 1),2014-09-07 15:30:00,2014,Div.1
Codeforces,465,Codeforces Round 265 (Div. 2),2014-09-07 15:30:00,2014,Div.2
Codeforces,463,Codeforces Round 264 (Div. 2),2014-08-30 07:30:00,2014,Div.2
Codeforces,461,Codeforces Round 263 (Div. 1),2014-08-26 14:00:00,2014,Div.1
Codeforces,462,Codeforces Round 263 (Div. 2),2014-08-26 14:00:00,2014,Div.2
Codeforces,460,Codeforces Round 262 (Div. 2),2014-08-20 15:30:00,2014,Div.2
Codeforces,459,Codeforces Round 261 (Div. 2),2014-08-15 15:30:00,2014,Div.2
Codeforces,457,MemSQL Start[c]UP 2.0 - Round 2,2014-08-10 17:00:00,2014,Other
Codeforces,458,MemSQL Start[c]UP 2.0 - Round 2 - Online Round,2014-08-10 17:00:00,2014,Other
Codeforces,455,Codeforces Round 260 (Div. 1),2014-08-08 15:30:00,2014,Div.1
Codeforces,456,Codeforces Round 260 (Div. 2),2014-08-08 15:30:00,2014,Div.2
Codeforces,453,Codeforces Round 259 (Div. 1),2014-08-01 15:30:00,2014,Div.1
Codeforces,454,Codeforces Round 259 (Div. 2),2014-08-01 15:30:00,2014,Div.2
Codeforces,452,MemSQL Start[c]UP 2.0 - Round 1,2014-07-27 17:00:00,2014,Other
Codeforces,451,Codeforces Round 258 (Div. 2),2014-07-24 15:30:00,2014,Div.2
Codeforces,449,Codeforces Round 257 (Div. 1),2014-07-19 13:00:00,2014,Div.1
Codeforces,450,Codeforces Round 257 (Div. 2),2014-07-19 13:00:00,2014,Div.2
Codeforces,448,Codeforces Round 256 (Div. 2),2014-07-17 14:00:00,2014,Div.2
Codeforces,446,Codeforces Round #FF (Div. 1),2014-07-13 13:00:00,2014,Div.1
Codeforces,447,Codeforces Round #FF (Div. 2),2014-07-13 13:00:00,2014,Div.2
Codeforces,444,Codeforces Round 254 (Div. 1),2014-07-06 13:05:00,2014,Div.1
Codeforces,445,Codeforces Round 254 (Div. 2),2014-07-06 13:05:00,2014,Div.2
Codeforces,442,Codeforces Round 253 (Div. 1),2014-06-19 15:30:00,2014,Div.1
Codeforces,443,Codeforces Round 253 (Div. 2),2014-06-19 15:30:00,2014,Div.2
Codeforces,436,Zepto Code Rush 2014,2014-06-13 15:30:00,2014,Other
Codeforces,441,Codeforces Round 252 (Div. 2),2014-06-08 15:30:00,2014,Div.2
Codeforces,439,Codeforces Round 251 (Div. 2),2014-06-04 15:30:00,2014,Div.2
Codeforces,440,Testing Round 10,2014-06-03 15:30:00,2014,Other
Codeforces,438,Codeforces Round 250 (Div. 1),2014-06-01 13:00:00,2014,Div.1
Codeforces,437,Codeforces Round 250 (Div. 2),2014-06-01 13:00:00,2014,Div.2
Codeforces,435,Codeforces Round 249 (Div. 2),2014-05-30 15:30:00,2014,Div.2
Codeforces,434,Codeforces Round 248 (Div. 1),2014-05-24 07:00:00,2014,Div.1
Codeforces,433,Codeforces Round 248 (Div. 2),2014-05-24 07:00:00,2014,Div.2
Codeforces,431,Codeforces Round 247 (Div. 2),2014-05-21 15:30:00,2014,Div.2
Codeforces,432,Codeforces Round 246 (Div. 2),2014-05-15 15:30:00,2014,Div.2
Codeforces,429,Codeforces Round 245 (Div. 1),2014-05-11 15:40:00,2014,Div.1
Codeforces,430,Codeforces Round 245 (Div. 2),2014-05-11 15:40:00,2014,Div.2
Codeforces,427,Codeforces Round 244 (Div. 2),2014-05-02 15:30:00,2014,Div.2
Codeforces,425,Codeforces Round 243 (Div. 1),2014-04-27 15:30:00,2014,Div.1
Codeforces,426,Codeforces Round 243 (Div. 2),2014-04-27 15:30:00,2014,Div.2
Codeforces,424,Codeforces Round 242 (Div. 2),2014-04-25 07:00:00,2014,Div.2
Codeforces,419,Coder-Strike 2014 - Finals,2014-04-22 12:20:00,2014,Other
Codeforces,420,"Coder-Strike 2014 - Finals (online edition, Div. 1)",2014-04-22 12:19:00,2014,Div.1
Codeforces,421,"Coder-Strike 2014 - Finals (online edition, Div. 2)",2014-04-22 12:15:00,2014,Div.2
Codeforces,413,Coder-Strike 2014 - Round 2,2014-04-20 07:00:00,2014,Other
Codeforces,412,Coder-Strike 2014 - Round 1,2014-04-18 16:10:00,2014,Other
Codeforces,418,RCC 2014 Warmup (Div. 1),2014-04-17 15:40:00,2014,Div.1
Codeforces,417,RCC 2014 Warmup (Div. 2),2014-04-17 15:40:00,2014,Div.2
Codeforces,411,Coder-Strike 2014 - Qualification Round,2014-04-14 20:00:00,2014,Other
Codeforces,416,Codeforces Round 241 (Div. 2),2014-04-13 08:00:00,2014,Div.2
Codeforces,414,Codeforces Round 240 (Div. 1),2014-04-06 15:40:00,2014,Div.1
Codeforces,415,Codeforces Round 240 (Div. 2),2014-04-06 15:40:00,2014,Div.2
Codeforces,409,April Fools Day Contest 2014,2014-04-01 15:30:00,2014,Other
Codeforces,407,Codeforces Round 239 (Div. 1),2014-03-30 07:00:00,2014,Div.1
Codeforces,408,Codeforces Round 239 (Div. 2),2014-03-30 07:00:00,2014,Div.2
Codeforces,406,Codeforces Round 238 (Div. 1),2014-03-22 15:30:00,2014,Div.1
Codeforces,405,Codeforces Round 238 (Div. 2),2014-03-22 15:30:00,2014,Div.2
Codeforces,404,Codeforces Round 237 (Div. 2),2014-03-19 15:30:00,2014,Div.2
Codeforces,403,Codeforces Round 236 (Div. 1),2014-03-16 15:30:00,2014,Div.1
Codeforces,402,Codeforces Round 236 (Div. 2),2014-03-16 15:30:00,2014,Div.2
Codeforces,401,Codeforces Round 235 (Div. 2),2014-03-10 15:30:00,2014,Div.2
Codeforces,400,Codeforces Round 234 (Div. 2),2014-03-05 15:30:00,2014,Div.2
Codeforces,398,Codeforces Round 233 (Div. 1),2014-03-01 15:30:00,2014,Div.1
Codeforces,399,Codeforces Round 233 (Div. 2),2014-03-01 15:30:00,2014,Div.2
Codeforces,396,Codeforces Round 232 (Div. 1),2014-02-26 15:30:00,2014,Div.1
Codeforces,397,Codeforces Round 232 (Div. 2),2014-02-26 15:30:00,2014,Div.2
Codeforces,394,Codeforces Round 231 (Div. 2),2014-02-20 15:30:00,2014,Div.2
Codeforces,392,Codeforces Round 230 (Div. 1),2014-02-18 13:00:00,2014,Div.1
Codeforces,393,Codeforces Round 230 (Div. 2),2014-02-18 13:00:00,2014,Div.2
Codeforces,391,Rockethon 2014,2014-02-16 18:00:00,2014,Other
Codeforces,390,Codeforces Round 229 (Div. 2),2014-02-11 15:30:00,2014,Div.2
Codeforces,388,Codeforces Round 228 (Div. 1),2014-02-03 15:40:00,2014,Div.1
Codeforces,389,Codeforces Round 228 (Div. 2),2014-02-03 15:40:00,2014,Div.2
Codeforces,387,Codeforces Round 227 (Div. 2),2014-01-30 15:30:00,2014,Div.2
Codeforces,385,Codeforces Round 226 (Div. 2),2014-01-24 15:35:00,2014,Div.2
Codeforces,383,Codeforces Round 225 (Div. 1),2014-01-20 15:30:00,2014,Div.1
Codeforces,384,Codeforces Round 225 (Div. 2),2014-01-20 15:30:00,2014,Div.2
Codeforces,382,Codeforces Round 224 (Div. 2),2014-01-17 15:30:00,2014,Div.2
Codeforces,386,Testing Round 9,2014-01-16 21:15:00,2014,Other
Codeforces,380,Codeforces Round 223 (Div. 1),2014-01-12 15:30:00,2014,Div.1
Codeforces,381,Codeforces Round 223 (Div. 2),2014-01-12 15:30:00,2014,Div.2
Codeforces,379,Good Bye 2013,2013-12-30 15:30:00,2013,Other
Codeforces,377,Codeforces Round 222 (Div. 1),2013-12-29 15:30:00,2013,Div.1
Codeforces,378,Codeforces Round 222 (Div. 2),2013-12-29 15:30:00,2013,Div.2
Codeforces,375,Codeforces Round 221 (Div. 1),2013-12-24 14:00:00,2013,Div.1
Codeforces,376,Codeforces Round 221 (Div. 2),2013-12-24 14:00:00,2013,Div.2
Codeforces,374,Codeforces Round 220 (Div. 2),2013-12-18 15:30:00,2013,Div.2
Codeforces,372,Codeforces Round 219 (Div. 1),2013-12-13 14:00:00,2013,Div.1
Codeforces,373,Codeforces Round 219 (Div. 2),2013-12-13 14:00:00,2013,Div.2
Codeforces,371,Codeforces Round 218 (Div. 2),2013-12-08 09:00:00,2013,Div.2
Codeforces,370,Codeforces Round 217 (Div. 2),2013-12-07 07:00:00,2013,Div.2
Codeforces,369,Codeforces Round 216 (Div. 2),2013-11-29 15:30:00,2013,Div.2
Codeforces,367,Codeforces Round 215 (Div. 1),2013-11-26 15:30:00,2013,Div.1
Codeforces,368,Codeforces Round 215 (Div. 2),2013-11-26 15:30:00,2013,Div.2
Codeforces,366,Codeforces Round 214 (Div. 2),2013-11-24 15:30:00,2013,Div.2
Codeforces,364,Codeforces Round 213 (Div. 1),2013-11-19 15:30:00,2013,Div.1
Codeforces,365,Codeforces Round 213 (Div. 2),2013-11-19 15:30:00,2013,Div.2
Codeforces,362,Codeforces Round 212 (Div. 2),2013-11-14 15:30:00,2013,Div.2
Codeforces,363,Codeforces Round 211 (Div. 2),2013-11-11 08:00:00,2013,Div.2
Codeforces,360,Codeforces Round 210 (Div. 1),2013-11-10 17:00:00,2013,Div.1
Codeforces,361,Codeforces Round 210 (Div. 2),2013-11-10 17:00:00,2013,Div.2
Codeforces,359,Codeforces Round 209 (Div. 2),2013-11-02 08:00:00,2013,Div.2
Codeforces,358,Codeforces Round 208 (Div. 2),2013-10-25 15:30:00,2013,Div.2
Codeforces,356,Codeforces Round 207 (Div. 1),2013-10-15 12:00:00,2013,Div.1
Codeforces,357,Codeforces Round 207 (Div. 2),2013-10-15 12:00:00,2013,Div.2
Codeforces,354,Codeforces Round 206 (Div. 1),2013-10-13 15:30:00,2013,Div.1
Codeforces,355,Codeforces Round 206 (Div. 2),2013-10-13 15:30:00,2013,Div.2
Codeforces,353,Codeforces Round 205 (Div. 2),2013-10-10 15:30:00,2013,Div.2
Codeforces,351,Codeforces Round 204 (Div. 1),2013-10-04 15:30:00,2013,Div.1
Codeforces,352,Codeforces Round 204 (Div. 2),2013-10-04 15:30:00,2013,Div.2
Codeforces,350,Codeforces Round 203 (Div. 2),2013-10-01 15:30:00,2013,Div.2
Codeforces,348,Codeforces Round 202 (Div. 1),2013-09-27 15:30:00,2013,Div.1
Codeforces,349,Codeforces Round 202 (Div. 2),2013-09-27 15:30:00,2013,Div.2
Codeforces,346,Codeforces Round 201 (Div. 1),2013-09-20 15:30:00,2013,Div.1
Codeforces,347,Codeforces Round 201 (Div. 2),2013-09-20 15:30:00,2013,Div.2
Codeforces,343,Codeforces Round 200 (Div. 1),2013-09-14 15:30:00,2013,Div.1
Codeforces,344,Codeforces Round 200 (Div. 2),2013-09-14 15:30:00,2013,Div.2
Codeforces,345,"Friday the 13th, Programmers Day",2013-09-13 15:40:00,2013,Other
Codeforces,342,Codeforces Round 199 (Div. 2),2013-09-07 08:00:00,2013,Div.2
Codeforces,341,Codeforces Round 198 (Div. 1),2013-08-30 15:30:00,2013,Div.1
Codeforces,340,Codeforces Round 198 (Div. 2),2013-08-30 15:30:00,2013,Div.2
Codeforces,339,Codeforces Round 197 (Div. 2),2013-08-26 15:30:00,2013,Div.2
Codeforces,338,Codeforces Round 196 (Div. 1),2013-08-16 16:00:00,2013,Div.1
Codeforces,337,Codeforces Round 196 (Div. 2),2013-08-16 16:00:00,2013,Div.2
Codeforces,336,Codeforces Round 195 (Div. 2),2013-08-09 15:30:00,2013,Div.2
Codeforces,326,MemSQL start[c]up Round 2,2013-08-03 17:00:00,2013,Other
Codeforces,335,MemSQL start[c]up Round 2 - online version,2013-08-03 17:00:00,2013,Other
Codeforces,333,Codeforces Round 194 (Div. 1),2013-07-27 08:30:00,2013,Div.1
Codeforces,334,Codeforces Round 194 (Div. 2),2013-07-27 08:30:00,2013,Div.2
Codeforces,332,Codeforces Round 193 (Div. 2),2013-07-24 15:30:00,2013,Div.2
Codeforces,329,Codeforces Round 192 (Div. 1),2013-07-20 13:30:00,2013,Div.1
Codeforces,330,Codeforces Round 192 (Div. 2),2013-07-20 13:30:00,2013,Div.2
Codeforces,331,ABBYY Cup 3.0 - Finals (online version),2013-07-17 15:30:00,2013,Other
Codeforces,324,ABBYY Cup 3.0 - Finals,2013-07-17 06:40:00,2013,Other
Codeforces,325,MemSQL start[c]up Round 1,2013-07-13 17:00:00,2013,Other
Codeforces,328,Testing Round 8,2013-07-12 21:00:00,2013,Other
Codeforces,327,Codeforces Round 191 (Div. 2),2013-07-04 12:30:00,2013,Div.2
Codeforces,321,Codeforces Round 190 (Div. 1),2013-06-28 15:30:00,2013,Div.1
Codeforces,322,Codeforces Round 190 (Div. 2),2013-06-28 15:30:00,2013,Div.2
Codeforces,323,Testing Round 7,2013-06-27 20:00:00,2013,Other
Codeforces,319,Codeforces Round 189 (Div. 1),2013-06-23 13:00:00,2013,Div.1
Codeforces,320,Codeforces Round 189 (Div. 2),2013-06-23 13:00:00,2013,Div.2
Codeforces,317,Codeforces Round 188 (Div. 1),2013-06-14 15:30:00,2013,Div.1
Codeforces,318,Codeforces Round 188 (Div. 2),2013-06-14 15:30:00,2013,Div.2
Codeforces,316,ABBYY Cup 3.0,2013-06-12 13:00:00,2013,Other
Codeforces,314,Codeforces Round 187 (Div. 1),2013-06-07 15:30:00,2013,Div.1
Codeforces,315,Codeforces Round 187 (Div. 2),2013-06-07 15:30:00,2013,Div.2
Codeforces,313,Codeforces Round 186 (Div. 2),2013-05-30 15:30:00,2013,Div.2
Codeforces,311,Codeforces Round 185 (Div. 1),2013-05-26 15:30:00,2013,Div.1
Codeforces,312,Codeforces Round 185 (Div. 2),2013-05-26 15:30:00,2013,Div.2
Codeforces,305,Codeforces Round 184 (Div. 2),2013-05-19 13:00:00,2013,Div.2
Codeforces,309,"Croc Champ 2013 - Finals (online version, Div. 1)",2013-05-17 15:10:00,2013,Div.1
Codeforces,308,Croc Champ 2013 - Finals,2013-05-17 10:00:00,2013,Other
Codeforces,303,Codeforces Round 183 (Div. 1),2013-05-12 13:00:00,2013,Div.1
Codeforces,304,Codeforces Round 183 (Div. 2),2013-05-12 13:00:00,2013,Div.2
Codeforces,306,Testing Round 6,2013-05-11 20:00:00,2013,Other
Codeforces,301,Codeforces Round 182 (Div. 1),2013-05-05 16:05:00,2013,Div.1
Codeforces,302,Codeforces Round 182 (Div. 2),2013-05-05 16:05:00,2013,Div.2
Codeforces,300,Codeforces Round 181 (Div. 2),2013-04-25 15:30:00,2013,Div.2
Codeforces,293,Croc Champ 2013 - Round 2,2013-04-22 15:35:00,2013,Other
Codeforces,299,Croc Champ 2013 - Round 2 (Div. 2 Edition),2013-04-22 15:30:00,2013,Div.2
Codeforces,297,Codeforces Round 180 (Div. 1),2013-04-19 15:30:00,2013,Div.1
Codeforces,298,Codeforces Round 180 (Div. 2),2013-04-19 15:30:00,2013,Div.2
Codeforces,292,Croc Champ 2013 - Round 1,2013-04-15 15:35:00,2013,Other
Codeforces,291,Croc Champ 2013 - Qualification Round,2013-04-12 20:00:00,2013,Other
Codeforces,295,Codeforces Round 179 (Div. 1),2013-04-11 15:30:00,2013,Div.1
Codeforces,296,Codeforces Round 179 (Div. 2),2013-04-11 15:30:00,2013,Div.2
Codeforces,294,Codeforces Round 178 (Div. 2),2013-04-07 15:30:00,2013,Div.2
Codeforces,288,Codeforces Round 177 (Div. 1),2013-04-02 15:30:00,2013,Div.1
Codeforces,289,Codeforces Round 177 (Div. 2),2013-04-02 15:30:00,2013,Div.2
Codeforces,290,April Fools Day Contest 2013,2013-04-01 15:30:00,2013,Other
Codeforces,286,Codeforces Round 176 (Div. 1),2013-03-23 08:00:00,2013,Div.1
Codeforces,287,Codeforces Round 176 (Div. 2),2013-03-23 08:00:00,2013,Div.2
Codeforces,285,Codeforces Round 175 (Div. 2),2013-03-21 15:30:00,2013,Div.2
Codeforces,283,Codeforces Round 174 (Div. 1),2013-03-17 15:30:00,2013,Div.1
Codeforces,284,Codeforces Round 174 (Div. 2),2013-03-17 15:30:00,2013,Div.2
Codeforces,282,Codeforces Round 173 (Div. 2),2013-03-13 15:30:00,2013,Div.2
Codeforces,280,Codeforces Round 172 (Div. 1),2013-03-10 15:30:00,2013,Div.1
Codeforces,281,Codeforces Round 172 (Div. 2),2013-03-10 15:30:00,2013,Div.2
Codeforces,279,Codeforces Round 171 (Div. 2),2013-03-04 15:30:00,2013,Div.2
Codeforces,277,Codeforces Round 170 (Div. 1),2013-02-28 15:30:00,2013,Div.1
Codeforces,278,Codeforces Round 170 (Div. 2),2013-02-28 15:30:00,2013,Div.2
Codeforces,276,Codeforces Round 169 (Div. 2),2013-02-24 15:30:00,2013,Div.2
Codeforces,274,Codeforces Round 168 (Div. 1),2013-02-20 15:30:00,2013,Div.1
Codeforces,275,Codeforces Round 168 (Div. 2),2013-02-20 15:30:00,2013,Div.2
Codeforces,273,Codeforces Round 167 (Div. 1),2013-02-13 15:30:00,2013,Div.1
Codeforces,272,Codeforces Round 167 (Div. 2),2013-02-13 15:30:00,2013,Div.2
Codeforces,271,Codeforces Round 166 (Div. 2),2013-02-11 15:30:00,2013,Div.2
Codeforces,269,Codeforces Round 165 (Div. 1),2013-02-01 15:30:00,2013,Div.1
Codeforces,270,Codeforces Round 165 (Div. 2),2013-02-01 15:30:00,2013,Div.2
Codeforces,268,Codeforces Round 164 (Div. 2),2013-01-28 15:30:00,2013,Div.2
Codeforces,266,Codeforces Round 163 (Div. 2),2013-01-22 15:30:00,2013,Div.2
Codeforces,264,Codeforces Round 162 (Div. 1),2013-01-20 13:00:00,2013,Div.1
Codeforces,265,Codeforces Round 162 (Div. 2),2013-01-20 13:00:00,2013,Div.2
Codeforces,263,Codeforces Round 161 (Div. 2),2013-01-16 15:30:00,2013,Div.2
Codeforces,261,Codeforces Round 160 (Div. 1),2013-01-13 15:30:00,2013,Div.1
Codeforces,262,Codeforces Round 160 (Div. 2),2013-01-13 15:30:00,2013,Div.2
Codeforces,267,Codeforces Testing Round 5,2013-01-12 15:00:00,2013,Other
Codeforces,257,Codeforces Round 159 (Div. 2),2013-01-08 15:30:00,2013,Div.2
Codeforces,260,Codeforces Round 158 (Div. 2),2012-12-27 15:35:00,2012,Div.2
Codeforces,258,Codeforces Round 157 (Div. 1),2012-12-22 15:30:00,2012,Div.1
Codeforces,259,Codeforces Round 157 (Div. 2),2012-12-22 15:30:00,2012,Div.2
Codeforces,256,Codeforces Round 156 (Div. 1),2012-12-16 15:30:00,2012,Div.1
Codeforces,255,Codeforces Round 156 (Div. 2),2012-12-16 15:30:00,2012,Div.2
Codeforces,254,Codeforces Round 155 (Div. 2),2012-12-09 10:00:00,2012,Div.2
Codeforces,253,Codeforces Round 154 (Div. 2),2012-12-08 10:00:00,2012,Div.2
Codeforces,251,Codeforces Round 153 (Div. 1),2012-12-06 15:30:00,2012,Div.1
Codeforces,252,Codeforces Round 153 (Div. 2),2012-12-06 15:30:00,2012,Div.2
Codeforces,250,"CROC-MBTU 2012, Final Round (Online version, Div. 2)",2012-11-26 14:00:00,2012,Div.2
Codeforces,247,"CROC-MBTU 2012, Final Round",2012-11-26 10:55:00,2012,Other
Codeforces,249,Codeforces Round 152 (Div. 1),2012-11-25 15:30:00,2012,Div.1
Codeforces,248,Codeforces Round 152 (Div. 2),2012-11-25 15:30:00,2012,Div.2
Codeforces,246,Codeforces Round 151 (Div. 2),2012-11-21 15:30:00,2012,Div.2
Codeforces,245,"CROC-MBTU 2012, Elimination Round (ACM-ICPC)",2012-11-19 15:30:00,2012,Other
Codeforces,243,Codeforces Round 150 (Div. 1),2012-11-16 15:30:00,2012,Div.1
Codeforces,244,Codeforces Round 150 (Div. 2),2012-11-16 15:30:00,2012,Div.2
Codeforces,242,Codeforces Round 149 (Div. 2),2012-11-11 15:30:00,2012,Div.2
Codeforces,238,Codeforces Round 148 (Div. 1),2012-11-04 16:00:00,2012,Div.1
Codeforces,239,Codeforces Round 148 (Div. 2),2012-11-04 16:00:00,2012,Div.2
Codeforces,241,"Bayan 2012-2013 Elimination Round (ACM ICPC Rules, English statements)",2012-11-01 15:30:00,2012,Other
Codeforces,237,Codeforces Round 147 (Div. 2),2012-10-25 15:30:00,2012,Div.2
Codeforces,235,Codeforces Round 146 (Div. 1),2012-10-21 07:10:00,2012,Div.1
Codeforces,236,Codeforces Round 146 (Div. 2),2012-10-21 07:10:00,2012,Div.2
Codeforces,240,"Codeforces Round 145 (Div. 1, ACM-ICPC Rules)",2012-10-16 07:00:00,2012,Div.1
Codeforces,234,"Codeforces Round 145 (Div. 2, ACM-ICPC Rules)",2012-10-16 07:00:00,2012,Div.2
Codeforces,232,Codeforces Round 144 (Div. 1),2012-10-11 15:30:00,2012,Div.1
Codeforces,233,Codeforces Round 144 (Div. 2),2012-10-11 15:30:00,2012,Div.2
Codeforces,231,Codeforces Round 143 (Div. 2),2012-10-07 15:30:00,2012,Div.2
Codeforces,229,Codeforces Round 142 (Div. 1),2012-10-01 15:30:00,2012,Div.1
Codeforces,230,Codeforces Round 142 (Div. 2),2012-10-01 15:30:00,2012,Div.2
Codeforces,228,Codeforces Round 141 (Div. 2),2012-09-27 15:30:00,2012,Div.2
Codeforces,226,Codeforces Round 140 (Div. 1),2012-09-24 15:30:00,2012,Div.1
Codeforces,227,Codeforces Round 140 (Div. 2),2012-09-24 15:30:00,2012,Div.2
Codeforces,225,Codeforces Round 139 (Div. 2),2012-09-19 15:45:00,2012,Div.2
Codeforces,223,Codeforces Round 138 (Div. 1),2012-09-16 15:30:00,2012,Div.1
Codeforces,224,Codeforces Round 138 (Div. 2),2012-09-16 15:30:00,2012,Div.2
Codeforces,222,Codeforces Round 137 (Div. 2),2012-09-10 15:45:00,2012,Div.2
Codeforces,220,Codeforces Round 136 (Div. 1),2012-08-31 15:30:00,2012,Div.1
Codeforces,221,Codeforces Round 136 (Div. 2),2012-08-31 15:30:00,2012,Div.2
Codeforces,219,Codeforces Round 135 (Div. 2),2012-08-27 15:30:00,2012,Div.2
Codeforces,217,Codeforces Round 134 (Div. 1),2012-08-18 07:05:00,2012,Div.1
Codeforces,218,Codeforces Round 134 (Div. 2),2012-08-18 07:05:00,2012,Div.2
Codeforces,216,Codeforces Round 133 (Div. 2),2012-08-14 15:30:00,2012,Div.2
Codeforces,215,Codeforces Round 132 (Div. 2),2012-08-06 15:30:00,2012,Div.2
Codeforces,213,Codeforces Round 131 (Div. 1),2012-07-30 15:30:00,2012,Div.1
Codeforces,214,Codeforces Round 131 (Div. 2),2012-07-30 15:30:00,2012,Div.2
Codeforces,208,Codeforces Round 130 (Div. 2),2012-07-23 15:30:00,2012,Div.2
Codeforces,212,VK Cup 2012 Finals (unofficial online-version),2012-07-16 15:00:00,2012,Other
Codeforces,211,VK Cup 2012 Finals,2012-07-15 07:00:00,2012,Other
Codeforces,209,"VK Cup 2012 Finals, Practice Session",2012-07-14 07:55:00,2012,Other
Codeforces,204,Codeforces Round 129 (Div. 1),2012-07-11 15:30:00,2012,Div.1
Codeforces,205,Codeforces Round 129 (Div. 2),2012-07-11 15:30:00,2012,Div.2
Codeforces,207,Abbyy Cup 2.0 - Final (unofficial),2012-07-08 07:00:00,2012,Other
Codeforces,206,Abbyy Cup 2.0 - Final,2012-07-06 12:15:00,2012,Other
Codeforces,203,Codeforces Round 128 (Div. 2),2012-07-03 15:30:00,2012,Div.2
Codeforces,201,Codeforces Round 127 (Div. 1),2012-06-29 15:30:00,2012,Div.1
Codeforces,202,Codeforces Round 127 (Div. 2),2012-06-29 15:30:00,2012,Div.2
Codeforces,200,Codeforces Round 126 (Div. 2),2012-06-24 15:30:00,2012,Div.2
Codeforces,198,Codeforces Round 125 (Div. 1),2012-06-22 15:30:00,2012,Div.1
Codeforces,199,Codeforces Round 125 (Div. 2),2012-06-22 15:30:00,2012,Div.2
Codeforces,196,Codeforces Round 124 (Div. 1),2012-06-12 13:00:00,2012,Div.1
Codeforces,197,Codeforces Round 124 (Div. 2),2012-06-12 13:00:00,2012,Div.2
Codeforces,195,Codeforces Round 123 (Div. 2),2012-06-10 15:30:00,2012,Div.2
Codeforces,193,Codeforces Round 122 (Div. 1),2012-06-03 15:30:00,2012,Div.1
Codeforces,194,Codeforces Round 122 (Div. 2),2012-06-03 15:30:00,2012,Div.2
Codeforces,191,Codeforces Round 121 (Div. 1),2012-05-27 15:30:00,2012,Div.1
Codeforces,192,Codeforces Round 121 (Div. 2),2012-05-27 15:30:00,2012,Div.2
Codeforces,188,Surprise Language Round 6,2012-05-25 15:30:00,2012,Other
Codeforces,190,Codeforces Round 120 (Div. 2),2012-05-16 15:30:00,2012,Div.2
Codeforces,187,Codeforces Round 119 (Div. 1),2012-05-10 15:30:00,2012,Div.1
Codeforces,189,Codeforces Round 119 (Div. 2),2012-05-10 15:30:00,2012,Div.2
Codeforces,185,Codeforces Round 118 (Div. 1),2012-05-04 15:30:00,2012,Div.1
Codeforces,186,Codeforces Round 118 (Div. 2),2012-05-04 15:30:00,2012,Div.2
Codeforces,178,ABBYY Cup 2.0 - Hard,2012-04-28 12:00:00,2012,Other
Codeforces,183,Croc Champ 2012 - Final,2012-04-27 13:20:00,2012,Other
Codeforces,182,Codeforces Round 117 (Div. 2),2012-04-24 15:10:00,2012,Div.2
Codeforces,180,"Codeforces Round 116 (Div. 2, ACM-ICPC Rules)",2012-04-22 07:00:00,2012,Div.2
Codeforces,177,ABBYY Cup 2.0 - Easy,2012-04-21 14:00:00,2012,Other
Codeforces,176,Croc Champ 2012 - Round 2,2012-04-20 15:05:00,2012,Other
Codeforces,181,Croc Champ 2012 - Round 2 (Unofficial Div. 2 Edition),2012-04-20 15:05:00,2012,Div.2
Codeforces,175,Codeforces Round 115,2012-04-14 08:00:00,2012,Other
Codeforces,164,VK Cup 2012 Round 3,2012-04-08 15:05:00,2012,Other
Codeforces,174,VK Cup 2012 Round 3 (Unofficial Div. 2 Edition),2012-04-08 15:05:00,2012,Div.2
Codeforces,173,Croc Champ 2012 - Round 1,2012-04-06 15:00:00,2012,Other
Codeforces,172,Croc Champ 2012 - Qualification Round,2012-04-03 08:00:00,2012,Other
Codeforces,171,April Fools Day Contest,2012-04-01 15:00:00,2012,Other
Codeforces,170,VK Cup 2012 Wild-card Round 2,2012-03-28 17:00:00,2012,Other
Codeforces,167,Codeforces Round 114 (Div. 1),2012-03-27 15:00:00,2012,Div.1
Codeforces,168,Codeforces Round 114 (Div. 2),2012-03-27 15:00:00,2012,Div.2
Codeforces,163,VK Cup 2012 Round 2,2012-03-25 15:05:00,2012,Other
Codeforces,169,VK Cup 2012 Round 2 (Unofficial Div. 2 Edition),2012-03-25 15:05:00,2012,Div.2
Codeforces,166,Codeforces Round 113 (Div. 2),2012-03-23 15:30:00,2012,Div.2
Codeforces,162,VK Cup 2012 Wild-card Round 1,2012-03-18 15:10:00,2012,Other
Codeforces,165,Codeforces Round 112 (Div. 2),2012-03-16 15:30:00,2012,Div.2
Codeforces,161,VK Cup 2012 Round 1,2012-03-11 15:05:00,2012,Other
Codeforces,159,VK Cup 2012 Qualification Round 2,2012-03-09 08:00:00,2012,Other
Codeforces,160,Codeforces Round 111 (Div. 2),2012-03-06 15:00:00,2012,Div.2
Codeforces,158,VK Cup 2012 Qualification Round 1,2012-03-03 20:00:00,2012,Other
Codeforces,156,Codeforces Round 110 (Div. 1),2012-02-29 17:30:00,2012,Div.1
Codeforces,157,Codeforces Round 110 (Div. 2),2012-02-29 17:30:00,2012,Div.2
Codeforces,154,Codeforces Round 109 (Div. 1),2012-02-24 15:00:00,2012,Div.1
Codeforces,155,Codeforces Round 109 (Div. 2),2012-02-24 15:00:00,2012,Div.2
Codeforces,153,Surprise Language Round 5,2012-02-22 15:00:00,2012,Other
Codeforces,152,Codeforces Round 108 (Div. 2),2012-02-20 15:00:00,2012,Div.2
Codeforces,150,Codeforces Round 107 (Div. 1),2012-02-17 15:00:00,2012,Div.1
Codeforces,151,Codeforces Round 107 (Div. 2),2012-02-17 15:00:00,2012,Div.2
Codeforces,149,Codeforces Round 106 (Div. 2),2012-02-10 15:00:00,2012,Div.2
Codeforces,148,Codeforces Round 105 (Div. 2),2012-02-02 16:00:00,2012,Div.2
Codeforces,145,Codeforces Round 104 (Div. 1),2012-01-22 07:00:00,2012,Div.1
Codeforces,146,Codeforces Round 104 (Div. 2),2012-01-22 07:00:00,2012,Div.2
Codeforces,144,Codeforces Round 103 (Div. 2),2012-01-18 15:05:00,2012,Div.2
Codeforces,142,Codeforces Round 102 (Div. 1),2012-01-12 15:05:00,2012,Div.1
Codeforces,143,Codeforces Round 102 (Div. 2),2012-01-12 15:05:00,2012,Div.2
Codeforces,141,Codeforces Round 101 (Div. 2),2012-01-08 15:00:00,2012,Div.2
Codeforces,140,Codeforces Round 100,2012-01-04 15:00:00,2012,Other
Codeforces,147,Codeforces Testing Round 4,2012-01-03 15:00:00,2012,Other
Codeforces,138,Codeforces Beta Round 99 (Div. 1),2011-12-24 12:00:00,2011,Div.1
Codeforces,139,Codeforces Beta Round 99 (Div. 2),2011-12-24 12:00:00,2011,Div.2
Codeforces,137,Codeforces Beta Round 98 (Div. 2),2011-12-16 06:00:00,2011,Div.2
Codeforces,135,Codeforces Beta Round 97 (Div. 1),2011-12-09 15:05:00,2011,Div.1
Codeforces,136,Codeforces Beta Round 97 (Div. 2),2011-12-09 15:05:00,2011,Div.2
Codeforces,132,Codeforces Beta Round 96 (Div. 1),2011-12-03 15:00:00,2011,Div.1
Codeforces,133,Codeforces Beta Round 96 (Div. 2),2011-12-03 15:00:00,2011,Div.2
Codeforces,134,Codeforces Testing Round 3,2011-12-02 15:00:00,2011,Other
Codeforces,131,Codeforces Beta Round 95 (Div. 2),2011-11-25 15:00:00,2011,Div.2
Codeforces,130,Unknown Language Round 4,2011-11-20 15:00:00,2011,Other
Codeforces,128,Codeforces Beta Round 94 (Div. 1 Only),2011-11-15 06:10:00,2011,Div.1
Codeforces,129,Codeforces Beta Round 94 (Div. 2 Only),2011-11-15 06:10:00,2011,Div.2
Codeforces,126,Codeforces Beta Round 93 (Div. 1 Only),2011-11-09 17:00:00,2011,Div.1
Codeforces,127,Codeforces Beta Round 93 (Div. 2 Only),2011-11-09 17:00:00,2011,Div.2
Codeforces,123,Codeforces Beta Round 92 (Div. 1 Only),2011-11-03 15:10:00,2011,Div.1
Codeforces,124,Codeforces Beta Round 92 (Div. 2 Only),2011-11-03 15:10:00,2011,Div.2
Codeforces,125,Codeforces Testing Round 2,2011-10-29 13:00:00,2011,Other
Codeforces,121,Codeforces Beta Round 91 (Div. 1 Only),2011-10-27 15:00:00,2011,Div.1
Codeforces,122,Codeforces Beta Round 91 (Div. 2 Only),2011-10-27 15:00:00,2011,Div.2
Codeforces,120,"School Regional Team Contest, Saratov, 2011",2011-10-18 06:30:00,2011,Other
Codeforces,119,Codeforces Beta Round 90,2011-10-14 15:00:00,2011,Other
Codeforces,118,Codeforces Beta Round 89 (Div. 2),2011-10-07 15:00:00,2011,Div.2
Codeforces,117,Codeforces Beta Round 88,2011-09-23 15:00:00,2011,Other
Codeforces,115,Codeforces Beta Round 87 (Div. 1 Only),2011-09-15 15:00:00,2011,Div.1
Codeforces,116,Codeforces Beta Round 87 (Div. 2 Only),2011-09-15 15:00:00,2011,Div.2
Codeforces,113,Codeforces Beta Round 86 (Div. 1 Only),2011-09-08 15:00:00,2011,Div.1
Codeforces,114,Codeforces Beta Round 86 (Div. 2 Only),2011-09-08 15:00:00,2011,Div.2
Codeforces,111,Codeforces Beta Round 85 (Div. 1 Only),2011-09-03 12:00:00,2011,Div.1
Codeforces,112,Codeforces Beta Round 85 (Div. 2 Only),2011-09-03 12:00:00,2011,Div.2
Codeforces,109,Codeforces Beta Round 84 (Div. 1 Only),2011-08-29 16:00:00,2011,Div.1
Codeforces,110,Codeforces Beta Round 84 (Div. 2 Only),2011-08-29 16:00:00,2011,Div.2
Codeforces,107,Codeforces Beta Round 83 (Div. 1 Only),2011-08-23 15:00:00,2011,Div.1
Codeforces,108,Codeforces Beta Round 83 (Div. 2 Only),2011-08-23 15:00:00,2011,Div.2
Codeforces,106,Codeforces Beta Round 82 (Div. 2),2011-08-19 15:00:00,2011,Div.2
Codeforces,105,Codeforces Beta Round 81,2011-08-13 15:00:00,2011,Other
Codeforces,103,Codeforces Beta Round 80 (Div. 1 Only),2011-08-07 11:00:00,2011,Div.1
Codeforces,104,Codeforces Beta Round 80 (Div. 2 Only),2011-08-07 11:00:00,2011,Div.2
Codeforces,101,Codeforces Beta Round 79 (Div. 1 Only),2011-08-03 17:00:00,2011,Div.1
Codeforces,102,Codeforces Beta Round 79 (Div. 2 Only),2011-08-03 17:00:00,2011,Div.2
Codeforces,100,Unknown Language Round 3,2011-07-30 06:00:00,2011,Other
Codeforces,98,Codeforces Beta Round 78 (Div. 1 Only),2011-07-22 15:00:00,2011,Div.1
Codeforces,99,Codeforces Beta Round 78 (Div. 2 Only),2011-07-22 15:00:00,2011,Div.2
Codeforces,97,Yandex.Algorithm 2011: Finals,2011-07-15 12:00:00,2011,Other
Codeforces,95,Codeforces Beta Round 77 (Div. 1 Only),2011-07-08 15:00:00,2011,Div.1
Codeforces,96,Codeforces Beta Round 77 (Div. 2 Only),2011-07-08 15:00:00,2011,Div.2
Codeforces,93,Codeforces Beta Round 76 (Div. 1 Only),2011-06-30 15:00:00,2011,Div.1
Codeforces,94,Codeforces Beta Round 76 (Div. 2 Only),2011-06-30 15:00:00,2011,Div.2
Codeforces,91,Codeforces Beta Round 75 (Div. 1 Only),2011-06-20 15:00:00,2011,Div.1
Codeforces,92,Codeforces Beta Round 75 (Div. 2 Only),2011-06-20 15:00:00,2011,Div.2
Codeforces,89,Codeforces Beta Round 74 (Div. 1 Only),2011-06-16 15:00:00,2011,Div.1
Codeforces,90,Codeforces Beta Round 74 (Div. 2 Only),2011-06-16 15:00:00,2011,Div.2
Codeforces,87,Codeforces Beta Round 73 (Div. 1 Only),2011-06-07 15:00:00,2011,Div.1
Codeforces,88,Codeforces Beta Round 73 (Div. 2 Only),2011-06-07 15:00:00,2011,Div.2
Codeforces,86,Yandex.Algorithm 2011: Round 2,2011-05-22 15:10:00,2011,Other
Codeforces,85,Yandex.Algorithm 2011: Round 1,2011-05-20 15:00:00,2011,Other
Codeforces,83,Codeforces Beta Round 72 (Div. 1 Only),2011-05-13 15:10:00,2011,Div.1
Codeforces,84,Codeforces Beta Round 72 (Div. 2 Only),2011-05-13 15:10:00,2011,Div.2
Codeforces,82,Yandex.Algorithm 2011: Qualification 2,2011-05-06 15:00:00,2011,Other
Codeforces,81,Yandex.Algorithm Open 2011: Qualification 1,2011-05-04 05:00:00,2011,Other
Codeforces,79,Codeforces Beta Round 71,2011-04-30 15:00:00,2011,Other
Codeforces,78,Codeforces Beta Round 70 (Div. 2),2011-04-27 15:00:00,2011,Div.2
Codeforces,77,Codeforces Beta Round 69 (Div. 1 Only),2011-04-19 15:15:00,2011,Div.1
Codeforces,80,Codeforces Beta Round 69 (Div. 2 Only),2011-04-19 15:15:00,2011,Div.2
Codeforces,74,Codeforces Beta Round 68,2011-04-15 15:00:00,2011,Other
Codeforces,75,Codeforces Beta Round 67 (Div. 2),2011-04-13 15:00:00,2011,Div.2
Codeforces,76,All-Ukrainian School Olympiad in Informatics,2011-04-12 12:00:00,2011,Other
Codeforces,73,Codeforces Beta Round 66,2011-04-10 08:00:00,2011,Other
Codeforces,71,Codeforces Beta Round 65 (Div. 2),2011-03-29 15:00:00,2011,Div.2
Codeforces,70,Codeforces Beta Round 64,2011-03-26 16:00:00,2011,Other
Codeforces,69,Codeforces Beta Round 63 (Div. 2),2011-03-22 16:00:00,2011,Div.2
Codeforces,72,Unknown Language Round 2,2011-03-20 16:10:00,2011,Other
Codeforces,68,Codeforces Beta Round 62,2011-03-18 16:00:00,2011,Other
Codeforces,67,Manthan 2011,2011-03-13 16:30:00,2011,Other
Codeforces,66,Codeforces Beta Round 61 (Div. 2),2011-03-07 16:00:00,2011,Div.2
Codeforces,65,Codeforces Beta Round 60,2011-03-05 16:00:00,2011,Other
Codeforces,63,Codeforces Beta Round 59 (Div. 2),2011-02-28 16:00:00,2011,Div.2
Codeforces,62,Codeforces Beta Round 58,2011-02-25 16:00:00,2011,Other
Codeforces,61,Codeforces Beta Round 57 (Div. 2),2011-02-22 16:00:00,2011,Div.2
Codeforces,64,Unknown Language Round 1,2011-02-21 16:00:00,2011,Other
Codeforces,60,Codeforces Beta Round 56,2011-02-19 16:00:00,2011,Other
Codeforces,59,Codeforces Beta Round 55 (Div. 2),2011-02-11 16:00:00,2011,Div.2
Codeforces,58,Codeforces Beta Round 54 (Div. 2),2011-01-31 16:00:00,2011,Div.2
Codeforces,57,Codeforces Beta Round 53,2011-01-25 16:00:00,2011,Other
Codeforces,56,Codeforces Beta Round 52 (Div. 2),2011-01-21 16:10:00,2011,Div.2
Codeforces,55,Codeforces Beta Round 51,2011-01-14 08:00:00,2011,Other
Codeforces,54,Codeforces Beta Round 50,2011-01-11 08:15:00,2011,Other
Codeforces,53,Codeforces Beta Round 49 (Div. 2),2011-01-06 16:00:00,2011,Div.2
Codeforces,52,Codeforces Testing Round 1,2011-01-04 17:00:00,2011,Other
Codeforces,51,Codeforces Beta Round 48,2010-12-28 16:00:00,2010,Other
Codeforces,50,Codeforces Beta Round 47,2010-12-20 16:20:00,2010,Other
Codeforces,49,Codeforces Beta Round 46 (Div. 2),2010-12-17 16:00:00,2010,Div.2
Codeforces,48,School Personal Contest #3 (Winter Computer School 2010/11) - Codeforces Beta Round 45 (ACM-ICPC Rules),2010-12-12 08:00:00,2010,Other
Codeforces,47,Codeforces Beta Round 44 (Div. 2),2010-12-07 16:00:00,2010,Div.2
Codeforces,46,School Personal Contest #2 (Winter Computer School 2010/11) - Codeforces Beta Round 43 (ACM-ICPC Rules),2010-12-05 08:00:00,2010,Other
Codeforces,43,Codeforces Beta Round 42 (Div. 2),2010-11-29 16:00:00,2010,Div.2
Codeforces,42,Codeforces Beta Round 41,2010-11-18 16:00:00,2010,Other
Codeforces,45,School Team Contest 3 (Winter Computer School 2010/11),2010-11-13 11:00:00,2010,Other
Codeforces,41,Codeforces Beta Round 40 (Div. 2),2010-11-08 16:00:00,2010,Div.2
Codeforces,44,School Team Contest 2 (Winter Computer School 2010/11),2010-11-06 11:00:00,2010,Other
Codeforces,40,Codeforces Beta Round 39,2010-11-05 16:00:00,2010,Other
Codeforces,38,School Personal Contest #1 (Winter Computer School 2010/11) - Codeforces Beta Round 38 (ACM-ICPC Rules),2010-10-30 12:00:00,2010,Other
Codeforces,37,Codeforces Beta Round 37,2010-10-25 15:00:00,2010,Other
Codeforces,39,School Team Contest 1 (Winter Computer School 2010/11),2010-10-24 07:10:00,2010,Other
Codeforces,36,Codeforces Beta Round 36,2010-10-19 10:00:00,2010,Other
Codeforces,35,Codeforces Beta Round 35 (Div. 2),2010-10-19 07:00:00,2010,Div.2
Codeforces,34,Codeforces Beta Round 34 (Div. 2),2010-10-11 13:00:00,2010,Div.2
Codeforces,33,Codeforces Beta Round 33 (Codeforces format),2010-10-07 15:00:00,2010,Other
Codeforces,32,"Codeforces Beta Round 32 (Div. 2, Codeforces format)",2010-10-02 07:00:00,2010,Div.2
Codeforces,31,"Codeforces Beta Round 31 (Div. 2, Codeforces format)",2010-09-27 15:00:00,2010,Div.2
Codeforces,30,Codeforces Beta Round 30 (Codeforces format),2010-09-24 15:00:00,2010,Other
Codeforces,29,"Codeforces Beta Round 29 (Div. 2, Codeforces format)",2010-09-20 15:00:00,2010,Div.2
Codeforces,28,Codeforces Beta Round 28 (Codeforces format),2010-09-17 15:00:00,2010,Other
Codeforces,27,"Codeforces Beta Round 27 (Codeforces format, Div. 2)",2010-09-10 15:00:00,2010,Div.2
Codeforces,26,Codeforces Beta Round 26 (Codeforces format),2010-08-16 15:00:00,2010,Other
Codeforces,25,Codeforces Beta Round 25 (Div. 2 Only),2010-08-02 15:00:00,2010,Div.2
Codeforces,24,Codeforces Beta Round 24,2010-07-26 13:00:00,2010,Other
Codeforces,23,Codeforces Beta Round 23,2010-07-09 15:00:00,2010,Other
Codeforces,22,Codeforces Beta Round 22 (Div. 2 Only),2010-06-29 15:00:00,2010,Div.2
Codeforces,21,Codeforces Alpha Round 21 (Codeforces format),2010-06-28 13:05:00,2010,Other
Codeforces,19,Codeforces Beta Round 19,2010-06-24 15:00:00,2010,Other
Codeforces,20,Codeforces Alpha Round 20 (Codeforces format),2010-06-18 15:30:00,2010,Other
Codeforces,18,Codeforces Beta Round 18 (Div. 2 Only),2010-06-16 15:00:00,2010,Div.2
Codeforces,17,Codeforces Beta Round 17,2010-06-10 15:00:00,2010,Other
Codeforces,16,Codeforces Beta Round 16 (Div. 2 Only),2010-06-03 13:00:00,2010,Div.2
Codeforces,15,Codeforces Beta Round 15,2010-05-29 15:00:00,2010,Other
Codeforces,14,Codeforces Beta Round 14 (Div. 2),2010-05-19 15:30:00,2010,Div.2
Codeforces,13,Codeforces Beta Round 13,2010-05-06 14:00:00,2010,Other
Codeforces,12,Codeforces Beta Round 12 (Div 2 Only),2010-04-29 11:00:00,2010,Other
Codeforces,11,Codeforces Beta Round 11,2010-04-26 15:00:00,2010,Other
Codeforces,10,Codeforces Beta Round 10,2010-04-15 15:45:00,2010,Other
Codeforces,9,Codeforces Beta Round 9 (Div. 2 Only),2010-04-11 11:00:00,2010,Div.2
Codeforces,8,Codeforces Beta Round 8,2010-04-08 15:45:00,2010,Other
Codeforces,7,Codeforces Beta Round 7,2010-04-01 15:45:00,2010,Other
Codeforces,6,Codeforces Beta Round 6 (Div. 2 Only),2010-03-27 07:00:00,2010,Div.2
Codeforces,5,Codeforces Beta Round 5,2010-03-20 16:00:00,2010,Other
Codeforces,4,Codeforces Beta Round 4 (Div. 2 Only),2010-03-12 12:00:00,2010,Div.2
Codeforces,3,Codeforces Beta Round 3,2010-03-07 12:00:00,2010,Other
Codeforces,2,Codeforces Beta Round 2,2010-02-25 17:00:00,2010,Other
Codeforces,1,Codeforces Beta Round 1,2010-02-19 12:00:00,2010,Other
AtCoder,DEGwer2023,DEGwer さんの D 論応援コンテスト,2023-12-02 04:00:00,2023,Other
AtCoder,JAG2013Spring,Japan Alumni Group Spring Contest 2013,2013-04-21 04:00:00,2013,Other
AtCoder,JAG2014Spring,Japan Alumni Group Spring Contest 2014,2014-04-13 04:00:00,2014,Other
AtCoder,KeioPC2025,慶應義塾大学プログラミングコンテスト 2025,2026-02-15 04:00:00,2026,Other
AtCoder,NYC2015,New Year Contest 2015,2015-01-04 03:30:00,2015,Other
AtCoder,Recruit-Programing-contest-practice,Recruit Programming Contest 模擬練習会,2013-12-01 11:00:00,2013,Other
AtCoder,abc001,AtCoder Beginner Contest 001,2013-10-12 12:00:00,2013,ABC
AtCoder,abc002,AtCoder Beginner Contest 002,2013-10-27 12:00:00,2013,ABC
AtCoder,abc003,AtCoder Beginner Contest 003,2013-12-12 12:00:00,2013,ABC
AtCoder,abc004,AtCoder Beginner Contest 004,2014-02-16 12:00:00,2014,ABC
AtCoder,abc005,AtCoder Beginner Contest 005,2014-03-22 12:00:00,2014,ABC
AtCoder,abc006,AtCoder Beginner Contest 006,2014-04-05 12:00:00,2014,ABC
AtCoder,abc007,AtCoder Beginner Contest 007,2014-04-19 12:00:00,2014,ABC
AtCoder,abc008,AtCoder Beginner Contest 008,2014-05-10 12:00:00,2014,ABC
AtCoder,abc009,AtCoder Beginner Contest 009,2014-05-24 12:00:00,2014,ABC
AtCoder,abc010,AtCoder Beginner Contest 010,2014-06-07 12:00:00,2014,ABC
AtCoder,abc011,AtCoder Beginner Contest 011,2014-06-21 12:30:00,2014,ABC
AtCoder,abc012,AtCoder Beginner Contest 012,2014-07-12 12:00:00,2014,ABC
AtCoder,abc013,AtCoder Beginner Contest 013,2014-08-16 12:00:00,2014,ABC
AtCoder,abc014,AtCoder Beginner Contest 014,2014-09-13 12:00:00,2014,ABC
AtCoder,abc015,AtCoder Beginner Contest 015,2014-11-22 12:00:00,2014,ABC
AtCoder,abc016,AtCoder Beginner Contest 016,2014-12-06 12:05:00,2014,ABC
AtCoder,abc017,AtCoder Beginner Contest 017,2015-01-17 12:00:00,2015,ABC
AtCoder,abc018,AtCoder Beginner Contest 018,2015-02-04 12:00:00,2015,ABC
AtCoder,abc019,AtCoder Beginner Contest 019,2015-02-28 12:00:00,2015,ABC
AtCoder,abc020,AtCoder Beginner Contest 020,2015-03-21 12:00:00,2015,ABC
AtCoder,abc021,AtCoder Beginner Contest 021,2015-04-11 12:00:00,2015,ABC
AtCoder,abc022,AtCoder Beginner Contest 022,2015-04-25 12:00:00,2015,ABC
AtCoder,abc023,AtCoder Beginner Contest 023,2015-05-09 12:00:00,2015,ABC
AtCoder,abc024,AtCoder Beginner Contest 024,2015-05-23 12:00:00,2015,ABC
AtCoder,abc025,AtCoder Beginner Contest 025,2015-06-27 12:00:00,2015,ABC
AtCoder,abc026,AtCoder Beginner Contest 026,2015-07-11 12:00:00,2015,ABC
AtCoder,abc027,AtCoder Beginner Contest 027,2015-08-08 12:00:00,2015,ABC
AtCoder,abc028,AtCoder Beginner Contest 028,2015-08-29 12:00:00,2015,ABC
AtCoder,abc029,AtCoder Beginner Contest 029,2015-09-19 12:00:00,2015,ABC
AtCoder,abc030,AtCoder Beginner Contest 030,2015-10-24 12:00:00,2015,ABC
AtCoder,abc031,AtCoder Beginner Contest 031,2015-11-21 12:00:00,2015,ABC
AtCoder,abc032,AtCoder Beginner Contest 032,2016-01-09 12:00:00,2016,ABC
AtCoder,abc033,AtCoder Beginner Contest 033,2016-02-06 12:00:00,2016,ABC
AtCoder,abc034,AtCoder Beginner Contest 034,2016-03-12 12:00:00,2016,ABC
AtCoder,abc035,AtCoder Beginner Contest 035,2016-03-26 12:00:00,2016,ABC
AtCoder,abc036,AtCoder Beginner Contest 036,2016-04-09 12:00:00,2016,ABC
AtCoder,abc037,AtCoder Beginner Contest 037,2016-05-07 12:00:00,2016,ABC
AtCoder,abc038,AtCoder Beginner Contest 038,2016-05-28 12:00:00,2016,ABC
AtCoder,abc039,AtCoder Beginner Contest 039,2016-06-11 12:00:00,2016,ABC
AtCoder,abc040,AtCoder Beginner Contest 040,2016-06-18 12:00:00,2016,ABC
AtCoder,abc041,AtCoder Beginner Contest 041,2016-07-02 12:00:00,2016,ABC
AtCoder,abc042,AtCoder Beginner Contest 042,2016-07-23 12:00:00,2016,ABC
AtCoder,abc043,AtCoder Beginner Contest 043,2016-08-13 12:00:00,2016,ABC
AtCoder,abc044,AtCoder Beginner Contest 044,2016-08-28 12:00:00,2016,ABC
AtCoder,abc045,AtCoder Beginner Contest 045,2016-09-11 12:00:00,2016,ABC
AtCoder,abc046,AtCoder Beginner Contest 046,2016-10-15 12:00:00,2016,ABC
AtCoder,abc047,AtCoder Beginner Contest 047,2016-11-06 12:00:00,2016,ABC
AtCoder,abc048,AtCoder Beginner Contest 048,2016-12-04 12:00:00,2016,ABC
AtCoder,abc049,AtCoder Beginner Contest 049,2016-12-10 12:00:00,2016,ABC
AtCoder,abc050,AtCoder Beginner Contest 050,2016-12-18 12:00:00,2016,ABC
AtCoder,abc051,AtCoder Beginner Contest 051,2017-01-07 12:00:00,2017,ABC
AtCoder,abc052,AtCoder Beginner Contest 052,2017-01-15 12:00:00,2017,ABC
AtCoder,abc053,AtCoder Beginner Contest 053,2017-01-28 12:00:00,2017,ABC
AtCoder,abc054,AtCoder Beginner Contest 054,2017-02-11 12:00:00,2017,ABC
AtCoder,abc055,AtCoder Beginner Contest 055,2017-02-18 12:00:00,2017,ABC
AtCoder,abc056,AtCoder Beginner Contest 056,2017-03-18 12:00:00,2017,ABC
AtCoder,abc057,AtCoder Beginner Contest 057,2017-03-26 12:00:00,2017,ABC
AtCoder,abc058,AtCoder Beginner Contest 058,2017-04-08 12:00:00,2017,ABC
AtCoder,abc059,AtCoder Beginner Contest 059,2017-04-22 12:00:00,2017,ABC
AtCoder,abc060,AtCoder Beginner Contest 060,2017-04-29 12:00:00,2017,ABC
AtCoder,abc061,AtCoder Beginner Contest 061,2017-05-13 12:00:00,2017,ABC
AtCoder,abc062,AtCoder Beginner Contest 062,2017-05-20 12:00:00,2017,ABC
AtCoder,abc063,AtCoder Beginner Contest 063,2017-06-03 12:00:00,2017,ABC
AtCoder,abc064,AtCoder Beginner Contest 064,2017-06-10 12:00:00,2017,ABC
AtCoder,abc065,AtCoder Beginner Contest 065,2017-06-24 12:00:00,2017,ABC
AtCoder,abc066,AtCoder Beginner Contest 066,2017-07-01 12:00:00,2017,ABC
AtCoder,abc067,AtCoder Beginner Contest 067,2017-07-15 12:00:00,2017,ABC
AtCoder,abc068,AtCoder Beginner Contest 068,2017-07-29 12:00:00,2017,ABC
AtCoder,abc069,AtCoder Beginner Contest 069,2017-08-06 12:00:00,2017,ABC
AtCoder,abc070,AtCoder Beginner Contest 070,2017-08-12 12:00:00,2017,ABC
AtCoder,abc071,AtCoder Beginner Contest 071,2017-08-20 12:00:00,2017,ABC
AtCoder,abc072,AtCoder Beginner Contest 072,2017-09-02 12:00:00,2017,ABC
AtCoder,abc073,AtCoder Beginner Contest 073,2017-09-09 12:00:00,2017,ABC
AtCoder,abc074,AtCoder Beginner Contest 074,2017-09-16 12:00:00,2017,ABC
AtCoder,abc075,AtCoder Beginner Contest 075,2017-10-14 12:00:00,2017,ABC
AtCoder,abc076,AtCoder Beginner Contest 076,2017-10-28 12:00:00,2017,ABC
AtCoder,abc077,AtCoder Beginner Contest 077,2017-11-04 12:00:00,2017,ABC
AtCoder,abc078,AtCoder Beginner Contest 078,2017-11-11 12:00:00,2017,ABC
AtCoder,abc079,AtCoder Beginner Contest 079,2017-11-18 12:00:00,2017,ABC
AtCoder,abc080,AtCoder Beginner Contest 080,2017-12-03 12:00:00,2017,ABC
AtCoder,abc081,AtCoder Beginner Contest 081,2017-12-10 12:00:00,2017,ABC
AtCoder,abc082,AtCoder Beginner Contest 082,2017-12-16 12:00:00,2017,ABC
AtCoder,abc083,AtCoder Beginner Contest 083,2017-12-23 12:00:00,2017,ABC
AtCoder,abc084,AtCoder Beginner Contest 084,2017-12-30 12:00:00,2017,ABC
AtCoder,abc085,AtCoder Beginner Contest 085,2018-01-07 12:00:00,2018,ABC
AtCoder,abc086,AtCoder Beginner Contest 086,2018-01-21 12:00:00,2018,ABC
AtCoder,abc087,AtCoder Beginner Contest 087,2018-01-28 12:00:00,2018,ABC
AtCoder,abc088,AtCoder Beginner Contest 088,2018-02-18 12:00:00,2018,ABC
AtCoder,abc089,AtCoder Beginner Contest 089,2018-03-04 12:00:00,2018,ABC
AtCoder,abc090,AtCoder Beginner Contest 090,2018-03-11 12:00:00,2018,ABC
AtCoder,abc091,AtCoder Beginner Contest 091,2018-03-17 12:00:00,2018,ABC
AtCoder,abc092,AtCoder Beginner Contest 092,2018-03-25 12:00:00,2018,ABC
AtCoder,abc093,AtCoder Beginner Contest 093,2018-04-07 12:00:00,2018,ABC
AtCoder,abc094,AtCoder Beginner Contest 094,2018-04-14 12:10:00,2018,ABC
AtCoder,abc095,AtCoder Beginner Contest 095,2018-04-21 12:00:00,2018,ABC
AtCoder,abc096,AtCoder Beginner Contest 096,2018-05-05 12:00:00,2018,ABC
AtCoder,abc097,AtCoder Beginner Contest 097,2018-05-12 12:00:00,2018,ABC
AtCoder,abc098,AtCoder Beginner Contest 098,2018-05-26 12:00:00,2018,ABC
AtCoder,abc099,AtCoder Beginner Contest 099,2018-06-10 12:00:00,2018,ABC
AtCoder,abc100,AtCoder Beginner Contest 100,2018-06-16 12:00:00,2018,ABC
AtCoder,abc101,AtCoder Beginner Contest 101,2018-06-23 12:00:00,2018,ABC
AtCoder,abc102,AtCoder Beginner Contest 102,2018-07-01 11:30:00,2018,ABC
AtCoder,abc103,AtCoder Beginner Contest 103,2018-07-21 12:00:00,2018,ABC
AtCoder,abc104,AtCoder Beginner Contest 104,2018-08-05 12:00:00,2018,ABC
AtCoder,abc105,AtCoder Beginner Contest 105,2018-08-11 12:00:00,2018,ABC
AtCoder,abc106,AtCoder Beginner Contest 106,2018-08-18 12:00:00,2018,ABC
AtCoder,abc107,AtCoder Beginner Contest 107,2018-08-25 12:00:00,2018,ABC
AtCoder,abc108,AtCoder Beginner Contest 108,2018-09-01 12:00:00,2018,ABC
AtCoder,abc109,AtCoder Beginner Contest 109,2018-09-08 12:00:00,2018,ABC
AtCoder,abc110,AtCoder Beginner Contest 110,2018-09-23 12:00:00,2018,ABC
AtCoder,abc111,AtCoder Beginner Contest 111,2018-09-29 12:00:00,2018,ABC
AtCoder,abc112,AtCoder Beginner Contest 112,2018-10-06 12:00:00,2018,ABC
AtCoder,abc113,AtCoder Beginner Contest 113,2018-11-04 12:00:00,2018,ABC
AtCoder,abc114,AtCoder Beginner Contest 114,2018-12-02 12:00:00,2018,ABC
AtCoder,abc115,AtCoder Beginner Contest 115,2018-12-08 12:10:00,2018,ABC
AtCoder,abc116,AtCoder Beginner Contest 116,2019-01-20 12:00:00,2019,ABC
AtCoder,abc117,AtCoder Beginner Contest 117,2019-02-03 12:00:00,2019,ABC
AtCoder,abc118,AtCoder Beginner Contest 118,2019-02-16 12:00:00,2019,ABC
AtCoder,abc119,AtCoder Beginner Contest 119,2019-02-24 12:00:00,2019,ABC
AtCoder,abc120,AtCoder Beginner Contest 120,2019-03-03 12:00:00,2019,ABC
AtCoder,abc121,AtCoder Beginner Contest 121,2019-03-09 12:00:00,2019,ABC
AtCoder,abc122,AtCoder Beginner Contest 122,2019-03-24 12:00:00,2019,ABC
AtCoder,abc123,AtCoder Beginner Contest 123,2019-04-06 12:00:00,2019,ABC
AtCoder,abc124,AtCoder Beginner Contest 124,2019-04-13 12:00:00,2019,ABC
AtCoder,abc125,AtCoder Beginner Contest 125,2019-04-27 12:00:00,2019,ABC
AtCoder,abc126,AtCoder Beginner Contest 126,2019-05-19 12:00:00,2019,ABC
AtCoder,abc127,AtCoder Beginner Contest 127,2019-05-25 12:00:00,2019,ABC
AtCoder,abc128,AtCoder Beginner Contest 128,2019-05-26 12:00:00,2019,ABC
AtCoder,abc129,AtCoder Beginner Contest 129,2019-06-09 12:00:00,2019,ABC
AtCoder,abc130,AtCoder Beginner Contest 130,2019-06-16 12:00:00,2019,ABC
AtCoder,abc131,AtCoder Beginner Contest 131,2019-06-22 12:00:00,2019,ABC
AtCoder,abc132,AtCoder Beginner Contest 132,2019-06-29 12:00:00,2019,ABC
AtCoder,abc133,AtCoder Beginner Contest 133,2019-07-07 12:00:00,2019,ABC
AtCoder,abc134,AtCoder Beginner Contest 134,2019-07-20 12:00:00,2019,ABC
AtCoder,abc135,AtCoder Beginner Contest 135,2019-07-27 12:00:00,2019,ABC
AtCoder,abc136,AtCoder Beginner Contest 136,2019-08-04 12:00:00,2019,ABC
AtCoder,abc137,AtCoder Beginner Contest 137,2019-08-10 12:00:00,2019,ABC
AtCoder,abc138,AtCoder Beginner Contest 138,2019-08-18 12:00:00,2019,ABC
AtCoder,abc139,AtCoder Beginner Contest 139,2019-09-01 12:00:00,2019,ABC
AtCoder,abc140,AtCoder Beginner Contest 140,2019-09-07 12:00:00,2019,ABC
AtCoder,abc141,AtCoder Beginner Contest 141,2019-09-15 12:00:00,2019,ABC
AtCoder,abc142,AtCoder Beginner Contest 142,2019-09-28 12:00:00,2019,ABC
AtCoder,abc143,AtCoder Beginner Contest 143,2019-10-19 12:00:00,2019,ABC
AtCoder,abc144,AtCoder Beginner Contest 144,2019-10-27 12:00:00,2019,ABC
AtCoder,abc145,AtCoder Beginner Contest 145,2019-11-16 12:00:00,2019,ABC
AtCoder,abc146,AtCoder Beginner Contest 146,2019-11-24 12:00:00,2019,ABC
AtCoder,abc147,AtCoder Beginner Contest 147,2019-12-08 12:00:00,2019,ABC
AtCoder,abc148,AtCoder Beginner Contest 148,2019-12-22 12:00:00,2019,ABC
AtCoder,abc149,AtCoder Beginner Contest 149,2019-12-29 11:00:00,2019,ABC
AtCoder,abc150,AtCoder Beginner Contest 150,2020-01-10 12:00:00,2020,ABC
AtCoder,abc151,AtCoder Beginner Contest 151,2020-01-12 12:00:00,2020,ABC
AtCoder,abc152,AtCoder Beginner Contest 152,2020-01-19 11:50:00,2020,ABC
AtCoder,abc153,AtCoder Beginner Contest 153,2020-01-26 12:00:00,2020,ABC
AtCoder,abc154,AtCoder Beginner Contest 154,2020-02-09 12:00:00,2020,ABC
AtCoder,abc155,AtCoder Beginner Contest 155,2020-02-16 12:00:00,2020,ABC
AtCoder,abc156,AtCoder Beginner Contest 156,2020-02-22 12:00:00,2020,ABC
AtCoder,abc157,AtCoder Beginner Contest 157,2020-03-01 12:00:00,2020,ABC
AtCoder,abc158,AtCoder Beginner Contest 158,2020-03-07 12:00:00,2020,ABC
AtCoder,abc159,AtCoder Beginner Contest 159,2020-03-22 12:00:00,2020,ABC
AtCoder,abc160,AtCoder Beginner Contest 160,2020-03-28 12:00:00,2020,ABC
AtCoder,abc161,AtCoder Beginner Contest 161,2020-04-04 12:00:00,2020,ABC
AtCoder,abc162,AtCoder Beginner Contest 162,2020-04-12 12:00:00,2020,ABC
AtCoder,abc163,AtCoder Beginner Contest 163,2020-04-19 12:00:00,2020,ABC
AtCoder,abc164,AtCoder Beginner Contest 164,2020-04-26 12:00:00,2020,ABC
AtCoder,abc165,AtCoder Beginner Contest 165,2020-05-02 12:10:00,2020,ABC
AtCoder,abc166,AtCoder Beginner Contest 166,2020-05-03 12:00:00,2020,ABC
AtCoder,abc167,AtCoder Beginner Contest 167,2020-05-10 12:00:00,2020,ABC
AtCoder,abc168,AtCoder Beginner Contest 168,2020-05-17 12:00:00,2020,ABC
AtCoder,abc169,AtCoder Beginner Contest 169,2020-05-31 12:00:00,2020,ABC
AtCoder,abc170,AtCoder Beginner Contest 170,2020-06-14 12:00:00,2020,ABC
AtCoder,abc171,AtCoder Beginner Contest 171,2020-06-21 12:00:00,2020,ABC
AtCoder,abc172,AtCoder Beginner Contest 172,2020-06-27 12:00:00,2020,ABC
AtCoder,abc173,AtCoder Beginner Contest 173,2020-07-05 12:00:00,2020,ABC
AtCoder,abc174,AtCoder Beginner Contest 174,2020-08-02 12:00:00,2020,ABC
AtCoder,abc175,AtCoder Beginner Contest 175,2020-08-15 12:00:00,2020,ABC
AtCoder,abc176,AtCoder Beginner Contest 176,2020-08-22 12:00:00,2020,ABC
AtCoder,abc177,AtCoder Beginner Contest 177,2020-08-29 12:00:00,2020,ABC
AtCoder,abc178,AtCoder Beginner Contest 178,2020-09-13 12:00:00,2020,ABC
AtCoder,abc179,AtCoder Beginner Contest 179,2020-09-19 12:00:00,2020,ABC
AtCoder,abc180,AtCoder Beginner Contest 180,2020-10-17 11:00:00,2020,ABC
AtCoder,abc181,AtCoder Beginner Contest 181,2020-11-01 12:00:00,2020,ABC
AtCoder,abc182,AtCoder Beginner Contest 182,2020-11-08 12:00:00,2020,ABC
AtCoder,abc183,AtCoder Beginner Contest 183,2020-11-15 12:00:00,2020,ABC
AtCoder,abc184,AtCoder Beginner Contest 184,2020-11-22 12:00:00,2020,ABC
AtCoder,abc185,AtCoder Beginner Contest 185,2020-12-13 12:00:00,2020,ABC
AtCoder,abc186,パナソニックプログラミングコンテスト（AtCoder Beginner Contest 186）,2020-12-19 12:00:00,2020,ABC
AtCoder,abc187,AtCoder Beginner Contest 187,2021-01-02 12:00:00,2021,ABC
AtCoder,abc188,AtCoder Beginner Contest 188,2021-01-10 12:00:00,2021,ABC
AtCoder,abc189,AtCoder Beginner Contest 189,2021-01-23 12:00:00,2021,ABC
AtCoder,abc190,AtCoder Beginner Contest 190,2021-01-30 12:00:00,2021,ABC
AtCoder,abc191,AtCoder Beginner Contest 191,2021-02-06 12:00:00,2021,ABC
AtCoder,abc192,SOMPO HD プログラミングコンテスト2021(AtCoder Beginner Contest 192),2021-02-20 12:00:00,2021,ABC
AtCoder,abc193,キャディプログラミングコンテスト2021(AtCoder Beginner Contest 193),2021-02-27 12:00:00,2021,ABC
AtCoder,abc194,AtCoder Beginner Contest 194,2021-03-06 12:00:00,2021,ABC
AtCoder,abc195,パナソニックプログラミングコンテスト（AtCoder Beginner Contest 195）,2021-03-13 12:00:00,2021,ABC
AtCoder,abc196,AtCoder Beginner Contest 196,2021-03-20 12:00:00,2021,ABC
AtCoder,abc197,AtCoder Beginner Contest 197（Sponsored by Panasonic）,2021-03-27 12:00:00,2021,ABC
AtCoder,abc198,AtCoder Beginner Contest 198,2021-04-11 12:00:00,2021,ABC
AtCoder,abc199,AtCoder Beginner Contest 199（Sponsored by Panasonic）,2021-04-24 12:00:00,2021,ABC
AtCoder,abc200,京セラプログラミングコンテスト2021（AtCoder Beginner Contest 200）,2021-05-08 12:00:00,2021,ABC
AtCoder,abc201,マイナビプログラミングコンテスト2021（AtCoder Beginner Contest 201）,2021-05-15 12:00:00,2021,ABC
AtCoder,abc202,エイシングプログラミングコンテスト2021（AtCoder Beginner Contest 202）,2021-05-22 12:00:00,2021,ABC
AtCoder,abc203,AtCoder Beginner Contest 203（Sponsored by Panasonic）,2021-05-30 12:00:00,2021,ABC
AtCoder,abc204,AtCoder Beginner Contest 204,2021-06-06 12:00:00,2021,ABC
AtCoder,abc205,AtCoder Beginner Contest 205,2021-06-13 12:00:00,2021,ABC
AtCoder,abc206,AtCoder Beginner Contest 206（Sponsored by Panasonic）,2021-06-19 12:00:00,2021,ABC
AtCoder,abc207,AtCoder Beginner Contest 207,2021-06-26 12:00:00,2021,ABC
AtCoder,abc208,AtCoder Beginner Contest 208,2021-07-04 12:00:00,2021,ABC
AtCoder,abc209,AtCoder Beginner Contest 209,2021-07-10 12:00:00,2021,ABC
AtCoder,abc210,AtCoder Beginner Contest 210,2021-07-17 12:00:00,2021,ABC
AtCoder,abc211,AtCoder Beginner Contest 211,2021-07-24 12:00:00,2021,ABC
AtCoder,abc212,AtCoder Beginner Contest 212,2021-07-31 12:00:00,2021,ABC
AtCoder,abc213,AtCoder Beginner Contest 213,2021-08-08 12:00:00,2021,ABC
AtCoder,abc214,AtCoder Beginner Contest 214,2021-08-14 12:00:00,2021,ABC
AtCoder,abc215,AtCoder Beginner Contest 215,2021-08-21 12:00:00,2021,ABC
AtCoder,abc216,AtCoder Beginner Contest 216,2021-08-29 12:00:00,2021,ABC
AtCoder,abc217,AtCoder Beginner Contest 217,2021-09-04 12:00:00,2021,ABC
AtCoder,abc218,AtCoder Beginner Contest 218,2021-09-11 12:00:00,2021,ABC
AtCoder,abc219,サイシードプログラミングコンテスト2021（AtCoder Beginner Contest 219）,2021-09-18 12:00:00,2021,ABC
AtCoder,abc220,AtCoder Beginner Contest 220,2021-09-26 12:00:00,2021,ABC
AtCoder,abc221,AtCoder Beginner Contest 221,2021-10-02 12:00:00,2021,ABC
AtCoder,abc222,エクサウィザーズプログラミングコンテスト2021（AtCoder Beginner Contest 222）,2021-10-09 12:00:00,2021,ABC
AtCoder,abc223,AtCoder Beginner Contest 223,2021-10-17 12:00:00,2021,ABC
AtCoder,abc224,AtCoder Beginner Contest 224,2021-10-23 12:00:00,2021,ABC
AtCoder,abc225,UNICORNプログラミングコンテスト2021(AtCoder Beginner Contest 225),2021-10-30 12:00:00,2021,ABC
AtCoder,abc226,AtCoder Beginner Contest 226,2021-11-07 12:00:00,2021,ABC
AtCoder,abc227,キーエンスプログラミングコンテスト2021-Nov. (AtCoder Beginner Contest 227),2021-11-13 12:00:00,2021,ABC
AtCoder,abc228,トヨタシステムズプログラミングコンテスト2021(AtCoder Beginner Contest 228),2021-11-20 12:00:00,2021,ABC
AtCoder,abc229,NECプログラミングコンテスト2021(AtCoder Beginner Contest 229),2021-11-27 12:00:00,2021,ABC
AtCoder,abc230,AtCoder Beginner Contest 230,2021-12-03 12:00:00,2021,ABC
AtCoder,abc231,パナソニックプログラミングコンテスト2021(AtCoder Beginner Contest 231),2021-12-11 12:00:00,2021,ABC
AtCoder,abc232,M-SOLUTIONS プロコンオープン2021(AtCoder Beginner Contest 232),2021-12-19 12:00:00,2021,ABC
AtCoder,abc233,AtCoder Beginner Contest 233,2021-12-25 12:00:00,2021,ABC
AtCoder,abc234,AtCoder Beginner Contest 234,2022-01-08 12:00:00,2022,ABC
AtCoder,abc235,HHKB プログラミングコンテスト 2022（AtCoder Beginner Contest 235）,2022-01-15 12:00:00,2022,ABC
AtCoder,abc236,AtCoder Beginner Contest 236,2022-01-23 12:00:00,2022,ABC
AtCoder,abc237,AtCoder Beginner Contest 237,2022-01-30 12:00:00,2022,ABC
AtCoder,abc238,モノグサプログラミングコンテスト2022（AtCoder Beginner Contest 238）,2022-02-05 12:00:00,2022,ABC
AtCoder,abc239,デンソークリエイトプログラミングコンテスト2022（AtCoder Beginner Contest 239）,2022-02-19 12:00:00,2022,ABC
AtCoder,abc240,AtCoder Beginner Contest 240,2022-02-20 12:00:00,2022,ABC
AtCoder,abc241,AtCoder Beginner Contest 241（Sponsored by Panasonic）,2022-02-26 12:00:00,2022,ABC
AtCoder,abc242,AtCoder Beginner Contest 242,2022-03-05 12:00:00,2022,ABC
AtCoder,abc243,AtCoder Beginner Contest 243,2022-03-12 12:00:00,2022,ABC
AtCoder,abc244,AtCoder Beginner Contest 244,2022-03-20 12:00:00,2022,ABC
AtCoder,abc245,AtCoder Beginner Contest 245,2022-03-26 12:00:00,2022,ABC
AtCoder,abc246,AtCoder Beginner Contest 246,2022-04-02 12:00:00,2022,ABC
AtCoder,abc247,AtCoder Beginner Contest 247,2022-04-10 12:00:00,2022,ABC
AtCoder,abc248,ユニークビジョンプログラミングコンテスト2022（AtCoder Beginner Contest 248）,2022-04-16 12:00:00,2022,ABC
AtCoder,abc249,モノグサプログラミングコンテスト2022（AtCoder Beginner Contest 249）,2022-04-23 12:00:00,2022,ABC
AtCoder,abc250,AtCoder Beginner Contest 250,2022-05-08 12:00:00,2022,ABC
AtCoder,abc251,パナソニックグループプログラミングコンテスト2022（AtCoder Beginner Contest 251）,2022-05-14 12:00:00,2022,ABC
AtCoder,abc252,AtCoder Beginner Contest 252,2022-05-21 12:00:00,2022,ABC
AtCoder,abc253,NOMURA プログラミングコンテスト2022（AtCoder Beginner Contest 253）,2022-05-28 12:00:00,2022,ABC
AtCoder,abc254,AtCoder Beginner Contest 254,2022-06-04 12:00:00,2022,ABC
AtCoder,abc255,エイシングプログラミングコンテスト2022（AtCoder Beginner Contest 255）,2022-06-11 12:00:00,2022,ABC
AtCoder,abc256,東京海上日動プログラミングコンテスト2022（AtCoder Beginner Contest 256）,2022-06-18 12:00:00,2022,ABC
AtCoder,abc257,日鉄ソリューションズプログラミングコンテスト2022（AtCoder Beginner Contest 257）,2022-06-25 12:00:00,2022,ABC
AtCoder,abc258,AtCoder Beginner Contest 258,2022-07-02 12:00:00,2022,ABC
AtCoder,abc259,AtCoder Beginner Contest 259,2022-07-09 12:00:00,2022,ABC
AtCoder,abc260,AtCoder Beginner Contest 260,2022-07-17 12:00:00,2022,ABC
AtCoder,abc261,AtCoder Beginner Contest 261,2022-07-23 12:00:00,2022,ABC
AtCoder,abc262,第三回日本最強プログラマー学生選手権-予選-（AtCoder Beginner Contest 262）,2022-07-31 12:00:00,2022,ABC
AtCoder,abc263,LINE  Verda プログラミングコンテスト（AtCoder Beginner Contest 263）,2022-08-06 12:00:00,2022,ABC
AtCoder,abc264,freee プログラミングコンテスト2022（AtCoder Beginner Contest 264）,2022-08-13 12:00:00,2022,ABC
AtCoder,abc265,AtCoder Beginner Contest 265,2022-08-21 12:00:00,2022,ABC
AtCoder,abc266,AtCoder Beginner Contest 266,2022-08-27 12:00:00,2022,ABC
AtCoder,abc267,NECプログラミングコンテスト2022 (AtCoder Beginner Contest 267),2022-09-03 12:00:00,2022,ABC
AtCoder,abc268,ユニークビジョンプログラミングコンテスト2022 夏(AtCoder Beginner Contest 268),2022-09-10 12:00:00,2022,ABC
AtCoder,abc269,UNICORNプログラミングコンテスト2022(AtCoder Beginner Contest 269),2022-09-17 12:00:00,2022,ABC
AtCoder,abc270,トヨタ自動車プログラミングコンテスト2022(AtCoder Beginner Contest 270),2022-09-24 12:00:00,2022,ABC
AtCoder,abc271,京セラプログラミングコンテスト2022(AtCoder Beginner Contest 271),2022-10-01 12:00:00,2022,ABC
AtCoder,abc272,AtCoder Beginner Contest 272,2022-10-08 12:00:00,2022,ABC
AtCoder,abc273,パナソニックグループプログラミングコンテスト2022（AtCoder Beginner Contest 273）,2022-10-15 12:00:00,2022,ABC
AtCoder,abc274,キーエンスプログラミングコンテスト2022（AtCoder Beginner Contest 274）,2022-10-22 12:00:00,2022,ABC
AtCoder,abc275,AtCoder Beginner Contest 275,2022-10-29 12:00:00,2022,ABC
AtCoder,abc276,AtCoder Beginner Contest 276,2022-11-05 12:00:00,2022,ABC
AtCoder,abc277,大和証券プログラミングコンテスト2022 Autumn (AtCoder Beginner Contest 277),2022-11-12 12:00:00,2022,ABC
AtCoder,abc278,AtCoder Beginner Contest 278,2022-11-19 12:00:00,2022,ABC
AtCoder,abc279,トヨタシステムズプログラミングコンテスト2022(AtCoder Beginner Contest 279),2022-11-26 12:00:00,2022,ABC
AtCoder,abc280,デンソークリエイトプログラミングコンテスト2022 Winter(AtCoder Beginner Contest 280),2022-12-03 12:00:00,2022,ABC
AtCoder,abc281,AtCoder Beginner Contest 281,2022-12-10 12:00:00,2022,ABC
AtCoder,abc282,HHKBプログラミングコンテスト2022 Winter(AtCoder Beginner Contest 282),2022-12-17 12:00:00,2022,ABC
AtCoder,abc283,ユニークビジョンプログラミングコンテスト2022 冬(AtCoder Beginner Contest 283),2022-12-24 12:00:00,2022,ABC
AtCoder,abc284,AtCoder Beginner Contest 284,2023-01-07 12:00:00,2023,ABC
AtCoder,abc285,AtCoder Beginner Contest 285,2023-01-15 12:00:00,2023,ABC
AtCoder,abc286,ウルシステムズプログラミングコンテスト2023(AtCoder Beginner Contest 286),2023-01-21 12:00:00,2023,ABC
AtCoder,abc287,ユニークビジョンプログラミングコンテスト2023 新春 (AtCoder Beginner Contest 287),2023-01-28 12:00:00,2023,ABC
AtCoder,abc288,Toyota Programming Contest 2023 Spring Qual A（AtCoder Beginner Contest 288）,2023-02-04 12:00:00,2023,ABC
AtCoder,abc289,Ｓｋｙ株式会社プログラミングコンテスト2023（AtCoder Beginner Contest 289）,2023-02-11 12:00:00,2023,ABC
AtCoder,abc290,Toyota Programming Contest 2023 Spring Qual B（AtCoder Beginner Contest 290）,2023-02-19 12:00:00,2023,ABC
AtCoder,abc291,AtCoder Beginner Contest 291（Sponsored by TOYOTA SYSTEMS）,2023-02-26 12:00:00,2023,ABC
AtCoder,abc292,AtCoder Beginner Contest 292,2023-03-04 12:00:00,2023,ABC
AtCoder,abc293,AtCoder Beginner Contest 293,2023-03-11 12:00:00,2023,ABC
AtCoder,abc294,AtCoder Beginner Contest 294,2023-03-19 12:00:00,2023,ABC
AtCoder,abc295,AtCoder Beginner Contest 295,2023-03-25 12:00:00,2023,ABC
AtCoder,abc296,AtCoder Beginner Contest 296,2023-04-01 12:00:00,2023,ABC
AtCoder,abc297,AtCoder Beginner Contest 297,2023-04-09 12:00:00,2023,ABC
AtCoder,abc298,トヨタ自動車プログラミングコンテスト2023#1(AtCoder Beginner Contest 298),2023-04-15 12:00:00,2023,ABC
AtCoder,abc299,東京海上日動プログラミングコンテスト2023（AtCoder Beginner Contest 299）,2023-04-22 12:00:00,2023,ABC
AtCoder,abc300,ユニークビジョンプログラミングコンテスト2023 春 (AtCoder Beginner Contest 300),2023-04-29 12:00:00,2023,ABC
AtCoder,abc301,パナソニックグループプログラミングコンテスト2023（AtCoder Beginner Contest 301）,2023-05-13 12:00:00,2023,ABC
AtCoder,abc302,トヨタ自動車プログラミングコンテスト2023#2(AtCoder Beginner Contest 302),2023-05-20 12:00:00,2023,ABC
AtCoder,abc303,日鉄ソリューションズプログラミングコンテスト2023（AtCoder Beginner Contest 303）,2023-05-27 12:00:00,2023,ABC
AtCoder,abc304,東京海上日動プログラミングコンテスト2023（AtCoder Beginner Contest 304）,2023-06-03 12:00:00,2023,ABC
AtCoder,abc305,京セラプログラミングコンテスト2023(AtCoder Beginner Contest 305),2023-06-10 12:00:00,2023,ABC
AtCoder,abc306,トヨタ自動車プログラミングコンテスト2023#3(AtCoder Beginner Contest 306),2023-06-17 12:00:00,2023,ABC
AtCoder,abc307,東京海上日動プログラミングコンテスト2023（AtCoder Beginner Contest 307）,2023-06-24 12:00:00,2023,ABC
AtCoder,abc308,CodeQUEEN 2023 予選 (AtCoder Beginner Contest 308),2023-07-01 12:00:00,2023,ABC
AtCoder,abc309,デンソークリエイトプログラミングコンテスト2023（AtCoder Beginner Contest 309）,2023-07-08 12:00:00,2023,ABC
AtCoder,abc310,freee プログラミングコンテスト2023（AtCoder Beginner Contest 310）,2023-07-15 12:00:00,2023,ABC
AtCoder,abc311,トヨタ自動車プログラミングコンテスト2023#4(AtCoder Beginner Contest 311),2023-07-22 12:00:00,2023,ABC
AtCoder,abc312,ユニークビジョンプログラミングコンテスト2023 夏 (AtCoder Beginner Contest 312),2023-07-29 12:00:00,2023,ABC
AtCoder,abc313,第四回日本最強プログラマー学生選手権-予選-（AtCoder Beginner Contest 313）,2023-08-05 12:00:00,2023,ABC
AtCoder,abc314,AtCoder Beginner Contest 314,2023-08-12 12:00:00,2023,ABC
AtCoder,abc315,キーエンスプログラミングコンテスト2023夏（AtCoder Beginner Contest 315）,2023-08-19 12:00:00,2023,ABC
AtCoder,abc317,ゲームフリーク Programming Contest 2023（AtCoder Beginner Contest 317）,2023-08-26 12:00:00,2023,ABC
AtCoder,abc318,THIRD プログラミングコンテスト 2023 アルゴ（AtCoder Beginner Contest 318）,2023-09-02 12:00:00,2023,ABC
AtCoder,abc319,AtCoder Beginner Contest 319,2023-09-09 12:00:00,2023,ABC
AtCoder,abc320,トヨタ自動車プログラミングコンテスト2023#5(AtCoder Beginner Contest 320),2023-09-16 12:00:00,2023,ABC
AtCoder,abc321,サントリープログラミングコンテスト2023（AtCoder Beginner Contest 321）,2023-09-23 12:00:00,2023,ABC
AtCoder,abc322,AtCoder Beginner Contest 322,2023-09-30 12:00:00,2023,ABC
AtCoder,abc323,ユニークビジョンプログラミングコンテスト2023 秋 (AtCoder Beginner Contest 323),2023-10-07 12:00:00,2023,ABC
AtCoder,abc324,日本レジストリサービス（JPRS）プログラミングコンテスト2023（AtCoder Beginner Contest 324）,2023-10-14 12:00:00,2023,ABC
AtCoder,abc325,キーエンスプログラミングコンテスト2023秋（AtCoder Beginner Contest 325）,2023-10-21 12:00:00,2023,ABC
AtCoder,abc326,パナソニックグループ プログラミングコンテスト2023（AtCoder Beginner Contest 326）,2023-10-28 12:00:00,2023,ABC
AtCoder,abc327,HHKBプログラミングコンテスト2023(AtCoder Beginner Contest 327),2023-11-04 12:00:00,2023,ABC
AtCoder,abc328,トヨタ自動車プログラミングコンテスト2023#7(AtCoder Beginner Contest 328),2023-11-11 12:00:00,2023,ABC
AtCoder,abc329,Ｓｋｙ株式会社プログラミングコンテスト2023（AtCoder Beginner Contest 329）,2023-11-18 12:00:00,2023,ABC
AtCoder,abc330,トヨタシステムズプログラミングコンテスト2023(AtCoder Beginner Contest 330),2023-11-25 12:00:00,2023,ABC
AtCoder,abc331,大和証券プログラミングコンテスト2023（AtCoder Beginner Contest 331）,2023-12-02 12:00:00,2023,ABC
AtCoder,abc332,AtCoder Beginner Contest 332,2023-12-10 12:00:00,2023,ABC
AtCoder,abc333,トヨタ自動車プログラミングコンテスト2023#8（AtCoder Beginner Contest 333）,2023-12-16 12:00:00,2023,ABC
AtCoder,abc334,ユニークビジョンプログラミングコンテスト2023 クリスマス (AtCoder Beginner Contest 334),2023-12-23 12:00:00,2023,ABC
AtCoder,abc335,AtCoder Beginner Contest 335（Sponsored by Mynavi）,2024-01-06 12:00:00,2024,ABC
AtCoder,abc336,AtCoder Beginner Contest 336,2024-01-14 12:00:00,2024,ABC
AtCoder,abc337,トヨタ自動車プログラミングコンテスト2024#1（AtCoder Beginner Contest 337）,2024-01-20 12:00:00,2024,ABC
AtCoder,abc338,AtCoder Beginner Contest 338,2024-01-27 12:00:00,2024,ABC
AtCoder,abc339,日本レジストリサービス（JPRS）プログラミングコンテスト2024（AtCoder Beginner Contest 339）,2024-02-03 12:00:00,2024,ABC
AtCoder,abc340,鹿島建設プログラミングコンテスト2024（AtCoder Beginner Contest 340）,2024-02-10 12:00:00,2024,ABC
AtCoder,abc341,トヨタ自動車プログラミングコンテスト2024#2（AtCoder Beginner Contest 341）,2024-02-17 12:00:00,2024,ABC
AtCoder,abc342,HUAWEI Programming Contest 2024（AtCoder Beginner Contest 342）,2024-02-24 12:00:00,2024,ABC
AtCoder,abc343,AtCoder Beginner Contest 343,2024-03-02 12:00:00,2024,ABC
AtCoder,abc344,トヨタ自動車プログラミングコンテスト2024#3（AtCoder Beginner Contest 344）,2024-03-09 12:00:00,2024,ABC
AtCoder,abc345,モノグサプログラミングコンテスト2024（AtCoder Beginner Contest 345）,2024-03-16 12:00:00,2024,ABC
AtCoder,abc346,ユニークビジョンプログラミングコンテスト2024 春（AtCoder Beginner Contest 346）,2024-03-23 12:00:00,2024,ABC
AtCoder,abc347,AtCoder Beginner Contest 347,2024-03-30 12:00:00,2024,ABC
AtCoder,abc348,トヨタ自動車プログラミングコンテスト2024#4（AtCoder Beginner Contest 348）,2024-04-06 12:00:00,2024,ABC
AtCoder,abc349,AtCoder Beginner Contest 349,2024-04-13 12:00:00,2024,ABC
AtCoder,abc350,AtCoder Beginner Contest 350（Promotion of AtCoderJobs）,2024-04-20 12:00:00,2024,ABC
AtCoder,abc351,AtCoder Beginner Contest 351,2024-04-27 12:00:00,2024,ABC
AtCoder,abc352,AtCoder Beginner Contest 352,2024-05-04 12:00:00,2024,ABC
AtCoder,abc353,AtCoder Beginner Contest 353,2024-05-11 12:00:00,2024,ABC
AtCoder,abc354,パナソニックグループ プログラミングコンテスト2024（AtCoder Beginner Contest 354）,2024-05-18 12:00:00,2024,ABC
AtCoder,abc355,東京海上日動プログラミングコンテスト2024（AtCoder Beginner Contest 355）,2024-05-25 12:00:00,2024,ABC
AtCoder,abc356,AtCoder Beginner Contest 356,2024-06-01 12:00:00,2024,ABC
AtCoder,abc357,サントリープログラミングコンテスト2024（AtCoder Beginner Contest 357）,2024-06-08 12:00:00,2024,ABC
AtCoder,abc358,CodeQUEEN 2024 予選 (AtCoder Beginner Contest 358),2024-06-15 12:00:00,2024,ABC
AtCoder,abc359,ユニークビジョンプログラミングコンテスト2024 夏（AtCoder Beginner Contest 359）,2024-06-22 12:00:00,2024,ABC
AtCoder,abc360,AtCoder Beginner Contest 360,2024-06-30 12:00:00,2024,ABC
AtCoder,abc361,デンソークリエイトプログラミングコンテスト2024（AtCoder Beginner Contest 361）,2024-07-06 12:00:00,2024,ABC
AtCoder,abc362,トヨタ自動車プログラミングコンテスト2024#7（AtCoder Beginner Contest 362）,2024-07-13 12:00:00,2024,ABC
AtCoder,abc363,AtCoder Beginner Contest 363,2024-07-20 12:00:00,2024,ABC
AtCoder,abc364,日本レジストリサービス（JPRS）プログラミングコンテスト2024#2（AtCoder Beginner Contest 364）,2024-07-27 12:00:00,2024,ABC
AtCoder,abc365,トヨタ自動車プログラミングコンテスト2024#8（AtCoder Beginner Contest 365）,2024-08-03 12:00:00,2024,ABC
AtCoder,abc366,AtCoder Beginner Contest 366,2024-08-10 12:00:00,2024,ABC
AtCoder,abc367,AtCoder Beginner Contest 367,2024-08-17 12:00:00,2024,ABC
AtCoder,abc368,日立ヴァンタラプログラミングコンテスト2024（AtCoder Beginner Contest 368）,2024-08-24 12:00:00,2024,ABC
AtCoder,abc369,AtCoder Beginner Contest 369,2024-08-31 12:00:00,2024,ABC
AtCoder,abc370,トヨタ自動車プログラミングコンテスト2024#9（AtCoder Beginner Contest 370）,2024-09-07 12:00:00,2024,ABC
AtCoder,abc371,AtCoder Beginner Contest 371,2024-09-14 12:00:00,2024,ABC
AtCoder,abc372,ユニークビジョンプログラミングコンテスト2024 秋（AtCoder Beginner Contest 372）,2024-09-21 12:00:00,2024,ABC
AtCoder,abc373,AtCoder Beginner Contest 373,2024-09-28 12:00:00,2024,ABC
AtCoder,abc374,キーエンスプログラミングコンテスト2024（AtCoder Beginner Contest 374）,2024-10-05 12:00:00,2024,ABC
AtCoder,abc375,パナソニックグループ プログラミングコンテスト2024（AtCoder Beginner Contest 375）,2024-10-12 12:00:00,2024,ABC
AtCoder,abc376,AtCoder Beginner Contest 376（Promotion of AtCoder Career Design DAY）,2024-10-19 12:00:00,2024,ABC
AtCoder,abc377,トヨタシステムズプログラミングコンテスト2024（AtCoder Beginner Contest 377),2024-10-26 12:00:00,2024,ABC
AtCoder,abc378,AtCoder Beginner Contest 378,2024-11-02 12:00:00,2024,ABC
AtCoder,abc379,トヨタ自動車プログラミングコンテスト2024#11(AtCoder Beginner Contest 379),2024-11-09 12:00:00,2024,ABC
AtCoder,abc380,AtCoder Beginner Contest 380,2024-11-16 12:00:00,2024,ABC
AtCoder,abc381,AtCoder Beginner Contest 381,2024-11-22 12:00:00,2024,ABC
AtCoder,abc382,AtCoder プログラミングコンテスト2024（AtCoder Beginner Contest 382）,2024-11-30 12:00:00,2024,ABC
AtCoder,abc383,大和証券プログラミングコンテスト2024（AtCoder Beginner Contest 383）,2024-12-07 12:00:00,2024,ABC
AtCoder,abc384,トヨタ自動車プログラミングコンテスト2024#12（AtCoder Beginner Contest 384）,2024-12-14 12:00:00,2024,ABC
AtCoder,abc385,ユニークビジョンプログラミングコンテスト2024 クリスマス（AtCoder Beginner Contest 385）,2024-12-21 12:00:00,2024,ABC
AtCoder,abc386,AtCoder Beginner Contest 386,2024-12-28 12:00:00,2024,ABC
AtCoder,abc387,AtCoder Beginner Contest 387（Promotion of AtCoderJobs）,2025-01-04 12:00:00,2025,ABC
AtCoder,abc388,HHKBプログラミングコンテスト2025(AtCoder Beginner Contest 388),2025-01-11 12:00:00,2025,ABC
AtCoder,abc389,トヨタ自動車プログラミングコンテスト2025（AtCoder Beginner Contest 389）,2025-01-18 12:00:00,2025,ABC
AtCoder,abc390,AtCoder Beginner Contest 390,2025-01-25 12:00:00,2025,ABC
AtCoder,abc391,AtCoder Beginner Contest 391,2025-02-01 12:00:00,2025,ABC
AtCoder,abc392,日本レジストリサービス（JPRS）プログラミングコンテスト2025#1（AtCoder Beginner Contest 392）,2025-02-08 12:00:00,2025,ABC
AtCoder,abc393,AtCoder Beginner Contest 393,2025-02-15 12:00:00,2025,ABC
AtCoder,abc394,鹿島建設プログラミングコンテスト2025（AtCoder Beginner Contest 394）,2025-02-22 12:00:00,2025,ABC
AtCoder,abc395,AtCoder Beginner Contest 395,2025-03-01 12:00:00,2025,ABC
AtCoder,abc396,AtCoder Beginner Contest 396,2025-03-08 12:00:00,2025,ABC
AtCoder,abc397,オムロンプログラミングコンテスト2025（AtCoder Beginner Contest 397）,2025-03-15 12:00:00,2025,ABC
AtCoder,abc398,ユニークビジョンプログラミングコンテスト2025 春（AtCoder Beginner Contest 398）,2025-03-22 12:00:00,2025,ABC
AtCoder,abc399,AtCoder Beginner Contest 399,2025-03-29 12:00:00,2025,ABC
AtCoder,abc400,AtCoder Beginner Contest 400,2025-04-05 12:00:00,2025,ABC
AtCoder,abc401,AtCoder Beginner Contest 401,2025-04-12 12:00:00,2025,ABC
AtCoder,abc402,東京海上日動プログラミングコンテスト2025（AtCoder Beginner Contest 402）,2025-04-19 12:00:00,2025,ABC
AtCoder,abc403,AtCoder Beginner Contest 403（Promotion of AtCoder Career Design DAY）,2025-04-27 12:00:00,2025,ABC
AtCoder,abc404,AtCoder Beginner Contest 404（Promotion for Engineer Guild）,2025-05-03 12:00:00,2025,ABC
AtCoder,abc405,AtCoder Beginner Contest 405（Promotion of AtCoder Career Design DAY）,2025-05-10 12:00:00,2025,ABC
AtCoder,abc406,パナソニックグループ プログラミングコンテスト2025（AtCoder Beginner Contest 406）,2025-05-17 12:00:00,2025,ABC
AtCoder,abc407,AtCoder Beginner Contest 407（Promotion of AtCoderJobs）,2025-05-24 12:00:00,2025,ABC
AtCoder,abc408,AtCoder Beginner Contest 408,2025-05-31 12:00:00,2025,ABC
AtCoder,abc409,AtCoder Beginner Contest 409,2025-06-07 12:00:00,2025,ABC
AtCoder,abc410,CodeQUEEN 2025 予選 (AtCoder Beginner Contest 410),2025-06-14 12:00:00,2025,ABC
AtCoder,abc411,ユニークビジョンプログラミングコンテスト2025 夏（AtCoder Beginner Contest 411）,2025-06-21 12:00:00,2025,ABC
AtCoder,abc412,日本最強プログラマー学生選手権～Advance～ -予選- （AtCoder Beginner Contest 412）,2025-06-28 12:00:00,2025,ABC
AtCoder,abc413,デンソークリエイトプログラミングコンテスト2025（AtCoder Beginner Contest 413）,2025-07-05 12:00:00,2025,ABC
AtCoder,abc414,ミラティブ プログラミングコンテスト2025（AtCoder Beginner Contest 414）,2025-07-12 12:00:00,2025,ABC
AtCoder,abc415,日本レジストリサービス（JPRS）プログラミングコンテスト2025#2（AtCoder Beginner Contest 415）,2025-07-19 12:00:00,2025,ABC
AtCoder,abc416,AtCoder Beginner Contest 416,2025-07-26 12:00:00,2025,ABC
AtCoder,abc417,AtCoder Beginner Contest 417,2025-08-02 12:00:00,2025,ABC
AtCoder,abc418,AtCoder Beginner Contest 418,2025-08-09 12:00:00,2025,ABC
AtCoder,abc419,AtCoder Beginner Contest 419,2025-08-16 12:00:00,2025,ABC
AtCoder,abc420,AtCoder Beginner Contest 420,2025-08-24 12:00:00,2025,ABC
AtCoder,abc421,AtCoder Beginner Contest 421,2025-08-30 12:00:00,2025,ABC
AtCoder,abc422,AtCoder Beginner Contest 422,2025-09-07 04:10:00,2025,ABC
AtCoder,abc423,AtCoder Beginner Contest 423,2025-09-14 12:00:00,2025,ABC
AtCoder,abc424,AtCoder × Engineer Guild オンサイトコンテスト ～集結！高レート人材～予選（AtCoder Beginner Contest 424）,2025-09-20 12:00:00,2025,ABC
AtCoder,abc425,ユニークビジョンプログラミングコンテスト2025 秋（AtCoder Beginner Contest 425）,2025-09-27 12:00:00,2025,ABC
AtCoder,abc426,AtCoder Beginner Contest 426,2025-10-04 12:00:00,2025,ABC
AtCoder,abc427,パナソニックグループ プログラミングコンテスト2025（AtCoder Beginner Contest 427）,2025-10-11 12:00:00,2025,ABC
AtCoder,abc428,AtCoder Beginner Contest 428（Promotion of AtCoderJobs）,2025-10-18 12:30:00,2025,ABC
AtCoder,abc429,Polaris.AI プログラミングコンテスト 2025（AtCoder Beginner Contest 429）,2025-10-25 12:00:00,2025,ABC
AtCoder,abc430,AtCoder Beginner Contest 430,2025-11-01 12:00:00,2025,ABC
AtCoder,abc431,トヨタシステムズプログラミングコンテスト2025（AtCoder Beginner Contest 431）,2025-11-08 12:00:00,2025,ABC
AtCoder,abc432,オムロンプログラミングコンテスト2025 #2（AtCoder Beginner Contest 432）,2025-11-15 12:00:00,2025,ABC
AtCoder,abc433,AtCoder Beginner Contest 433,2025-11-22 12:00:00,2025,ABC
AtCoder,abc434,Ｓｋｙ株式会社プログラミングコンテスト2025（AtCoder Beginner Contest 434）,2025-11-29 12:00:00,2025,ABC
AtCoder,abc435,AtCoder Beginner Contest 435,2025-12-06 12:00:00,2025,ABC
AtCoder,abc436,AtCoder Beginner Contest 436,2025-12-13 12:00:00,2025,ABC
AtCoder,abc437,ユニークビジョンプログラミングコンテスト2025 クリスマス（AtCoder Beginner Contest 437）,2025-12-20 12:00:00,2025,ABC
AtCoder,abc438,AtCoder Beginner Contest 438,2025-12-27 12:00:00,2025,ABC
AtCoder,abc439,AtCoder Beginner Contest 439（Promotion of AtCoderJobs）,2026-01-03 12:00:00,2026,ABC
AtCoder,abc440,AtCoder Beginner Contest 440 (Promotion of Engineer Guild Fes),2026-01-10 12:00:00,2026,ABC
AtCoder,abc441,AtCoder Beginner Contest 441 (Promotion of Engineer Guild Fes),2026-01-17 12:00:00,2026,ABC
AtCoder,abc442,JPRSプログラミングコンテスト2026#1（AtCoder Beginner Contest 442）,2026-01-24 12:00:00,2026,ABC
AtCoder,abc443,デンソークリエイトプログラミングコンテスト2026（AtCoder Beginner Contest 443）,2026-01-31 12:00:00,2026,ABC
AtCoder,abc444,AtCoder Beginner Contest 444,2026-02-07 12:00:00,2026,ABC
AtCoder,abc445,AtCoder Beginner Contest 445,2026-02-14 12:00:00,2026,ABC
AtCoder,abc446,AtCoder × Engineer Guild オンサイトコンテスト ～ACからはじまる27卒キャリア～予選　（AtCoder Beginner Contest 446）,2026-02-21 12:00:00,2026,ABC
AtCoder,abc447,AtCoder Beginner Contest 447,2026-02-28 12:00:00,2026,ABC
AtCoder,abc448,AtCoder Beginner Contest 448,2026-03-07 12:00:00,2026,ABC
AtCoder,abc449,AtCoder Beginner Contest 449,2026-03-14 12:00:00,2026,ABC
AtCoder,abc450,AtCoder Beginner Contest 450,2026-03-21 12:00:00,2026,ABC
AtCoder,abc451,AtCoder Beginner Contest 451,2026-03-28 12:00:00,2026,ABC
AtCoder,abc452,AtCoder Beginner Contest 452,2026-04-04 12:00:00,2026,ABC
AtCoder,abc453,AtCoder Beginner Contest 453,2026-04-11 12:00:00,2026,ABC
AtCoder,abc454,キーサイト・テクノロジープログラミングコンテスト（AtCoder Beginner Contest 454）,2026-04-18 12:00:00,2026,ABC
AtCoder,abc455,Ｓｋｙ株式会社プログラミングコンテスト2026（AtCoder Beginner Contest 455）,2026-04-25 12:00:00,2026,ABC
AtCoder,abc456,AtCoder Beginner Contest 456（Promotion of AtCoder Career Design DAY）,2026-05-02 12:00:00,2026,ABC
AtCoder,abc457,Polaris.AI プログラミングコンテスト 2026（AtCoder Beginner Contest 457）,2026-05-09 12:00:00,2026,ABC
AtCoder,abc458,SMBCプログラミングコンテスト #1（AtCoder Beginner Contest 458）,2026-05-16 12:00:00,2026,ABC
AtCoder,abc459,東京海上日動プログラミングコンテスト2026（AtCoder Beginner Contest 459）,2026-05-23 12:00:00,2026,ABC
AtCoder,abc460,AtCoder Beginner Contest 460,2026-05-30 12:00:00,2026,ABC
AtCoder,abc461,AtCoder Beginner Contest 461,2026-06-06 12:00:00,2026,ABC
AtCoder,abc462,CodeQUEEN 2026 予選 (AtCoder Beginner Contest 462),2026-06-13 12:00:00,2026,ABC
AtCoder,abl,ACL Beginner Contest,2020-09-26 12:00:00,2020,Other
AtCoder,acl1,ACL Contest 1,2020-09-20 12:00:00,2020,Other
AtCoder,adt_all_20231017_1,AtCoder Daily Training ALL 2023/10/17 15:30start,2023-10-17 06:30:00,2023,Other
AtCoder,adt_all_20231017_2,AtCoder Daily Training ALL 2023/10/17 17:30start,2023-10-17 08:30:00,2023,Other
AtCoder,adt_all_20231018_1,AtCoder Daily Training ALL 2023/10/18 16:00start,2023-10-18 07:00:00,2023,Other
AtCoder,adt_all_20231018_2,AtCoder Daily Training ALL 2023/10/18 18:00start,2023-10-18 09:00:00,2023,Other
AtCoder,adt_all_20231019_1,AtCoder Daily Training ALL 2023/10/19 16:30start,2023-10-19 07:30:00,2023,Other
AtCoder,adt_all_20231019_2,AtCoder Daily Training ALL 2023/10/19 18:30start,2023-10-19 09:30:00,2023,Other
AtCoder,adt_all_20231024_1,AtCoder Daily Training ALL 2023/10/24 15:30start,2023-10-24 06:30:00,2023,Other
AtCoder,adt_all_20231024_2,AtCoder Daily Training ALL 2023/10/24 17:30start,2023-10-24 08:30:00,2023,Other
AtCoder,adt_all_20231025_1,AtCoder Daily Training ALL 2023/10/25 16:00start,2023-10-25 07:00:00,2023,Other
AtCoder,adt_all_20231025_2,AtCoder Daily Training ALL 2023/10/25 18:00start,2023-10-25 09:00:00,2023,Other
AtCoder,adt_all_20231026_1,AtCoder Daily Training ALL 2023/10/26 16:30start,2023-10-26 07:30:00,2023,Other
AtCoder,adt_all_20231026_2,AtCoder Daily Training ALL 2023/10/26 18:30start,2023-10-26 09:30:00,2023,Other
AtCoder,adt_all_20231031_1,AtCoder Daily Training ALL 2023/10/31 15:30start,2023-10-31 06:30:00,2023,Other
AtCoder,adt_all_20231031_2,AtCoder Daily Training ALL 2023/10/31 17:30start,2023-10-31 08:30:00,2023,Other
AtCoder,adt_all_20231101_1,AtCoder Daily Training ALL 2023/11/1 16:00start,2023-11-01 07:00:00,2023,Other
AtCoder,adt_all_20231101_2,AtCoder Daily Training ALL 2023/11/1 18:00start,2023-11-01 09:00:00,2023,Other
AtCoder,adt_all_20231102_1,AtCoder Daily Training ALL 2023/11/2 16:30start,2023-11-02 07:30:00,2023,Other
AtCoder,adt_all_20231102_2,AtCoder Daily Training ALL 2023/11/2 18:30start,2023-11-02 09:30:00,2023,Other
AtCoder,adt_all_20231107_1,AtCoder Daily Training ALL 2023/11/7 15:30start,2023-11-07 06:30:00,2023,Other
AtCoder,adt_all_20231107_2,AtCoder Daily Training ALL 2023/11/7 17:30start,2023-11-07 08:30:00,2023,Other
AtCoder,adt_all_20231108_1,AtCoder Daily Training ALL 2023/11/8 16:00start,2023-11-08 07:00:00,2023,Other
AtCoder,adt_all_20231108_2,AtCoder Daily Training ALL 2023/11/8 18:00start,2023-11-08 09:00:00,2023,Other
AtCoder,adt_all_20231109_1,AtCoder Daily Training ALL 2023/11/9 16:30start,2023-11-09 07:30:00,2023,Other
AtCoder,adt_all_20231109_2,AtCoder Daily Training ALL 2023/11/9 18:30start,2023-11-09 09:30:00,2023,Other
AtCoder,adt_all_20231114_1,AtCoder Daily Training ALL 2023/11/14 15:30start,2023-11-14 06:30:00,2023,Other
AtCoder,adt_all_20231114_2,AtCoder Daily Training ALL 2023/11/14 17:30start,2023-11-14 08:30:00,2023,Other
AtCoder,adt_all_20231115_1,AtCoder Daily Training ALL 2023/11/15 16:00start,2023-11-15 07:00:00,2023,Other
AtCoder,adt_all_20231115_2,AtCoder Daily Training ALL 2023/11/15 18:00start,2023-11-15 09:00:00,2023,Other
AtCoder,adt_all_20231116_1,AtCoder Daily Training ALL 2023/11/16 16:30start,2023-11-16 07:30:00,2023,Other
AtCoder,adt_all_20231116_2,AtCoder Daily Training ALL 2023/11/16 18:30start,2023-11-16 09:30:00,2023,Other
AtCoder,adt_all_20231121_1,AtCoder Daily Training ALL 2023/11/21 15:30start,2023-11-21 06:30:00,2023,Other
AtCoder,adt_all_20231121_2,AtCoder Daily Training ALL 2023/11/21 17:30start,2023-11-21 08:30:00,2023,Other
AtCoder,adt_all_20231122_1,AtCoder Daily Training ALL 2023/11/22 16:00start,2023-11-22 07:00:00,2023,Other
AtCoder,adt_all_20231122_2,AtCoder Daily Training ALL 2023/11/22 18:00start,2023-11-22 09:00:00,2023,Other
AtCoder,adt_all_20231123_1,AtCoder Daily Training ALL 2023/11/23 16:30start,2023-11-23 07:30:00,2023,Other
AtCoder,adt_all_20231123_2,AtCoder Daily Training ALL 2023/11/23 18:30start,2023-11-23 09:30:00,2023,Other
AtCoder,adt_all_20231128_1,AtCoder Daily Training ALL 2023/11/28 15:30start,2023-11-28 06:30:00,2023,Other
AtCoder,adt_all_20231128_2,AtCoder Daily Training ALL 2023/11/28 17:30start,2023-11-28 08:30:00,2023,Other
AtCoder,adt_all_20231129_1,AtCoder Daily Training ALL 2023/11/29 16:00start,2023-11-29 07:00:00,2023,Other
AtCoder,adt_all_20231129_2,AtCoder Daily Training ALL 2023/11/29 18:00start,2023-11-29 09:00:00,2023,Other
AtCoder,adt_all_20231130_1,AtCoder Daily Training ALL 2023/11/30 16:30start,2023-11-30 07:30:00,2023,Other
AtCoder,adt_all_20231130_2,AtCoder Daily Training ALL 2023/11/30 18:30start,2023-11-30 09:30:00,2023,Other
AtCoder,adt_all_20231205_1,AtCoder Daily Training ALL 2023/12/5 15:30start,2023-12-05 06:30:00,2023,Other
AtCoder,adt_all_20231205_2,AtCoder Daily Training ALL 2023/12/5 17:30start,2023-12-05 08:30:00,2023,Other
AtCoder,adt_all_20231206_1,AtCoder Daily Training ALL 2023/12/6 16:00start,2023-12-06 07:00:00,2023,Other
AtCoder,adt_all_20231206_2,AtCoder Daily Training ALL 2023/12/6 18:00start,2023-12-06 09:00:00,2023,Other
AtCoder,adt_all_20231207_1,AtCoder Daily Training ALL 2023/12/7 16:30start,2023-12-07 07:30:00,2023,Other
AtCoder,adt_all_20231207_2,AtCoder Daily Training ALL 2023/12/7 18:30start,2023-12-07 09:30:00,2023,Other
AtCoder,adt_all_20231212_1,AtCoder Daily Training ALL 2023/12/12 15:30start,2023-12-12 06:30:00,2023,Other
AtCoder,adt_all_20231212_2,AtCoder Daily Training ALL 2023/12/12 17:30start,2023-12-12 08:30:00,2023,Other
AtCoder,adt_all_20231213_1,AtCoder Daily Training ALL 2023/12/13 16:00start,2023-12-13 07:00:00,2023,Other
AtCoder,adt_all_20231213_2,AtCoder Daily Training ALL 2023/12/13 18:00start,2023-12-13 09:00:00,2023,Other
AtCoder,adt_all_20231214_1,AtCoder Daily Training ALL 2023/12/14 16:30start,2023-12-14 07:30:00,2023,Other
AtCoder,adt_all_20231214_2,AtCoder Daily Training ALL 2023/12/14 18:30start,2023-12-14 09:30:00,2023,Other
AtCoder,adt_all_20231219_1,AtCoder Daily Training ALL 2023/12/19 15:30start,2023-12-19 06:30:00,2023,Other
AtCoder,adt_all_20231219_2,AtCoder Daily Training ALL 2023/12/19 17:30start,2023-12-19 08:30:00,2023,Other
AtCoder,adt_all_20231220_1,AtCoder Daily Training ALL 2023/12/20 16:00start,2023-12-20 07:00:00,2023,Other
AtCoder,adt_all_20231220_2,AtCoder Daily Training ALL 2023/12/20 18:00start,2023-12-20 09:00:00,2023,Other
AtCoder,adt_all_20231221_1,AtCoder Daily Training ALL 2023/12/21 16:30start,2023-12-21 07:30:00,2023,Other
AtCoder,adt_all_20231221_2,AtCoder Daily Training ALL 2023/12/21 18:30start,2023-12-21 09:30:00,2023,Other
AtCoder,adt_all_20231226_1,AtCoder Daily Training ALL 2023/12/26 15:30start,2023-12-26 06:30:00,2023,Other
AtCoder,adt_all_20231226_2,AtCoder Daily Training ALL 2023/12/26 17:30start,2023-12-26 08:30:00,2023,Other
AtCoder,adt_all_20231227_1,AtCoder Daily Training ALL 2023/12/27 16:00start,2023-12-27 07:00:00,2023,Other
AtCoder,adt_all_20231227_2,AtCoder Daily Training ALL 2023/12/27 18:00start,2023-12-27 09:00:00,2023,Other
AtCoder,adt_all_20231228_1,AtCoder Daily Training ALL 2023/12/28 16:30start,2023-12-28 07:30:00,2023,Other
AtCoder,adt_all_20231228_2,AtCoder Daily Training ALL 2023/12/28 18:30start,2023-12-28 09:30:00,2023,Other
AtCoder,adt_all_20240102_1,AtCoder Daily Training ALL 2024/1/2 15:30start,2024-01-02 06:30:00,2024,Other
AtCoder,adt_all_20240102_2,AtCoder Daily Training ALL 2024/1/2 17:30start,2024-01-02 08:30:00,2024,Other
AtCoder,adt_all_20240103_1,AtCoder Daily Training ALL 2024/1/3 16:00start,2024-01-03 07:00:00,2024,Other
AtCoder,adt_all_20240103_2,AtCoder Daily Training ALL 2024/1/3 18:00start,2024-01-03 09:00:00,2024,Other
AtCoder,adt_all_20240104_1,AtCoder Daily Training ALL 2024/1/4 16:30start,2024-01-04 07:30:00,2024,Other
AtCoder,adt_all_20240104_2,AtCoder Daily Training ALL 2024/1/4 18:30start,2024-01-04 09:30:00,2024,Other
AtCoder,adt_all_20240109_1,AtCoder Daily Training ALL 2024/1/9 15:30start,2024-01-09 06:30:00,2024,Other
AtCoder,adt_all_20240109_2,AtCoder Daily Training ALL 2024/1/9 17:30start,2024-01-09 08:30:00,2024,Other
AtCoder,adt_all_20240110_1,AtCoder Daily Training ALL 2024/1/10 16:00start,2024-01-10 07:00:00,2024,Other
AtCoder,adt_all_20240110_2,AtCoder Daily Training ALL 2024/1/10 18:00start,2024-01-10 09:00:00,2024,Other
AtCoder,adt_all_20240111_1,AtCoder Daily Training ALL 2024/1/11 16:30start,2024-01-11 07:30:00,2024,Other
AtCoder,adt_all_20240111_2,AtCoder Daily Training ALL 2024/1/11 18:30start,2024-01-11 09:30:00,2024,Other
AtCoder,adt_all_20240116_1,AtCoder Daily Training ALL 2024/01/16 15:30start,2024-01-16 06:30:00,2024,Other
AtCoder,adt_all_20240116_2,AtCoder Daily Training ALL 2024/01/16 17:30start,2024-01-16 08:30:00,2024,Other
AtCoder,adt_all_20240116_3,AtCoder Daily Training ALL 2024/01/16 19:30start,2024-01-16 10:30:00,2024,Other
AtCoder,adt_all_20240117_1,AtCoder Daily Training ALL 2024/01/17 16:00start,2024-01-17 07:00:00,2024,Other
AtCoder,adt_all_20240117_2,AtCoder Daily Training ALL 2024/01/17 18:00start,2024-01-17 09:00:00,2024,Other
AtCoder,adt_all_20240117_3,AtCoder Daily Training ALL 2024/01/17 20:00start,2024-01-17 11:00:00,2024,Other
AtCoder,adt_all_20240118_1,AtCoder Daily Training ALL 2024/01/18 16:30start,2024-01-18 07:30:00,2024,Other
AtCoder,adt_all_20240118_2,AtCoder Daily Training ALL 2024/01/18 18:30start,2024-01-18 09:30:00,2024,Other
AtCoder,adt_all_20240118_3,AtCoder Daily Training ALL 2024/01/18 20:30start,2024-01-18 11:30:00,2024,Other
AtCoder,adt_all_20240123_1,AtCoder Daily Training ALL 2024/01/23 15:30start,2024-01-23 06:30:00,2024,Other
AtCoder,adt_all_20240123_2,AtCoder Daily Training ALL 2024/01/23 17:30start,2024-01-23 08:30:00,2024,Other
AtCoder,adt_all_20240123_3,AtCoder Daily Training ALL 2024/01/23 19:30start,2024-01-23 10:30:00,2024,Other
AtCoder,adt_all_20240124_1,AtCoder Daily Training ALL 2024/01/24 16:00start,2024-01-24 07:00:00,2024,Other
AtCoder,adt_all_20240124_2,AtCoder Daily Training ALL 2024/01/24 18:00start,2024-01-24 09:00:00,2024,Other
AtCoder,adt_all_20240124_3,AtCoder Daily Training ALL 2024/01/24 20:00start,2024-01-24 11:00:00,2024,Other
AtCoder,adt_all_20240125_1,AtCoder Daily Training ALL 2024/01/25 16:30start,2024-01-25 07:30:00,2024,Other
AtCoder,adt_all_20240125_2,AtCoder Daily Training ALL 2024/01/25 18:30start,2024-01-25 09:30:00,2024,Other
AtCoder,adt_all_20240125_3,AtCoder Daily Training ALL 2024/01/25 20:30start,2024-01-25 11:30:00,2024,Other
AtCoder,adt_all_20240130_1,AtCoder Daily Training ALL 2024/01/30 15:30start,2024-01-30 06:30:00,2024,Other
AtCoder,adt_all_20240130_2,AtCoder Daily Training ALL 2024/01/30 17:30start,2024-01-30 08:30:00,2024,Other
AtCoder,adt_all_20240130_3,AtCoder Daily Training ALL 2024/01/30 19:30start,2024-01-30 10:30:00,2024,Other
AtCoder,adt_all_20240131_1,AtCoder Daily Training ALL 2024/01/31 16:00start,2024-01-31 07:00:00,2024,Other
AtCoder,adt_all_20240131_2,AtCoder Daily Training ALL 2024/01/31 18:00start,2024-01-31 09:00:00,2024,Other
AtCoder,adt_all_20240131_3,AtCoder Daily Training ALL 2024/01/31 20:00start,2024-01-31 11:00:00,2024,Other
AtCoder,adt_all_20240201_1,AtCoder Daily Training ALL 2024/02/01 16:30start,2024-02-01 07:30:00,2024,Other
AtCoder,adt_all_20240201_2,AtCoder Daily Training ALL 2024/02/01 18:30start,2024-02-01 09:30:00,2024,Other
AtCoder,adt_all_20240201_3,AtCoder Daily Training ALL 2024/02/01 20:30start,2024-02-01 11:30:00,2024,Other
AtCoder,adt_all_20240206_1,AtCoder Daily Training ALL 2024/02/06 15:30start,2024-02-06 06:30:00,2024,Other
AtCoder,adt_all_20240206_2,AtCoder Daily Training ALL 2024/02/06 17:30start,2024-02-06 08:30:00,2024,Other
AtCoder,adt_all_20240206_3,AtCoder Daily Training ALL 2024/02/06 19:30start,2024-02-06 10:30:00,2024,Other
AtCoder,adt_all_20240207_1,AtCoder Daily Training ALL 2024/02/07 16:00start,2024-02-07 07:00:00,2024,Other
AtCoder,adt_all_20240207_2,AtCoder Daily Training ALL 2024/02/07 18:00start,2024-02-07 09:00:00,2024,Other
AtCoder,adt_all_20240207_3,AtCoder Daily Training ALL 2024/02/07 20:00start,2024-02-07 11:00:00,2024,Other
AtCoder,adt_all_20240208_1,AtCoder Daily Training ALL 2024/02/08 16:30start,2024-02-08 07:30:00,2024,Other
AtCoder,adt_all_20240208_2,AtCoder Daily Training ALL 2024/02/08 18:30start,2024-02-08 09:30:00,2024,Other
AtCoder,adt_all_20240208_3,AtCoder Daily Training ALL 2024/02/08 20:30start,2024-02-08 11:30:00,2024,Other
AtCoder,adt_all_20240213_1,AtCoder Daily Training ALL 2024/02/13 15:30start,2024-02-13 06:30:00,2024,Other
AtCoder,adt_all_20240213_2,AtCoder Daily Training ALL 2024/02/13 17:30start,2024-02-13 08:30:00,2024,Other
AtCoder,adt_all_20240213_3,AtCoder Daily Training ALL 2024/02/13 19:30start,2024-02-13 10:30:00,2024,Other
AtCoder,adt_all_20240214_1,AtCoder Daily Training ALL 2024/02/14 16:00start,2024-02-14 07:00:00,2024,Other
AtCoder,adt_all_20240214_2,AtCoder Daily Training ALL 2024/02/14 18:00start,2024-02-14 09:00:00,2024,Other
AtCoder,adt_all_20240214_3,AtCoder Daily Training ALL 2024/02/14 20:00start,2024-02-14 11:00:00,2024,Other
AtCoder,adt_all_20240215_1,AtCoder Daily Training ALL 2024/02/15 16:30start,2024-02-15 07:30:00,2024,Other
AtCoder,adt_all_20240215_2,AtCoder Daily Training ALL 2024/02/15 18:30start,2024-02-15 09:30:00,2024,Other
AtCoder,adt_all_20240215_3,AtCoder Daily Training ALL 2024/02/15 20:30start,2024-02-15 11:30:00,2024,Other
AtCoder,adt_all_20240220_1,AtCoder Daily Training ALL 2024/02/20 15:30start,2024-02-20 06:30:00,2024,Other
AtCoder,adt_all_20240220_2,AtCoder Daily Training ALL 2024/02/20 17:30start,2024-02-20 08:30:00,2024,Other
AtCoder,adt_all_20240220_3,AtCoder Daily Training ALL 2024/02/20 19:30start,2024-02-20 10:30:00,2024,Other
AtCoder,adt_all_20240221_1,AtCoder Daily Training ALL 2024/02/21 16:00start,2024-02-21 07:00:00,2024,Other
AtCoder,adt_all_20240221_2,AtCoder Daily Training ALL 2024/02/21 18:00start,2024-02-21 09:00:00,2024,Other
AtCoder,adt_all_20240221_3,AtCoder Daily Training ALL 2024/02/21 20:00start,2024-02-21 11:00:00,2024,Other
AtCoder,adt_all_20240222_1,AtCoder Daily Training ALL 2024/02/22 16:30start,2024-02-22 07:30:00,2024,Other
AtCoder,adt_all_20240222_2,AtCoder Daily Training ALL 2024/02/22 18:30start,2024-02-22 09:30:00,2024,Other
AtCoder,adt_all_20240222_3,AtCoder Daily Training ALL 2024/02/22 20:30start,2024-02-22 11:30:00,2024,Other
AtCoder,adt_all_20240227_1,AtCoder Daily Training ALL 2024/02/27 15:30start,2024-02-27 06:30:00,2024,Other
AtCoder,adt_all_20240227_2,AtCoder Daily Training ALL 2024/02/27 17:30start,2024-02-27 08:30:00,2024,Other
AtCoder,adt_all_20240227_3,AtCoder Daily Training ALL 2024/02/27 19:30start,2024-02-27 10:30:00,2024,Other
AtCoder,adt_all_20240228_1,AtCoder Daily Training ALL 2024/02/28 16:00start,2024-02-28 07:00:00,2024,Other
AtCoder,adt_all_20240228_2,AtCoder Daily Training ALL 2024/02/28 18:00start,2024-02-28 09:00:00,2024,Other
AtCoder,adt_all_20240228_3,AtCoder Daily Training ALL 2024/02/28 20:00start,2024-02-28 11:00:00,2024,Other
AtCoder,adt_all_20240229_1,AtCoder Daily Training ALL 2024/02/29 16:30start,2024-02-29 07:30:00,2024,Other
AtCoder,adt_all_20240229_2,AtCoder Daily Training ALL 2024/02/29 18:30start,2024-02-29 09:30:00,2024,Other
AtCoder,adt_all_20240229_3,AtCoder Daily Training ALL 2024/02/29 20:30start,2024-02-29 11:30:00,2024,Other
AtCoder,adt_all_20240305_1,AtCoder Daily Training ALL 2024/03/05 15:30start,2024-03-05 06:30:00,2024,Other
AtCoder,adt_all_20240305_2,AtCoder Daily Training ALL 2024/03/05 17:30start,2024-03-05 08:30:00,2024,Other
AtCoder,adt_all_20240305_3,AtCoder Daily Training ALL 2024/03/05 19:30start,2024-03-05 10:30:00,2024,Other
AtCoder,adt_all_20240306_1,AtCoder Daily Training ALL 2024/03/06 16:00start,2024-03-06 07:00:00,2024,Other
AtCoder,adt_all_20240306_2,AtCoder Daily Training ALL 2024/03/06 18:00start,2024-03-06 09:00:00,2024,Other
AtCoder,adt_all_20240306_3,AtCoder Daily Training ALL 2024/03/06 20:00start,2024-03-06 11:00:00,2024,Other
AtCoder,adt_all_20240307_1,AtCoder Daily Training ALL 2024/03/07 16:30start,2024-03-07 07:30:00,2024,Other
AtCoder,adt_all_20240307_2,AtCoder Daily Training ALL 2024/03/07 18:30start,2024-03-07 09:30:00,2024,Other
AtCoder,adt_all_20240307_3,AtCoder Daily Training ALL 2024/03/07 20:30start,2024-03-07 11:30:00,2024,Other
AtCoder,adt_all_20240312_1,AtCoder Daily Training ALL 2024/03/12 15:30start,2024-03-12 06:30:00,2024,Other
AtCoder,adt_all_20240312_2,AtCoder Daily Training ALL 2024/03/12 17:30start,2024-03-12 08:30:00,2024,Other
AtCoder,adt_all_20240312_3,AtCoder Daily Training ALL 2024/03/12 19:30start,2024-03-12 10:30:00,2024,Other
AtCoder,adt_all_20240313_1,AtCoder Daily Training ALL 2024/03/13 16:00start,2024-03-13 07:00:00,2024,Other
AtCoder,adt_all_20240313_2,AtCoder Daily Training ALL 2024/03/13 18:00start,2024-03-13 09:00:00,2024,Other
AtCoder,adt_all_20240313_3,AtCoder Daily Training ALL 2024/03/13 20:00start,2024-03-13 11:00:00,2024,Other
AtCoder,adt_all_20240314_1,AtCoder Daily Training ALL 2024/03/14 16:30start,2024-03-14 07:30:00,2024,Other
AtCoder,adt_all_20240314_2,AtCoder Daily Training ALL 2024/03/14 18:30start,2024-03-14 09:30:00,2024,Other
AtCoder,adt_all_20240314_3,AtCoder Daily Training ALL 2024/03/14 20:30start,2024-03-14 11:30:00,2024,Other
AtCoder,adt_all_20240319_1,AtCoder Daily Training ALL 2024/03/19 15:30start,2024-03-19 06:30:00,2024,Other
AtCoder,adt_all_20240319_2,AtCoder Daily Training ALL 2024/03/19 17:30start,2024-03-19 08:30:00,2024,Other
AtCoder,adt_all_20240319_3,AtCoder Daily Training ALL 2024/03/19 19:30start,2024-03-19 10:30:00,2024,Other
AtCoder,adt_all_20240320_1,AtCoder Daily Training ALL 2024/03/20 16:00start,2024-03-20 07:00:00,2024,Other
AtCoder,adt_all_20240320_2,AtCoder Daily Training ALL 2024/03/20 18:00start,2024-03-20 09:00:00,2024,Other
AtCoder,adt_all_20240320_3,AtCoder Daily Training ALL 2024/03/20 20:00start,2024-03-20 11:00:00,2024,Other
AtCoder,adt_all_20240321_1,AtCoder Daily Training ALL 2024/03/21 16:30start,2024-03-21 07:30:00,2024,Other
AtCoder,adt_all_20240321_2,AtCoder Daily Training ALL 2024/03/21 18:30start,2024-03-21 09:30:00,2024,Other
AtCoder,adt_all_20240321_3,AtCoder Daily Training ALL 2024/03/21 20:30start,2024-03-21 11:30:00,2024,Other
AtCoder,adt_all_20240326_1,AtCoder Daily Training ALL 2024/03/26 15:30start,2024-03-26 06:30:00,2024,Other
AtCoder,adt_all_20240326_2,AtCoder Daily Training ALL 2024/03/26 17:30start,2024-03-26 08:30:00,2024,Other
AtCoder,adt_all_20240326_3,AtCoder Daily Training ALL 2024/03/26 19:30start,2024-03-26 10:30:00,2024,Other
AtCoder,adt_all_20240327_1,AtCoder Daily Training ALL 2024/03/27 16:00start,2024-03-27 07:00:00,2024,Other
AtCoder,adt_all_20240327_2,AtCoder Daily Training ALL 2024/03/27 18:00start,2024-03-27 09:00:00,2024,Other
AtCoder,adt_all_20240327_3,AtCoder Daily Training ALL 2024/03/27 20:00start,2024-03-27 11:00:00,2024,Other
AtCoder,adt_all_20240328_1,AtCoder Daily Training ALL 2024/03/28 16:30start,2024-03-28 07:30:00,2024,Other
AtCoder,adt_all_20240328_2,AtCoder Daily Training ALL 2024/03/28 18:30start,2024-03-28 09:30:00,2024,Other
AtCoder,adt_all_20240328_3,AtCoder Daily Training ALL 2024/03/28 20:30start,2024-03-28 11:30:00,2024,Other
AtCoder,adt_all_20240402_1,AtCoder Daily Training ALL 2024/04/02 15:30start,2024-04-02 06:30:00,2024,Other
AtCoder,adt_all_20240402_2,AtCoder Daily Training ALL 2024/04/02 17:30start,2024-04-02 08:30:00,2024,Other
AtCoder,adt_all_20240402_3,AtCoder Daily Training ALL 2024/04/02 19:30start,2024-04-02 10:30:00,2024,Other
AtCoder,adt_all_20240403_1,AtCoder Daily Training ALL 2024/04/03 16:00start,2024-04-03 07:00:00,2024,Other
AtCoder,adt_all_20240403_2,AtCoder Daily Training ALL 2024/04/03 18:00start,2024-04-03 09:00:00,2024,Other
AtCoder,adt_all_20240403_3,AtCoder Daily Training ALL 2024/04/03 20:00start,2024-04-03 11:00:00,2024,Other
AtCoder,adt_all_20240404_1,AtCoder Daily Training ALL 2024/04/04 16:30start,2024-04-04 07:30:00,2024,Other
AtCoder,adt_all_20240404_2,AtCoder Daily Training ALL 2024/04/04 18:30start,2024-04-04 09:30:00,2024,Other
AtCoder,adt_all_20240404_3,AtCoder Daily Training ALL 2024/04/04 20:30start,2024-04-04 11:30:00,2024,Other
AtCoder,adt_all_20240409_1,AtCoder Daily Training ALL 2024/04/09 15:30start,2024-04-09 06:30:00,2024,Other
AtCoder,adt_all_20240409_2,AtCoder Daily Training ALL 2024/04/09 17:30start,2024-04-09 08:30:00,2024,Other
AtCoder,adt_all_20240409_3,AtCoder Daily Training ALL 2024/04/09 19:30start,2024-04-09 10:30:00,2024,Other
AtCoder,adt_all_20240410_1,AtCoder Daily Training ALL 2024/04/10 16:00start,2024-04-10 07:00:00,2024,Other
AtCoder,adt_all_20240410_2,AtCoder Daily Training ALL 2024/04/10 18:00start,2024-04-10 09:00:00,2024,Other
AtCoder,adt_all_20240410_3,AtCoder Daily Training ALL 2024/04/10 20:00start,2024-04-10 11:00:00,2024,Other
AtCoder,adt_all_20240411_1,AtCoder Daily Training ALL 2024/04/11 16:30start,2024-04-11 07:30:00,2024,Other
AtCoder,adt_all_20240411_2,AtCoder Daily Training ALL 2024/04/11 18:30start,2024-04-11 09:30:00,2024,Other
AtCoder,adt_all_20240411_3,AtCoder Daily Training ALL 2024/04/11 20:30start,2024-04-11 11:30:00,2024,Other
AtCoder,adt_all_20240416_1,AtCoder Daily Training ALL 2024/04/16 15:30start,2024-04-16 06:30:00,2024,Other
AtCoder,adt_all_20240416_2,AtCoder Daily Training ALL 2024/04/16 17:30start,2024-04-16 08:30:00,2024,Other
AtCoder,adt_all_20240416_3,AtCoder Daily Training ALL 2024/04/16 19:30start,2024-04-16 10:30:00,2024,Other
AtCoder,adt_all_20240417_1,AtCoder Daily Training ALL 2024/04/17 16:00start,2024-04-17 07:00:00,2024,Other
AtCoder,adt_all_20240417_2,AtCoder Daily Training ALL 2024/04/17 18:00start,2024-04-17 09:00:00,2024,Other
AtCoder,adt_all_20240417_3,AtCoder Daily Training ALL 2024/04/17 20:00start,2024-04-17 11:00:00,2024,Other
AtCoder,adt_all_20240418_1,AtCoder Daily Training ALL 2024/04/18 16:30start,2024-04-18 07:30:00,2024,Other
AtCoder,adt_all_20240418_2,AtCoder Daily Training ALL 2024/04/18 18:30start,2024-04-18 09:30:00,2024,Other
AtCoder,adt_all_20240418_3,AtCoder Daily Training ALL 2024/04/18 20:30start,2024-04-18 11:30:00,2024,Other
AtCoder,adt_all_20240423_1,AtCoder Daily Training ALL 2024/04/23 15:30start,2024-04-23 06:30:00,2024,Other
AtCoder,adt_all_20240423_2,AtCoder Daily Training ALL 2024/04/23 17:30start,2024-04-23 08:30:00,2024,Other
AtCoder,adt_all_20240423_3,AtCoder Daily Training ALL 2024/04/23 19:30start,2024-04-23 10:30:00,2024,Other
AtCoder,adt_all_20240424_1,AtCoder Daily Training ALL 2024/04/24 16:00start,2024-04-24 07:00:00,2024,Other
AtCoder,adt_all_20240424_2,AtCoder Daily Training ALL 2024/04/24 18:00start,2024-04-24 09:00:00,2024,Other
AtCoder,adt_all_20240424_3,AtCoder Daily Training ALL 2024/04/24 20:00start,2024-04-24 11:00:00,2024,Other
AtCoder,adt_all_20240425_1,AtCoder Daily Training ALL 2024/04/25 16:30start,2024-04-25 07:30:00,2024,Other
AtCoder,adt_all_20240425_2,AtCoder Daily Training ALL 2024/04/25 18:30start,2024-04-25 09:30:00,2024,Other
AtCoder,adt_all_20240425_3,AtCoder Daily Training ALL 2024/04/25 20:30start,2024-04-25 11:30:00,2024,Other
AtCoder,adt_all_20240430_1,AtCoder Daily Training ALL 2024/04/30 15:30start,2024-04-30 06:30:00,2024,Other
AtCoder,adt_all_20240430_2,AtCoder Daily Training ALL 2024/04/30 17:30start,2024-04-30 08:30:00,2024,Other
AtCoder,adt_all_20240430_3,AtCoder Daily Training ALL 2024/04/30 19:30start,2024-04-30 10:30:00,2024,Other
AtCoder,adt_all_20240501_1,AtCoder Daily Training ALL 2024/05/01 16:00start,2024-05-01 07:00:00,2024,Other
AtCoder,adt_all_20240501_2,AtCoder Daily Training ALL 2024/05/01 18:00start,2024-05-01 09:00:00,2024,Other
AtCoder,adt_all_20240501_3,AtCoder Daily Training ALL 2024/05/01 20:00start,2024-05-01 11:00:00,2024,Other
AtCoder,adt_all_20240502_1,AtCoder Daily Training ALL 2024/05/02 16:30start,2024-05-02 07:30:00,2024,Other
AtCoder,adt_all_20240502_2,AtCoder Daily Training ALL 2024/05/02 18:30start,2024-05-02 09:30:00,2024,Other
AtCoder,adt_all_20240502_3,AtCoder Daily Training ALL 2024/05/02 20:30start,2024-05-02 11:30:00,2024,Other
AtCoder,adt_all_20240507_1,AtCoder Daily Training ALL 2024/05/07 15:30start,2024-05-07 06:30:00,2024,Other
AtCoder,adt_all_20240507_2,AtCoder Daily Training ALL 2024/05/07 17:30start,2024-05-07 08:30:00,2024,Other
AtCoder,adt_all_20240507_3,AtCoder Daily Training ALL 2024/05/07 19:30start,2024-05-07 10:30:00,2024,Other
AtCoder,adt_all_20240508_1,AtCoder Daily Training ALL 2024/05/08 16:00start,2024-05-08 07:00:00,2024,Other
AtCoder,adt_all_20240508_2,AtCoder Daily Training ALL 2024/05/08 18:00start,2024-05-08 09:00:00,2024,Other
AtCoder,adt_all_20240508_3,AtCoder Daily Training ALL 2024/05/08 20:00start,2024-05-08 11:00:00,2024,Other
AtCoder,adt_all_20240509_1,AtCoder Daily Training ALL 2024/05/09 16:30start,2024-05-09 07:30:00,2024,Other
AtCoder,adt_all_20240509_2,AtCoder Daily Training ALL 2024/05/09 18:30start,2024-05-09 09:30:00,2024,Other
AtCoder,adt_all_20240509_3,AtCoder Daily Training ALL 2024/05/09 20:30start,2024-05-09 11:30:00,2024,Other
AtCoder,adt_all_20240514_1,AtCoder Daily Training ALL 2024/05/14 15:30start,2024-05-14 06:30:00,2024,Other
AtCoder,adt_all_20240514_2,AtCoder Daily Training ALL 2024/05/14 17:30start,2024-05-14 08:30:00,2024,Other
AtCoder,adt_all_20240514_3,AtCoder Daily Training ALL 2024/05/14 19:30start,2024-05-14 10:30:00,2024,Other
AtCoder,adt_all_20240515_1,AtCoder Daily Training ALL 2024/05/15 16:00start,2024-05-15 07:00:00,2024,Other
AtCoder,adt_all_20240515_2,AtCoder Daily Training ALL 2024/05/15 18:00start,2024-05-15 09:00:00,2024,Other
AtCoder,adt_all_20240515_3,AtCoder Daily Training ALL 2024/05/15 20:00start,2024-05-15 11:00:00,2024,Other
AtCoder,adt_all_20240516_1,AtCoder Daily Training ALL 2024/05/16 16:30start,2024-05-16 07:30:00,2024,Other
AtCoder,adt_all_20240516_2,AtCoder Daily Training ALL 2024/05/16 18:30start,2024-05-16 09:30:00,2024,Other
AtCoder,adt_all_20240516_3,AtCoder Daily Training ALL 2024/05/16 20:30start,2024-05-16 11:30:00,2024,Other
AtCoder,adt_all_20240521_1,AtCoder Daily Training ALL 2024/05/21 15:30start,2024-05-21 06:30:00,2024,Other
AtCoder,adt_all_20240521_2,AtCoder Daily Training ALL 2024/05/21 17:30start,2024-05-21 08:30:00,2024,Other
AtCoder,adt_all_20240521_3,AtCoder Daily Training ALL 2024/05/21 19:30start,2024-05-21 10:30:00,2024,Other
AtCoder,adt_all_20240522_1,AtCoder Daily Training ALL 2024/05/22 16:00start,2024-05-22 07:00:00,2024,Other
AtCoder,adt_all_20240522_2,AtCoder Daily Training ALL 2024/05/22 18:00start,2024-05-22 09:00:00,2024,Other
AtCoder,adt_all_20240522_3,AtCoder Daily Training ALL 2024/05/22 20:00start,2024-05-22 11:00:00,2024,Other
AtCoder,adt_all_20240523_1,AtCoder Daily Training ALL 2024/05/23 16:30start,2024-05-23 07:30:00,2024,Other
AtCoder,adt_all_20240523_2,AtCoder Daily Training ALL 2024/05/23 18:30start,2024-05-23 09:30:00,2024,Other
AtCoder,adt_all_20240523_3,AtCoder Daily Training ALL 2024/05/23 20:30start,2024-05-23 11:30:00,2024,Other
AtCoder,adt_all_20240528_1,AtCoder Daily Training ALL 2024/05/28 15:30start,2024-05-28 06:30:00,2024,Other
AtCoder,adt_all_20240528_2,AtCoder Daily Training ALL 2024/05/28 17:30start,2024-05-28 08:30:00,2024,Other
AtCoder,adt_all_20240528_3,AtCoder Daily Training ALL 2024/05/28 19:30start,2024-05-28 10:30:00,2024,Other
AtCoder,adt_all_20240529_1,AtCoder Daily Training ALL 2024/05/29 16:00start,2024-05-29 07:00:00,2024,Other
AtCoder,adt_all_20240529_2,AtCoder Daily Training ALL 2024/05/29 18:00start,2024-05-29 09:00:00,2024,Other
AtCoder,adt_all_20240529_3,AtCoder Daily Training ALL 2024/05/29 20:00start,2024-05-29 11:00:00,2024,Other
AtCoder,adt_all_20240530_1,AtCoder Daily Training ALL 2024/05/30 16:30start,2024-05-30 07:30:00,2024,Other
AtCoder,adt_all_20240530_2,AtCoder Daily Training ALL 2024/05/30 18:30start,2024-05-30 09:30:00,2024,Other
AtCoder,adt_all_20240530_3,AtCoder Daily Training ALL 2024/05/30 20:30start,2024-05-30 11:30:00,2024,Other
AtCoder,adt_all_20240604_1,AtCoder Daily Training ALL 2024/06/04 15:30start,2024-06-04 06:30:00,2024,Other
AtCoder,adt_all_20240604_2,AtCoder Daily Training ALL 2024/06/04 17:30start,2024-06-04 08:30:00,2024,Other
AtCoder,adt_all_20240604_3,AtCoder Daily Training ALL 2024/06/04 19:30start,2024-06-04 10:30:00,2024,Other
AtCoder,adt_all_20240605_1,AtCoder Daily Training ALL 2024/06/05 16:00start,2024-06-05 07:00:00,2024,Other
AtCoder,adt_all_20240605_2,AtCoder Daily Training ALL 2024/06/05 18:00start,2024-06-05 09:00:00,2024,Other
AtCoder,adt_all_20240605_3,AtCoder Daily Training ALL 2024/06/05 20:00start,2024-06-05 11:00:00,2024,Other
AtCoder,adt_all_20240606_1,AtCoder Daily Training ALL 2024/06/06 16:30start,2024-06-06 07:30:00,2024,Other
AtCoder,adt_all_20240606_2,AtCoder Daily Training ALL 2024/06/06 18:30start,2024-06-06 09:30:00,2024,Other
AtCoder,adt_all_20240606_3,AtCoder Daily Training ALL 2024/06/06 20:30start,2024-06-06 11:30:00,2024,Other
AtCoder,adt_all_20240611_1,AtCoder Daily Training ALL 2024/06/11 15:30start,2024-06-11 06:30:00,2024,Other
AtCoder,adt_all_20240611_2,AtCoder Daily Training ALL 2024/06/11 17:30start,2024-06-11 08:30:00,2024,Other
AtCoder,adt_all_20240611_3,AtCoder Daily Training ALL 2024/06/11 19:30start,2024-06-11 10:30:00,2024,Other
AtCoder,adt_all_20240612_1,AtCoder Daily Training ALL 2024/06/12 16:00start,2024-06-12 07:00:00,2024,Other
AtCoder,adt_all_20240612_2,AtCoder Daily Training ALL 2024/06/12 18:00start,2024-06-12 09:00:00,2024,Other
AtCoder,adt_all_20240612_3,AtCoder Daily Training ALL 2024/06/12 20:00start,2024-06-12 11:00:00,2024,Other
AtCoder,adt_all_20240613_1,AtCoder Daily Training ALL 2024/06/13 16:30start,2024-06-13 07:30:00,2024,Other
AtCoder,adt_all_20240613_2,AtCoder Daily Training ALL 2024/06/13 18:30start,2024-06-13 09:30:00,2024,Other
AtCoder,adt_all_20240613_3,AtCoder Daily Training ALL 2024/06/13 20:30start,2024-06-13 11:30:00,2024,Other
AtCoder,adt_all_20240618_1,AtCoder Daily Training ALL 2024/06/18 15:30start,2024-06-18 06:30:00,2024,Other
AtCoder,adt_all_20240618_2,AtCoder Daily Training ALL 2024/06/18 17:30start,2024-06-18 08:30:00,2024,Other
AtCoder,adt_all_20240618_3,AtCoder Daily Training ALL 2024/06/18 19:30start,2024-06-18 10:30:00,2024,Other
AtCoder,adt_all_20240619_1,AtCoder Daily Training ALL 2024/06/19 16:00start,2024-06-19 07:00:00,2024,Other
AtCoder,adt_all_20240619_2,AtCoder Daily Training ALL 2024/06/19 18:00start,2024-06-19 09:00:00,2024,Other
AtCoder,adt_all_20240619_3,AtCoder Daily Training ALL 2024/06/19 20:00start,2024-06-19 11:00:00,2024,Other
AtCoder,adt_all_20240620_1,AtCoder Daily Training ALL 2024/06/20 16:30start,2024-06-20 07:30:00,2024,Other
AtCoder,adt_all_20240620_2,AtCoder Daily Training ALL 2024/06/20 18:30start,2024-06-20 09:30:00,2024,Other
AtCoder,adt_all_20240620_3,AtCoder Daily Training ALL 2024/06/20 20:30start,2024-06-20 11:30:00,2024,Other
AtCoder,adt_all_20240625_1,AtCoder Daily Training ALL 2024/06/25 15:30start,2024-06-25 06:30:00,2024,Other
AtCoder,adt_all_20240625_2,AtCoder Daily Training ALL 2024/06/25 17:30start,2024-06-25 08:30:00,2024,Other
AtCoder,adt_all_20240625_3,AtCoder Daily Training ALL 2024/06/25 19:30start,2024-06-25 10:30:00,2024,Other
AtCoder,adt_all_20240626_1,AtCoder Daily Training ALL 2024/06/26 16:00start,2024-06-26 07:00:00,2024,Other
AtCoder,adt_all_20240626_2,AtCoder Daily Training ALL 2024/06/26 18:00start,2024-06-26 09:00:00,2024,Other
AtCoder,adt_all_20240626_3,AtCoder Daily Training ALL 2024/06/26 20:00start,2024-06-26 11:00:00,2024,Other
AtCoder,adt_all_20240627_1,AtCoder Daily Training ALL 2024/06/27 16:30start,2024-06-27 07:30:00,2024,Other
AtCoder,adt_all_20240627_2,AtCoder Daily Training ALL 2024/06/27 18:30start,2024-06-27 09:30:00,2024,Other
AtCoder,adt_all_20240627_3,AtCoder Daily Training ALL 2024/06/27 20:30start,2024-06-27 11:30:00,2024,Other
AtCoder,adt_all_20240702_1,AtCoder Daily Training ALL 2024/07/02 15:30start,2024-07-02 06:30:00,2024,Other
AtCoder,adt_all_20240702_2,AtCoder Daily Training ALL 2024/07/02 17:30start,2024-07-02 08:30:00,2024,Other
AtCoder,adt_all_20240702_3,AtCoder Daily Training ALL 2024/07/02 19:30start,2024-07-02 10:30:00,2024,Other
AtCoder,adt_all_20240703_1,AtCoder Daily Training ALL 2024/07/03 16:00start,2024-07-03 07:00:00,2024,Other
AtCoder,adt_all_20240703_2,AtCoder Daily Training ALL 2024/07/03 18:00start,2024-07-03 09:00:00,2024,Other
AtCoder,adt_all_20240703_3,AtCoder Daily Training ALL 2024/07/03 20:00start,2024-07-03 11:00:00,2024,Other
AtCoder,adt_all_20240704_1,AtCoder Daily Training ALL 2024/07/04 16:30start,2024-07-04 07:30:00,2024,Other
AtCoder,adt_all_20240704_2,AtCoder Daily Training ALL 2024/07/04 18:30start,2024-07-04 09:30:00,2024,Other
AtCoder,adt_all_20240704_3,AtCoder Daily Training ALL 2024/07/04 20:30start,2024-07-04 11:30:00,2024,Other
AtCoder,adt_all_20240709_1,AtCoder Daily Training ALL 2024/07/09 15:30start,2024-07-09 06:30:00,2024,Other
AtCoder,adt_all_20240709_2,AtCoder Daily Training ALL 2024/07/09 17:30start,2024-07-09 08:30:00,2024,Other
AtCoder,adt_all_20240709_3,AtCoder Daily Training ALL 2024/07/09 19:30start,2024-07-09 10:30:00,2024,Other
AtCoder,adt_all_20240710_1,AtCoder Daily Training ALL 2024/07/10 16:00start,2024-07-10 07:00:00,2024,Other
AtCoder,adt_all_20240710_2,AtCoder Daily Training ALL 2024/07/10 18:00start,2024-07-10 09:00:00,2024,Other
AtCoder,adt_all_20240710_3,AtCoder Daily Training ALL 2024/07/10 20:00start,2024-07-10 11:00:00,2024,Other
AtCoder,adt_all_20240711_1,AtCoder Daily Training ALL 2024/07/11 16:30start,2024-07-11 07:30:00,2024,Other
AtCoder,adt_all_20240711_2,AtCoder Daily Training ALL 2024/07/11 18:30start,2024-07-11 09:30:00,2024,Other
AtCoder,adt_all_20240711_3,AtCoder Daily Training ALL 2024/07/11 20:30start,2024-07-11 11:30:00,2024,Other
AtCoder,adt_all_20240716_1,AtCoder Daily Training ALL 2024/07/16 15:30start,2024-07-16 06:30:00,2024,Other
AtCoder,adt_all_20240716_2,AtCoder Daily Training ALL 2024/07/16 17:30start,2024-07-16 08:30:00,2024,Other
AtCoder,adt_all_20240716_3,AtCoder Daily Training ALL 2024/07/16 19:30start,2024-07-16 10:30:00,2024,Other
AtCoder,adt_all_20240717_1,AtCoder Daily Training ALL 2024/07/17 16:00start,2024-07-17 07:00:00,2024,Other
AtCoder,adt_all_20240717_2,AtCoder Daily Training ALL 2024/07/17 18:00start,2024-07-17 09:00:00,2024,Other
AtCoder,adt_all_20240717_3,AtCoder Daily Training ALL 2024/07/17 20:00start,2024-07-17 11:00:00,2024,Other
AtCoder,adt_all_20240718_1,AtCoder Daily Training ALL 2024/07/18 16:30start,2024-07-18 07:30:00,2024,Other
AtCoder,adt_all_20240718_2,AtCoder Daily Training ALL 2024/07/18 18:30start,2024-07-18 09:30:00,2024,Other
AtCoder,adt_all_20240718_3,AtCoder Daily Training ALL 2024/07/18 20:30start,2024-07-18 11:30:00,2024,Other
AtCoder,adt_all_20240723_1,AtCoder Daily Training ALL 2024/07/23 15:30start,2024-07-23 06:30:00,2024,Other
AtCoder,adt_all_20240723_2,AtCoder Daily Training ALL 2024/07/23 17:30start,2024-07-23 08:30:00,2024,Other
AtCoder,adt_all_20240723_3,AtCoder Daily Training ALL 2024/07/23 19:30start,2024-07-23 10:30:00,2024,Other
AtCoder,adt_all_20240724_1,AtCoder Daily Training ALL 2024/07/24 16:00start,2024-07-24 07:00:00,2024,Other
AtCoder,adt_all_20240724_2,AtCoder Daily Training ALL 2024/07/24 18:00start,2024-07-24 09:00:00,2024,Other
AtCoder,adt_all_20240724_3,AtCoder Daily Training ALL 2024/07/24 20:00start,2024-07-24 11:00:00,2024,Other
AtCoder,adt_all_20240725_1,AtCoder Daily Training ALL 2024/07/25 16:30start,2024-07-25 07:30:00,2024,Other
AtCoder,adt_all_20240725_2,AtCoder Daily Training ALL 2024/07/25 18:30start,2024-07-25 09:30:00,2024,Other
AtCoder,adt_all_20240725_3,AtCoder Daily Training ALL 2024/07/25 20:30start,2024-07-25 11:30:00,2024,Other
AtCoder,adt_all_20240730_1,AtCoder Daily Training ALL 2024/07/30 15:30start,2024-07-30 06:30:00,2024,Other
AtCoder,adt_all_20240730_2,AtCoder Daily Training ALL 2024/07/30 17:30start,2024-07-30 08:30:00,2024,Other
AtCoder,adt_all_20240730_3,AtCoder Daily Training ALL 2024/07/30 19:30start,2024-07-30 10:30:00,2024,Other
AtCoder,adt_all_20240731_1,AtCoder Daily Training ALL 2024/07/31 16:00start,2024-07-31 07:00:00,2024,Other
AtCoder,adt_all_20240731_2,AtCoder Daily Training ALL 2024/07/31 18:00start,2024-07-31 09:00:00,2024,Other
AtCoder,adt_all_20240731_3,AtCoder Daily Training ALL 2024/07/31 20:00start,2024-07-31 11:00:00,2024,Other
AtCoder,adt_all_20240801_1,AtCoder Daily Training ALL 2024/08/01 16:30start,2024-08-01 07:30:00,2024,Other
AtCoder,adt_all_20240801_2,AtCoder Daily Training ALL 2024/08/01 18:30start,2024-08-01 09:30:00,2024,Other
AtCoder,adt_all_20240801_3,AtCoder Daily Training ALL 2024/08/01 20:30start,2024-08-01 11:30:00,2024,Other
AtCoder,adt_all_20240806_1,AtCoder Daily Training ALL 2024/08/06 15:30start,2024-08-06 06:30:00,2024,Other
AtCoder,adt_all_20240806_2,AtCoder Daily Training ALL 2024/08/06 17:30start,2024-08-06 08:30:00,2024,Other
AtCoder,adt_all_20240806_3,AtCoder Daily Training ALL 2024/08/06 19:30start,2024-08-06 10:30:00,2024,Other
AtCoder,adt_all_20240807_1,AtCoder Daily Training ALL 2024/08/07 16:00start,2024-08-07 07:00:00,2024,Other
AtCoder,adt_all_20240807_2,AtCoder Daily Training ALL 2024/08/07 18:00start,2024-08-07 09:00:00,2024,Other
AtCoder,adt_all_20240807_3,AtCoder Daily Training ALL 2024/08/07 20:00start,2024-08-07 11:00:00,2024,Other
AtCoder,adt_all_20240808_1,AtCoder Daily Training ALL 2024/08/08 16:30start,2024-08-08 07:30:00,2024,Other
AtCoder,adt_all_20240808_2,AtCoder Daily Training ALL 2024/08/08 18:30start,2024-08-08 09:30:00,2024,Other
AtCoder,adt_all_20240808_3,AtCoder Daily Training ALL 2024/08/08 20:30start,2024-08-08 11:30:00,2024,Other
AtCoder,adt_all_20240813_1,AtCoder Daily Training ALL 2024/08/13 15:30start,2024-08-13 06:30:00,2024,Other
AtCoder,adt_all_20240813_2,AtCoder Daily Training ALL 2024/08/13 17:30start,2024-08-13 08:30:00,2024,Other
AtCoder,adt_all_20240813_3,AtCoder Daily Training ALL 2024/08/13 19:30start,2024-08-13 10:30:00,2024,Other
AtCoder,adt_all_20240814_1,AtCoder Daily Training ALL 2024/08/14 16:00start,2024-08-14 07:00:00,2024,Other
AtCoder,adt_all_20240814_2,AtCoder Daily Training ALL 2024/08/14 18:00start,2024-08-14 09:00:00,2024,Other
AtCoder,adt_all_20240814_3,AtCoder Daily Training ALL 2024/08/14 20:00start,2024-08-14 11:00:00,2024,Other
AtCoder,adt_all_20240815_1,AtCoder Daily Training ALL 2024/08/15 16:30start,2024-08-15 07:30:00,2024,Other
AtCoder,adt_all_20240815_2,AtCoder Daily Training ALL 2024/08/15 18:30start,2024-08-15 09:30:00,2024,Other
AtCoder,adt_all_20240815_3,AtCoder Daily Training ALL 2024/08/15 20:30start,2024-08-15 11:30:00,2024,Other
AtCoder,adt_all_20240820_1,AtCoder Daily Training ALL 2024/08/20 15:30start,2024-08-20 06:30:00,2024,Other
AtCoder,adt_all_20240820_2,AtCoder Daily Training ALL 2024/08/20 17:30start,2024-08-20 08:30:00,2024,Other
AtCoder,adt_all_20240820_3,AtCoder Daily Training ALL 2024/08/20 19:30start,2024-08-20 10:30:00,2024,Other
AtCoder,adt_all_20240821_1,AtCoder Daily Training ALL 2024/08/21 16:00start,2024-08-21 07:00:00,2024,Other
AtCoder,adt_all_20240821_2,AtCoder Daily Training ALL 2024/08/21 18:00start,2024-08-21 09:00:00,2024,Other
AtCoder,adt_all_20240821_3,AtCoder Daily Training ALL 2024/08/21 20:00start,2024-08-21 11:00:00,2024,Other
AtCoder,adt_all_20240822_1,AtCoder Daily Training ALL 2024/08/22 16:30start,2024-08-22 07:30:00,2024,Other
AtCoder,adt_all_20240822_2,AtCoder Daily Training ALL 2024/08/22 18:30start,2024-08-22 09:30:00,2024,Other
AtCoder,adt_all_20240822_3,AtCoder Daily Training ALL 2024/08/22 20:30start,2024-08-22 11:30:00,2024,Other
AtCoder,adt_all_20240827_1,AtCoder Daily Training ALL 2024/08/27 15:30start,2024-08-27 06:30:00,2024,Other
AtCoder,adt_all_20240827_2,AtCoder Daily Training ALL 2024/08/27 17:30start,2024-08-27 08:30:00,2024,Other
AtCoder,adt_all_20240827_3,AtCoder Daily Training ALL 2024/08/27 19:30start,2024-08-27 10:30:00,2024,Other
AtCoder,adt_all_20240828_1,AtCoder Daily Training ALL 2024/08/28 16:00start,2024-08-28 07:00:00,2024,Other
AtCoder,adt_all_20240828_2,AtCoder Daily Training ALL 2024/08/28 18:00start,2024-08-28 09:00:00,2024,Other
AtCoder,adt_all_20240828_3,AtCoder Daily Training ALL 2024/08/28 20:00start,2024-08-28 11:00:00,2024,Other
AtCoder,adt_all_20240829_1,AtCoder Daily Training ALL 2024/08/29 16:30start,2024-08-29 07:30:00,2024,Other
AtCoder,adt_all_20240829_2,AtCoder Daily Training ALL 2024/08/29 18:30start,2024-08-29 09:30:00,2024,Other
AtCoder,adt_all_20240829_3,AtCoder Daily Training ALL 2024/08/29 20:30start,2024-08-29 11:30:00,2024,Other
AtCoder,adt_all_20240903_1,AtCoder Daily Training ALL 2024/09/03 15:30start,2024-09-03 06:30:00,2024,Other
AtCoder,adt_all_20240903_2,AtCoder Daily Training ALL 2024/09/03 17:30start,2024-09-03 08:30:00,2024,Other
AtCoder,adt_all_20240903_3,AtCoder Daily Training ALL 2024/09/03 19:30start,2024-09-03 10:30:00,2024,Other
AtCoder,adt_all_20240904_1,AtCoder Daily Training ALL 2024/09/04 16:00start,2024-09-04 07:00:00,2024,Other
AtCoder,adt_all_20240904_2,AtCoder Daily Training ALL 2024/09/04 18:00start,2024-09-04 09:00:00,2024,Other
AtCoder,adt_all_20240904_3,AtCoder Daily Training ALL 2024/09/04 20:00start,2024-09-04 11:00:00,2024,Other
AtCoder,adt_all_20240905_1,AtCoder Daily Training ALL 2024/09/05 16:30start,2024-09-05 07:30:00,2024,Other
AtCoder,adt_all_20240905_2,AtCoder Daily Training ALL 2024/09/05 18:30start,2024-09-05 09:30:00,2024,Other
AtCoder,adt_all_20240905_3,AtCoder Daily Training ALL 2024/09/05 20:30start,2024-09-05 11:30:00,2024,Other
AtCoder,adt_all_20240910_1,AtCoder Daily Training ALL 2024/09/10 15:30start,2024-09-10 06:30:00,2024,Other
AtCoder,adt_all_20240910_2,AtCoder Daily Training ALL 2024/09/10 17:30start,2024-09-10 08:30:00,2024,Other
AtCoder,adt_all_20240910_3,AtCoder Daily Training ALL 2024/09/10 19:30start,2024-09-10 10:30:00,2024,Other
AtCoder,adt_all_20240911_1,AtCoder Daily Training ALL 2024/09/11 16:00start,2024-09-11 07:00:00,2024,Other
AtCoder,adt_all_20240911_2,AtCoder Daily Training ALL 2024/09/11 18:00start,2024-09-11 09:00:00,2024,Other
AtCoder,adt_all_20240911_3,AtCoder Daily Training ALL 2024/09/11 20:00start,2024-09-11 11:00:00,2024,Other
AtCoder,adt_all_20240912_1,AtCoder Daily Training ALL 2024/09/12 16:30start,2024-09-12 07:30:00,2024,Other
AtCoder,adt_all_20240912_2,AtCoder Daily Training ALL 2024/09/12 18:30start,2024-09-12 09:30:00,2024,Other
AtCoder,adt_all_20240912_3,AtCoder Daily Training ALL 2024/09/12 20:30start,2024-09-12 11:30:00,2024,Other
AtCoder,adt_all_20240917_1,AtCoder Daily Training ALL 2024/09/17 15:30start,2024-09-17 06:30:00,2024,Other
AtCoder,adt_all_20240917_2,AtCoder Daily Training ALL 2024/09/17 17:30start,2024-09-17 08:30:00,2024,Other
AtCoder,adt_all_20240917_3,AtCoder Daily Training ALL 2024/09/17 19:30start,2024-09-17 10:30:00,2024,Other
AtCoder,adt_all_20240918_1,AtCoder Daily Training ALL 2024/09/18 16:00start,2024-09-18 07:00:00,2024,Other
AtCoder,adt_all_20240918_2,AtCoder Daily Training ALL 2024/09/18 18:00start,2024-09-18 09:00:00,2024,Other
AtCoder,adt_all_20240918_3,AtCoder Daily Training ALL 2024/09/18 20:00start,2024-09-18 11:00:00,2024,Other
AtCoder,adt_all_20240919_1,AtCoder Daily Training ALL 2024/09/19 16:30start,2024-09-19 07:30:00,2024,Other
AtCoder,adt_all_20240919_2,AtCoder Daily Training ALL 2024/09/19 18:30start,2024-09-19 09:30:00,2024,Other
AtCoder,adt_all_20240919_3,AtCoder Daily Training ALL 2024/09/19 20:30start,2024-09-19 11:30:00,2024,Other
AtCoder,adt_all_20240924_1,AtCoder Daily Training ALL 2024/09/24 15:30start,2024-09-24 06:30:00,2024,Other
AtCoder,adt_all_20240924_2,AtCoder Daily Training ALL 2024/09/24 17:30start,2024-09-24 08:30:00,2024,Other
AtCoder,adt_all_20240924_3,AtCoder Daily Training ALL 2024/09/24 19:30start,2024-09-24 10:30:00,2024,Other
AtCoder,adt_all_20240925_1,AtCoder Daily Training ALL 2024/09/25 16:00start,2024-09-25 07:00:00,2024,Other
AtCoder,adt_all_20240925_2,AtCoder Daily Training ALL 2024/09/25 18:00start,2024-09-25 09:00:00,2024,Other
AtCoder,adt_all_20240925_3,AtCoder Daily Training ALL 2024/09/25 20:00start,2024-09-25 11:00:00,2024,Other
AtCoder,adt_all_20240926_1,AtCoder Daily Training ALL 2024/09/26 16:30start,2024-09-26 07:30:00,2024,Other
AtCoder,adt_all_20240926_2,AtCoder Daily Training ALL 2024/09/26 18:30start,2024-09-26 09:30:00,2024,Other
AtCoder,adt_all_20240926_3,AtCoder Daily Training ALL 2024/09/26 20:30start,2024-09-26 11:30:00,2024,Other
AtCoder,adt_all_20241001_1,AtCoder Daily Training ALL 2024/10/01 15:30start,2024-10-01 06:30:00,2024,Other
AtCoder,adt_all_20241001_2,AtCoder Daily Training ALL 2024/10/01 17:30start,2024-10-01 08:30:00,2024,Other
AtCoder,adt_all_20241001_3,AtCoder Daily Training ALL 2024/10/01 19:30start,2024-10-01 10:30:00,2024,Other
AtCoder,adt_all_20241002_1,AtCoder Daily Training ALL 2024/10/02 16:00start,2024-10-02 07:00:00,2024,Other
AtCoder,adt_all_20241002_2,AtCoder Daily Training ALL 2024/10/02 18:00start,2024-10-02 09:00:00,2024,Other
AtCoder,adt_all_20241002_3,AtCoder Daily Training ALL 2024/10/02 20:00start,2024-10-02 11:00:00,2024,Other
AtCoder,adt_all_20241003_1,AtCoder Daily Training ALL 2024/10/03 16:30start,2024-10-03 07:30:00,2024,Other
AtCoder,adt_all_20241003_2,AtCoder Daily Training ALL 2024/10/03 18:30start,2024-10-03 09:30:00,2024,Other
AtCoder,adt_all_20241003_3,AtCoder Daily Training ALL 2024/10/03 20:30start,2024-10-03 11:30:00,2024,Other
AtCoder,adt_all_20241008_1,AtCoder Daily Training ALL 2024/10/08 15:30start,2024-10-08 06:30:00,2024,Other
AtCoder,adt_all_20241008_2,AtCoder Daily Training ALL 2024/10/08 17:30start,2024-10-08 08:30:00,2024,Other
AtCoder,adt_all_20241008_3,AtCoder Daily Training ALL 2024/10/08 19:30start,2024-10-08 10:30:00,2024,Other
AtCoder,adt_all_20241009_1,AtCoder Daily Training ALL 2024/10/09 16:00start,2024-10-09 07:00:00,2024,Other
AtCoder,adt_all_20241009_2,AtCoder Daily Training ALL 2024/10/09 18:00start,2024-10-09 09:00:00,2024,Other
AtCoder,adt_all_20241009_3,AtCoder Daily Training ALL 2024/10/09 20:00start,2024-10-09 11:00:00,2024,Other
AtCoder,adt_all_20241010_1,AtCoder Daily Training ALL 2024/10/10 16:30start,2024-10-10 07:30:00,2024,Other
AtCoder,adt_all_20241010_2,AtCoder Daily Training ALL 2024/10/10 18:30start,2024-10-10 09:30:00,2024,Other
AtCoder,adt_all_20241010_3,AtCoder Daily Training ALL 2024/10/10 20:30start,2024-10-10 11:30:00,2024,Other
AtCoder,adt_all_20241015_1,AtCoder Daily Training ALL 2024/10/15 15:30start,2024-10-15 06:30:00,2024,Other
AtCoder,adt_all_20241015_2,AtCoder Daily Training ALL 2024/10/15 17:30start,2024-10-15 08:30:00,2024,Other
AtCoder,adt_all_20241015_3,AtCoder Daily Training ALL 2024/10/15 19:30start,2024-10-15 10:30:00,2024,Other
AtCoder,adt_all_20241016_1,AtCoder Daily Training ALL 2024/10/16 16:00start,2024-10-16 07:00:00,2024,Other
AtCoder,adt_all_20241016_2,AtCoder Daily Training ALL 2024/10/16 18:00start,2024-10-16 09:00:00,2024,Other
AtCoder,adt_all_20241016_3,AtCoder Daily Training ALL 2024/10/16 20:00start,2024-10-16 11:00:00,2024,Other
AtCoder,adt_all_20241017_1,AtCoder Daily Training ALL 2024/10/17 16:30start,2024-10-17 07:30:00,2024,Other
AtCoder,adt_all_20241017_2,AtCoder Daily Training ALL 2024/10/17 18:30start,2024-10-17 09:30:00,2024,Other
AtCoder,adt_all_20241017_3,AtCoder Daily Training ALL 2024/10/17 20:30start,2024-10-17 11:30:00,2024,Other
AtCoder,adt_all_20241022_1,AtCoder Daily Training ALL 2024/10/22 15:30start,2024-10-22 06:30:00,2024,Other
AtCoder,adt_all_20241022_2,AtCoder Daily Training ALL 2024/10/22 17:30start,2024-10-22 08:30:00,2024,Other
AtCoder,adt_all_20241022_3,AtCoder Daily Training ALL 2024/10/22 19:30start,2024-10-22 10:30:00,2024,Other
AtCoder,adt_all_20241023_1,AtCoder Daily Training ALL 2024/10/23 16:00start,2024-10-23 07:00:00,2024,Other
AtCoder,adt_all_20241023_2,AtCoder Daily Training ALL 2024/10/23 18:00start,2024-10-23 09:00:00,2024,Other
AtCoder,adt_all_20241023_3,AtCoder Daily Training ALL 2024/10/23 20:00start,2024-10-23 11:00:00,2024,Other
AtCoder,adt_all_20241024_1,AtCoder Daily Training ALL 2024/10/24 16:30start,2024-10-24 07:30:00,2024,Other
AtCoder,adt_all_20241024_2,AtCoder Daily Training ALL 2024/10/24 18:30start,2024-10-24 09:30:00,2024,Other
AtCoder,adt_all_20241024_3,AtCoder Daily Training ALL 2024/10/24 20:30start,2024-10-24 11:30:00,2024,Other
AtCoder,adt_all_20241029_1,AtCoder Daily Training ALL 2024/10/29 15:30start,2024-10-29 06:30:00,2024,Other
AtCoder,adt_all_20241029_2,AtCoder Daily Training ALL 2024/10/29 17:30start,2024-10-29 08:30:00,2024,Other
AtCoder,adt_all_20241029_3,AtCoder Daily Training ALL 2024/10/29 19:30start,2024-10-29 10:30:00,2024,Other
AtCoder,adt_all_20241030_1,AtCoder Daily Training ALL 2024/10/30 16:00start,2024-10-30 07:00:00,2024,Other
AtCoder,adt_all_20241030_2,AtCoder Daily Training ALL 2024/10/30 18:00start,2024-10-30 09:00:00,2024,Other
AtCoder,adt_all_20241030_3,AtCoder Daily Training ALL 2024/10/30 20:00start,2024-10-30 11:00:00,2024,Other
AtCoder,adt_all_20241031_1,AtCoder Daily Training ALL 2024/10/31 16:30start,2024-10-31 07:30:00,2024,Other
AtCoder,adt_all_20241031_2,AtCoder Daily Training ALL 2024/10/31 18:30start,2024-10-31 09:30:00,2024,Other
AtCoder,adt_all_20241031_3,AtCoder Daily Training ALL 2024/10/31 20:30start,2024-10-31 11:30:00,2024,Other
AtCoder,adt_all_20241105_1,AtCoder Daily Training ALL 2024/11/05 15:30start,2024-11-05 06:30:00,2024,Other
AtCoder,adt_all_20241105_2,AtCoder Daily Training ALL 2024/11/05 17:30start,2024-11-05 08:30:00,2024,Other
AtCoder,adt_all_20241105_3,AtCoder Daily Training ALL 2024/11/05 19:30start,2024-11-05 10:30:00,2024,Other
AtCoder,adt_all_20241106_1,AtCoder Daily Training ALL 2024/11/06 16:00start,2024-11-06 07:00:00,2024,Other
AtCoder,adt_all_20241106_2,AtCoder Daily Training ALL 2024/11/06 18:00start,2024-11-06 09:00:00,2024,Other
AtCoder,adt_all_20241106_3,AtCoder Daily Training ALL 2024/11/06 20:00start,2024-11-06 11:00:00,2024,Other
AtCoder,adt_all_20241107_1,AtCoder Daily Training ALL 2024/11/07 16:30start,2024-11-07 07:30:00,2024,Other
AtCoder,adt_all_20241107_2,AtCoder Daily Training ALL 2024/11/07 18:30start,2024-11-07 09:30:00,2024,Other
AtCoder,adt_all_20241107_3,AtCoder Daily Training ALL 2024/11/07 20:30start,2024-11-07 11:30:00,2024,Other
AtCoder,adt_all_20241112_1,AtCoder Daily Training ALL 2024/11/12 15:30start,2024-11-12 06:30:00,2024,Other
AtCoder,adt_all_20241112_2,AtCoder Daily Training ALL 2024/11/12 17:30start,2024-11-12 08:30:00,2024,Other
AtCoder,adt_all_20241112_3,AtCoder Daily Training ALL 2024/11/12 19:30start,2024-11-12 10:30:00,2024,Other
AtCoder,adt_all_20241113_1,AtCoder Daily Training ALL 2024/11/13 16:00start,2024-11-13 07:00:00,2024,Other
AtCoder,adt_all_20241113_2,AtCoder Daily Training ALL 2024/11/13 18:00start,2024-11-13 09:00:00,2024,Other
AtCoder,adt_all_20241113_3,AtCoder Daily Training ALL 2024/11/13 20:00start,2024-11-13 11:00:00,2024,Other
AtCoder,adt_all_20241114_1,AtCoder Daily Training ALL 2024/11/14 16:30start,2024-11-14 07:30:00,2024,Other
AtCoder,adt_all_20241114_2,AtCoder Daily Training ALL 2024/11/14 18:30start,2024-11-14 09:30:00,2024,Other
AtCoder,adt_all_20241114_3,AtCoder Daily Training ALL 2024/11/14 20:30start,2024-11-14 11:30:00,2024,Other
AtCoder,adt_all_20241119_1,AtCoder Daily Training ALL 2024/11/19 15:30start,2024-11-19 06:30:00,2024,Other
AtCoder,adt_all_20241119_2,AtCoder Daily Training ALL 2024/11/19 17:30start,2024-11-19 08:30:00,2024,Other
AtCoder,adt_all_20241119_3,AtCoder Daily Training ALL 2024/11/19 19:30start,2024-11-19 10:30:00,2024,Other
AtCoder,adt_all_20241120_1,AtCoder Daily Training ALL 2024/11/20 16:00start,2024-11-20 07:00:00,2024,Other
AtCoder,adt_all_20241120_2,AtCoder Daily Training ALL 2024/11/20 18:00start,2024-11-20 09:00:00,2024,Other
AtCoder,adt_all_20241120_3,AtCoder Daily Training ALL 2024/11/20 20:00start,2024-11-20 11:00:00,2024,Other
AtCoder,adt_all_20241121_1,AtCoder Daily Training ALL 2024/11/21 16:30start,2024-11-21 07:30:00,2024,Other
AtCoder,adt_all_20241121_2,AtCoder Daily Training ALL 2024/11/21 18:30start,2024-11-21 09:30:00,2024,Other
AtCoder,adt_all_20241121_3,AtCoder Daily Training ALL 2024/11/21 20:30start,2024-11-21 11:30:00,2024,Other
AtCoder,adt_all_20241126_1,AtCoder Daily Training ALL 2024/11/26 15:30start,2024-11-26 06:30:00,2024,Other
AtCoder,adt_all_20241126_2,AtCoder Daily Training ALL 2024/11/26 17:30start,2024-11-26 08:30:00,2024,Other
AtCoder,adt_all_20241126_3,AtCoder Daily Training ALL 2024/11/26 19:30start,2024-11-26 10:30:00,2024,Other
AtCoder,adt_all_20241127_1,AtCoder Daily Training ALL 2024/11/27 16:00start,2024-11-27 07:00:00,2024,Other
AtCoder,adt_all_20241127_2,AtCoder Daily Training ALL 2024/11/27 18:00start,2024-11-27 09:00:00,2024,Other
AtCoder,adt_all_20241127_3,AtCoder Daily Training ALL 2024/11/27 20:00start,2024-11-27 11:00:00,2024,Other
AtCoder,adt_all_20241128_1,AtCoder Daily Training ALL 2024/11/28 16:30start,2024-11-28 07:30:00,2024,Other
AtCoder,adt_all_20241128_2,AtCoder Daily Training ALL 2024/11/28 18:30start,2024-11-28 09:30:00,2024,Other
AtCoder,adt_all_20241128_3,AtCoder Daily Training ALL 2024/11/28 20:30start,2024-11-28 11:30:00,2024,Other
AtCoder,adt_all_20241203_1,AtCoder Daily Training ALL 2024/12/03 15:30start,2024-12-03 06:30:00,2024,Other
AtCoder,adt_all_20241203_2,AtCoder Daily Training ALL 2024/12/03 17:30start,2024-12-03 08:30:00,2024,Other
AtCoder,adt_all_20241203_3,AtCoder Daily Training ALL 2024/12/03 19:30start,2024-12-03 10:30:00,2024,Other
AtCoder,adt_all_20241204_1,AtCoder Daily Training ALL 2024/12/04 16:00start,2024-12-04 07:00:00,2024,Other
AtCoder,adt_all_20241204_2,AtCoder Daily Training ALL 2024/12/04 18:00start,2024-12-04 09:00:00,2024,Other
AtCoder,adt_all_20241204_3,AtCoder Daily Training ALL 2024/12/04 20:00start,2024-12-04 11:00:00,2024,Other
AtCoder,adt_all_20241205_1,AtCoder Daily Training ALL 2024/12/05 16:30start,2024-12-05 07:30:00,2024,Other
AtCoder,adt_all_20241205_2,AtCoder Daily Training ALL 2024/12/05 18:30start,2024-12-05 09:30:00,2024,Other
AtCoder,adt_all_20241205_3,AtCoder Daily Training ALL 2024/12/05 20:30start,2024-12-05 11:30:00,2024,Other
AtCoder,adt_all_20241210_1,AtCoder Daily Training ALL 2024/12/10 15:30start,2024-12-10 06:30:00,2024,Other
AtCoder,adt_all_20241210_2,AtCoder Daily Training ALL 2024/12/10 17:30start,2024-12-10 08:30:00,2024,Other
AtCoder,adt_all_20241210_3,AtCoder Daily Training ALL 2024/12/10 19:30start,2024-12-10 10:30:00,2024,Other
AtCoder,adt_all_20241211_1,AtCoder Daily Training ALL 2024/12/11 16:00start,2024-12-11 07:00:00,2024,Other
AtCoder,adt_all_20241211_2,AtCoder Daily Training ALL 2024/12/11 18:00start,2024-12-11 09:00:00,2024,Other
AtCoder,adt_all_20241211_3,AtCoder Daily Training ALL 2024/12/11 20:00start,2024-12-11 11:00:00,2024,Other
AtCoder,adt_all_20241212_1,AtCoder Daily Training ALL 2024/12/12 16:30start,2024-12-12 07:30:00,2024,Other
AtCoder,adt_all_20241212_2,AtCoder Daily Training ALL 2024/12/12 18:30start,2024-12-12 09:30:00,2024,Other
AtCoder,adt_all_20241212_3,AtCoder Daily Training ALL 2024/12/12 20:30start,2024-12-12 11:30:00,2024,Other
AtCoder,adt_all_20241217_1,AtCoder Daily Training ALL 2024/12/17 15:30start,2024-12-17 06:30:00,2024,Other
AtCoder,adt_all_20241217_2,AtCoder Daily Training ALL 2024/12/17 17:30start,2024-12-17 08:30:00,2024,Other
AtCoder,adt_all_20241217_3,AtCoder Daily Training ALL 2024/12/17 19:30start,2024-12-17 10:30:00,2024,Other
AtCoder,adt_all_20241218_1,AtCoder Daily Training ALL 2024/12/18 16:00start,2024-12-18 07:00:00,2024,Other
AtCoder,adt_all_20241218_2,AtCoder Daily Training ALL 2024/12/18 18:00start,2024-12-18 09:00:00,2024,Other
AtCoder,adt_all_20241218_3,AtCoder Daily Training ALL 2024/12/18 20:00start,2024-12-18 11:00:00,2024,Other
AtCoder,adt_all_20241219_1,AtCoder Daily Training ALL 2024/12/19 16:30start,2024-12-19 07:30:00,2024,Other
AtCoder,adt_all_20241219_2,AtCoder Daily Training ALL 2024/12/19 18:30start,2024-12-19 09:30:00,2024,Other
AtCoder,adt_all_20241219_3,AtCoder Daily Training ALL 2024/12/19 20:30start,2024-12-19 11:30:00,2024,Other
AtCoder,adt_all_20241224_1,AtCoder Daily Training ALL 2024/12/24 15:30start,2024-12-24 06:30:00,2024,Other
AtCoder,adt_all_20241224_2,AtCoder Daily Training ALL 2024/12/24 17:30start,2024-12-24 08:30:00,2024,Other
AtCoder,adt_all_20241224_3,AtCoder Daily Training ALL 2024/12/24 19:30start,2024-12-24 10:30:00,2024,Other
AtCoder,adt_all_20241225_1,AtCoder Daily Training ALL 2024/12/25 16:00start,2024-12-25 07:00:00,2024,Other
AtCoder,adt_all_20241225_2,AtCoder Daily Training ALL 2024/12/25 18:00start,2024-12-25 09:00:00,2024,Other
AtCoder,adt_all_20241225_3,AtCoder Daily Training ALL 2024/12/25 20:00start,2024-12-25 11:00:00,2024,Other
AtCoder,adt_all_20241226_1,AtCoder Daily Training ALL 2024/12/26 16:30start,2024-12-26 07:30:00,2024,Other
AtCoder,adt_all_20241226_2,AtCoder Daily Training ALL 2024/12/26 18:30start,2024-12-26 09:30:00,2024,Other
AtCoder,adt_all_20241226_3,AtCoder Daily Training ALL 2024/12/26 20:30start,2024-12-26 11:30:00,2024,Other
AtCoder,adt_all_20241231_1,AtCoder Daily Training ALL 2024/12/31 15:30start,2024-12-31 06:30:00,2024,Other
AtCoder,adt_all_20241231_2,AtCoder Daily Training ALL 2024/12/31 17:30start,2024-12-31 08:30:00,2024,Other
AtCoder,adt_all_20241231_3,AtCoder Daily Training ALL 2024/12/31 19:30start,2024-12-31 10:30:00,2024,Other
AtCoder,adt_all_20250101_1,AtCoder Daily Training ALL 2025/01/01 16:00start,2025-01-01 07:00:00,2025,Other
AtCoder,adt_all_20250101_2,AtCoder Daily Training ALL 2025/01/01 18:00start,2025-01-01 09:00:00,2025,Other
AtCoder,adt_all_20250101_3,AtCoder Daily Training ALL 2025/01/01 20:00start,2025-01-01 11:00:00,2025,Other
AtCoder,adt_all_20250102_1,AtCoder Daily Training ALL 2025/01/02 16:30start,2025-01-02 07:30:00,2025,Other
AtCoder,adt_all_20250102_2,AtCoder Daily Training ALL 2025/01/02 18:30start,2025-01-02 09:30:00,2025,Other
AtCoder,adt_all_20250102_3,AtCoder Daily Training ALL 2025/01/02 20:30start,2025-01-02 11:30:00,2025,Other
AtCoder,adt_all_20250107_1,AtCoder Daily Training ALL 2025/01/07 15:30start,2025-01-07 06:30:00,2025,Other
AtCoder,adt_all_20250107_2,AtCoder Daily Training ALL 2025/01/07 17:30start,2025-01-07 08:30:00,2025,Other
AtCoder,adt_all_20250107_3,AtCoder Daily Training ALL 2025/01/07 19:30start,2025-01-07 10:30:00,2025,Other
AtCoder,adt_all_20250108_1,AtCoder Daily Training ALL 2025/01/08 16:00start,2025-01-08 07:00:00,2025,Other
AtCoder,adt_all_20250108_2,AtCoder Daily Training ALL 2025/01/08 18:00start,2025-01-08 09:00:00,2025,Other
AtCoder,adt_all_20250108_3,AtCoder Daily Training ALL 2025/01/08 20:00start,2025-01-08 11:00:00,2025,Other
AtCoder,adt_all_20250109_1,AtCoder Daily Training ALL 2025/01/09 16:30start,2025-01-09 07:30:00,2025,Other
AtCoder,adt_all_20250109_2,AtCoder Daily Training ALL 2025/01/09 18:30start,2025-01-09 09:30:00,2025,Other
AtCoder,adt_all_20250109_3,AtCoder Daily Training ALL 2025/01/09 20:30start,2025-01-09 11:30:00,2025,Other
AtCoder,adt_all_20250114_1,AtCoder Daily Training ALL 2025/01/14 15:30start,2025-01-14 06:30:00,2025,Other
AtCoder,adt_all_20250114_2,AtCoder Daily Training ALL 2025/01/14 17:30start,2025-01-14 08:30:00,2025,Other
AtCoder,adt_all_20250114_3,AtCoder Daily Training ALL 2025/01/14 19:30start,2025-01-14 10:30:00,2025,Other
AtCoder,adt_all_20250115_1,AtCoder Daily Training ALL 2025/01/15 16:00start,2025-01-15 07:00:00,2025,Other
AtCoder,adt_all_20250115_2,AtCoder Daily Training ALL 2025/01/15 18:00start,2025-01-15 09:00:00,2025,Other
AtCoder,adt_all_20250115_3,AtCoder Daily Training ALL 2025/01/15 20:00start,2025-01-15 11:00:00,2025,Other
AtCoder,adt_all_20250116_1,AtCoder Daily Training ALL 2025/01/16 16:30start,2025-01-16 07:30:00,2025,Other
AtCoder,adt_all_20250116_2,AtCoder Daily Training ALL 2025/01/16 18:30start,2025-01-16 09:30:00,2025,Other
AtCoder,adt_all_20250116_3,AtCoder Daily Training ALL 2025/01/16 20:30start,2025-01-16 11:30:00,2025,Other
AtCoder,adt_all_20250121_1,AtCoder Daily Training ALL 2025/01/21 15:30start,2025-01-21 06:30:00,2025,Other
AtCoder,adt_all_20250121_2,AtCoder Daily Training ALL 2025/01/21 17:30start,2025-01-21 08:30:00,2025,Other
AtCoder,adt_all_20250121_3,AtCoder Daily Training ALL 2025/01/21 19:30start,2025-01-21 10:30:00,2025,Other
AtCoder,adt_all_20250122_1,AtCoder Daily Training ALL 2025/01/22 16:00start,2025-01-22 07:00:00,2025,Other
AtCoder,adt_all_20250122_2,AtCoder Daily Training ALL 2025/01/22 18:00start,2025-01-22 09:00:00,2025,Other
AtCoder,adt_all_20250122_3,AtCoder Daily Training ALL 2025/01/22 20:00start,2025-01-22 11:00:00,2025,Other
AtCoder,adt_all_20250123_1,AtCoder Daily Training ALL 2025/01/23 16:30start,2025-01-23 07:30:00,2025,Other
AtCoder,adt_all_20250123_2,AtCoder Daily Training ALL 2025/01/23 18:30start,2025-01-23 09:30:00,2025,Other
AtCoder,adt_all_20250123_3,AtCoder Daily Training ALL 2025/01/23 20:30start,2025-01-23 11:30:00,2025,Other
AtCoder,adt_all_20250128_1,AtCoder Daily Training ALL 2025/01/28 15:30start,2025-01-28 06:30:00,2025,Other
AtCoder,adt_all_20250128_2,AtCoder Daily Training ALL 2025/01/28 17:30start,2025-01-28 08:30:00,2025,Other
AtCoder,adt_all_20250128_3,AtCoder Daily Training ALL 2025/01/28 19:30start,2025-01-28 10:30:00,2025,Other
AtCoder,adt_all_20250129_1,AtCoder Daily Training ALL 2025/01/29 16:00start,2025-01-29 07:00:00,2025,Other
AtCoder,adt_all_20250129_2,AtCoder Daily Training ALL 2025/01/29 18:00start,2025-01-29 09:00:00,2025,Other
AtCoder,adt_all_20250129_3,AtCoder Daily Training ALL 2025/01/29 20:00start,2025-01-29 11:00:00,2025,Other
AtCoder,adt_all_20250130_1,AtCoder Daily Training ALL 2025/01/30 16:30start,2025-01-30 07:30:00,2025,Other
AtCoder,adt_all_20250130_2,AtCoder Daily Training ALL 2025/01/30 18:30start,2025-01-30 09:30:00,2025,Other
AtCoder,adt_all_20250130_3,AtCoder Daily Training ALL 2025/01/30 20:30start,2025-01-30 11:30:00,2025,Other
AtCoder,adt_all_20250204_1,AtCoder Daily Training ALL 2025/02/04 15:30start,2025-02-04 06:30:00,2025,Other
AtCoder,adt_all_20250204_2,AtCoder Daily Training ALL 2025/02/04 17:30start,2025-02-04 08:30:00,2025,Other
AtCoder,adt_all_20250204_3,AtCoder Daily Training ALL 2025/02/04 19:30start,2025-02-04 10:30:00,2025,Other
AtCoder,adt_all_20250205_1,AtCoder Daily Training ALL 2025/02/05 16:00start,2025-02-05 07:00:00,2025,Other
AtCoder,adt_all_20250205_2,AtCoder Daily Training ALL 2025/02/05 18:00start,2025-02-05 09:00:00,2025,Other
AtCoder,adt_all_20250205_3,AtCoder Daily Training ALL 2025/02/05 20:00start,2025-02-05 11:00:00,2025,Other
AtCoder,adt_all_20250206_1,AtCoder Daily Training ALL 2025/02/06 16:30start,2025-02-06 07:30:00,2025,Other
AtCoder,adt_all_20250206_2,AtCoder Daily Training ALL 2025/02/06 18:30start,2025-02-06 09:30:00,2025,Other
AtCoder,adt_all_20250206_3,AtCoder Daily Training ALL 2025/02/06 20:30start,2025-02-06 11:30:00,2025,Other
AtCoder,adt_all_20250211_1,AtCoder Daily Training ALL 2025/02/11 15:30start,2025-02-11 06:30:00,2025,Other
AtCoder,adt_all_20250211_2,AtCoder Daily Training ALL 2025/02/11 17:30start,2025-02-11 08:30:00,2025,Other
AtCoder,adt_all_20250211_3,AtCoder Daily Training ALL 2025/02/11 19:30start,2025-02-11 10:30:00,2025,Other
AtCoder,adt_all_20250212_1,AtCoder Daily Training ALL 2025/02/12 16:00start,2025-02-12 07:00:00,2025,Other
AtCoder,adt_all_20250212_2,AtCoder Daily Training ALL 2025/02/12 18:00start,2025-02-12 09:00:00,2025,Other
AtCoder,adt_all_20250212_3,AtCoder Daily Training ALL 2025/02/12 20:00start,2025-02-12 11:00:00,2025,Other
AtCoder,adt_all_20250213_1,AtCoder Daily Training ALL 2025/02/13 16:30start,2025-02-13 07:30:00,2025,Other
AtCoder,adt_all_20250213_2,AtCoder Daily Training ALL 2025/02/13 18:30start,2025-02-13 09:30:00,2025,Other
AtCoder,adt_all_20250213_3,AtCoder Daily Training ALL 2025/02/13 20:30start,2025-02-13 11:30:00,2025,Other
AtCoder,adt_all_20250218_1,AtCoder Daily Training ALL 2025/02/18 15:30start,2025-02-18 06:30:00,2025,Other
AtCoder,adt_all_20250218_2,AtCoder Daily Training ALL 2025/02/18 17:30start,2025-02-18 08:30:00,2025,Other
AtCoder,adt_all_20250218_3,AtCoder Daily Training ALL 2025/02/18 19:30start,2025-02-18 10:30:00,2025,Other
AtCoder,adt_all_20250219_1,AtCoder Daily Training ALL 2025/02/19 16:00start,2025-02-19 07:00:00,2025,Other
AtCoder,adt_all_20250219_2,AtCoder Daily Training ALL 2025/02/19 18:00start,2025-02-19 09:00:00,2025,Other
AtCoder,adt_all_20250219_3,AtCoder Daily Training ALL 2025/02/19 20:00start,2025-02-19 11:00:00,2025,Other
AtCoder,adt_all_20250220_1,AtCoder Daily Training ALL 2025/02/20 16:30start,2025-02-20 07:30:00,2025,Other
AtCoder,adt_all_20250220_2,AtCoder Daily Training ALL 2025/02/20 18:30start,2025-02-20 09:30:00,2025,Other
AtCoder,adt_all_20250220_3,AtCoder Daily Training ALL 2025/02/20 20:30start,2025-02-20 11:30:00,2025,Other
AtCoder,adt_all_20250225_1,AtCoder Daily Training ALL 2025/02/25 15:30start,2025-02-25 06:30:00,2025,Other
AtCoder,adt_all_20250225_2,AtCoder Daily Training ALL 2025/02/25 17:30start,2025-02-25 08:30:00,2025,Other
AtCoder,adt_all_20250225_3,AtCoder Daily Training ALL 2025/02/25 19:30start,2025-02-25 10:30:00,2025,Other
AtCoder,adt_all_20250226_1,AtCoder Daily Training ALL 2025/02/26 16:00start,2025-02-26 07:00:00,2025,Other
AtCoder,adt_all_20250226_2,AtCoder Daily Training ALL 2025/02/26 18:00start,2025-02-26 09:00:00,2025,Other
AtCoder,adt_all_20250226_3,AtCoder Daily Training ALL 2025/02/26 20:00start,2025-02-26 11:00:00,2025,Other
AtCoder,adt_all_20250227_1,AtCoder Daily Training ALL 2025/02/27 16:30start,2025-02-27 07:30:00,2025,Other
AtCoder,adt_all_20250227_2,AtCoder Daily Training ALL 2025/02/27 18:30start,2025-02-27 09:30:00,2025,Other
AtCoder,adt_all_20250227_3,AtCoder Daily Training ALL 2025/02/27 20:30start,2025-02-27 11:30:00,2025,Other
AtCoder,adt_all_20250304_1,AtCoder Daily Training ALL 2025/03/04 15:30start,2025-03-04 06:30:00,2025,Other
AtCoder,adt_all_20250304_2,AtCoder Daily Training ALL 2025/03/04 17:30start,2025-03-04 08:30:00,2025,Other
AtCoder,adt_all_20250304_3,AtCoder Daily Training ALL 2025/03/04 19:30start,2025-03-04 10:30:00,2025,Other
AtCoder,adt_all_20250305_1,AtCoder Daily Training ALL 2025/03/05 16:00start,2025-03-05 07:00:00,2025,Other
AtCoder,adt_all_20250305_2,AtCoder Daily Training ALL 2025/03/05 18:00start,2025-03-05 09:00:00,2025,Other
AtCoder,adt_all_20250305_3,AtCoder Daily Training ALL 2025/03/05 20:00start,2025-03-05 11:00:00,2025,Other
AtCoder,adt_all_20250306_1,AtCoder Daily Training ALL 2025/03/06 16:30start,2025-03-06 07:30:00,2025,Other
AtCoder,adt_all_20250306_2,AtCoder Daily Training ALL 2025/03/06 18:30start,2025-03-06 09:30:00,2025,Other
AtCoder,adt_all_20250306_3,AtCoder Daily Training ALL 2025/03/06 20:30start,2025-03-06 11:30:00,2025,Other
AtCoder,adt_all_20250311_1,AtCoder Daily Training ALL 2025/03/11 15:30start,2025-03-11 06:30:00,2025,Other
AtCoder,adt_all_20250311_2,AtCoder Daily Training ALL 2025/03/11 17:30start,2025-03-11 08:30:00,2025,Other
AtCoder,adt_all_20250311_3,AtCoder Daily Training ALL 2025/03/11 19:30start,2025-03-11 10:30:00,2025,Other
AtCoder,adt_all_20250312_1,AtCoder Daily Training ALL 2025/03/12 16:00start,2025-03-12 07:00:00,2025,Other
AtCoder,adt_all_20250312_2,AtCoder Daily Training ALL 2025/03/12 18:00start,2025-03-12 09:00:00,2025,Other
AtCoder,adt_all_20250312_3,AtCoder Daily Training ALL 2025/03/12 20:00start,2025-03-12 11:00:00,2025,Other
AtCoder,adt_all_20250313_1,AtCoder Daily Training ALL 2025/03/13 16:30start,2025-03-13 07:30:00,2025,Other
AtCoder,adt_all_20250313_2,AtCoder Daily Training ALL 2025/03/13 18:30start,2025-03-13 09:30:00,2025,Other
AtCoder,adt_all_20250313_3,AtCoder Daily Training ALL 2025/03/13 20:30start,2025-03-13 11:30:00,2025,Other
AtCoder,adt_all_20250318_1,AtCoder Daily Training ALL 2025/03/18 15:30start,2025-03-18 06:30:00,2025,Other
AtCoder,adt_all_20250318_2,AtCoder Daily Training ALL 2025/03/18 17:30start,2025-03-18 08:30:00,2025,Other
AtCoder,adt_all_20250318_3,AtCoder Daily Training ALL 2025/03/18 19:30start,2025-03-18 10:30:00,2025,Other
AtCoder,adt_all_20250319_1,AtCoder Daily Training ALL 2025/03/19 16:00start,2025-03-19 07:00:00,2025,Other
AtCoder,adt_all_20250319_2,AtCoder Daily Training ALL 2025/03/19 18:00start,2025-03-19 09:00:00,2025,Other
AtCoder,adt_all_20250319_3,AtCoder Daily Training ALL 2025/03/19 20:00start,2025-03-19 11:00:00,2025,Other
AtCoder,adt_all_20250320_1,AtCoder Daily Training ALL 2025/03/20 16:30start,2025-03-20 07:30:00,2025,Other
AtCoder,adt_all_20250320_2,AtCoder Daily Training ALL 2025/03/20 18:30start,2025-03-20 09:30:00,2025,Other
AtCoder,adt_all_20250320_3,AtCoder Daily Training ALL 2025/03/20 20:30start,2025-03-20 11:30:00,2025,Other
AtCoder,adt_all_20250325_1,AtCoder Daily Training ALL 2025/03/25 15:30start,2025-03-25 06:30:00,2025,Other
AtCoder,adt_all_20250325_2,AtCoder Daily Training ALL 2025/03/25 17:30start,2025-03-25 08:30:00,2025,Other
AtCoder,adt_all_20250325_3,AtCoder Daily Training ALL 2025/03/25 19:30start,2025-03-25 10:30:00,2025,Other
AtCoder,adt_all_20250326_1,AtCoder Daily Training ALL 2025/03/26 16:00start,2025-03-26 07:00:00,2025,Other
AtCoder,adt_all_20250326_2,AtCoder Daily Training ALL 2025/03/26 18:00start,2025-03-26 09:00:00,2025,Other
AtCoder,adt_all_20250326_3,AtCoder Daily Training ALL 2025/03/26 20:00start,2025-03-26 11:00:00,2025,Other
AtCoder,adt_all_20250327_1,AtCoder Daily Training ALL 2025/03/27 16:30start,2025-03-27 07:30:00,2025,Other
AtCoder,adt_all_20250327_2,AtCoder Daily Training ALL 2025/03/27 18:30start,2025-03-27 09:30:00,2025,Other
AtCoder,adt_all_20250327_3,AtCoder Daily Training ALL 2025/03/27 20:30start,2025-03-27 11:30:00,2025,Other
AtCoder,adt_all_20250401_1,AtCoder Daily Training ALL 2025/04/01 15:30start,2025-04-01 06:30:00,2025,Other
AtCoder,adt_all_20250401_2,AtCoder Daily Training ALL 2025/04/01 17:30start,2025-04-01 08:30:00,2025,Other
AtCoder,adt_all_20250401_3,AtCoder Daily Training ALL 2025/04/01 19:30start,2025-04-01 10:30:00,2025,Other
AtCoder,adt_all_20250402_1,AtCoder Daily Training ALL 2025/04/02 16:00start,2025-04-02 07:00:00,2025,Other
AtCoder,adt_all_20250402_2,AtCoder Daily Training ALL 2025/04/02 18:00start,2025-04-02 09:00:00,2025,Other
AtCoder,adt_all_20250402_3,AtCoder Daily Training ALL 2025/04/02 20:00start,2025-04-02 11:00:00,2025,Other
AtCoder,adt_all_20250403_1,AtCoder Daily Training ALL 2025/04/03 16:30start,2025-04-03 07:30:00,2025,Other
AtCoder,adt_all_20250403_2,AtCoder Daily Training ALL 2025/04/03 18:30start,2025-04-03 09:30:00,2025,Other
AtCoder,adt_all_20250403_3,AtCoder Daily Training ALL 2025/04/03 20:30start,2025-04-03 11:30:00,2025,Other
AtCoder,adt_all_20250408_1,AtCoder Daily Training ALL 2025/04/08 15:30start,2025-04-08 06:30:00,2025,Other
AtCoder,adt_all_20250408_2,AtCoder Daily Training ALL 2025/04/08 17:30start,2025-04-08 08:30:00,2025,Other
AtCoder,adt_all_20250408_3,AtCoder Daily Training ALL 2025/04/08 19:30start,2025-04-08 10:30:00,2025,Other
AtCoder,adt_all_20250409_1,AtCoder Daily Training ALL 2025/04/09 16:00start,2025-04-09 07:00:00,2025,Other
AtCoder,adt_all_20250409_2,AtCoder Daily Training ALL 2025/04/09 18:00start,2025-04-09 09:00:00,2025,Other
AtCoder,adt_all_20250409_3,AtCoder Daily Training ALL 2025/04/09 20:00start,2025-04-09 11:00:00,2025,Other
AtCoder,adt_all_20250410_1,AtCoder Daily Training ALL 2025/04/10 16:30start,2025-04-10 07:30:00,2025,Other
AtCoder,adt_all_20250410_2,AtCoder Daily Training ALL 2025/04/10 18:30start,2025-04-10 09:30:00,2025,Other
AtCoder,adt_all_20250410_3,AtCoder Daily Training ALL 2025/04/10 20:30start,2025-04-10 11:30:00,2025,Other
AtCoder,adt_all_20250415_1,AtCoder Daily Training ALL 2025/04/15 15:30start,2025-04-15 06:30:00,2025,Other
AtCoder,adt_all_20250415_2,AtCoder Daily Training ALL 2025/04/15 17:30start,2025-04-15 08:30:00,2025,Other
AtCoder,adt_all_20250415_3,AtCoder Daily Training ALL 2025/04/15 19:30start,2025-04-15 10:30:00,2025,Other
AtCoder,adt_all_20250416_1,AtCoder Daily Training ALL 2025/04/16 16:00start,2025-04-16 07:00:00,2025,Other
AtCoder,adt_all_20250416_2,AtCoder Daily Training ALL 2025/04/16 18:00start,2025-04-16 09:00:00,2025,Other
AtCoder,adt_all_20250416_3,AtCoder Daily Training ALL 2025/04/16 20:00start,2025-04-16 11:00:00,2025,Other
AtCoder,adt_all_20250417_1,AtCoder Daily Training ALL 2025/04/17 16:30start,2025-04-17 07:30:00,2025,Other
AtCoder,adt_all_20250417_2,AtCoder Daily Training ALL 2025/04/17 18:30start,2025-04-17 09:30:00,2025,Other
AtCoder,adt_all_20250417_3,AtCoder Daily Training ALL 2025/04/17 20:30start,2025-04-17 11:30:00,2025,Other
AtCoder,adt_all_20250422_1,AtCoder Daily Training ALL 2025/04/22 15:30start,2025-04-22 06:30:00,2025,Other
AtCoder,adt_all_20250422_2,AtCoder Daily Training ALL 2025/04/22 17:30start,2025-04-22 08:30:00,2025,Other
AtCoder,adt_all_20250422_3,AtCoder Daily Training ALL 2025/04/22 19:30start,2025-04-22 10:30:00,2025,Other
AtCoder,adt_all_20250423_1,AtCoder Daily Training ALL 2025/04/23 16:00start,2025-04-23 07:00:00,2025,Other
AtCoder,adt_all_20250423_2,AtCoder Daily Training ALL 2025/04/23 18:00start,2025-04-23 09:00:00,2025,Other
AtCoder,adt_all_20250423_3,AtCoder Daily Training ALL 2025/04/23 20:00start,2025-04-23 11:00:00,2025,Other
AtCoder,adt_all_20250424_1,AtCoder Daily Training ALL 2025/04/24 16:30start,2025-04-24 07:30:00,2025,Other
AtCoder,adt_all_20250424_2,AtCoder Daily Training ALL 2025/04/24 18:30start,2025-04-24 09:30:00,2025,Other
AtCoder,adt_all_20250424_3,AtCoder Daily Training ALL 2025/04/24 20:30start,2025-04-24 11:30:00,2025,Other
AtCoder,adt_all_20250429_1,AtCoder Daily Training ALL 2025/04/29 15:30start,2025-04-29 06:30:00,2025,Other
AtCoder,adt_all_20250429_2,AtCoder Daily Training ALL 2025/04/29 17:30start,2025-04-29 08:30:00,2025,Other
AtCoder,adt_all_20250429_3,AtCoder Daily Training ALL 2025/04/29 19:30start,2025-04-29 10:30:00,2025,Other
AtCoder,adt_all_20250430_1,AtCoder Daily Training ALL 2025/04/30 16:00start,2025-04-30 07:00:00,2025,Other
AtCoder,adt_all_20250430_2,AtCoder Daily Training ALL 2025/04/30 18:00start,2025-04-30 09:00:00,2025,Other
AtCoder,adt_all_20250430_3,AtCoder Daily Training ALL 2025/04/30 20:00start,2025-04-30 11:00:00,2025,Other
AtCoder,adt_all_20250501_1,AtCoder Daily Training ALL 2025/05/01 16:30start,2025-05-01 07:30:00,2025,Other
AtCoder,adt_all_20250501_2,AtCoder Daily Training ALL 2025/05/01 18:30start,2025-05-01 09:30:00,2025,Other
AtCoder,adt_all_20250501_3,AtCoder Daily Training ALL 2025/05/01 20:30start,2025-05-01 11:30:00,2025,Other
AtCoder,adt_all_20250506_1,AtCoder Daily Training ALL 2025/05/06 15:30start,2025-05-06 06:30:00,2025,Other
AtCoder,adt_all_20250506_2,AtCoder Daily Training ALL 2025/05/06 17:30start,2025-05-06 08:30:00,2025,Other
AtCoder,adt_all_20250506_3,AtCoder Daily Training ALL 2025/05/06 19:30start,2025-05-06 10:30:00,2025,Other
AtCoder,adt_all_20250507_1,AtCoder Daily Training ALL 2025/05/07 16:00start,2025-05-07 07:00:00,2025,Other
AtCoder,adt_all_20250507_2,AtCoder Daily Training ALL 2025/05/07 18:00start,2025-05-07 09:00:00,2025,Other
AtCoder,adt_all_20250507_3,AtCoder Daily Training ALL 2025/05/07 20:00start,2025-05-07 11:00:00,2025,Other
AtCoder,adt_all_20250508_1,AtCoder Daily Training ALL 2025/05/08 16:30start,2025-05-08 07:30:00,2025,Other
AtCoder,adt_all_20250508_2,AtCoder Daily Training ALL 2025/05/08 18:30start,2025-05-08 09:30:00,2025,Other
AtCoder,adt_all_20250508_3,AtCoder Daily Training ALL 2025/05/08 20:30start,2025-05-08 11:30:00,2025,Other
AtCoder,adt_all_20250513_1,AtCoder Daily Training ALL 2025/05/13 15:30start,2025-05-13 06:30:00,2025,Other
AtCoder,adt_all_20250513_2,AtCoder Daily Training ALL 2025/05/13 17:30start,2025-05-13 08:30:00,2025,Other
AtCoder,adt_all_20250513_3,AtCoder Daily Training ALL 2025/05/13 19:30start,2025-05-13 10:30:00,2025,Other
AtCoder,adt_all_20250514_1,AtCoder Daily Training ALL 2025/05/14 16:00start,2025-05-14 07:00:00,2025,Other
AtCoder,adt_all_20250514_2,AtCoder Daily Training ALL 2025/05/14 18:00start,2025-05-14 09:00:00,2025,Other
AtCoder,adt_all_20250514_3,AtCoder Daily Training ALL 2025/05/14 20:00start,2025-05-14 11:00:00,2025,Other
AtCoder,adt_all_20250515_1,AtCoder Daily Training ALL 2025/05/15 16:30start,2025-05-15 07:30:00,2025,Other
AtCoder,adt_all_20250515_2,AtCoder Daily Training ALL 2025/05/15 18:30start,2025-05-15 09:30:00,2025,Other
AtCoder,adt_all_20250515_3,AtCoder Daily Training ALL 2025/05/15 20:30start,2025-05-15 11:30:00,2025,Other
AtCoder,adt_all_20250520_1,AtCoder Daily Training ALL 2025/05/20 15:30start,2025-05-20 06:30:00,2025,Other
AtCoder,adt_all_20250520_2,AtCoder Daily Training ALL 2025/05/20 17:30start,2025-05-20 08:30:00,2025,Other
AtCoder,adt_all_20250520_3,AtCoder Daily Training ALL 2025/05/20 19:30start,2025-05-20 10:30:00,2025,Other
AtCoder,adt_all_20250521_1,AtCoder Daily Training ALL 2025/05/21 16:00start,2025-05-21 07:00:00,2025,Other
AtCoder,adt_all_20250521_2,AtCoder Daily Training ALL 2025/05/21 18:00start,2025-05-21 09:00:00,2025,Other
AtCoder,adt_all_20250521_3,AtCoder Daily Training ALL 2025/05/21 20:00start,2025-05-21 11:00:00,2025,Other
AtCoder,adt_all_20250522_1,AtCoder Daily Training ALL 2025/05/22 16:30start,2025-05-22 07:30:00,2025,Other
AtCoder,adt_all_20250522_2,AtCoder Daily Training ALL 2025/05/22 18:30start,2025-05-22 09:30:00,2025,Other
AtCoder,adt_all_20250522_3,AtCoder Daily Training ALL 2025/05/22 20:30start,2025-05-22 11:30:00,2025,Other
AtCoder,adt_all_20250527_1,AtCoder Daily Training ALL 2025/05/27 15:30start,2025-05-27 06:30:00,2025,Other
AtCoder,adt_all_20250527_2,AtCoder Daily Training ALL 2025/05/27 17:30start,2025-05-27 08:30:00,2025,Other
AtCoder,adt_all_20250527_3,AtCoder Daily Training ALL 2025/05/27 19:30start,2025-05-27 10:30:00,2025,Other
AtCoder,adt_all_20250528_1,AtCoder Daily Training ALL 2025/05/28 16:00start,2025-05-28 07:00:00,2025,Other
AtCoder,adt_all_20250528_2,AtCoder Daily Training ALL 2025/05/28 18:00start,2025-05-28 09:00:00,2025,Other
AtCoder,adt_all_20250528_3,AtCoder Daily Training ALL 2025/05/28 20:00start,2025-05-28 11:00:00,2025,Other
AtCoder,adt_all_20250529_1,AtCoder Daily Training ALL 2025/05/29 16:30start,2025-05-29 07:30:00,2025,Other
AtCoder,adt_all_20250529_2,AtCoder Daily Training ALL 2025/05/29 18:30start,2025-05-29 09:30:00,2025,Other
AtCoder,adt_all_20250529_3,AtCoder Daily Training ALL 2025/05/29 20:30start,2025-05-29 11:30:00,2025,Other
AtCoder,adt_all_20250603_1,AtCoder Daily Training ALL 2025/06/03 15:30start,2025-06-03 06:30:00,2025,Other
AtCoder,adt_all_20250603_2,AtCoder Daily Training ALL 2025/06/03 17:30start,2025-06-03 08:30:00,2025,Other
AtCoder,adt_all_20250603_3,AtCoder Daily Training ALL 2025/06/03 19:30start,2025-06-03 10:30:00,2025,Other
AtCoder,adt_all_20250604_1,AtCoder Daily Training ALL 2025/06/04 16:00start,2025-06-04 07:00:00,2025,Other
AtCoder,adt_all_20250604_2,AtCoder Daily Training ALL 2025/06/04 18:00start,2025-06-04 09:00:00,2025,Other
AtCoder,adt_all_20250604_3,AtCoder Daily Training ALL 2025/06/04 20:00start,2025-06-04 11:00:00,2025,Other
AtCoder,adt_all_20250605_1,AtCoder Daily Training ALL 2025/06/05 16:30start,2025-06-05 07:30:00,2025,Other
AtCoder,adt_all_20250605_2,AtCoder Daily Training ALL 2025/06/05 18:30start,2025-06-05 09:30:00,2025,Other
AtCoder,adt_all_20250605_3,AtCoder Daily Training ALL 2025/06/05 20:30start,2025-06-05 11:30:00,2025,Other
AtCoder,adt_all_20250610_1,AtCoder Daily Training ALL 2025/06/10 15:30start,2025-06-10 06:30:00,2025,Other
AtCoder,adt_all_20250610_2,AtCoder Daily Training ALL 2025/06/10 17:30start,2025-06-10 08:30:00,2025,Other
AtCoder,adt_all_20250610_3,AtCoder Daily Training ALL 2025/06/10 19:30start,2025-06-10 10:30:00,2025,Other
AtCoder,adt_all_20250611_1,AtCoder Daily Training ALL 2025/06/11 16:00start,2025-06-11 07:00:00,2025,Other
AtCoder,adt_all_20250611_2,AtCoder Daily Training ALL 2025/06/11 18:00start,2025-06-11 09:00:00,2025,Other
AtCoder,adt_all_20250611_3,AtCoder Daily Training ALL 2025/06/11 20:00start,2025-06-11 11:00:00,2025,Other
AtCoder,adt_all_20250612_1,AtCoder Daily Training ALL 2025/06/12 16:30start,2025-06-12 07:30:00,2025,Other
AtCoder,adt_all_20250612_2,AtCoder Daily Training ALL 2025/06/12 18:30start,2025-06-12 09:30:00,2025,Other
AtCoder,adt_all_20250612_3,AtCoder Daily Training ALL 2025/06/12 20:30start,2025-06-12 11:30:00,2025,Other
AtCoder,adt_all_20250617_1,AtCoder Daily Training ALL 2025/06/17 15:30start,2025-06-17 06:30:00,2025,Other
AtCoder,adt_all_20250617_2,AtCoder Daily Training ALL 2025/06/17 17:30start,2025-06-17 08:30:00,2025,Other
AtCoder,adt_all_20250617_3,AtCoder Daily Training ALL 2025/06/17 19:30start,2025-06-17 10:30:00,2025,Other
AtCoder,adt_all_20250618_1,AtCoder Daily Training ALL 2025/06/18 16:00start,2025-06-18 07:00:00,2025,Other
AtCoder,adt_all_20250618_2,AtCoder Daily Training ALL 2025/06/18 18:00start,2025-06-18 09:00:00,2025,Other
AtCoder,adt_all_20250618_3,AtCoder Daily Training ALL 2025/06/18 20:00start,2025-06-18 11:00:00,2025,Other
AtCoder,adt_all_20250619_1,AtCoder Daily Training ALL 2025/06/19 16:30start,2025-06-19 07:30:00,2025,Other
AtCoder,adt_all_20250619_2,AtCoder Daily Training ALL 2025/06/19 18:30start,2025-06-19 09:30:00,2025,Other
AtCoder,adt_all_20250619_3,AtCoder Daily Training ALL 2025/06/19 20:30start,2025-06-19 11:30:00,2025,Other
AtCoder,adt_all_20250624_1,AtCoder Daily Training ALL 2025/06/24 15:30start,2025-06-24 06:30:00,2025,Other
AtCoder,adt_all_20250624_2,AtCoder Daily Training ALL 2025/06/24 17:30start,2025-06-24 08:30:00,2025,Other
AtCoder,adt_all_20250624_3,AtCoder Daily Training ALL 2025/06/24 19:30start,2025-06-24 10:30:00,2025,Other
AtCoder,adt_all_20250625_1,AtCoder Daily Training ALL 2025/06/25 16:00start,2025-06-25 07:00:00,2025,Other
AtCoder,adt_all_20250625_2,AtCoder Daily Training ALL 2025/06/25 18:00start,2025-06-25 09:00:00,2025,Other
AtCoder,adt_all_20250625_3,AtCoder Daily Training ALL 2025/06/25 20:00start,2025-06-25 11:00:00,2025,Other
AtCoder,adt_all_20250626_1,AtCoder Daily Training ALL 2025/06/26 16:30start,2025-06-26 07:30:00,2025,Other
AtCoder,adt_all_20250626_2,AtCoder Daily Training ALL 2025/06/26 18:30start,2025-06-26 09:30:00,2025,Other
AtCoder,adt_all_20250626_3,AtCoder Daily Training ALL 2025/06/26 20:30start,2025-06-26 11:30:00,2025,Other
AtCoder,adt_all_20250701_1,AtCoder Daily Training ALL 2025/07/01 15:30start,2025-07-01 06:30:00,2025,Other
AtCoder,adt_all_20250701_2,AtCoder Daily Training ALL 2025/07/01 17:30start,2025-07-01 08:30:00,2025,Other
AtCoder,adt_all_20250701_3,AtCoder Daily Training ALL 2025/07/01 19:30start,2025-07-01 10:30:00,2025,Other
AtCoder,adt_all_20250702_1,AtCoder Daily Training ALL 2025/07/02 16:00start,2025-07-02 07:00:00,2025,Other
AtCoder,adt_all_20250702_2,AtCoder Daily Training ALL 2025/07/02 18:00start,2025-07-02 09:00:00,2025,Other
AtCoder,adt_all_20250702_3,AtCoder Daily Training ALL 2025/07/02 20:00start,2025-07-02 11:00:00,2025,Other
AtCoder,adt_all_20250703_1,AtCoder Daily Training ALL 2025/07/03 16:30start,2025-07-03 07:30:00,2025,Other
AtCoder,adt_all_20250703_2,AtCoder Daily Training ALL 2025/07/03 18:30start,2025-07-03 09:30:00,2025,Other
AtCoder,adt_all_20250703_3,AtCoder Daily Training ALL 2025/07/03 20:30start,2025-07-03 11:30:00,2025,Other
AtCoder,adt_all_20250708_1,AtCoder Daily Training ALL 2025/07/08 15:30start,2025-07-08 06:30:00,2025,Other
AtCoder,adt_all_20250708_2,AtCoder Daily Training ALL 2025/07/08 17:30start,2025-07-08 08:30:00,2025,Other
AtCoder,adt_all_20250708_3,AtCoder Daily Training ALL 2025/07/08 19:30start,2025-07-08 10:30:00,2025,Other
AtCoder,adt_all_20250709_1,AtCoder Daily Training ALL 2025/07/09 16:00start,2025-07-09 07:00:00,2025,Other
AtCoder,adt_all_20250709_2,AtCoder Daily Training ALL 2025/07/09 18:00start,2025-07-09 09:00:00,2025,Other
AtCoder,adt_all_20250709_3,AtCoder Daily Training ALL 2025/07/09 20:00start,2025-07-09 11:00:00,2025,Other
AtCoder,adt_all_20250710_1,AtCoder Daily Training ALL 2025/07/10 16:30start,2025-07-10 07:30:00,2025,Other
AtCoder,adt_all_20250710_2,AtCoder Daily Training ALL 2025/07/10 18:30start,2025-07-10 09:30:00,2025,Other
AtCoder,adt_all_20250710_3,AtCoder Daily Training ALL 2025/07/10 20:30start,2025-07-10 11:30:00,2025,Other
AtCoder,adt_all_20250715_1,AtCoder Daily Training ALL 2025/07/15 15:30start,2025-07-15 06:30:00,2025,Other
AtCoder,adt_all_20250715_2,AtCoder Daily Training ALL 2025/07/15 17:30start,2025-07-15 08:30:00,2025,Other
AtCoder,adt_all_20250715_3,AtCoder Daily Training ALL 2025/07/15 19:30start,2025-07-15 10:30:00,2025,Other
AtCoder,adt_all_20250716_1,AtCoder Daily Training ALL 2025/07/16 16:00start,2025-07-16 07:00:00,2025,Other
AtCoder,adt_all_20250716_2,AtCoder Daily Training ALL 2025/07/16 18:00start,2025-07-16 09:00:00,2025,Other
AtCoder,adt_all_20250716_3,AtCoder Daily Training ALL 2025/07/16 20:00start,2025-07-16 11:00:00,2025,Other
AtCoder,adt_all_20250717_1,AtCoder Daily Training ALL 2025/07/17 16:30start,2025-07-17 07:30:00,2025,Other
AtCoder,adt_all_20250717_2,AtCoder Daily Training ALL 2025/07/17 18:30start,2025-07-17 09:30:00,2025,Other
AtCoder,adt_all_20250717_3,AtCoder Daily Training ALL 2025/07/17 20:30start,2025-07-17 11:30:00,2025,Other
AtCoder,adt_all_20250722_1,AtCoder Daily Training ALL 2025/07/22 15:30start,2025-07-22 06:30:00,2025,Other
AtCoder,adt_all_20250722_2,AtCoder Daily Training ALL 2025/07/22 17:30start,2025-07-22 08:30:00,2025,Other
AtCoder,adt_all_20250722_3,AtCoder Daily Training ALL 2025/07/22 19:30start,2025-07-22 10:30:00,2025,Other
AtCoder,adt_all_20250723_1,AtCoder Daily Training ALL 2025/07/23 16:00start,2025-07-23 07:00:00,2025,Other
AtCoder,adt_all_20250723_2,AtCoder Daily Training ALL 2025/07/23 18:00start,2025-07-23 09:00:00,2025,Other
AtCoder,adt_all_20250723_3,AtCoder Daily Training ALL 2025/07/23 20:00start,2025-07-23 11:00:00,2025,Other
AtCoder,adt_all_20250724_1,AtCoder Daily Training ALL 2025/07/24 16:30start,2025-07-24 07:30:00,2025,Other
AtCoder,adt_all_20250724_2,AtCoder Daily Training ALL 2025/07/24 18:30start,2025-07-24 09:30:00,2025,Other
AtCoder,adt_all_20250724_3,AtCoder Daily Training ALL 2025/07/24 20:30start,2025-07-24 11:30:00,2025,Other
AtCoder,adt_all_20250729_1,AtCoder Daily Training ALL 2025/07/29 15:30start,2025-07-29 06:30:00,2025,Other
AtCoder,adt_all_20250729_2,AtCoder Daily Training ALL 2025/07/29 17:30start,2025-07-29 08:30:00,2025,Other
AtCoder,adt_all_20250729_3,AtCoder Daily Training ALL 2025/07/29 19:30start,2025-07-29 10:30:00,2025,Other
AtCoder,adt_all_20250730_1,AtCoder Daily Training ALL 2025/07/30 16:00start,2025-07-30 07:00:00,2025,Other
AtCoder,adt_all_20250730_2,AtCoder Daily Training ALL 2025/07/30 18:00start,2025-07-30 09:00:00,2025,Other
AtCoder,adt_all_20250730_3,AtCoder Daily Training ALL 2025/07/30 20:00start,2025-07-30 11:00:00,2025,Other
AtCoder,adt_all_20250731_1,AtCoder Daily Training ALL 2025/07/31 16:30start,2025-07-31 07:30:00,2025,Other
AtCoder,adt_all_20250731_2,AtCoder Daily Training ALL 2025/07/31 18:30start,2025-07-31 09:30:00,2025,Other
AtCoder,adt_all_20250731_3,AtCoder Daily Training ALL 2025/07/31 20:30start,2025-07-31 11:30:00,2025,Other
AtCoder,adt_all_20250805_1,AtCoder Daily Training ALL 2025/08/05 15:30start,2025-08-05 06:30:00,2025,Other
AtCoder,adt_all_20250805_2,AtCoder Daily Training ALL 2025/08/05 17:30start,2025-08-05 08:30:00,2025,Other
AtCoder,adt_all_20250805_3,AtCoder Daily Training ALL 2025/08/05 19:30start,2025-08-05 10:30:00,2025,Other
AtCoder,adt_all_20250806_1,AtCoder Daily Training ALL 2025/08/06 16:00start,2025-08-06 07:00:00,2025,Other
AtCoder,adt_all_20250806_2,AtCoder Daily Training ALL 2025/08/06 18:00start,2025-08-06 09:00:00,2025,Other
AtCoder,adt_all_20250806_3,AtCoder Daily Training ALL 2025/08/06 20:00start,2025-08-06 11:00:00,2025,Other
AtCoder,adt_all_20250807_1,AtCoder Daily Training ALL 2025/08/07 16:30start,2025-08-07 07:30:00,2025,Other
AtCoder,adt_all_20250807_2,AtCoder Daily Training ALL 2025/08/07 18:30start,2025-08-07 09:30:00,2025,Other
AtCoder,adt_all_20250807_3,AtCoder Daily Training ALL 2025/08/07 20:30start,2025-08-07 11:30:00,2025,Other
AtCoder,adt_all_20250812_1,AtCoder Daily Training ALL 2025/08/12 15:30start,2025-08-12 06:30:00,2025,Other
AtCoder,adt_all_20250812_2,AtCoder Daily Training ALL 2025/08/12 17:30start,2025-08-12 08:30:00,2025,Other
AtCoder,adt_all_20250812_3,AtCoder Daily Training ALL 2025/08/12 19:30start,2025-08-12 10:30:00,2025,Other
AtCoder,adt_all_20250813_1,AtCoder Daily Training ALL 2025/08/13 16:00start,2025-08-13 07:00:00,2025,Other
AtCoder,adt_all_20250813_2,AtCoder Daily Training ALL 2025/08/13 18:00start,2025-08-13 09:00:00,2025,Other
AtCoder,adt_all_20250813_3,AtCoder Daily Training ALL 2025/08/13 20:00start,2025-08-13 11:00:00,2025,Other
AtCoder,adt_all_20250814_1,AtCoder Daily Training ALL 2025/08/14 16:30start,2025-08-14 07:30:00,2025,Other
AtCoder,adt_all_20250814_2,AtCoder Daily Training ALL 2025/08/14 18:30start,2025-08-14 09:30:00,2025,Other
AtCoder,adt_all_20250814_3,AtCoder Daily Training ALL 2025/08/14 20:30start,2025-08-14 11:30:00,2025,Other
AtCoder,adt_all_20250819_1,AtCoder Daily Training ALL 2025/08/19 15:30start,2025-08-19 06:30:00,2025,Other
AtCoder,adt_all_20250819_2,AtCoder Daily Training ALL 2025/08/19 17:30start,2025-08-19 08:30:00,2025,Other
AtCoder,adt_all_20250819_3,AtCoder Daily Training ALL 2025/08/19 19:30start,2025-08-19 10:30:00,2025,Other
AtCoder,adt_all_20250820_1,AtCoder Daily Training ALL 2025/08/20 16:00start,2025-08-20 07:00:00,2025,Other
AtCoder,adt_all_20250820_2,AtCoder Daily Training ALL 2025/08/20 18:00start,2025-08-20 09:00:00,2025,Other
AtCoder,adt_all_20250820_3,AtCoder Daily Training ALL 2025/08/20 20:00start,2025-08-20 11:00:00,2025,Other
AtCoder,adt_all_20250821_1,AtCoder Daily Training ALL 2025/08/21 16:30start,2025-08-21 07:30:00,2025,Other
AtCoder,adt_all_20250821_2,AtCoder Daily Training ALL 2025/08/21 18:30start,2025-08-21 09:30:00,2025,Other
AtCoder,adt_all_20250821_3,AtCoder Daily Training ALL 2025/08/21 20:30start,2025-08-21 11:30:00,2025,Other
AtCoder,adt_all_20250826_1,AtCoder Daily Training ALL 2025/08/26 15:30start,2025-08-26 06:30:00,2025,Other
AtCoder,adt_all_20250826_2,AtCoder Daily Training ALL 2025/08/26 17:30start,2025-08-26 08:30:00,2025,Other
AtCoder,adt_all_20250826_3,AtCoder Daily Training ALL 2025/08/26 19:30start,2025-08-26 10:30:00,2025,Other
AtCoder,adt_all_20250827_1,AtCoder Daily Training ALL 2025/08/27 16:00start,2025-08-27 07:00:00,2025,Other
AtCoder,adt_all_20250827_2,AtCoder Daily Training ALL 2025/08/27 18:00start,2025-08-27 09:00:00,2025,Other
AtCoder,adt_all_20250827_3,AtCoder Daily Training ALL 2025/08/27 20:00start,2025-08-27 11:00:00,2025,Other
AtCoder,adt_all_20250828_1,AtCoder Daily Training ALL 2025/08/28 16:30start,2025-08-28 07:30:00,2025,Other
AtCoder,adt_all_20250828_2,AtCoder Daily Training ALL 2025/08/28 18:30start,2025-08-28 09:30:00,2025,Other
AtCoder,adt_all_20250828_3,AtCoder Daily Training ALL 2025/08/28 20:30start,2025-08-28 11:30:00,2025,Other
AtCoder,adt_all_20250902_1,AtCoder Daily Training ALL 2025/09/02 15:30start,2025-09-02 06:30:00,2025,Other
AtCoder,adt_all_20250902_2,AtCoder Daily Training ALL 2025/09/02 17:30start,2025-09-02 08:30:00,2025,Other
AtCoder,adt_all_20250902_3,AtCoder Daily Training ALL 2025/09/02 19:30start,2025-09-02 10:30:00,2025,Other
AtCoder,adt_all_20250903_1,AtCoder Daily Training ALL 2025/09/03 16:00start,2025-09-03 07:00:00,2025,Other
AtCoder,adt_all_20250903_2,AtCoder Daily Training ALL 2025/09/03 18:00start,2025-09-03 09:00:00,2025,Other
AtCoder,adt_all_20250903_3,AtCoder Daily Training ALL 2025/09/03 20:00start,2025-09-03 11:00:00,2025,Other
AtCoder,adt_all_20250904_1,AtCoder Daily Training ALL 2025/09/04 16:30start,2025-09-04 07:30:00,2025,Other
AtCoder,adt_all_20250904_2,AtCoder Daily Training ALL 2025/09/04 18:30start,2025-09-04 09:30:00,2025,Other
AtCoder,adt_all_20250904_3,AtCoder Daily Training ALL 2025/09/04 20:30start,2025-09-04 11:30:00,2025,Other
AtCoder,adt_all_20250909_1,AtCoder Daily Training ALL 2025/09/09 15:30start,2025-09-09 06:30:00,2025,Other
AtCoder,adt_all_20250909_2,AtCoder Daily Training ALL 2025/09/09 17:30start,2025-09-09 08:30:00,2025,Other
AtCoder,adt_all_20250909_3,AtCoder Daily Training ALL 2025/09/09 19:30start,2025-09-09 10:30:00,2025,Other
AtCoder,adt_all_20250910_1,AtCoder Daily Training ALL 2025/09/10 16:00start,2025-09-10 07:00:00,2025,Other
AtCoder,adt_all_20250910_2,AtCoder Daily Training ALL 2025/09/10 18:00start,2025-09-10 09:00:00,2025,Other
AtCoder,adt_all_20250910_3,AtCoder Daily Training ALL 2025/09/10 20:00start,2025-09-10 11:00:00,2025,Other
AtCoder,adt_all_20250911_1,AtCoder Daily Training ALL 2025/09/11 16:30start,2025-09-11 07:30:00,2025,Other
AtCoder,adt_all_20250911_2,AtCoder Daily Training ALL 2025/09/11 18:30start,2025-09-11 09:30:00,2025,Other
AtCoder,adt_all_20250911_3,AtCoder Daily Training ALL 2025/09/11 20:30start,2025-09-11 11:30:00,2025,Other
AtCoder,adt_all_20250916_1,AtCoder Daily Training ALL 2025/09/16 15:30start,2025-09-16 06:30:00,2025,Other
AtCoder,adt_all_20250916_2,AtCoder Daily Training ALL 2025/09/16 17:30start,2025-09-16 08:30:00,2025,Other
AtCoder,adt_all_20250916_3,AtCoder Daily Training ALL 2025/09/16 19:30start,2025-09-16 10:30:00,2025,Other
AtCoder,adt_all_20250917_1,AtCoder Daily Training ALL 2025/09/17 16:00start,2025-09-17 07:00:00,2025,Other
AtCoder,adt_all_20250917_2,AtCoder Daily Training ALL 2025/09/17 18:00start,2025-09-17 09:00:00,2025,Other
AtCoder,adt_all_20250917_3,AtCoder Daily Training ALL 2025/09/17 20:00start,2025-09-17 11:00:00,2025,Other
AtCoder,adt_all_20250918_1,AtCoder Daily Training ALL 2025/09/18 16:30start,2025-09-18 07:30:00,2025,Other
AtCoder,adt_all_20250918_2,AtCoder Daily Training ALL 2025/09/18 18:30start,2025-09-18 09:30:00,2025,Other
AtCoder,adt_all_20250918_3,AtCoder Daily Training ALL 2025/09/18 20:30start,2025-09-18 11:30:00,2025,Other
AtCoder,adt_all_20250923_1,AtCoder Daily Training ALL 2025/09/23 15:30start,2025-09-23 06:30:00,2025,Other
AtCoder,adt_all_20250923_2,AtCoder Daily Training ALL 2025/09/23 17:30start,2025-09-23 08:30:00,2025,Other
AtCoder,adt_all_20250923_3,AtCoder Daily Training ALL 2025/09/23 19:30start,2025-09-23 10:30:00,2025,Other
AtCoder,adt_all_20250924_1,AtCoder Daily Training ALL 2025/09/24 16:00start,2025-09-24 07:00:00,2025,Other
AtCoder,adt_all_20250924_2,AtCoder Daily Training ALL 2025/09/24 18:00start,2025-09-24 09:00:00,2025,Other
AtCoder,adt_all_20250924_3,AtCoder Daily Training ALL 2025/09/24 20:00start,2025-09-24 11:00:00,2025,Other
AtCoder,adt_all_20250925_1,AtCoder Daily Training ALL 2025/09/25 16:30start,2025-09-25 07:30:00,2025,Other
AtCoder,adt_all_20250925_2,AtCoder Daily Training ALL 2025/09/25 18:30start,2025-09-25 09:30:00,2025,Other
AtCoder,adt_all_20250925_3,AtCoder Daily Training ALL 2025/09/25 20:30start,2025-09-25 11:30:00,2025,Other
AtCoder,adt_all_20250930_1,AtCoder Daily Training ALL 2025/09/30 15:30start,2025-09-30 06:30:00,2025,Other
AtCoder,adt_all_20250930_2,AtCoder Daily Training ALL 2025/09/30 17:30start,2025-09-30 08:30:00,2025,Other
AtCoder,adt_all_20250930_3,AtCoder Daily Training ALL 2025/09/30 19:30start,2025-09-30 10:30:00,2025,Other
AtCoder,adt_all_20251001_1,AtCoder Daily Training ALL 2025/10/01 16:00start,2025-10-01 07:00:00,2025,Other
AtCoder,adt_all_20251001_2,AtCoder Daily Training ALL 2025/10/01 18:00start,2025-10-01 09:00:00,2025,Other
AtCoder,adt_all_20251001_3,AtCoder Daily Training ALL 2025/10/01 20:00start,2025-10-01 11:00:00,2025,Other
AtCoder,adt_all_20251002_1,AtCoder Daily Training ALL 2025/10/02 16:30start,2025-10-02 07:30:00,2025,Other
AtCoder,adt_all_20251002_2,AtCoder Daily Training ALL 2025/10/02 18:30start,2025-10-02 09:30:00,2025,Other
AtCoder,adt_all_20251002_3,AtCoder Daily Training ALL 2025/10/02 20:30start,2025-10-02 11:30:00,2025,Other
AtCoder,adt_all_20251007_1,AtCoder Daily Training ALL 2025/10/07 15:30start,2025-10-07 06:30:00,2025,Other
AtCoder,adt_all_20251007_2,AtCoder Daily Training ALL 2025/10/07 17:30start,2025-10-07 08:30:00,2025,Other
AtCoder,adt_all_20251007_3,AtCoder Daily Training ALL 2025/10/07 19:30start,2025-10-07 10:30:00,2025,Other
AtCoder,adt_all_20251008_1,AtCoder Daily Training ALL 2025/10/08 16:00start,2025-10-08 07:00:00,2025,Other
AtCoder,adt_all_20251008_2,AtCoder Daily Training ALL 2025/10/08 18:00start,2025-10-08 09:00:00,2025,Other
AtCoder,adt_all_20251008_3,AtCoder Daily Training ALL 2025/10/08 20:00start,2025-10-08 11:00:00,2025,Other
AtCoder,adt_all_20251009_1,AtCoder Daily Training ALL 2025/10/09 16:30start,2025-10-09 07:30:00,2025,Other
AtCoder,adt_all_20251009_2,AtCoder Daily Training ALL 2025/10/09 18:30start,2025-10-09 09:30:00,2025,Other
AtCoder,adt_all_20251009_3,AtCoder Daily Training ALL 2025/10/09 20:30start,2025-10-09 11:30:00,2025,Other
AtCoder,adt_all_20251014_1,AtCoder Daily Training ALL 2025/10/14 15:30start,2025-10-14 06:30:00,2025,Other
AtCoder,adt_all_20251014_2,AtCoder Daily Training ALL 2025/10/14 17:30start,2025-10-14 08:30:00,2025,Other
AtCoder,adt_all_20251014_3,AtCoder Daily Training ALL 2025/10/14 19:30start,2025-10-14 10:30:00,2025,Other
AtCoder,adt_all_20251015_1,AtCoder Daily Training ALL 2025/10/15 16:00start,2025-10-15 07:00:00,2025,Other
AtCoder,adt_all_20251015_2,AtCoder Daily Training ALL 2025/10/15 18:00start,2025-10-15 09:00:00,2025,Other
AtCoder,adt_all_20251015_3,AtCoder Daily Training ALL 2025/10/15 20:00start,2025-10-15 11:00:00,2025,Other
AtCoder,adt_all_20251016_1,AtCoder Daily Training ALL 2025/10/16 16:30start,2025-10-16 07:30:00,2025,Other
AtCoder,adt_all_20251016_2,AtCoder Daily Training ALL 2025/10/16 18:30start,2025-10-16 09:30:00,2025,Other
AtCoder,adt_all_20251016_3,AtCoder Daily Training ALL 2025/10/16 20:30start,2025-10-16 11:30:00,2025,Other
AtCoder,adt_all_20251021_1,AtCoder Daily Training ALL 2025/10/21 15:30start,2025-10-21 06:30:00,2025,Other
AtCoder,adt_all_20251021_2,AtCoder Daily Training ALL 2025/10/21 17:30start,2025-10-21 08:30:00,2025,Other
AtCoder,adt_all_20251021_3,AtCoder Daily Training ALL 2025/10/21 19:30start,2025-10-21 10:30:00,2025,Other
AtCoder,adt_all_20251022_1,AtCoder Daily Training ALL 2025/10/22 16:00start,2025-10-22 07:00:00,2025,Other
AtCoder,adt_all_20251022_2,AtCoder Daily Training ALL 2025/10/22 18:00start,2025-10-22 09:00:00,2025,Other
AtCoder,adt_all_20251022_3,AtCoder Daily Training ALL 2025/10/22 20:00start,2025-10-22 11:00:00,2025,Other
AtCoder,adt_all_20251023_1,AtCoder Daily Training ALL 2025/10/23 16:30start,2025-10-23 07:30:00,2025,Other
AtCoder,adt_all_20251023_2,AtCoder Daily Training ALL 2025/10/23 18:30start,2025-10-23 09:30:00,2025,Other
AtCoder,adt_all_20251023_3,AtCoder Daily Training ALL 2025/10/23 20:30start,2025-10-23 11:30:00,2025,Other
AtCoder,adt_all_20251028_1,AtCoder Daily Training ALL 2025/10/28 15:30start,2025-10-28 06:30:00,2025,Other
AtCoder,adt_all_20251028_2,AtCoder Daily Training ALL 2025/10/28 17:30start,2025-10-28 08:30:00,2025,Other
AtCoder,adt_all_20251028_3,AtCoder Daily Training ALL 2025/10/28 19:30start,2025-10-28 10:30:00,2025,Other
AtCoder,adt_all_20251029_1,AtCoder Daily Training ALL 2025/10/29 16:00start,2025-10-29 07:00:00,2025,Other
AtCoder,adt_all_20251029_2,AtCoder Daily Training ALL 2025/10/29 18:00start,2025-10-29 09:00:00,2025,Other
AtCoder,adt_all_20251029_3,AtCoder Daily Training ALL 2025/10/29 20:00start,2025-10-29 11:00:00,2025,Other
AtCoder,adt_all_20251030_1,AtCoder Daily Training ALL 2025/10/30 16:30start,2025-10-30 07:30:00,2025,Other
AtCoder,adt_all_20251030_2,AtCoder Daily Training ALL 2025/10/30 18:30start,2025-10-30 09:30:00,2025,Other
AtCoder,adt_all_20251030_3,AtCoder Daily Training ALL 2025/10/30 20:30start,2025-10-30 11:30:00,2025,Other
AtCoder,adt_all_20251104_1,AtCoder Daily Training ALL 2025/11/04 15:30start,2025-11-04 06:30:00,2025,Other
AtCoder,adt_all_20251104_2,AtCoder Daily Training ALL 2025/11/04 17:30start,2025-11-04 08:30:00,2025,Other
AtCoder,adt_all_20251104_3,AtCoder Daily Training ALL 2025/11/04 19:30start,2025-11-04 10:30:00,2025,Other
AtCoder,adt_all_20251105_1,AtCoder Daily Training ALL 2025/11/05 16:00start,2025-11-05 07:00:00,2025,Other
AtCoder,adt_all_20251105_2,AtCoder Daily Training ALL 2025/11/05 18:00start,2025-11-05 09:00:00,2025,Other
AtCoder,adt_all_20251105_3,AtCoder Daily Training ALL 2025/11/05 20:00start,2025-11-05 11:00:00,2025,Other
AtCoder,adt_all_20251106_1,AtCoder Daily Training ALL 2025/11/06 16:30start,2025-11-06 07:30:00,2025,Other
AtCoder,adt_all_20251106_2,AtCoder Daily Training ALL 2025/11/06 18:30start,2025-11-06 09:30:00,2025,Other
AtCoder,adt_all_20251106_3,AtCoder Daily Training ALL 2025/11/06 20:30start,2025-11-06 11:30:00,2025,Other
AtCoder,adt_all_20251111_1,AtCoder Daily Training ALL 2025/11/11 15:30start,2025-11-11 06:30:00,2025,Other
AtCoder,adt_all_20251111_2,AtCoder Daily Training ALL 2025/11/11 17:30start,2025-11-11 08:30:00,2025,Other
AtCoder,adt_all_20251111_3,AtCoder Daily Training ALL 2025/11/11 19:30start,2025-11-11 10:30:00,2025,Other
AtCoder,adt_all_20251112_1,AtCoder Daily Training ALL 2025/11/12 16:00start,2025-11-12 07:00:00,2025,Other
AtCoder,adt_all_20251112_2,AtCoder Daily Training ALL 2025/11/12 18:00start,2025-11-12 09:00:00,2025,Other
AtCoder,adt_all_20251112_3,AtCoder Daily Training ALL 2025/11/12 20:00start,2025-11-12 11:00:00,2025,Other
AtCoder,adt_all_20251113_1,AtCoder Daily Training ALL 2025/11/13 16:30start,2025-11-13 07:30:00,2025,Other
AtCoder,adt_all_20251113_2,AtCoder Daily Training ALL 2025/11/13 18:30start,2025-11-13 09:30:00,2025,Other
AtCoder,adt_all_20251113_3,AtCoder Daily Training ALL 2025/11/13 20:30start,2025-11-13 11:30:00,2025,Other
AtCoder,adt_all_20251118_1,AtCoder Daily Training ALL 2025/11/18 15:30start,2025-11-18 06:30:00,2025,Other
AtCoder,adt_all_20251118_2,AtCoder Daily Training ALL 2025/11/18 17:30start,2025-11-18 08:30:00,2025,Other
AtCoder,adt_all_20251118_3,AtCoder Daily Training ALL 2025/11/18 19:30start,2025-11-18 10:30:00,2025,Other
AtCoder,adt_all_20251119_1,AtCoder Daily Training ALL 2025/11/19 16:00start,2025-11-19 07:00:00,2025,Other
AtCoder,adt_all_20251119_2,AtCoder Daily Training ALL 2025/11/19 18:00start,2025-11-19 09:00:00,2025,Other
AtCoder,adt_all_20251119_3,AtCoder Daily Training ALL 2025/11/19 20:00start,2025-11-19 11:00:00,2025,Other
AtCoder,adt_all_20251120_1,AtCoder Daily Training ALL 2025/11/20 16:30start,2025-11-20 07:30:00,2025,Other
AtCoder,adt_all_20251120_2,AtCoder Daily Training ALL 2025/11/20 18:30start,2025-11-20 09:30:00,2025,Other
AtCoder,adt_all_20251120_3,AtCoder Daily Training ALL 2025/11/20 20:30start,2025-11-20 11:30:00,2025,Other
AtCoder,adt_all_20251125_1,AtCoder Daily Training ALL 2025/11/25 15:30start,2025-11-25 06:30:00,2025,Other
AtCoder,adt_all_20251125_2,AtCoder Daily Training ALL 2025/11/25 17:30start,2025-11-25 08:30:00,2025,Other
AtCoder,adt_all_20251125_3,AtCoder Daily Training ALL 2025/11/25 19:30start,2025-11-25 10:30:00,2025,Other
AtCoder,adt_all_20251126_1,AtCoder Daily Training ALL 2025/11/26 16:00start,2025-11-26 07:00:00,2025,Other
AtCoder,adt_all_20251126_2,AtCoder Daily Training ALL 2025/11/26 18:00start,2025-11-26 09:00:00,2025,Other
AtCoder,adt_all_20251126_3,AtCoder Daily Training ALL 2025/11/26 20:00start,2025-11-26 11:00:00,2025,Other
AtCoder,adt_all_20251127_1,AtCoder Daily Training ALL 2025/11/27 16:30start,2025-11-27 07:30:00,2025,Other
AtCoder,adt_all_20251127_2,AtCoder Daily Training ALL 2025/11/27 18:30start,2025-11-27 09:30:00,2025,Other
AtCoder,adt_all_20251127_3,AtCoder Daily Training ALL 2025/11/27 20:30start,2025-11-27 11:30:00,2025,Other
AtCoder,adt_all_20251202_1,AtCoder Daily Training ALL 2025/12/02 15:30start,2025-12-02 06:30:00,2025,Other
AtCoder,adt_all_20251202_2,AtCoder Daily Training ALL 2025/12/02 17:30start,2025-12-02 08:30:00,2025,Other
AtCoder,adt_all_20251202_3,AtCoder Daily Training ALL 2025/12/02 19:30start,2025-12-02 10:30:00,2025,Other
AtCoder,adt_all_20251203_1,AtCoder Daily Training ALL 2025/12/03 16:00start,2025-12-03 07:00:00,2025,Other
AtCoder,adt_all_20251203_2,AtCoder Daily Training ALL 2025/12/03 18:00start,2025-12-03 09:00:00,2025,Other
AtCoder,adt_all_20251203_3,AtCoder Daily Training ALL 2025/12/03 20:00start,2025-12-03 11:00:00,2025,Other
AtCoder,adt_all_20251204_1,AtCoder Daily Training ALL 2025/12/04 16:30start,2025-12-04 07:30:00,2025,Other
AtCoder,adt_all_20251204_2,AtCoder Daily Training ALL 2025/12/04 18:30start,2025-12-04 09:30:00,2025,Other
AtCoder,adt_all_20251204_3,AtCoder Daily Training ALL 2025/12/04 20:30start,2025-12-04 11:30:00,2025,Other
AtCoder,adt_all_20251209_1,AtCoder Daily Training ALL 2025/12/09 15:30start,2025-12-09 06:30:00,2025,Other
AtCoder,adt_all_20251209_2,AtCoder Daily Training ALL 2025/12/09 17:30start,2025-12-09 08:30:00,2025,Other
AtCoder,adt_all_20251209_3,AtCoder Daily Training ALL 2025/12/09 19:30start,2025-12-09 10:30:00,2025,Other
AtCoder,adt_all_20251210_1,AtCoder Daily Training ALL 2025/12/10 16:00start,2025-12-10 07:00:00,2025,Other
AtCoder,adt_all_20251210_2,AtCoder Daily Training ALL 2025/12/10 18:00start,2025-12-10 09:00:00,2025,Other
AtCoder,adt_all_20251210_3,AtCoder Daily Training ALL 2025/12/10 20:00start,2025-12-10 11:00:00,2025,Other
AtCoder,adt_all_20251211_1,AtCoder Daily Training ALL 2025/12/11 16:30start,2025-12-11 07:30:00,2025,Other
AtCoder,adt_all_20251211_2,AtCoder Daily Training ALL 2025/12/11 18:30start,2025-12-11 09:30:00,2025,Other
AtCoder,adt_all_20251211_3,AtCoder Daily Training ALL 2025/12/11 20:30start,2025-12-11 11:30:00,2025,Other
AtCoder,adt_all_20251216_1,AtCoder Daily Training ALL 2025/12/16 15:30start,2025-12-16 06:30:00,2025,Other
AtCoder,adt_all_20251216_2,AtCoder Daily Training ALL 2025/12/16 17:30start,2025-12-16 08:30:00,2025,Other
AtCoder,adt_all_20251216_3,AtCoder Daily Training ALL 2025/12/16 19:30start,2025-12-16 10:30:00,2025,Other
AtCoder,adt_all_20251217_1,AtCoder Daily Training ALL 2025/12/17 16:00start,2025-12-17 07:00:00,2025,Other
AtCoder,adt_all_20251217_2,AtCoder Daily Training ALL 2025/12/17 18:00start,2025-12-17 09:00:00,2025,Other
AtCoder,adt_all_20251217_3,AtCoder Daily Training ALL 2025/12/17 20:00start,2025-12-17 11:00:00,2025,Other
AtCoder,adt_all_20251218_1,AtCoder Daily Training ALL 2025/12/18 16:30start,2025-12-18 07:30:00,2025,Other
AtCoder,adt_all_20251218_2,AtCoder Daily Training ALL 2025/12/18 18:30start,2025-12-18 09:30:00,2025,Other
AtCoder,adt_all_20251218_3,AtCoder Daily Training ALL 2025/12/18 20:30start,2025-12-18 11:30:00,2025,Other
AtCoder,adt_all_20251223_1,AtCoder Daily Training ALL 2025/12/23 15:30start,2025-12-23 06:30:00,2025,Other
AtCoder,adt_all_20251223_2,AtCoder Daily Training ALL 2025/12/23 17:30start,2025-12-23 08:30:00,2025,Other
AtCoder,adt_all_20251223_3,AtCoder Daily Training ALL 2025/12/23 19:30start,2025-12-23 10:30:00,2025,Other
AtCoder,adt_all_20251224_1,AtCoder Daily Training ALL 2025/12/24 16:00start,2025-12-24 07:00:00,2025,Other
AtCoder,adt_all_20251224_2,AtCoder Daily Training ALL 2025/12/24 18:00start,2025-12-24 09:00:00,2025,Other
AtCoder,adt_all_20251224_3,AtCoder Daily Training ALL 2025/12/24 20:00start,2025-12-24 11:00:00,2025,Other
AtCoder,adt_all_20251225_1,AtCoder Daily Training ALL 2025/12/25 16:30start,2025-12-25 07:30:00,2025,Other
AtCoder,adt_all_20251225_2,AtCoder Daily Training ALL 2025/12/25 18:30start,2025-12-25 09:30:00,2025,Other
AtCoder,adt_all_20251225_3,AtCoder Daily Training ALL 2025/12/25 20:30start,2025-12-25 11:30:00,2025,Other
AtCoder,adt_all_20251230_1,AtCoder Daily Training ALL 2025/12/30 15:30start,2025-12-30 06:30:00,2025,Other
AtCoder,adt_all_20251230_2,AtCoder Daily Training ALL 2025/12/30 17:30start,2025-12-30 08:30:00,2025,Other
AtCoder,adt_all_20251230_3,AtCoder Daily Training ALL 2025/12/30 19:30start,2025-12-30 10:30:00,2025,Other
AtCoder,adt_all_20251231_1,AtCoder Daily Training ALL 2025/12/31 16:00start,2025-12-31 07:00:00,2025,Other
AtCoder,adt_all_20251231_2,AtCoder Daily Training ALL 2025/12/31 18:00start,2025-12-31 09:00:00,2025,Other
AtCoder,adt_all_20251231_3,AtCoder Daily Training ALL 2025/12/31 20:00start,2025-12-31 11:00:00,2025,Other
AtCoder,adt_all_20260101_1,AtCoder Daily Training ALL 2026/01/01 16:30start,2026-01-01 07:30:00,2026,Other
AtCoder,adt_all_20260101_2,AtCoder Daily Training ALL 2026/01/01 18:30start,2026-01-01 09:30:00,2026,Other
AtCoder,adt_all_20260101_3,AtCoder Daily Training ALL 2026/01/01 20:30start,2026-01-01 11:30:00,2026,Other
AtCoder,adt_all_20260106_1,AtCoder Daily Training ALL 2026/01/06 15:30start,2026-01-06 06:30:00,2026,Other
AtCoder,adt_all_20260106_2,AtCoder Daily Training ALL 2026/01/06 17:30start,2026-01-06 08:30:00,2026,Other
AtCoder,adt_all_20260106_3,AtCoder Daily Training ALL 2026/01/06 19:30start,2026-01-06 10:30:00,2026,Other
AtCoder,adt_all_20260107_1,AtCoder Daily Training ALL 2026/01/07 16:00start,2026-01-07 07:00:00,2026,Other
AtCoder,adt_all_20260107_2,AtCoder Daily Training ALL 2026/01/07 18:00start,2026-01-07 09:00:00,2026,Other
AtCoder,adt_all_20260107_3,AtCoder Daily Training ALL 2026/01/07 20:00start,2026-01-07 11:00:00,2026,Other
AtCoder,adt_all_20260108_1,AtCoder Daily Training ALL 2026/01/08 16:30start,2026-01-08 07:30:00,2026,Other
AtCoder,adt_all_20260108_2,AtCoder Daily Training ALL 2026/01/08 18:30start,2026-01-08 09:30:00,2026,Other
AtCoder,adt_all_20260108_3,AtCoder Daily Training ALL 2026/01/08 20:30start,2026-01-08 11:30:00,2026,Other
AtCoder,adt_all_20260113_1,AtCoder Daily Training ALL 2026/01/13 15:30start,2026-01-13 06:30:00,2026,Other
AtCoder,adt_all_20260113_2,AtCoder Daily Training ALL 2026/01/13 17:30start,2026-01-13 08:30:00,2026,Other
AtCoder,adt_all_20260113_3,AtCoder Daily Training ALL 2026/01/13 19:30start,2026-01-13 10:30:00,2026,Other
AtCoder,adt_all_20260114_1,AtCoder Daily Training ALL 2026/01/14 16:00start,2026-01-14 07:00:00,2026,Other
AtCoder,adt_all_20260114_2,AtCoder Daily Training ALL 2026/01/14 18:00start,2026-01-14 09:00:00,2026,Other
AtCoder,adt_all_20260114_3,AtCoder Daily Training ALL 2026/01/14 20:00start,2026-01-14 11:00:00,2026,Other
AtCoder,adt_all_20260115_1,AtCoder Daily Training ALL 2026/01/15 16:30start,2026-01-15 07:30:00,2026,Other
AtCoder,adt_all_20260115_2,AtCoder Daily Training ALL 2026/01/15 18:30start,2026-01-15 09:30:00,2026,Other
AtCoder,adt_all_20260115_3,AtCoder Daily Training ALL 2026/01/15 20:30start,2026-01-15 11:30:00,2026,Other
AtCoder,adt_all_20260120_1,AtCoder Daily Training ALL 2026/01/20 15:30start,2026-01-20 06:30:00,2026,Other
AtCoder,adt_all_20260120_2,AtCoder Daily Training ALL 2026/01/20 17:30start,2026-01-20 08:30:00,2026,Other
AtCoder,adt_all_20260120_3,AtCoder Daily Training ALL 2026/01/20 19:30start,2026-01-20 10:30:00,2026,Other
AtCoder,adt_all_20260121_1,AtCoder Daily Training ALL 2026/01/21 16:00start,2026-01-21 07:00:00,2026,Other
AtCoder,adt_all_20260121_2,AtCoder Daily Training ALL 2026/01/21 18:00start,2026-01-21 09:00:00,2026,Other
AtCoder,adt_all_20260121_3,AtCoder Daily Training ALL 2026/01/21 20:00start,2026-01-21 11:00:00,2026,Other
AtCoder,adt_all_20260122_1,AtCoder Daily Training ALL 2026/01/22 16:30start,2026-01-22 07:30:00,2026,Other
AtCoder,adt_all_20260122_2,AtCoder Daily Training ALL 2026/01/22 18:30start,2026-01-22 09:30:00,2026,Other
AtCoder,adt_all_20260122_3,AtCoder Daily Training ALL 2026/01/22 20:30start,2026-01-22 11:30:00,2026,Other
AtCoder,adt_all_20260127_1,AtCoder Daily Training ALL 2026/01/27 15:30start,2026-01-27 06:30:00,2026,Other
AtCoder,adt_all_20260127_2,AtCoder Daily Training ALL 2026/01/27 17:30start,2026-01-27 08:30:00,2026,Other
AtCoder,adt_all_20260127_3,AtCoder Daily Training ALL 2026/01/27 19:30start,2026-01-27 10:30:00,2026,Other
AtCoder,adt_all_20260128_1,AtCoder Daily Training ALL 2026/01/28 16:00start,2026-01-28 07:00:00,2026,Other
AtCoder,adt_all_20260128_2,AtCoder Daily Training ALL 2026/01/28 18:00start,2026-01-28 09:00:00,2026,Other
AtCoder,adt_all_20260128_3,AtCoder Daily Training ALL 2026/01/28 20:00start,2026-01-28 11:00:00,2026,Other
AtCoder,adt_all_20260129_1,AtCoder Daily Training ALL 2026/01/29 16:30start,2026-01-29 07:30:00,2026,Other
AtCoder,adt_all_20260129_2,AtCoder Daily Training ALL 2026/01/29 18:30start,2026-01-29 09:30:00,2026,Other
AtCoder,adt_all_20260129_3,AtCoder Daily Training ALL 2026/01/29 20:30start,2026-01-29 11:30:00,2026,Other
AtCoder,adt_all_20260203_1,AtCoder Daily Training ALL 2026/02/03 15:30start,2026-02-03 06:30:00,2026,Other
AtCoder,adt_all_20260203_2,AtCoder Daily Training ALL 2026/02/03 17:30start,2026-02-03 08:30:00,2026,Other
AtCoder,adt_all_20260203_3,AtCoder Daily Training ALL 2026/02/03 19:30start,2026-02-03 10:30:00,2026,Other
AtCoder,adt_all_20260204_1,AtCoder Daily Training ALL 2026/02/04 16:00start,2026-02-04 07:00:00,2026,Other
AtCoder,adt_all_20260204_2,AtCoder Daily Training ALL 2026/02/04 18:00start,2026-02-04 09:00:00,2026,Other
AtCoder,adt_all_20260204_3,AtCoder Daily Training ALL 2026/02/04 20:00start,2026-02-04 11:00:00,2026,Other
AtCoder,adt_all_20260205_1,AtCoder Daily Training ALL 2026/02/05 16:30start,2026-02-05 07:30:00,2026,Other
AtCoder,adt_all_20260205_2,AtCoder Daily Training ALL 2026/02/05 18:30start,2026-02-05 09:30:00,2026,Other
AtCoder,adt_all_20260205_3,AtCoder Daily Training ALL 2026/02/05 20:30start,2026-02-05 11:30:00,2026,Other
AtCoder,adt_all_20260209_1,AtCoder Daily Training ALL 2026/02/09 16:00start,2026-02-09 07:00:00,2026,Other
AtCoder,adt_all_20260209_2,AtCoder Daily Training ALL 2026/02/09 18:00start,2026-02-09 09:00:00,2026,Other
AtCoder,adt_all_20260210_1,AtCoder Daily Training ALL 2026/02/10 16:00start,2026-02-10 07:00:00,2026,Other
AtCoder,adt_all_20260210_2,AtCoder Daily Training ALL 2026/02/10 18:00start,2026-02-10 09:00:00,2026,Other
AtCoder,adt_all_20260211_1,AtCoder Daily Training ALL 2026/02/11 16:00start,2026-02-11 07:00:00,2026,Other
AtCoder,adt_all_20260211_2,AtCoder Daily Training ALL 2026/02/11 18:00start,2026-02-11 09:00:00,2026,Other
AtCoder,adt_all_20260212_1,AtCoder Daily Training ALL 2026/02/12 16:00start,2026-02-12 07:00:00,2026,Other
AtCoder,adt_all_20260212_2,AtCoder Daily Training ALL 2026/02/12 18:00start,2026-02-12 09:00:00,2026,Other
AtCoder,adt_all_20260213_1,AtCoder Daily Training ALL 2026/02/13 16:00start,2026-02-13 07:00:00,2026,Other
AtCoder,adt_all_20260213_2,AtCoder Daily Training ALL 2026/02/13 18:00start,2026-02-13 09:00:00,2026,Other
AtCoder,adt_all_20260216_1,AtCoder Daily Training ALL 2026/02/16 16:00start,2026-02-16 07:00:00,2026,Other
AtCoder,adt_all_20260216_2,AtCoder Daily Training ALL 2026/02/16 18:00start,2026-02-16 09:00:00,2026,Other
AtCoder,adt_all_20260217_1,AtCoder Daily Training ALL 2026/02/17 16:00start,2026-02-17 07:00:00,2026,Other
AtCoder,adt_all_20260217_2,AtCoder Daily Training ALL 2026/02/17 18:00start,2026-02-17 09:00:00,2026,Other
AtCoder,adt_all_20260218_1,AtCoder Daily Training ALL 2026/02/18 16:00start,2026-02-18 07:00:00,2026,Other
AtCoder,adt_all_20260218_2,AtCoder Daily Training ALL 2026/02/18 18:00start,2026-02-18 09:00:00,2026,Other
AtCoder,adt_all_20260219_1,AtCoder Daily Training ALL 2026/02/19 16:00start,2026-02-19 07:00:00,2026,Other
AtCoder,adt_all_20260219_2,AtCoder Daily Training ALL 2026/02/19 18:00start,2026-02-19 09:00:00,2026,Other
AtCoder,adt_all_20260220_1,AtCoder Daily Training ALL 2026/02/20 16:00start,2026-02-20 07:00:00,2026,Other
AtCoder,adt_all_20260220_2,AtCoder Daily Training ALL 2026/02/20 18:00start,2026-02-20 09:00:00,2026,Other
AtCoder,adt_all_20260223_1,AtCoder Daily Training ALL 2026/02/23 16:00start,2026-02-23 07:00:00,2026,Other
AtCoder,adt_all_20260223_2,AtCoder Daily Training ALL 2026/02/23 18:00start,2026-02-23 09:00:00,2026,Other
AtCoder,adt_all_20260224_1,AtCoder Daily Training ALL 2026/02/24 16:00start,2026-02-24 07:00:00,2026,Other
AtCoder,adt_all_20260224_2,AtCoder Daily Training ALL 2026/02/24 18:00start,2026-02-24 09:00:00,2026,Other
AtCoder,adt_all_20260225_1,AtCoder Daily Training ALL 2026/02/25 16:00start,2026-02-25 07:00:00,2026,Other
AtCoder,adt_all_20260225_2,AtCoder Daily Training ALL 2026/02/25 18:00start,2026-02-25 09:00:00,2026,Other
AtCoder,adt_all_20260226_1,AtCoder Daily Training ALL 2026/02/26 16:00start,2026-02-26 07:00:00,2026,Other
AtCoder,adt_all_20260226_2,AtCoder Daily Training ALL 2026/02/26 18:00start,2026-02-26 09:00:00,2026,Other
AtCoder,adt_all_20260227_1,AtCoder Daily Training ALL 2026/02/27 16:00start,2026-02-27 07:00:00,2026,Other
AtCoder,adt_all_20260227_2,AtCoder Daily Training ALL 2026/02/27 18:00start,2026-02-27 09:00:00,2026,Other
AtCoder,adt_all_20260302_1,AtCoder Daily Training ALL 2026/03/02 16:00start,2026-03-02 07:00:00,2026,Other
AtCoder,adt_all_20260302_2,AtCoder Daily Training ALL 2026/03/02 18:00start,2026-03-02 09:00:00,2026,Other
AtCoder,adt_all_20260303_1,AtCoder Daily Training ALL 2026/03/03 16:00start,2026-03-03 07:00:00,2026,Other
AtCoder,adt_all_20260303_2,AtCoder Daily Training ALL 2026/03/03 18:00start,2026-03-03 09:00:00,2026,Other
AtCoder,adt_all_20260304_1,AtCoder Daily Training ALL 2026/03/04 16:00start,2026-03-04 07:00:00,2026,Other
AtCoder,adt_all_20260304_2,AtCoder Daily Training ALL 2026/03/04 18:00start,2026-03-04 09:00:00,2026,Other
AtCoder,adt_all_20260305_1,AtCoder Daily Training ALL 2026/03/05 16:00start,2026-03-05 07:00:00,2026,Other
AtCoder,adt_all_20260305_2,AtCoder Daily Training ALL 2026/03/05 18:00start,2026-03-05 09:00:00,2026,Other
AtCoder,adt_all_20260306_1,AtCoder Daily Training ALL 2026/03/06 16:00start,2026-03-06 07:00:00,2026,Other
AtCoder,adt_all_20260306_2,AtCoder Daily Training ALL 2026/03/06 18:00start,2026-03-06 09:00:00,2026,Other
AtCoder,adt_all_20260309_1,AtCoder Daily Training ALL 2026/03/09 16:00start,2026-03-09 07:00:00,2026,Other
AtCoder,adt_all_20260309_2,AtCoder Daily Training ALL 2026/03/09 18:00start,2026-03-09 09:00:00,2026,Other
AtCoder,adt_all_20260310_1,AtCoder Daily Training ALL 2026/03/10 16:00start,2026-03-10 07:00:00,2026,Other
AtCoder,adt_all_20260310_2,AtCoder Daily Training ALL 2026/03/10 18:00start,2026-03-10 09:00:00,2026,Other
AtCoder,adt_all_20260311_1,AtCoder Daily Training ALL 2026/03/11 16:00start,2026-03-11 07:00:00,2026,Other
AtCoder,adt_all_20260311_2,AtCoder Daily Training ALL 2026/03/11 18:00start,2026-03-11 09:00:00,2026,Other
AtCoder,adt_all_20260312_1,AtCoder Daily Training ALL 2026/03/12 16:00start,2026-03-12 07:00:00,2026,Other
AtCoder,adt_all_20260312_2,AtCoder Daily Training ALL 2026/03/12 18:00start,2026-03-12 09:00:00,2026,Other
AtCoder,adt_all_20260313_1,AtCoder Daily Training ALL 2026/03/13 16:00start,2026-03-13 07:00:00,2026,Other
AtCoder,adt_all_20260313_2,AtCoder Daily Training ALL 2026/03/13 18:00start,2026-03-13 09:00:00,2026,Other
AtCoder,adt_all_20260316_1,AtCoder Daily Training ALL 2026/03/16 16:00start,2026-03-16 07:00:00,2026,Other
AtCoder,adt_all_20260316_2,AtCoder Daily Training ALL 2026/03/16 18:00start,2026-03-16 09:00:00,2026,Other
AtCoder,adt_all_20260317_1,AtCoder Daily Training ALL 2026/03/17 16:00start,2026-03-17 07:00:00,2026,Other
AtCoder,adt_all_20260317_2,AtCoder Daily Training ALL 2026/03/17 18:00start,2026-03-17 09:00:00,2026,Other
AtCoder,adt_all_20260318_1,AtCoder Daily Training ALL 2026/03/18 16:00start,2026-03-18 07:00:00,2026,Other
AtCoder,adt_all_20260318_2,AtCoder Daily Training ALL 2026/03/18 18:00start,2026-03-18 09:00:00,2026,Other
AtCoder,adt_all_20260319_1,AtCoder Daily Training ALL 2026/03/19 16:00start,2026-03-19 07:00:00,2026,Other
AtCoder,adt_all_20260319_2,AtCoder Daily Training ALL 2026/03/19 18:00start,2026-03-19 09:00:00,2026,Other
AtCoder,adt_all_20260320_1,AtCoder Daily Training ALL 2026/03/20 16:00start,2026-03-20 07:00:00,2026,Other
AtCoder,adt_all_20260320_2,AtCoder Daily Training ALL 2026/03/20 18:00start,2026-03-20 09:00:00,2026,Other
AtCoder,adt_all_20260323_1,AtCoder Daily Training ALL 2026/03/23 16:00start,2026-03-23 07:00:00,2026,Other
AtCoder,adt_all_20260323_2,AtCoder Daily Training ALL 2026/03/23 18:00start,2026-03-23 09:00:00,2026,Other
AtCoder,adt_all_20260324_1,AtCoder Daily Training ALL 2026/03/24 16:00start,2026-03-24 07:00:00,2026,Other
AtCoder,adt_all_20260324_2,AtCoder Daily Training ALL 2026/03/24 18:00start,2026-03-24 09:00:00,2026,Other
AtCoder,adt_all_20260325_1,AtCoder Daily Training ALL 2026/03/25 16:00start,2026-03-25 07:00:00,2026,Other
AtCoder,adt_all_20260325_2,AtCoder Daily Training ALL 2026/03/25 18:00start,2026-03-25 09:00:00,2026,Other
AtCoder,adt_all_20260326_1,AtCoder Daily Training ALL 2026/03/26 16:00start,2026-03-26 07:00:00,2026,Other
AtCoder,adt_all_20260326_2,AtCoder Daily Training ALL 2026/03/26 18:00start,2026-03-26 09:00:00,2026,Other
AtCoder,adt_all_20260327_1,AtCoder Daily Training ALL 2026/03/27 16:00start,2026-03-27 07:00:00,2026,Other
AtCoder,adt_all_20260327_2,AtCoder Daily Training ALL 2026/03/27 18:00start,2026-03-27 09:00:00,2026,Other
AtCoder,adt_all_20260330_1,AtCoder Daily Training ALL 2026/03/30 16:00start,2026-03-30 07:00:00,2026,Other
AtCoder,adt_all_20260330_2,AtCoder Daily Training ALL 2026/03/30 18:00start,2026-03-30 09:00:00,2026,Other
AtCoder,adt_all_20260331_1,AtCoder Daily Training ALL 2026/03/31 16:00start,2026-03-31 07:00:00,2026,Other
AtCoder,adt_all_20260331_2,AtCoder Daily Training ALL 2026/03/31 18:00start,2026-03-31 09:00:00,2026,Other
AtCoder,adt_all_20260401_1,AtCoder Daily Training ALL 2026/04/01 16:00start,2026-04-01 07:00:00,2026,Other
AtCoder,adt_all_20260401_2,AtCoder Daily Training ALL 2026/04/01 18:00start,2026-04-01 09:00:00,2026,Other
AtCoder,adt_all_20260402_1,AtCoder Daily Training ALL 2026/04/02 16:00start,2026-04-02 07:00:00,2026,Other
AtCoder,adt_all_20260402_2,AtCoder Daily Training ALL 2026/04/02 18:00start,2026-04-02 09:00:00,2026,Other
AtCoder,adt_all_20260403_1,AtCoder Daily Training ALL 2026/04/03 16:00start,2026-04-03 07:00:00,2026,Other
AtCoder,adt_all_20260403_2,AtCoder Daily Training ALL 2026/04/03 18:00start,2026-04-03 09:00:00,2026,Other
AtCoder,adt_all_20260406_1,AtCoder Daily Training ALL 2026/04/06 16:00start,2026-04-06 07:00:00,2026,Other
AtCoder,adt_all_20260406_2,AtCoder Daily Training ALL 2026/04/06 18:00start,2026-04-06 09:00:00,2026,Other
AtCoder,adt_all_20260407_1,AtCoder Daily Training ALL 2026/04/07 16:00start,2026-04-07 07:00:00,2026,Other
AtCoder,adt_all_20260407_2,AtCoder Daily Training ALL 2026/04/07 18:00start,2026-04-07 09:00:00,2026,Other
AtCoder,adt_all_20260408_1,AtCoder Daily Training ALL 2026/04/08 16:00start,2026-04-08 07:00:00,2026,Other
AtCoder,adt_all_20260408_2,AtCoder Daily Training ALL 2026/04/08 18:00start,2026-04-08 09:00:00,2026,Other
AtCoder,adt_all_20260409_1,AtCoder Daily Training ALL 2026/04/09 16:00start,2026-04-09 07:00:00,2026,Other
AtCoder,adt_all_20260409_2,AtCoder Daily Training ALL 2026/04/09 18:00start,2026-04-09 09:00:00,2026,Other
AtCoder,adt_all_20260410_1,AtCoder Daily Training ALL 2026/04/10 16:00start,2026-04-10 07:00:00,2026,Other
AtCoder,adt_all_20260410_2,AtCoder Daily Training ALL 2026/04/10 18:00start,2026-04-10 09:00:00,2026,Other
AtCoder,adt_all_20260413_1,AtCoder Daily Training ALL 2026/04/13 16:00start,2026-04-13 07:00:00,2026,Other
AtCoder,adt_all_20260413_2,AtCoder Daily Training ALL 2026/04/13 18:00start,2026-04-13 09:00:00,2026,Other
AtCoder,adt_all_20260414_1,AtCoder Daily Training ALL 2026/04/14 16:00start,2026-04-14 07:00:00,2026,Other
AtCoder,adt_all_20260414_2,AtCoder Daily Training ALL 2026/04/14 18:00start,2026-04-14 09:00:00,2026,Other
AtCoder,adt_all_20260415_1,AtCoder Daily Training ALL 2026/04/15 16:00start,2026-04-15 07:00:00,2026,Other
AtCoder,adt_all_20260415_2,AtCoder Daily Training ALL 2026/04/15 18:00start,2026-04-15 09:00:00,2026,Other
AtCoder,adt_all_20260416_1,AtCoder Daily Training ALL 2026/04/16 16:00start,2026-04-16 07:00:00,2026,Other
AtCoder,adt_all_20260416_2,AtCoder Daily Training ALL 2026/04/16 18:00start,2026-04-16 09:00:00,2026,Other
AtCoder,adt_all_20260417_1,AtCoder Daily Training ALL 2026/04/17 16:00start,2026-04-17 07:00:00,2026,Other
AtCoder,adt_all_20260417_2,AtCoder Daily Training ALL 2026/04/17 18:00start,2026-04-17 09:00:00,2026,Other
AtCoder,adt_all_20260420_1,AtCoder Daily Training ALL 2026/04/20 16:00start,2026-04-20 07:00:00,2026,Other
AtCoder,adt_all_20260420_2,AtCoder Daily Training ALL 2026/04/20 18:00start,2026-04-20 09:00:00,2026,Other
AtCoder,adt_all_20260421_1,AtCoder Daily Training ALL 2026/04/21 16:00start,2026-04-21 07:00:00,2026,Other
AtCoder,adt_all_20260421_2,AtCoder Daily Training ALL 2026/04/21 18:00start,2026-04-21 09:00:00,2026,Other
AtCoder,adt_all_20260422_1,AtCoder Daily Training ALL 2026/04/22 16:00start,2026-04-22 07:00:00,2026,Other
AtCoder,adt_all_20260422_2,AtCoder Daily Training ALL 2026/04/22 18:00start,2026-04-22 09:00:00,2026,Other
AtCoder,adt_all_20260423_1,AtCoder Daily Training ALL 2026/04/23 16:00start,2026-04-23 07:00:00,2026,Other
AtCoder,adt_all_20260423_2,AtCoder Daily Training ALL 2026/04/23 18:00start,2026-04-23 09:00:00,2026,Other
AtCoder,adt_all_20260424_1,AtCoder Daily Training ALL 2026/04/24 16:00start,2026-04-24 07:00:00,2026,Other
AtCoder,adt_all_20260424_2,AtCoder Daily Training ALL 2026/04/24 18:00start,2026-04-24 09:00:00,2026,Other
AtCoder,adt_all_20260427_1,AtCoder Daily Training ALL 2026/04/27 16:00start,2026-04-27 07:00:00,2026,Other
AtCoder,adt_all_20260427_2,AtCoder Daily Training ALL 2026/04/27 18:00start,2026-04-27 09:00:00,2026,Other
AtCoder,adt_all_20260428_1,AtCoder Daily Training ALL 2026/04/28 16:00start,2026-04-28 07:00:00,2026,Other
AtCoder,adt_all_20260428_2,AtCoder Daily Training ALL 2026/04/28 18:00start,2026-04-28 09:00:00,2026,Other
AtCoder,adt_all_20260429_1,AtCoder Daily Training ALL 2026/04/29 16:00start,2026-04-29 07:00:00,2026,Other
AtCoder,adt_all_20260429_2,AtCoder Daily Training ALL 2026/04/29 18:00start,2026-04-29 09:00:00,2026,Other
AtCoder,adt_all_20260430_1,AtCoder Daily Training ALL 2026/04/30 16:00start,2026-04-30 07:00:00,2026,Other
AtCoder,adt_all_20260430_2,AtCoder Daily Training ALL 2026/04/30 18:00start,2026-04-30 09:00:00,2026,Other
AtCoder,adt_all_20260501_1,AtCoder Daily Training ALL 2026/05/01 16:00start,2026-05-01 07:00:00,2026,Other
AtCoder,adt_all_20260501_2,AtCoder Daily Training ALL 2026/05/01 18:00start,2026-05-01 09:00:00,2026,Other
AtCoder,adt_all_20260504_1,AtCoder Daily Training ALL 2026/05/04 16:00start,2026-05-04 07:00:00,2026,Other
AtCoder,adt_all_20260504_2,AtCoder Daily Training ALL 2026/05/04 18:00start,2026-05-04 09:00:00,2026,Other
AtCoder,adt_all_20260505_1,AtCoder Daily Training ALL 2026/05/05 16:00start,2026-05-05 07:00:00,2026,Other
AtCoder,adt_all_20260505_2,AtCoder Daily Training ALL 2026/05/05 18:00start,2026-05-05 09:00:00,2026,Other
AtCoder,adt_all_20260506_1,AtCoder Daily Training ALL 2026/05/06 16:00start,2026-05-06 07:00:00,2026,Other
AtCoder,adt_all_20260506_2,AtCoder Daily Training ALL 2026/05/06 18:00start,2026-05-06 09:00:00,2026,Other
AtCoder,adt_all_20260507_1,AtCoder Daily Training ALL 2026/05/07 16:00start,2026-05-07 07:00:00,2026,Other
AtCoder,adt_all_20260507_2,AtCoder Daily Training ALL 2026/05/07 18:00start,2026-05-07 09:00:00,2026,Other
AtCoder,adt_all_20260508_1,AtCoder Daily Training ALL 2026/05/08 16:00start,2026-05-08 07:00:00,2026,Other
AtCoder,adt_all_20260508_2,AtCoder Daily Training ALL 2026/05/08 18:00start,2026-05-08 09:00:00,2026,Other
AtCoder,adt_all_20260511_1,AtCoder Daily Training ALL 2026/05/11 16:00start,2026-05-11 07:00:00,2026,Other
AtCoder,adt_all_20260511_2,AtCoder Daily Training ALL 2026/05/11 18:00start,2026-05-11 09:00:00,2026,Other
AtCoder,adt_all_20260512_1,AtCoder Daily Training ALL 2026/05/12 16:00start,2026-05-12 07:00:00,2026,Other
AtCoder,adt_all_20260512_2,AtCoder Daily Training ALL 2026/05/12 18:00start,2026-05-12 09:00:00,2026,Other
AtCoder,adt_all_20260513_1,AtCoder Daily Training ALL 2026/05/13 16:00start,2026-05-13 07:00:00,2026,Other
AtCoder,adt_all_20260513_2,AtCoder Daily Training ALL 2026/05/13 18:00start,2026-05-13 09:00:00,2026,Other
AtCoder,adt_all_20260514_1,AtCoder Daily Training ALL 2026/05/14 16:00start,2026-05-14 07:00:00,2026,Other
AtCoder,adt_all_20260514_2,AtCoder Daily Training ALL 2026/05/14 18:00start,2026-05-14 09:00:00,2026,Other
AtCoder,adt_all_20260515_1,AtCoder Daily Training ALL 2026/05/15 16:00start,2026-05-15 07:00:00,2026,Other
AtCoder,adt_all_20260515_2,AtCoder Daily Training ALL 2026/05/15 18:00start,2026-05-15 09:00:00,2026,Other
AtCoder,adt_all_20260518_1,AtCoder Daily Training ALL 2026/05/18 16:00start,2026-05-18 07:00:00,2026,Other
AtCoder,adt_all_20260518_2,AtCoder Daily Training ALL 2026/05/18 18:00start,2026-05-18 09:00:00,2026,Other
AtCoder,adt_all_20260519_1,AtCoder Daily Training ALL 2026/05/19 16:00start,2026-05-19 07:00:00,2026,Other
AtCoder,adt_all_20260519_2,AtCoder Daily Training ALL 2026/05/19 18:00start,2026-05-19 09:00:00,2026,Other
AtCoder,adt_all_20260520_1,AtCoder Daily Training ALL 2026/05/20 16:00start,2026-05-20 07:00:00,2026,Other
AtCoder,adt_all_20260520_2,AtCoder Daily Training ALL 2026/05/20 18:00start,2026-05-20 09:00:00,2026,Other
AtCoder,adt_all_20260521_1,AtCoder Daily Training ALL 2026/05/21 16:00start,2026-05-21 07:00:00,2026,Other
AtCoder,adt_all_20260521_2,AtCoder Daily Training ALL 2026/05/21 18:00start,2026-05-21 09:00:00,2026,Other
AtCoder,adt_all_20260522_1,AtCoder Daily Training ALL 2026/05/22 16:00start,2026-05-22 07:00:00,2026,Other
AtCoder,adt_all_20260522_2,AtCoder Daily Training ALL 2026/05/22 18:00start,2026-05-22 09:00:00,2026,Other
AtCoder,adt_all_20260525_1,AtCoder Daily Training ALL 2026/05/25 16:00start,2026-05-25 07:00:00,2026,Other
AtCoder,adt_all_20260525_2,AtCoder Daily Training ALL 2026/05/25 18:00start,2026-05-25 09:00:00,2026,Other
AtCoder,adt_all_20260526_1,AtCoder Daily Training ALL 2026/05/26 16:00start,2026-05-26 07:00:00,2026,Other
AtCoder,adt_all_20260526_2,AtCoder Daily Training ALL 2026/05/26 18:00start,2026-05-26 09:00:00,2026,Other
AtCoder,adt_all_20260527_1,AtCoder Daily Training ALL 2026/05/27 16:00start,2026-05-27 07:00:00,2026,Other
AtCoder,adt_all_20260527_2,AtCoder Daily Training ALL 2026/05/27 18:00start,2026-05-27 09:00:00,2026,Other
AtCoder,adt_all_20260528_1,AtCoder Daily Training ALL 2026/05/28 16:00start,2026-05-28 07:00:00,2026,Other
AtCoder,adt_all_20260528_2,AtCoder Daily Training ALL 2026/05/28 18:00start,2026-05-28 09:00:00,2026,Other
AtCoder,adt_all_20260529_1,AtCoder Daily Training ALL 2026/05/29 16:00start,2026-05-29 07:00:00,2026,Other
AtCoder,adt_all_20260529_2,AtCoder Daily Training ALL 2026/05/29 18:00start,2026-05-29 09:00:00,2026,Other
AtCoder,adt_all_20260601_1,AtCoder Daily Training ALL 2026/06/01 16:00start,2026-06-01 07:00:00,2026,Other
AtCoder,adt_all_20260601_2,AtCoder Daily Training ALL 2026/06/01 18:00start,2026-06-01 09:00:00,2026,Other
AtCoder,adt_all_20260602_1,AtCoder Daily Training ALL 2026/06/02 16:00start,2026-06-02 07:00:00,2026,Other
AtCoder,adt_all_20260602_2,AtCoder Daily Training ALL 2026/06/02 18:00start,2026-06-02 09:00:00,2026,Other
AtCoder,adt_all_20260603_1,AtCoder Daily Training ALL 2026/06/03 16:00start,2026-06-03 07:00:00,2026,Other
AtCoder,adt_all_20260603_2,AtCoder Daily Training ALL 2026/06/03 18:00start,2026-06-03 09:00:00,2026,Other
AtCoder,adt_all_20260604_1,AtCoder Daily Training ALL 2026/06/04 16:00start,2026-06-04 07:00:00,2026,Other
AtCoder,adt_all_20260604_2,AtCoder Daily Training ALL 2026/06/04 18:00start,2026-06-04 09:00:00,2026,Other
AtCoder,adt_all_20260605_1,AtCoder Daily Training ALL 2026/06/05 16:00start,2026-06-05 07:00:00,2026,Other
AtCoder,adt_all_20260605_2,AtCoder Daily Training ALL 2026/06/05 18:00start,2026-06-05 09:00:00,2026,Other
AtCoder,adt_all_20260608_1,AtCoder Daily Training ALL 2026/06/08 16:00start,2026-06-08 07:00:00,2026,Other
AtCoder,adt_all_20260608_2,AtCoder Daily Training ALL 2026/06/08 18:00start,2026-06-08 09:00:00,2026,Other
AtCoder,adt_all_20260609_1,AtCoder Daily Training ALL 2026/06/09 16:00start,2026-06-09 07:00:00,2026,Other
AtCoder,adt_all_20260609_2,AtCoder Daily Training ALL 2026/06/09 18:00start,2026-06-09 09:00:00,2026,Other
AtCoder,adt_all_20260610_1,AtCoder Daily Training ALL 2026/06/10 16:00start,2026-06-10 07:00:00,2026,Other
AtCoder,adt_all_20260610_2,AtCoder Daily Training ALL 2026/06/10 18:00start,2026-06-10 09:00:00,2026,Other
AtCoder,adt_all_20260611_1,AtCoder Daily Training ALL 2026/06/11 16:00start,2026-06-11 07:00:00,2026,Other
AtCoder,adt_all_20260611_2,AtCoder Daily Training ALL 2026/06/11 18:00start,2026-06-11 09:00:00,2026,Other
AtCoder,adt_all_20260612_1,AtCoder Daily Training ALL 2026/06/12 16:00start,2026-06-12 07:00:00,2026,Other
AtCoder,adt_all_20260612_2,AtCoder Daily Training ALL 2026/06/12 18:00start,2026-06-12 09:00:00,2026,Other
AtCoder,adt_all_20260615_1,AtCoder Daily Training ALL 2026/06/15 16:00start,2026-06-15 07:00:00,2026,Other
AtCoder,adt_all_20260615_2,AtCoder Daily Training ALL 2026/06/15 18:00start,2026-06-15 09:00:00,2026,Other
AtCoder,adt_all_20260616_1,AtCoder Daily Training ALL 2026/06/16 16:00start,2026-06-16 07:00:00,2026,Other
AtCoder,adt_all_20260616_2,AtCoder Daily Training ALL 2026/06/16 18:00start,2026-06-16 09:00:00,2026,Other
AtCoder,adt_all_20260617_1,AtCoder Daily Training ALL 2026/06/17 16:00start,2026-06-17 07:00:00,2026,Other
AtCoder,adt_all_20260617_2,AtCoder Daily Training ALL 2026/06/17 18:00start,2026-06-17 09:00:00,2026,Other
AtCoder,adt_easy_20231017_1,AtCoder Daily Training EASY 2023/10/17 15:30start,2023-10-17 06:30:00,2023,Other
AtCoder,adt_easy_20231017_2,AtCoder Daily Training EASY 2023/10/17 17:30start,2023-10-17 08:30:00,2023,Other
AtCoder,adt_easy_20231018_1,AtCoder Daily Training EASY 2023/10/18 16:00start,2023-10-18 07:00:00,2023,Other
AtCoder,adt_easy_20231018_2,AtCoder Daily Training EASY 2023/10/18 18:00start,2023-10-18 09:00:00,2023,Other
AtCoder,adt_easy_20231019_1,AtCoder Daily Training EASY 2023/10/19 16:30start,2023-10-19 07:30:00,2023,Other
AtCoder,adt_easy_20231019_2,AtCoder Daily Training EASY 2023/10/19 18:30start,2023-10-19 09:30:00,2023,Other
AtCoder,adt_easy_20231024_1,AtCoder Daily Training EASY 2023/10/24 15:30start,2023-10-24 06:30:00,2023,Other
AtCoder,adt_easy_20231024_2,AtCoder Daily Training EASY 2023/10/24 17:30start,2023-10-24 08:30:00,2023,Other
AtCoder,adt_easy_20231025_1,AtCoder Daily Training EASY 2023/10/2516:00start,2023-10-25 07:00:00,2023,Other
AtCoder,adt_easy_20231025_2,AtCoder Daily Training EASY 2023/10/25 18:00start,2023-10-25 09:00:00,2023,Other
AtCoder,adt_easy_20231026_1,AtCoder Daily Training EASY 2023/10/26 16:30start,2023-10-26 07:30:00,2023,Other
AtCoder,adt_easy_20231026_2,AtCoder Daily Training EASY 2023/10/26 18:30start,2023-10-26 09:30:00,2023,Other
AtCoder,adt_easy_20231031_1,AtCoder Daily Training EASY 2023/10/31 15:30start,2023-10-31 06:30:00,2023,Other
AtCoder,adt_easy_20231031_2,AtCoder Daily Training EASY 2023/10/31 17:30start,2023-10-31 08:30:00,2023,Other
AtCoder,adt_easy_20231101_1,AtCoder Daily Training EASY 2023/11/1 16:00start,2023-11-01 07:00:00,2023,Other
AtCoder,adt_easy_20231101_2,AtCoder Daily Training EASY 2023/11/1 18:00start,2023-11-01 09:00:00,2023,Other
AtCoder,adt_easy_20231102_1,AtCoder Daily Training EASY 2023/11/2 16:30start,2023-11-02 07:30:00,2023,Other
AtCoder,adt_easy_20231102_2,AtCoder Daily Training EASY 2023/11/2 18:30start,2023-11-02 09:30:00,2023,Other
AtCoder,adt_easy_20231107_1,AtCoder Daily Training EASY 2023/11/7 15:30start,2023-11-07 06:30:00,2023,Other
AtCoder,adt_easy_20231107_2,AtCoder Daily Training EASY 2023/11/7 17:30start,2023-11-07 08:30:00,2023,Other
AtCoder,adt_easy_20231108_1,AtCoder Daily Training EASY 2023/11/8 16:00start,2023-11-08 07:00:00,2023,Other
AtCoder,adt_easy_20231108_2,AtCoder Daily Training EASY 2023/11/8 18:00start,2023-11-08 09:00:00,2023,Other
AtCoder,adt_easy_20231109_1,AtCoder Daily Training EASY 2023/11/9 16:30start,2023-11-09 07:30:00,2023,Other
AtCoder,adt_easy_20231109_2,AtCoder Daily Training EASY 2023/11/9 18:30start,2023-11-09 09:30:00,2023,Other
AtCoder,adt_easy_20231114_1,AtCoder Daily Training EASY 2023/11/14 15:30start,2023-11-14 06:30:00,2023,Other
AtCoder,adt_easy_20231114_2,AtCoder Daily Training EASY 2023/11/14 17:30start,2023-11-14 08:30:00,2023,Other
AtCoder,adt_easy_20231115_1,AtCoder Daily Training EASY 2023/11/15 16:00start,2023-11-15 07:00:00,2023,Other
AtCoder,adt_easy_20231115_2,AtCoder Daily Training EASY 2023/11/15 18:00start,2023-11-15 09:00:00,2023,Other
AtCoder,adt_easy_20231116_1,AtCoder Daily Training EASY 2023/11/16 16:30start,2023-11-16 07:30:00,2023,Other
AtCoder,adt_easy_20231116_2,AtCoder Daily Training EASY 2023/11/16 18:30start,2023-11-16 09:30:00,2023,Other
AtCoder,adt_easy_20231121_1,AtCoder Daily Training EASY 2023/11/21 15:30start,2023-11-21 06:30:00,2023,Other
AtCoder,adt_easy_20231121_2,AtCoder Daily Training EASY 2023/11/21 17:30start,2023-11-21 08:30:00,2023,Other
AtCoder,adt_easy_20231122_1,AtCoder Daily Training EASY 2023/11/22 16:00start,2023-11-22 07:00:00,2023,Other
AtCoder,adt_easy_20231122_2,AtCoder Daily Training EASY 2023/11/22 18:00start,2023-11-22 09:00:00,2023,Other
AtCoder,adt_easy_20231123_1,AtCoder Daily Training EASY 2023/11/23 16:30start,2023-11-23 07:30:00,2023,Other
AtCoder,adt_easy_20231123_2,AtCoder Daily Training EASY 2023/11/23 18:30start,2023-11-23 09:30:00,2023,Other
AtCoder,adt_easy_20231128_1,AtCoder Daily Training EASY 2023/11/28 15:30start,2023-11-28 06:30:00,2023,Other
AtCoder,adt_easy_20231128_2,AtCoder Daily Training EASY 2023/11/28 17:30start,2023-11-28 08:30:00,2023,Other
AtCoder,adt_easy_20231129_1,AtCoder Daily Training EASY 2023/11/29 16:00start,2023-11-29 07:00:00,2023,Other
AtCoder,adt_easy_20231129_2,AtCoder Daily Training EASY 2023/11/29 18:00start,2023-11-29 09:00:00,2023,Other
AtCoder,adt_easy_20231130_1,AtCoder Daily Training EASY 2023/11/30 16:30start,2023-11-30 07:30:00,2023,Other
AtCoder,adt_easy_20231130_2,AtCoder Daily Training EASY 2023/11/30 18:30start,2023-11-30 09:30:00,2023,Other
AtCoder,adt_easy_20231205_1,AtCoder Daily Training EASY 2023/12/5 15:30start,2023-12-05 06:30:00,2023,Other
AtCoder,adt_easy_20231205_2,AtCoder Daily Training EASY 2023/12/5 17:30start,2023-12-05 08:30:00,2023,Other
AtCoder,adt_easy_20231206_1,AtCoder Daily Training EASY 2023/12/6 16:00start,2023-12-06 07:00:00,2023,Other
AtCoder,adt_easy_20231206_2,AtCoder Daily Training EASY 2023/12/6 18:00start,2023-12-06 09:00:00,2023,Other
AtCoder,adt_easy_20231207_1,AtCoder Daily Training EASY 2023/12/7 16:30start,2023-12-07 07:30:00,2023,Other
AtCoder,adt_easy_20231207_2,AtCoder Daily Training EASY 2023/12/7 18:30start,2023-12-07 09:30:00,2023,Other
AtCoder,adt_easy_20231212_1,AtCoder Daily Training EASY 2023/12/12 15:30start,2023-12-12 06:30:00,2023,Other
AtCoder,adt_easy_20231212_2,AtCoder Daily Training EASY 2023/12/12 17:30start,2023-12-12 08:30:00,2023,Other
AtCoder,adt_easy_20231213_1,AtCoder Daily Training EASY 2023/12/13 16:00start,2023-12-13 07:00:00,2023,Other
AtCoder,adt_easy_20231213_2,AtCoder Daily Training EASY 2023/12/13 18:00start,2023-12-13 09:00:00,2023,Other
AtCoder,adt_easy_20231214_1,AtCoder Daily Training EASY 2023/12/14 16:30start,2023-12-14 07:30:00,2023,Other
AtCoder,adt_easy_20231214_2,AtCoder Daily Training EASY 2023/12/14 18:30start,2023-12-14 09:30:00,2023,Other
AtCoder,adt_easy_20231219_1,AtCoder Daily Training EASY 2023/12/19 15:30start,2023-12-19 06:30:00,2023,Other
AtCoder,adt_easy_20231219_2,AtCoder Daily Training EASY 2023/12/19 17:30start,2023-12-19 08:30:00,2023,Other
AtCoder,adt_easy_20231220_1,AtCoder Daily Training EASY 2023/12/20 16:00start,2023-12-20 07:00:00,2023,Other
AtCoder,adt_easy_20231220_2,AtCoder Daily Training EASY 2023/12/20 18:00start,2023-12-20 09:00:00,2023,Other
AtCoder,adt_easy_20231221_1,AtCoder Daily Training EASY 2023/12/21 16:30start,2023-12-21 07:30:00,2023,Other
AtCoder,adt_easy_20231221_2,AtCoder Daily Training EASY 2023/12/21 18:30start,2023-12-21 09:30:00,2023,Other
AtCoder,adt_easy_20231226_1,AtCoder Daily Training EASY 2023/12/26 15:30start,2023-12-26 06:30:00,2023,Other
AtCoder,adt_easy_20231226_2,AtCoder Daily Training EASY 2023/12/26 17:30start,2023-12-26 08:30:00,2023,Other
AtCoder,adt_easy_20231227_1,AtCoder Daily Training EASY 2023/12/27 16:00start,2023-12-27 07:00:00,2023,Other
AtCoder,adt_easy_20231227_2,AtCoder Daily Training EASY 2023/12/27 18:00start,2023-12-27 09:00:00,2023,Other
AtCoder,adt_easy_20231228_1,AtCoder Daily Training EASY 2023/12/28 16:30start,2023-12-28 07:30:00,2023,Other
AtCoder,adt_easy_20231228_2,AtCoder Daily Training EASY 2023/12/28 18:30start,2023-12-28 09:30:00,2023,Other
AtCoder,adt_easy_20240102_1,AtCoder Daily Training EASY 2024/1/2 15:30start,2024-01-02 06:30:00,2024,Other
AtCoder,adt_easy_20240102_2,AtCoder Daily Training EASY 2024/1/2 17:30start,2024-01-02 08:30:00,2024,Other
AtCoder,adt_easy_20240103_1,AtCoder Daily Training EASY 2024/1/3 16:00start,2024-01-03 07:00:00,2024,Other
AtCoder,adt_easy_20240103_2,AtCoder Daily Training EASY 2024/1/3 18:00start,2024-01-03 09:00:00,2024,Other
AtCoder,adt_easy_20240104_1,AtCoder Daily Training EASY 2024/1/4 16:30start,2024-01-04 07:30:00,2024,Other
AtCoder,adt_easy_20240104_2,AtCoder Daily Training EASY 2024/1/4 18:30start,2024-01-04 09:30:00,2024,Other
AtCoder,adt_easy_20240109_1,AtCoder Daily Training EASY 2024/1/9 15:30start,2024-01-09 06:30:00,2024,Other
AtCoder,adt_easy_20240109_2,AtCoder Daily Training EASY 2024/1/9 17:30start,2024-01-09 08:30:00,2024,Other
AtCoder,adt_easy_20240110_1,AtCoder Daily Training EASY 2024/1/10 16:00start,2024-01-10 07:00:00,2024,Other
AtCoder,adt_easy_20240110_2,AtCoder Daily Training EASY 2024/1/10 18:00start,2024-01-10 09:00:00,2024,Other
AtCoder,adt_easy_20240111_1,AtCoder Daily Training EASY 2024/1/11 16:30start,2024-01-11 07:30:00,2024,Other
AtCoder,adt_easy_20240111_2,AtCoder Daily Training EASY 2024/1/11 18:30start,2024-01-11 09:30:00,2024,Other
AtCoder,adt_easy_20240116_1,AtCoder Daily Training EASY 2024/01/16 15:30start,2024-01-16 06:30:00,2024,Other
AtCoder,adt_easy_20240116_2,AtCoder Daily Training EASY 2024/01/16 17:30start,2024-01-16 08:30:00,2024,Other
AtCoder,adt_easy_20240116_3,AtCoder Daily Training EASY 2024/01/16 19:30start,2024-01-16 10:30:00,2024,Other
AtCoder,adt_easy_20240117_1,AtCoder Daily Training EASY 2024/01/17 16:00start,2024-01-17 07:00:00,2024,Other
AtCoder,adt_easy_20240117_2,AtCoder Daily Training EASY 2024/01/17 18:00start,2024-01-17 09:00:00,2024,Other
AtCoder,adt_easy_20240117_3,AtCoder Daily Training EASY 2024/01/17 20:00start,2024-01-17 11:00:00,2024,Other
AtCoder,adt_easy_20240118_1,AtCoder Daily Training EASY 2024/01/18 16:30start,2024-01-18 07:30:00,2024,Other
AtCoder,adt_easy_20240118_2,AtCoder Daily Training EASY 2024/01/18 18:30start,2024-01-18 09:30:00,2024,Other
AtCoder,adt_easy_20240118_3,AtCoder Daily Training EASY 2024/01/18 20:30start,2024-01-18 11:30:00,2024,Other
AtCoder,adt_easy_20240123_1,AtCoder Daily Training EASY 2024/01/23 15:30start,2024-01-23 06:30:00,2024,Other
AtCoder,adt_easy_20240123_2,AtCoder Daily Training EASY 2024/01/23 17:30start,2024-01-23 08:30:00,2024,Other
AtCoder,adt_easy_20240123_3,AtCoder Daily Training EASY 2024/01/23 19:30start,2024-01-23 10:30:00,2024,Other
AtCoder,adt_easy_20240124_1,AtCoder Daily Training EASY 2024/01/24 16:00start,2024-01-24 07:00:00,2024,Other
AtCoder,adt_easy_20240124_2,AtCoder Daily Training EASY 2024/01/24 18:00start,2024-01-24 09:00:00,2024,Other
AtCoder,adt_easy_20240124_3,AtCoder Daily Training EASY 2024/01/24 20:00start,2024-01-24 11:00:00,2024,Other
AtCoder,adt_easy_20240125_1,AtCoder Daily Training EASY 2024/01/25 16:30start,2024-01-25 07:30:00,2024,Other
AtCoder,adt_easy_20240125_2,AtCoder Daily Training EASY 2024/01/25 18:30start,2024-01-25 09:30:00,2024,Other
AtCoder,adt_easy_20240125_3,AtCoder Daily Training EASY 2024/01/25 20:30start,2024-01-25 11:30:00,2024,Other
AtCoder,adt_easy_20240130_1,AtCoder Daily Training EASY 2024/01/30 15:30start,2024-01-30 06:30:00,2024,Other
AtCoder,adt_easy_20240130_2,AtCoder Daily Training EASY 2024/01/30 17:30start,2024-01-30 08:30:00,2024,Other
AtCoder,adt_easy_20240130_3,AtCoder Daily Training EASY 2024/01/30 19:30start,2024-01-30 10:30:00,2024,Other
AtCoder,adt_easy_20240131_1,AtCoder Daily Training EASY 2024/01/31 16:00start,2024-01-31 07:00:00,2024,Other
AtCoder,adt_easy_20240131_2,AtCoder Daily Training EASY 2024/01/31 18:00start,2024-01-31 09:00:00,2024,Other
AtCoder,adt_easy_20240131_3,AtCoder Daily Training EASY 2024/01/31 20:00start,2024-01-31 11:00:00,2024,Other
AtCoder,adt_easy_20240201_1,AtCoder Daily Training EASY 2024/02/01 16:30start,2024-02-01 07:30:00,2024,Other
AtCoder,adt_easy_20240201_2,AtCoder Daily Training EASY 2024/02/01 18:30start,2024-02-01 09:30:00,2024,Other
AtCoder,adt_easy_20240201_3,AtCoder Daily Training EASY 2024/02/01 20:30start,2024-02-01 11:30:00,2024,Other
AtCoder,adt_easy_20240206_1,AtCoder Daily Training EASY 2024/02/06 15:30start,2024-02-06 06:30:00,2024,Other
AtCoder,adt_easy_20240206_2,AtCoder Daily Training EASY 2024/02/06 17:30start,2024-02-06 08:30:00,2024,Other
AtCoder,adt_easy_20240206_3,AtCoder Daily Training EASY 2024/02/06 19:30start,2024-02-06 10:30:00,2024,Other
AtCoder,adt_easy_20240207_1,AtCoder Daily Training EASY 2024/02/07 16:00start,2024-02-07 07:00:00,2024,Other
AtCoder,adt_easy_20240207_2,AtCoder Daily Training EASY 2024/02/07 18:00start,2024-02-07 09:00:00,2024,Other
AtCoder,adt_easy_20240207_3,AtCoder Daily Training EASY 2024/02/07 20:00start,2024-02-07 11:00:00,2024,Other
AtCoder,adt_easy_20240208_1,AtCoder Daily Training EASY 2024/02/08 16:30start,2024-02-08 07:30:00,2024,Other
AtCoder,adt_easy_20240208_2,AtCoder Daily Training EASY 2024/02/08 18:30start,2024-02-08 09:30:00,2024,Other
AtCoder,adt_easy_20240208_3,AtCoder Daily Training EASY 2024/02/08 20:30start,2024-02-08 11:30:00,2024,Other
AtCoder,adt_easy_20240213_1,AtCoder Daily Training EASY 2024/02/13 15:30start,2024-02-13 06:30:00,2024,Other
AtCoder,adt_easy_20240213_2,AtCoder Daily Training EASY 2024/02/13 17:30start,2024-02-13 08:30:00,2024,Other
AtCoder,adt_easy_20240213_3,AtCoder Daily Training EASY 2024/02/13 19:30start,2024-02-13 10:30:00,2024,Other
AtCoder,adt_easy_20240214_1,AtCoder Daily Training EASY 2024/02/14 16:00start,2024-02-14 07:00:00,2024,Other
AtCoder,adt_easy_20240214_2,AtCoder Daily Training EASY 2024/02/14 18:00start,2024-02-14 09:00:00,2024,Other
AtCoder,adt_easy_20240214_3,AtCoder Daily Training EASY 2024/02/14 20:00start,2024-02-14 11:00:00,2024,Other
AtCoder,adt_easy_20240215_1,AtCoder Daily Training EASY 2024/02/15 16:30start,2024-02-15 07:30:00,2024,Other
AtCoder,adt_easy_20240215_2,AtCoder Daily Training EASY 2024/02/15 18:30start,2024-02-15 09:30:00,2024,Other
AtCoder,adt_easy_20240215_3,AtCoder Daily Training EASY 2024/02/15 20:30start,2024-02-15 11:30:00,2024,Other
AtCoder,adt_easy_20240220_1,AtCoder Daily Training EASY 2024/02/20 15:30start,2024-02-20 06:30:00,2024,Other
AtCoder,adt_easy_20240220_2,AtCoder Daily Training EASY 2024/02/20 17:30start,2024-02-20 08:30:00,2024,Other
AtCoder,adt_easy_20240220_3,AtCoder Daily Training EASY 2024/02/20 19:30start,2024-02-20 10:30:00,2024,Other
AtCoder,adt_easy_20240221_1,AtCoder Daily Training EASY 2024/02/21 16:00start,2024-02-21 07:00:00,2024,Other
AtCoder,adt_easy_20240221_2,AtCoder Daily Training EASY 2024/02/21 18:00start,2024-02-21 09:00:00,2024,Other
AtCoder,adt_easy_20240221_3,AtCoder Daily Training EASY 2024/02/21 20:00start,2024-02-21 11:00:00,2024,Other
AtCoder,adt_easy_20240222_1,AtCoder Daily Training EASY 2024/02/22 16:30start,2024-02-22 07:30:00,2024,Other
AtCoder,adt_easy_20240222_2,AtCoder Daily Training EASY 2024/02/22 18:30start,2024-02-22 09:30:00,2024,Other
AtCoder,adt_easy_20240222_3,AtCoder Daily Training EASY 2024/02/22 20:30start,2024-02-22 11:30:00,2024,Other
AtCoder,adt_easy_20240227_1,AtCoder Daily Training EASY 2024/02/27 15:30start,2024-02-27 06:30:00,2024,Other
AtCoder,adt_easy_20240227_2,AtCoder Daily Training EASY 2024/02/27 17:30start,2024-02-27 08:30:00,2024,Other
AtCoder,adt_easy_20240227_3,AtCoder Daily Training EASY 2024/02/27 19:30start,2024-02-27 10:30:00,2024,Other
AtCoder,adt_easy_20240228_1,AtCoder Daily Training EASY 2024/02/28 16:00start,2024-02-28 07:00:00,2024,Other
AtCoder,adt_easy_20240228_2,AtCoder Daily Training EASY 2024/02/28 18:00start,2024-02-28 09:00:00,2024,Other
AtCoder,adt_easy_20240228_3,AtCoder Daily Training EASY 2024/02/28 20:00start,2024-02-28 11:00:00,2024,Other
AtCoder,adt_easy_20240229_1,AtCoder Daily Training EASY 2024/02/29 16:30start,2024-02-29 07:30:00,2024,Other
AtCoder,adt_easy_20240229_2,AtCoder Daily Training EASY 2024/02/29 18:30start,2024-02-29 09:30:00,2024,Other
AtCoder,adt_easy_20240229_3,AtCoder Daily Training EASY 2024/02/29 20:30start,2024-02-29 11:30:00,2024,Other
AtCoder,adt_easy_20240305_1,AtCoder Daily Training EASY 2024/03/05 15:30start,2024-03-05 06:30:00,2024,Other
AtCoder,adt_easy_20240305_2,AtCoder Daily Training EASY 2024/03/05 17:30start,2024-03-05 08:30:00,2024,Other
AtCoder,adt_easy_20240305_3,AtCoder Daily Training EASY 2024/03/05 19:30start,2024-03-05 10:30:00,2024,Other
AtCoder,adt_easy_20240306_1,AtCoder Daily Training EASY 2024/03/06 16:00start,2024-03-06 07:00:00,2024,Other
AtCoder,adt_easy_20240306_2,AtCoder Daily Training EASY 2024/03/06 18:00start,2024-03-06 09:00:00,2024,Other
AtCoder,adt_easy_20240306_3,AtCoder Daily Training EASY 2024/03/06 20:00start,2024-03-06 11:00:00,2024,Other
AtCoder,adt_easy_20240307_1,AtCoder Daily Training EASY 2024/03/07 16:30start,2024-03-07 07:30:00,2024,Other
AtCoder,adt_easy_20240307_2,AtCoder Daily Training EASY 2024/03/07 18:30start,2024-03-07 09:30:00,2024,Other
AtCoder,adt_easy_20240307_3,AtCoder Daily Training EASY 2024/03/07 20:30start,2024-03-07 11:30:00,2024,Other
AtCoder,adt_easy_20240312_1,AtCoder Daily Training EASY 2024/03/12 15:30start,2024-03-12 06:30:00,2024,Other
AtCoder,adt_easy_20240312_2,AtCoder Daily Training EASY 2024/03/12 17:30start,2024-03-12 08:30:00,2024,Other
AtCoder,adt_easy_20240312_3,AtCoder Daily Training EASY 2024/03/12 19:30start,2024-03-12 10:30:00,2024,Other
AtCoder,adt_easy_20240313_1,AtCoder Daily Training EASY 2024/03/13 16:00start,2024-03-13 07:00:00,2024,Other
AtCoder,adt_easy_20240313_2,AtCoder Daily Training EASY 2024/03/13 18:00start,2024-03-13 09:00:00,2024,Other
AtCoder,adt_easy_20240313_3,AtCoder Daily Training EASY 2024/03/13 20:00start,2024-03-13 11:00:00,2024,Other
AtCoder,adt_easy_20240314_1,AtCoder Daily Training EASY 2024/03/14 16:30start,2024-03-14 07:30:00,2024,Other
AtCoder,adt_easy_20240314_2,AtCoder Daily Training EASY 2024/03/14 18:30start,2024-03-14 09:30:00,2024,Other
AtCoder,adt_easy_20240314_3,AtCoder Daily Training EASY 2024/03/14 20:30start,2024-03-14 11:30:00,2024,Other
AtCoder,adt_easy_20240319_1,AtCoder Daily Training EASY 2024/03/19 15:30start,2024-03-19 06:30:00,2024,Other
AtCoder,adt_easy_20240319_2,AtCoder Daily Training EASY 2024/03/19 17:30start,2024-03-19 08:30:00,2024,Other
AtCoder,adt_easy_20240319_3,AtCoder Daily Training EASY 2024/03/19 19:30start,2024-03-19 10:30:00,2024,Other
AtCoder,adt_easy_20240320_1,AtCoder Daily Training EASY 2024/03/20 16:00start,2024-03-20 07:00:00,2024,Other
AtCoder,adt_easy_20240320_2,AtCoder Daily Training EASY 2024/03/20 18:00start,2024-03-20 09:00:00,2024,Other
AtCoder,adt_easy_20240320_3,AtCoder Daily Training EASY 2024/03/20 20:00start,2024-03-20 11:00:00,2024,Other
AtCoder,adt_easy_20240321_1,AtCoder Daily Training EASY 2024/03/21 16:30start,2024-03-21 07:30:00,2024,Other
AtCoder,adt_easy_20240321_2,AtCoder Daily Training EASY 2024/03/21 18:30start,2024-03-21 09:30:00,2024,Other
AtCoder,adt_easy_20240321_3,AtCoder Daily Training EASY 2024/03/21 20:30start,2024-03-21 11:30:00,2024,Other
AtCoder,adt_easy_20240326_1,AtCoder Daily Training EASY 2024/03/26 15:30start,2024-03-26 06:30:00,2024,Other
AtCoder,adt_easy_20240326_2,AtCoder Daily Training EASY 2024/03/26 17:30start,2024-03-26 08:30:00,2024,Other
AtCoder,adt_easy_20240326_3,AtCoder Daily Training EASY 2024/03/26 19:30start,2024-03-26 10:30:00,2024,Other
AtCoder,adt_easy_20240327_1,AtCoder Daily Training EASY 2024/03/27 16:00start,2024-03-27 07:00:00,2024,Other
AtCoder,adt_easy_20240327_2,AtCoder Daily Training EASY 2024/03/27 18:00start,2024-03-27 09:00:00,2024,Other
AtCoder,adt_easy_20240327_3,AtCoder Daily Training EASY 2024/03/27 20:00start,2024-03-27 11:00:00,2024,Other
AtCoder,adt_easy_20240328_1,AtCoder Daily Training EASY 2024/03/28 16:30start,2024-03-28 07:30:00,2024,Other
AtCoder,adt_easy_20240328_2,AtCoder Daily Training EASY 2024/03/28 18:30start,2024-03-28 09:30:00,2024,Other
AtCoder,adt_easy_20240328_3,AtCoder Daily Training EASY 2024/03/28 20:30start,2024-03-28 11:30:00,2024,Other
AtCoder,adt_easy_20240402_1,AtCoder Daily Training EASY 2024/04/02 15:30start,2024-04-02 06:30:00,2024,Other
AtCoder,adt_easy_20240402_2,AtCoder Daily Training EASY 2024/04/02 17:30start,2024-04-02 08:30:00,2024,Other
AtCoder,adt_easy_20240402_3,AtCoder Daily Training EASY 2024/04/02 19:30start,2024-04-02 10:30:00,2024,Other
AtCoder,adt_easy_20240403_1,AtCoder Daily Training EASY 2024/04/03 16:00start,2024-04-03 07:00:00,2024,Other
AtCoder,adt_easy_20240403_2,AtCoder Daily Training EASY 2024/04/03 18:00start,2024-04-03 09:00:00,2024,Other
AtCoder,adt_easy_20240403_3,AtCoder Daily Training EASY 2024/04/03 20:00start,2024-04-03 11:00:00,2024,Other
AtCoder,adt_easy_20240404_1,AtCoder Daily Training EASY 2024/04/04 16:30start,2024-04-04 07:30:00,2024,Other
AtCoder,adt_easy_20240404_2,AtCoder Daily Training EASY 2024/04/04 18:30start,2024-04-04 09:30:00,2024,Other
AtCoder,adt_easy_20240404_3,AtCoder Daily Training EASY 2024/04/04 20:30start,2024-04-04 11:30:00,2024,Other
AtCoder,adt_easy_20240409_1,AtCoder Daily Training EASY 2024/04/09 15:30start,2024-04-09 06:30:00,2024,Other
AtCoder,adt_easy_20240409_2,AtCoder Daily Training EASY 2024/04/09 17:30start,2024-04-09 08:30:00,2024,Other
AtCoder,adt_easy_20240409_3,AtCoder Daily Training EASY 2024/04/09 19:30start,2024-04-09 10:30:00,2024,Other
AtCoder,adt_easy_20240410_1,AtCoder Daily Training EASY 2024/04/10 16:00start,2024-04-10 07:00:00,2024,Other
AtCoder,adt_easy_20240410_2,AtCoder Daily Training EASY 2024/04/10 18:00start,2024-04-10 09:00:00,2024,Other
AtCoder,adt_easy_20240410_3,AtCoder Daily Training EASY 2024/04/10 20:00start,2024-04-10 11:00:00,2024,Other
AtCoder,adt_easy_20240411_1,AtCoder Daily Training EASY 2024/04/11 16:30start,2024-04-11 07:30:00,2024,Other
AtCoder,adt_easy_20240411_2,AtCoder Daily Training EASY 2024/04/11 18:30start,2024-04-11 09:30:00,2024,Other
AtCoder,adt_easy_20240411_3,AtCoder Daily Training EASY 2024/04/11 20:30start,2024-04-11 11:30:00,2024,Other
AtCoder,adt_easy_20240416_1,AtCoder Daily Training EASY 2024/04/16 15:30start,2024-04-16 06:30:00,2024,Other
AtCoder,adt_easy_20240416_2,AtCoder Daily Training EASY 2024/04/16 17:30start,2024-04-16 08:30:00,2024,Other
AtCoder,adt_easy_20240416_3,AtCoder Daily Training EASY 2024/04/16 19:30start,2024-04-16 10:30:00,2024,Other
AtCoder,adt_easy_20240417_1,AtCoder Daily Training EASY 2024/04/17 16:00start,2024-04-17 07:00:00,2024,Other
AtCoder,adt_easy_20240417_2,AtCoder Daily Training EASY 2024/04/17 18:00start,2024-04-17 09:00:00,2024,Other
AtCoder,adt_easy_20240417_3,AtCoder Daily Training EASY 2024/04/17 20:00start,2024-04-17 11:00:00,2024,Other
AtCoder,adt_easy_20240418_1,AtCoder Daily Training EASY 2024/04/18 16:30start,2024-04-18 07:30:00,2024,Other
AtCoder,adt_easy_20240418_2,AtCoder Daily Training EASY 2024/04/18 18:30start,2024-04-18 09:30:00,2024,Other
AtCoder,adt_easy_20240418_3,AtCoder Daily Training EASY 2024/04/18 20:30start,2024-04-18 11:30:00,2024,Other
AtCoder,adt_easy_20240423_1,AtCoder Daily Training EASY 2024/04/23 15:30start,2024-04-23 06:30:00,2024,Other
AtCoder,adt_easy_20240423_2,AtCoder Daily Training EASY 2024/04/23 17:30start,2024-04-23 08:30:00,2024,Other
AtCoder,adt_easy_20240423_3,AtCoder Daily Training EASY 2024/04/23 19:30start,2024-04-23 10:30:00,2024,Other
AtCoder,adt_easy_20240424_1,AtCoder Daily Training EASY 2024/04/24 16:00start,2024-04-24 07:00:00,2024,Other
AtCoder,adt_easy_20240424_2,AtCoder Daily Training EASY 2024/04/24 18:00start,2024-04-24 09:00:00,2024,Other
AtCoder,adt_easy_20240424_3,AtCoder Daily Training EASY 2024/04/24 20:00start,2024-04-24 11:00:00,2024,Other
AtCoder,adt_easy_20240425_1,AtCoder Daily Training EASY 2024/04/25 16:30start,2024-04-25 07:30:00,2024,Other
AtCoder,adt_easy_20240425_2,AtCoder Daily Training EASY 2024/04/25 18:30start,2024-04-25 09:30:00,2024,Other
AtCoder,adt_easy_20240425_3,AtCoder Daily Training EASY 2024/04/25 20:30start,2024-04-25 11:30:00,2024,Other
AtCoder,adt_easy_20240430_1,AtCoder Daily Training EASY 2024/04/30 15:30start,2024-04-30 06:30:00,2024,Other
AtCoder,adt_easy_20240430_2,AtCoder Daily Training EASY 2024/04/30 17:30start,2024-04-30 08:30:00,2024,Other
AtCoder,adt_easy_20240430_3,AtCoder Daily Training EASY 2024/04/30 19:30start,2024-04-30 10:30:00,2024,Other
AtCoder,adt_easy_20240501_1,AtCoder Daily Training EASY 2024/05/01 16:00start,2024-05-01 07:00:00,2024,Other
AtCoder,adt_easy_20240501_2,AtCoder Daily Training EASY 2024/05/01 18:00start,2024-05-01 09:00:00,2024,Other
AtCoder,adt_easy_20240501_3,AtCoder Daily Training EASY 2024/05/01 20:00start,2024-05-01 11:00:00,2024,Other
AtCoder,adt_easy_20240502_1,AtCoder Daily Training EASY 2024/05/02 16:30start,2024-05-02 07:30:00,2024,Other
AtCoder,adt_easy_20240502_2,AtCoder Daily Training EASY 2024/05/02 18:30start,2024-05-02 09:30:00,2024,Other
AtCoder,adt_easy_20240502_3,AtCoder Daily Training EASY 2024/05/02 20:30start,2024-05-02 11:30:00,2024,Other
AtCoder,adt_easy_20240507_1,AtCoder Daily Training EASY 2024/05/07 15:30start,2024-05-07 06:30:00,2024,Other
AtCoder,adt_easy_20240507_2,AtCoder Daily Training EASY 2024/05/07 17:30start,2024-05-07 08:30:00,2024,Other
AtCoder,adt_easy_20240507_3,AtCoder Daily Training EASY 2024/05/07 19:30start,2024-05-07 10:30:00,2024,Other
AtCoder,adt_easy_20240508_1,AtCoder Daily Training EASY 2024/05/08 16:00start,2024-05-08 07:00:00,2024,Other
AtCoder,adt_easy_20240508_2,AtCoder Daily Training EASY 2024/05/08 18:00start,2024-05-08 09:00:00,2024,Other
AtCoder,adt_easy_20240508_3,AtCoder Daily Training EASY 2024/05/08 20:00start,2024-05-08 11:00:00,2024,Other
AtCoder,adt_easy_20240509_1,AtCoder Daily Training EASY 2024/05/09 16:30start,2024-05-09 07:30:00,2024,Other
AtCoder,adt_easy_20240509_2,AtCoder Daily Training EASY 2024/05/09 18:30start,2024-05-09 09:30:00,2024,Other
AtCoder,adt_easy_20240509_3,AtCoder Daily Training EASY 2024/05/09 20:30start,2024-05-09 11:30:00,2024,Other
AtCoder,adt_easy_20240514_1,AtCoder Daily Training EASY 2024/05/14 15:30start,2024-05-14 06:30:00,2024,Other
AtCoder,adt_easy_20240514_2,AtCoder Daily Training EASY 2024/05/14 17:30start,2024-05-14 08:30:00,2024,Other
AtCoder,adt_easy_20240514_3,AtCoder Daily Training EASY 2024/05/14 19:30start,2024-05-14 10:30:00,2024,Other
AtCoder,adt_easy_20240515_1,AtCoder Daily Training EASY 2024/05/15 16:00start,2024-05-15 07:00:00,2024,Other
AtCoder,adt_easy_20240515_2,AtCoder Daily Training EASY 2024/05/15 18:00start,2024-05-15 09:00:00,2024,Other
AtCoder,adt_easy_20240515_3,AtCoder Daily Training EASY 2024/05/15 20:00start,2024-05-15 11:00:00,2024,Other
AtCoder,adt_easy_20240516_1,AtCoder Daily Training EASY 2024/05/16 16:30start,2024-05-16 07:30:00,2024,Other
AtCoder,adt_easy_20240516_2,AtCoder Daily Training EASY 2024/05/16 18:30start,2024-05-16 09:30:00,2024,Other
AtCoder,adt_easy_20240516_3,AtCoder Daily Training EASY 2024/05/16 20:30start,2024-05-16 11:30:00,2024,Other
AtCoder,adt_easy_20240521_1,AtCoder Daily Training EASY 2024/05/21 15:30start,2024-05-21 06:30:00,2024,Other
AtCoder,adt_easy_20240521_2,AtCoder Daily Training EASY 2024/05/21 17:30start,2024-05-21 08:30:00,2024,Other
AtCoder,adt_easy_20240521_3,AtCoder Daily Training EASY 2024/05/21 19:30start,2024-05-21 10:30:00,2024,Other
AtCoder,adt_easy_20240522_1,AtCoder Daily Training EASY 2024/05/22 16:00start,2024-05-22 07:00:00,2024,Other
AtCoder,adt_easy_20240522_2,AtCoder Daily Training EASY 2024/05/22 18:00start,2024-05-22 09:00:00,2024,Other
AtCoder,adt_easy_20240522_3,AtCoder Daily Training EASY 2024/05/22 20:00start,2024-05-22 11:00:00,2024,Other
AtCoder,adt_easy_20240523_1,AtCoder Daily Training EASY 2024/05/23 16:30start,2024-05-23 07:30:00,2024,Other
AtCoder,adt_easy_20240523_2,AtCoder Daily Training EASY 2024/05/23 18:30start,2024-05-23 09:30:00,2024,Other
AtCoder,adt_easy_20240523_3,AtCoder Daily Training EASY 2024/05/23 20:30start,2024-05-23 11:30:00,2024,Other
AtCoder,adt_easy_20240528_1,AtCoder Daily Training EASY 2024/05/28 15:30start,2024-05-28 06:30:00,2024,Other
AtCoder,adt_easy_20240528_2,AtCoder Daily Training EASY 2024/05/28 17:30start,2024-05-28 08:30:00,2024,Other
AtCoder,adt_easy_20240528_3,AtCoder Daily Training EASY 2024/05/28 19:30start,2024-05-28 10:30:00,2024,Other
AtCoder,adt_easy_20240529_1,AtCoder Daily Training EASY 2024/05/29 16:00start,2024-05-29 07:00:00,2024,Other
AtCoder,adt_easy_20240529_2,AtCoder Daily Training EASY 2024/05/29 18:00start,2024-05-29 09:00:00,2024,Other
AtCoder,adt_easy_20240529_3,AtCoder Daily Training EASY 2024/05/29 20:00start,2024-05-29 11:00:00,2024,Other
AtCoder,adt_easy_20240530_1,AtCoder Daily Training EASY 2024/05/30 16:30start,2024-05-30 07:30:00,2024,Other
AtCoder,adt_easy_20240530_2,AtCoder Daily Training EASY 2024/05/30 18:30start,2024-05-30 09:30:00,2024,Other
AtCoder,adt_easy_20240530_3,AtCoder Daily Training EASY 2024/05/30 20:30start,2024-05-30 11:30:00,2024,Other
AtCoder,adt_easy_20240604_1,AtCoder Daily Training EASY 2024/06/04 15:30start,2024-06-04 06:30:00,2024,Other
AtCoder,adt_easy_20240604_2,AtCoder Daily Training EASY 2024/06/04 17:30start,2024-06-04 08:30:00,2024,Other
AtCoder,adt_easy_20240604_3,AtCoder Daily Training EASY 2024/06/04 19:30start,2024-06-04 10:30:00,2024,Other
AtCoder,adt_easy_20240605_1,AtCoder Daily Training EASY 2024/06/05 16:00start,2024-06-05 07:00:00,2024,Other
AtCoder,adt_easy_20240605_2,AtCoder Daily Training EASY 2024/06/05 18:00start,2024-06-05 09:00:00,2024,Other
AtCoder,adt_easy_20240605_3,AtCoder Daily Training EASY 2024/06/05 20:00start,2024-06-05 11:00:00,2024,Other
AtCoder,adt_easy_20240606_1,AtCoder Daily Training EASY 2024/06/06 16:30start,2024-06-06 07:30:00,2024,Other
AtCoder,adt_easy_20240606_2,AtCoder Daily Training EASY 2024/06/06 18:30start,2024-06-06 09:30:00,2024,Other
AtCoder,adt_easy_20240606_3,AtCoder Daily Training EASY 2024/06/06 20:30start,2024-06-06 11:30:00,2024,Other
AtCoder,adt_easy_20240611_1,AtCoder Daily Training EASY 2024/06/11 15:30start,2024-06-11 06:30:00,2024,Other
AtCoder,adt_easy_20240611_2,AtCoder Daily Training EASY 2024/06/11 17:30start,2024-06-11 08:30:00,2024,Other
AtCoder,adt_easy_20240611_3,AtCoder Daily Training EASY 2024/06/11 19:30start,2024-06-11 10:30:00,2024,Other
AtCoder,adt_easy_20240612_1,AtCoder Daily Training EASY 2024/06/12 16:00start,2024-06-12 07:00:00,2024,Other
AtCoder,adt_easy_20240612_2,AtCoder Daily Training EASY 2024/06/12 18:00start,2024-06-12 09:00:00,2024,Other
AtCoder,adt_easy_20240612_3,AtCoder Daily Training EASY 2024/06/12 20:00start,2024-06-12 11:00:00,2024,Other
AtCoder,adt_easy_20240613_1,AtCoder Daily Training EASY 2024/06/13 16:30start,2024-06-13 07:30:00,2024,Other
AtCoder,adt_easy_20240613_2,AtCoder Daily Training EASY 2024/06/13 18:30start,2024-06-13 09:30:00,2024,Other
AtCoder,adt_easy_20240613_3,AtCoder Daily Training EASY 2024/06/13 20:30start,2024-06-13 11:30:00,2024,Other
AtCoder,adt_easy_20240618_1,AtCoder Daily Training EASY 2024/06/18 15:30start,2024-06-18 06:30:00,2024,Other
AtCoder,adt_easy_20240618_2,AtCoder Daily Training EASY 2024/06/18 17:30start,2024-06-18 08:30:00,2024,Other
AtCoder,adt_easy_20240618_3,AtCoder Daily Training EASY 2024/06/18 19:30start,2024-06-18 10:30:00,2024,Other
AtCoder,adt_easy_20240619_1,AtCoder Daily Training EASY 2024/06/19 16:00start,2024-06-19 07:00:00,2024,Other
AtCoder,adt_easy_20240619_2,AtCoder Daily Training EASY 2024/06/19 18:00start,2024-06-19 09:00:00,2024,Other
AtCoder,adt_easy_20240619_3,AtCoder Daily Training EASY 2024/06/19 20:00start,2024-06-19 11:00:00,2024,Other
AtCoder,adt_easy_20240620_1,AtCoder Daily Training EASY 2024/06/20 16:30start,2024-06-20 07:30:00,2024,Other
AtCoder,adt_easy_20240620_2,AtCoder Daily Training EASY 2024/06/20 18:30start,2024-06-20 09:30:00,2024,Other
AtCoder,adt_easy_20240620_3,AtCoder Daily Training EASY 2024/06/20 20:30start,2024-06-20 11:30:00,2024,Other
AtCoder,adt_easy_20240625_1,AtCoder Daily Training EASY 2024/06/25 15:30start,2024-06-25 06:30:00,2024,Other
AtCoder,adt_easy_20240625_2,AtCoder Daily Training EASY 2024/06/25 17:30start,2024-06-25 08:30:00,2024,Other
AtCoder,adt_easy_20240625_3,AtCoder Daily Training EASY 2024/06/25 19:30start,2024-06-25 10:30:00,2024,Other
AtCoder,adt_easy_20240626_1,AtCoder Daily Training EASY 2024/06/26 16:00start,2024-06-26 07:00:00,2024,Other
AtCoder,adt_easy_20240626_2,AtCoder Daily Training EASY 2024/06/26 18:00start,2024-06-26 09:00:00,2024,Other
AtCoder,adt_easy_20240626_3,AtCoder Daily Training EASY 2024/06/26 20:00start,2024-06-26 11:00:00,2024,Other
AtCoder,adt_easy_20240627_1,AtCoder Daily Training EASY 2024/06/27 16:30start,2024-06-27 07:30:00,2024,Other
AtCoder,adt_easy_20240627_2,AtCoder Daily Training EASY 2024/06/27 18:30start,2024-06-27 09:30:00,2024,Other
AtCoder,adt_easy_20240627_3,AtCoder Daily Training EASY 2024/06/27 20:30start,2024-06-27 11:30:00,2024,Other
AtCoder,adt_easy_20240702_1,AtCoder Daily Training EASY 2024/07/02 15:30start,2024-07-02 06:30:00,2024,Other
AtCoder,adt_easy_20240702_2,AtCoder Daily Training EASY 2024/07/02 17:30start,2024-07-02 08:30:00,2024,Other
AtCoder,adt_easy_20240702_3,AtCoder Daily Training EASY 2024/07/02 19:30start,2024-07-02 10:30:00,2024,Other
AtCoder,adt_easy_20240703_1,AtCoder Daily Training EASY 2024/07/03 16:00start,2024-07-03 07:00:00,2024,Other
AtCoder,adt_easy_20240703_2,AtCoder Daily Training EASY 2024/07/03 18:00start,2024-07-03 09:00:00,2024,Other
AtCoder,adt_easy_20240703_3,AtCoder Daily Training EASY 2024/07/03 20:00start,2024-07-03 11:00:00,2024,Other
AtCoder,adt_easy_20240704_1,AtCoder Daily Training EASY 2024/07/04 16:30start,2024-07-04 07:30:00,2024,Other
AtCoder,adt_easy_20240704_2,AtCoder Daily Training EASY 2024/07/04 18:30start,2024-07-04 09:30:00,2024,Other
AtCoder,adt_easy_20240704_3,AtCoder Daily Training EASY 2024/07/04 20:30start,2024-07-04 11:30:00,2024,Other
AtCoder,adt_easy_20240709_1,AtCoder Daily Training EASY 2024/07/09 15:30start,2024-07-09 06:30:00,2024,Other
AtCoder,adt_easy_20240709_2,AtCoder Daily Training EASY 2024/07/09 17:30start,2024-07-09 08:30:00,2024,Other
AtCoder,adt_easy_20240709_3,AtCoder Daily Training EASY 2024/07/09 19:30start,2024-07-09 10:30:00,2024,Other
AtCoder,adt_easy_20240710_1,AtCoder Daily Training EASY 2024/07/10 16:00start,2024-07-10 07:00:00,2024,Other
AtCoder,adt_easy_20240710_2,AtCoder Daily Training EASY 2024/07/10 18:00start,2024-07-10 09:00:00,2024,Other
AtCoder,adt_easy_20240710_3,AtCoder Daily Training EASY 2024/07/10 20:00start,2024-07-10 11:00:00,2024,Other
AtCoder,adt_easy_20240711_1,AtCoder Daily Training EASY 2024/07/11 16:30start,2024-07-11 07:30:00,2024,Other
AtCoder,adt_easy_20240711_2,AtCoder Daily Training EASY 2024/07/11 18:30start,2024-07-11 09:30:00,2024,Other
AtCoder,adt_easy_20240711_3,AtCoder Daily Training EASY 2024/07/11 20:30start,2024-07-11 11:30:00,2024,Other
AtCoder,adt_easy_20240716_1,AtCoder Daily Training EASY 2024/07/16 15:30start,2024-07-16 06:30:00,2024,Other
AtCoder,adt_easy_20240716_2,AtCoder Daily Training EASY 2024/07/16 17:30start,2024-07-16 08:30:00,2024,Other
AtCoder,adt_easy_20240716_3,AtCoder Daily Training EASY 2024/07/16 19:30start,2024-07-16 10:30:00,2024,Other
AtCoder,adt_easy_20240717_1,AtCoder Daily Training EASY 2024/07/17 16:00start,2024-07-17 07:00:00,2024,Other
AtCoder,adt_easy_20240717_2,AtCoder Daily Training EASY 2024/07/17 18:00start,2024-07-17 09:00:00,2024,Other
AtCoder,adt_easy_20240717_3,AtCoder Daily Training EASY 2024/07/17 20:00start,2024-07-17 11:00:00,2024,Other
AtCoder,adt_easy_20240718_1,AtCoder Daily Training EASY 2024/07/18 16:30start,2024-07-18 07:30:00,2024,Other
AtCoder,adt_easy_20240718_2,AtCoder Daily Training EASY 2024/07/18 18:30start,2024-07-18 09:30:00,2024,Other
AtCoder,adt_easy_20240718_3,AtCoder Daily Training EASY 2024/07/18 20:30start,2024-07-18 11:30:00,2024,Other
AtCoder,adt_easy_20240723_1,AtCoder Daily Training EASY 2024/07/23 15:30start,2024-07-23 06:30:00,2024,Other
AtCoder,adt_easy_20240723_2,AtCoder Daily Training EASY 2024/07/23 17:30start,2024-07-23 08:30:00,2024,Other
AtCoder,adt_easy_20240723_3,AtCoder Daily Training EASY 2024/07/23 19:30start,2024-07-23 10:30:00,2024,Other
AtCoder,adt_easy_20240724_1,AtCoder Daily Training EASY 2024/07/24 16:00start,2024-07-24 07:00:00,2024,Other
AtCoder,adt_easy_20240724_2,AtCoder Daily Training EASY 2024/07/24 18:00start,2024-07-24 09:00:00,2024,Other
AtCoder,adt_easy_20240724_3,AtCoder Daily Training EASY 2024/07/24 20:00start,2024-07-24 11:00:00,2024,Other
AtCoder,adt_easy_20240725_1,AtCoder Daily Training EASY 2024/07/25 16:30start,2024-07-25 07:30:00,2024,Other
AtCoder,adt_easy_20240725_2,AtCoder Daily Training EASY 2024/07/25 18:30start,2024-07-25 09:30:00,2024,Other
AtCoder,adt_easy_20240725_3,AtCoder Daily Training EASY 2024/07/25 20:30start,2024-07-25 11:30:00,2024,Other
AtCoder,adt_easy_20240730_1,AtCoder Daily Training EASY 2024/07/30 15:30start,2024-07-30 06:30:00,2024,Other
AtCoder,adt_easy_20240730_2,AtCoder Daily Training EASY 2024/07/30 17:30start,2024-07-30 08:30:00,2024,Other
AtCoder,adt_easy_20240730_3,AtCoder Daily Training EASY 2024/07/30 19:30start,2024-07-30 10:30:00,2024,Other
AtCoder,adt_easy_20240731_1,AtCoder Daily Training EASY 2024/07/31 16:00start,2024-07-31 07:00:00,2024,Other
AtCoder,adt_easy_20240731_2,AtCoder Daily Training EASY 2024/07/31 18:00start,2024-07-31 09:00:00,2024,Other
AtCoder,adt_easy_20240731_3,AtCoder Daily Training EASY 2024/07/31 20:00start,2024-07-31 11:00:00,2024,Other
AtCoder,adt_easy_20240801_1,AtCoder Daily Training EASY 2024/08/01 16:30start,2024-08-01 07:30:00,2024,Other
AtCoder,adt_easy_20240801_2,AtCoder Daily Training EASY 2024/08/01 18:30start,2024-08-01 09:30:00,2024,Other
AtCoder,adt_easy_20240801_3,AtCoder Daily Training EASY 2024/08/01 20:30start,2024-08-01 11:30:00,2024,Other
AtCoder,adt_easy_20240806_1,AtCoder Daily Training EASY 2024/08/06 15:30start,2024-08-06 06:30:00,2024,Other
AtCoder,adt_easy_20240806_2,AtCoder Daily Training EASY 2024/08/06 17:30start,2024-08-06 08:30:00,2024,Other
AtCoder,adt_easy_20240806_3,AtCoder Daily Training EASY 2024/08/06 19:30start,2024-08-06 10:30:00,2024,Other
AtCoder,adt_easy_20240807_1,AtCoder Daily Training EASY 2024/08/07 16:00start,2024-08-07 07:00:00,2024,Other
AtCoder,adt_easy_20240807_2,AtCoder Daily Training EASY 2024/08/07 18:00start,2024-08-07 09:00:00,2024,Other
AtCoder,adt_easy_20240807_3,AtCoder Daily Training EASY 2024/08/07 20:00start,2024-08-07 11:00:00,2024,Other
AtCoder,adt_easy_20240808_1,AtCoder Daily Training EASY 2024/08/08 16:30start,2024-08-08 07:30:00,2024,Other
AtCoder,adt_easy_20240808_2,AtCoder Daily Training EASY 2024/08/08 18:30start,2024-08-08 09:30:00,2024,Other
AtCoder,adt_easy_20240808_3,AtCoder Daily Training EASY 2024/08/08 20:30start,2024-08-08 11:30:00,2024,Other
AtCoder,adt_easy_20240813_1,AtCoder Daily Training EASY 2024/08/13 15:30start,2024-08-13 06:30:00,2024,Other
AtCoder,adt_easy_20240813_2,AtCoder Daily Training EASY 2024/08/13 17:30start,2024-08-13 08:30:00,2024,Other
AtCoder,adt_easy_20240813_3,AtCoder Daily Training EASY 2024/08/13 19:30start,2024-08-13 10:30:00,2024,Other
AtCoder,adt_easy_20240814_1,AtCoder Daily Training EASY 2024/08/14 16:00start,2024-08-14 07:00:00,2024,Other
AtCoder,adt_easy_20240814_2,AtCoder Daily Training EASY 2024/08/14 18:00start,2024-08-14 09:00:00,2024,Other
AtCoder,adt_easy_20240814_3,AtCoder Daily Training EASY 2024/08/14 20:00start,2024-08-14 11:00:00,2024,Other
AtCoder,adt_easy_20240815_1,AtCoder Daily Training EASY 2024/08/15 16:30start,2024-08-15 07:30:00,2024,Other
AtCoder,adt_easy_20240815_2,AtCoder Daily Training EASY 2024/08/15 18:30start,2024-08-15 09:30:00,2024,Other
AtCoder,adt_easy_20240815_3,AtCoder Daily Training EASY 2024/08/15 20:30start,2024-08-15 11:30:00,2024,Other
AtCoder,adt_easy_20240820_1,AtCoder Daily Training EASY 2024/08/20 15:30start,2024-08-20 06:30:00,2024,Other
AtCoder,adt_easy_20240820_2,AtCoder Daily Training EASY 2024/08/20 17:30start,2024-08-20 08:30:00,2024,Other
AtCoder,adt_easy_20240820_3,AtCoder Daily Training EASY 2024/08/20 19:30start,2024-08-20 10:30:00,2024,Other
AtCoder,adt_easy_20240821_1,AtCoder Daily Training EASY 2024/08/21 16:00start,2024-08-21 07:00:00,2024,Other
AtCoder,adt_easy_20240821_2,AtCoder Daily Training EASY 2024/08/21 18:00start,2024-08-21 09:00:00,2024,Other
AtCoder,adt_easy_20240821_3,AtCoder Daily Training EASY 2024/08/21 20:00start,2024-08-21 11:00:00,2024,Other
AtCoder,adt_easy_20240822_1,AtCoder Daily Training EASY 2024/08/22 16:30start,2024-08-22 07:30:00,2024,Other
AtCoder,adt_easy_20240822_2,AtCoder Daily Training EASY 2024/08/22 18:30start,2024-08-22 09:30:00,2024,Other
AtCoder,adt_easy_20240822_3,AtCoder Daily Training EASY 2024/08/22 20:30start,2024-08-22 11:30:00,2024,Other
AtCoder,adt_easy_20240827_1,AtCoder Daily Training EASY 2024/08/27 15:30start,2024-08-27 06:30:00,2024,Other
AtCoder,adt_easy_20240827_2,AtCoder Daily Training EASY 2024/08/27 17:30start,2024-08-27 08:30:00,2024,Other
AtCoder,adt_easy_20240827_3,AtCoder Daily Training EASY 2024/08/27 19:30start,2024-08-27 10:30:00,2024,Other
AtCoder,adt_easy_20240828_1,AtCoder Daily Training EASY 2024/08/28 16:00start,2024-08-28 07:00:00,2024,Other
AtCoder,adt_easy_20240828_2,AtCoder Daily Training EASY 2024/08/28 18:00start,2024-08-28 09:00:00,2024,Other
AtCoder,adt_easy_20240828_3,AtCoder Daily Training EASY 2024/08/28 20:00start,2024-08-28 11:00:00,2024,Other
AtCoder,adt_easy_20240829_1,AtCoder Daily Training EASY 2024/08/29 16:30start,2024-08-29 07:30:00,2024,Other
AtCoder,adt_easy_20240829_2,AtCoder Daily Training EASY 2024/08/29 18:30start,2024-08-29 09:30:00,2024,Other
AtCoder,adt_easy_20240829_3,AtCoder Daily Training EASY 2024/08/29 20:30start,2024-08-29 11:30:00,2024,Other
AtCoder,adt_easy_20240903_1,AtCoder Daily Training EASY 2024/09/03 15:30start,2024-09-03 06:30:00,2024,Other
AtCoder,adt_easy_20240903_2,AtCoder Daily Training EASY 2024/09/03 17:30start,2024-09-03 08:30:00,2024,Other
AtCoder,adt_easy_20240903_3,AtCoder Daily Training EASY 2024/09/03 19:30start,2024-09-03 10:30:00,2024,Other
AtCoder,adt_easy_20240904_1,AtCoder Daily Training EASY 2024/09/04 16:00start,2024-09-04 07:00:00,2024,Other
AtCoder,adt_easy_20240904_2,AtCoder Daily Training EASY 2024/09/04 18:00start,2024-09-04 09:00:00,2024,Other
AtCoder,adt_easy_20240904_3,AtCoder Daily Training EASY 2024/09/04 20:00start,2024-09-04 11:00:00,2024,Other
AtCoder,adt_easy_20240905_1,AtCoder Daily Training EASY 2024/09/05 16:30start,2024-09-05 07:30:00,2024,Other
AtCoder,adt_easy_20240905_2,AtCoder Daily Training EASY 2024/09/05 18:30start,2024-09-05 09:30:00,2024,Other
AtCoder,adt_easy_20240905_3,AtCoder Daily Training EASY 2024/09/05 20:30start,2024-09-05 11:30:00,2024,Other
AtCoder,adt_easy_20240910_1,AtCoder Daily Training EASY 2024/09/10 15:30start,2024-09-10 06:30:00,2024,Other
AtCoder,adt_easy_20240910_2,AtCoder Daily Training EASY 2024/09/10 17:30start,2024-09-10 08:30:00,2024,Other
AtCoder,adt_easy_20240910_3,AtCoder Daily Training EASY 2024/09/10 19:30start,2024-09-10 10:30:00,2024,Other
AtCoder,adt_easy_20240911_1,AtCoder Daily Training EASY 2024/09/11 16:00start,2024-09-11 07:00:00,2024,Other
AtCoder,adt_easy_20240911_2,AtCoder Daily Training EASY 2024/09/11 18:00start,2024-09-11 09:00:00,2024,Other
AtCoder,adt_easy_20240911_3,AtCoder Daily Training EASY 2024/09/11 20:00start,2024-09-11 11:00:00,2024,Other
AtCoder,adt_easy_20240912_1,AtCoder Daily Training EASY 2024/09/12 16:30start,2024-09-12 07:30:00,2024,Other
AtCoder,adt_easy_20240912_2,AtCoder Daily Training EASY 2024/09/12 18:30start,2024-09-12 09:30:00,2024,Other
AtCoder,adt_easy_20240912_3,AtCoder Daily Training EASY 2024/09/12 20:30start,2024-09-12 11:30:00,2024,Other
AtCoder,adt_easy_20240917_1,AtCoder Daily Training EASY 2024/09/17 15:30start,2024-09-17 06:30:00,2024,Other
AtCoder,adt_easy_20240917_2,AtCoder Daily Training EASY 2024/09/17 17:30start,2024-09-17 08:30:00,2024,Other
AtCoder,adt_easy_20240917_3,AtCoder Daily Training EASY 2024/09/17 19:30start,2024-09-17 10:30:00,2024,Other
AtCoder,adt_easy_20240918_1,AtCoder Daily Training EASY 2024/09/18 16:00start,2024-09-18 07:00:00,2024,Other
AtCoder,adt_easy_20240918_2,AtCoder Daily Training EASY 2024/09/18 18:00start,2024-09-18 09:00:00,2024,Other
AtCoder,adt_easy_20240918_3,AtCoder Daily Training EASY 2024/09/18 20:00start,2024-09-18 11:00:00,2024,Other
AtCoder,adt_easy_20240919_1,AtCoder Daily Training EASY 2024/09/19 16:30start,2024-09-19 07:30:00,2024,Other
AtCoder,adt_easy_20240919_2,AtCoder Daily Training EASY 2024/09/19 18:30start,2024-09-19 09:30:00,2024,Other
AtCoder,adt_easy_20240919_3,AtCoder Daily Training EASY 2024/09/19 20:30start,2024-09-19 11:30:00,2024,Other
AtCoder,adt_easy_20240924_1,AtCoder Daily Training EASY 2024/09/24 15:30start,2024-09-24 06:30:00,2024,Other
AtCoder,adt_easy_20240924_2,AtCoder Daily Training EASY 2024/09/24 17:30start,2024-09-24 08:30:00,2024,Other
AtCoder,adt_easy_20240924_3,AtCoder Daily Training EASY 2024/09/24 19:30start,2024-09-24 10:30:00,2024,Other
AtCoder,adt_easy_20240925_1,AtCoder Daily Training EASY 2024/09/25 16:00start,2024-09-25 07:00:00,2024,Other
AtCoder,adt_easy_20240925_2,AtCoder Daily Training EASY 2024/09/25 18:00start,2024-09-25 09:00:00,2024,Other
AtCoder,adt_easy_20240925_3,AtCoder Daily Training EASY 2024/09/25 20:00start,2024-09-25 11:00:00,2024,Other
AtCoder,adt_easy_20240926_1,AtCoder Daily Training EASY 2024/09/26 16:30start,2024-09-26 07:30:00,2024,Other
AtCoder,adt_easy_20240926_2,AtCoder Daily Training EASY 2024/09/26 18:30start,2024-09-26 09:30:00,2024,Other
AtCoder,adt_easy_20240926_3,AtCoder Daily Training EASY 2024/09/26 20:30start,2024-09-26 11:30:00,2024,Other
AtCoder,adt_easy_20241001_1,AtCoder Daily Training EASY 2024/10/01 15:30start,2024-10-01 06:30:00,2024,Other
AtCoder,adt_easy_20241001_2,AtCoder Daily Training EASY 2024/10/01 17:30start,2024-10-01 08:30:00,2024,Other
AtCoder,adt_easy_20241001_3,AtCoder Daily Training EASY 2024/10/01 19:30start,2024-10-01 10:30:00,2024,Other
AtCoder,adt_easy_20241002_1,AtCoder Daily Training EASY 2024/10/02 16:00start,2024-10-02 07:00:00,2024,Other
AtCoder,adt_easy_20241002_2,AtCoder Daily Training EASY 2024/10/02 18:00start,2024-10-02 09:00:00,2024,Other
AtCoder,adt_easy_20241002_3,AtCoder Daily Training EASY 2024/10/02 20:00start,2024-10-02 11:00:00,2024,Other
AtCoder,adt_easy_20241003_1,AtCoder Daily Training EASY 2024/10/03 16:30start,2024-10-03 07:30:00,2024,Other
AtCoder,adt_easy_20241003_2,AtCoder Daily Training EASY 2024/10/03 18:30start,2024-10-03 09:30:00,2024,Other
AtCoder,adt_easy_20241003_3,AtCoder Daily Training EASY 2024/10/03 20:30start,2024-10-03 11:30:00,2024,Other
AtCoder,adt_easy_20241008_1,AtCoder Daily Training EASY 2024/10/08 15:30start,2024-10-08 06:30:00,2024,Other
AtCoder,adt_easy_20241008_2,AtCoder Daily Training EASY 2024/10/08 17:30start,2024-10-08 08:30:00,2024,Other
AtCoder,adt_easy_20241008_3,AtCoder Daily Training EASY 2024/10/08 19:30start,2024-10-08 10:30:00,2024,Other
AtCoder,adt_easy_20241009_1,AtCoder Daily Training EASY 2024/10/09 16:00start,2024-10-09 07:00:00,2024,Other
AtCoder,adt_easy_20241009_2,AtCoder Daily Training EASY 2024/10/09 18:00start,2024-10-09 09:00:00,2024,Other
AtCoder,adt_easy_20241009_3,AtCoder Daily Training EASY 2024/10/09 20:00start,2024-10-09 11:00:00,2024,Other
AtCoder,adt_easy_20241010_1,AtCoder Daily Training EASY 2024/10/10 16:30start,2024-10-10 07:30:00,2024,Other
AtCoder,adt_easy_20241010_2,AtCoder Daily Training EASY 2024/10/10 18:30start,2024-10-10 09:30:00,2024,Other
AtCoder,adt_easy_20241010_3,AtCoder Daily Training EASY 2024/10/10 20:30start,2024-10-10 11:30:00,2024,Other
AtCoder,adt_easy_20241015_1,AtCoder Daily Training EASY 2024/10/15 15:30start,2024-10-15 06:30:00,2024,Other
AtCoder,adt_easy_20241015_2,AtCoder Daily Training EASY 2024/10/15 17:30start,2024-10-15 08:30:00,2024,Other
AtCoder,adt_easy_20241015_3,AtCoder Daily Training EASY 2024/10/15 19:30start,2024-10-15 10:30:00,2024,Other
AtCoder,adt_easy_20241016_1,AtCoder Daily Training EASY 2024/10/16 16:00start,2024-10-16 07:00:00,2024,Other
AtCoder,adt_easy_20241016_2,AtCoder Daily Training EASY 2024/10/16 18:00start,2024-10-16 09:00:00,2024,Other
AtCoder,adt_easy_20241016_3,AtCoder Daily Training EASY 2024/10/16 20:00start,2024-10-16 11:00:00,2024,Other
AtCoder,adt_easy_20241017_1,AtCoder Daily Training EASY 2024/10/17 16:30start,2024-10-17 07:30:00,2024,Other
AtCoder,adt_easy_20241017_2,AtCoder Daily Training EASY 2024/10/17 18:30start,2024-10-17 09:30:00,2024,Other
AtCoder,adt_easy_20241017_3,AtCoder Daily Training EASY 2024/10/17 20:30start,2024-10-17 11:30:00,2024,Other
AtCoder,adt_easy_20241022_1,AtCoder Daily Training EASY 2024/10/22 15:30start,2024-10-22 06:30:00,2024,Other
AtCoder,adt_easy_20241022_2,AtCoder Daily Training EASY 2024/10/22 17:30start,2024-10-22 08:30:00,2024,Other
AtCoder,adt_easy_20241022_3,AtCoder Daily Training EASY 2024/10/22 19:30start,2024-10-22 10:30:00,2024,Other
AtCoder,adt_easy_20241023_1,AtCoder Daily Training EASY 2024/10/23 16:00start,2024-10-23 07:00:00,2024,Other
AtCoder,adt_easy_20241023_2,AtCoder Daily Training EASY 2024/10/23 18:00start,2024-10-23 09:00:00,2024,Other
AtCoder,adt_easy_20241023_3,AtCoder Daily Training EASY 2024/10/23 20:00start,2024-10-23 11:00:00,2024,Other
AtCoder,adt_easy_20241024_1,AtCoder Daily Training EASY 2024/10/24 16:30start,2024-10-24 07:30:00,2024,Other
AtCoder,adt_easy_20241024_2,AtCoder Daily Training EASY 2024/10/24 18:30start,2024-10-24 09:30:00,2024,Other
AtCoder,adt_easy_20241024_3,AtCoder Daily Training EASY 2024/10/24 20:30start,2024-10-24 11:30:00,2024,Other
AtCoder,adt_easy_20241029_1,AtCoder Daily Training EASY 2024/10/29 15:30start,2024-10-29 06:30:00,2024,Other
AtCoder,adt_easy_20241029_2,AtCoder Daily Training EASY 2024/10/29 17:30start,2024-10-29 08:30:00,2024,Other
AtCoder,adt_easy_20241029_3,AtCoder Daily Training EASY 2024/10/29 19:30start,2024-10-29 10:30:00,2024,Other
AtCoder,adt_easy_20241030_1,AtCoder Daily Training EASY 2024/10/30 16:00start,2024-10-30 07:00:00,2024,Other
AtCoder,adt_easy_20241030_2,AtCoder Daily Training EASY 2024/10/30 18:00start,2024-10-30 09:00:00,2024,Other
AtCoder,adt_easy_20241030_3,AtCoder Daily Training EASY 2024/10/30 20:00start,2024-10-30 11:00:00,2024,Other
AtCoder,adt_easy_20241031_1,AtCoder Daily Training EASY 2024/10/31 16:30start,2024-10-31 07:30:00,2024,Other
AtCoder,adt_easy_20241031_2,AtCoder Daily Training EASY 2024/10/31 18:30start,2024-10-31 09:30:00,2024,Other
AtCoder,adt_easy_20241031_3,AtCoder Daily Training EASY 2024/10/31 20:30start,2024-10-31 11:30:00,2024,Other
AtCoder,adt_easy_20241105_1,AtCoder Daily Training EASY 2024/11/05 15:30start,2024-11-05 06:30:00,2024,Other
AtCoder,adt_easy_20241105_2,AtCoder Daily Training EASY 2024/11/05 17:30start,2024-11-05 08:30:00,2024,Other
AtCoder,adt_easy_20241105_3,AtCoder Daily Training EASY 2024/11/05 19:30start,2024-11-05 10:30:00,2024,Other
AtCoder,adt_easy_20241106_1,AtCoder Daily Training EASY 2024/11/06 16:00start,2024-11-06 07:00:00,2024,Other
AtCoder,adt_easy_20241106_2,AtCoder Daily Training EASY 2024/11/06 18:00start,2024-11-06 09:00:00,2024,Other
AtCoder,adt_easy_20241106_3,AtCoder Daily Training EASY 2024/11/06 20:00start,2024-11-06 11:00:00,2024,Other
AtCoder,adt_easy_20241107_1,AtCoder Daily Training EASY 2024/11/07 16:30start,2024-11-07 07:30:00,2024,Other
AtCoder,adt_easy_20241107_2,AtCoder Daily Training EASY 2024/11/07 18:30start,2024-11-07 09:30:00,2024,Other
AtCoder,adt_easy_20241107_3,AtCoder Daily Training EASY 2024/11/07 20:30start,2024-11-07 11:30:00,2024,Other
AtCoder,adt_easy_20241112_1,AtCoder Daily Training EASY 2024/11/12 15:30start,2024-11-12 06:30:00,2024,Other
AtCoder,adt_easy_20241112_2,AtCoder Daily Training EASY 2024/11/12 17:30start,2024-11-12 08:30:00,2024,Other
AtCoder,adt_easy_20241112_3,AtCoder Daily Training EASY 2024/11/12 19:30start,2024-11-12 10:30:00,2024,Other
AtCoder,adt_easy_20241113_1,AtCoder Daily Training EASY 2024/11/13 16:00start,2024-11-13 07:00:00,2024,Other
AtCoder,adt_easy_20241113_2,AtCoder Daily Training EASY 2024/11/13 18:00start,2024-11-13 09:00:00,2024,Other
AtCoder,adt_easy_20241113_3,AtCoder Daily Training EASY 2024/11/13 20:00start,2024-11-13 11:00:00,2024,Other
AtCoder,adt_easy_20241114_1,AtCoder Daily Training EASY 2024/11/14 16:30start,2024-11-14 07:30:00,2024,Other
AtCoder,adt_easy_20241114_2,AtCoder Daily Training EASY 2024/11/14 18:30start,2024-11-14 09:30:00,2024,Other
AtCoder,adt_easy_20241114_3,AtCoder Daily Training EASY 2024/11/14 20:30start,2024-11-14 11:30:00,2024,Other
AtCoder,adt_easy_20241119_1,AtCoder Daily Training EASY 2024/11/19 15:30start,2024-11-19 06:30:00,2024,Other
AtCoder,adt_easy_20241119_2,AtCoder Daily Training EASY 2024/11/19 17:30start,2024-11-19 08:30:00,2024,Other
AtCoder,adt_easy_20241119_3,AtCoder Daily Training EASY 2024/11/19 19:30start,2024-11-19 10:30:00,2024,Other
AtCoder,adt_easy_20241120_1,AtCoder Daily Training EASY 2024/11/20 16:00start,2024-11-20 07:00:00,2024,Other
AtCoder,adt_easy_20241120_2,AtCoder Daily Training EASY 2024/11/20 18:00start,2024-11-20 09:00:00,2024,Other
AtCoder,adt_easy_20241120_3,AtCoder Daily Training EASY 2024/11/20 20:00start,2024-11-20 11:00:00,2024,Other
AtCoder,adt_easy_20241121_1,AtCoder Daily Training EASY 2024/11/21 16:30start,2024-11-21 07:30:00,2024,Other
AtCoder,adt_easy_20241121_2,AtCoder Daily Training EASY 2024/11/21 18:30start,2024-11-21 09:30:00,2024,Other
AtCoder,adt_easy_20241121_3,AtCoder Daily Training EASY 2024/11/21 20:30start,2024-11-21 11:30:00,2024,Other
AtCoder,adt_easy_20241126_1,AtCoder Daily Training EASY 2024/11/26 15:30start,2024-11-26 06:30:00,2024,Other
AtCoder,adt_easy_20241126_2,AtCoder Daily Training EASY 2024/11/26 17:30start,2024-11-26 08:30:00,2024,Other
AtCoder,adt_easy_20241126_3,AtCoder Daily Training EASY 2024/11/26 19:30start,2024-11-26 10:30:00,2024,Other
AtCoder,adt_easy_20241127_1,AtCoder Daily Training EASY 2024/11/27 16:00start,2024-11-27 07:00:00,2024,Other
AtCoder,adt_easy_20241127_2,AtCoder Daily Training EASY 2024/11/27 18:00start,2024-11-27 09:00:00,2024,Other
AtCoder,adt_easy_20241127_3,AtCoder Daily Training EASY 2024/11/27 20:00start,2024-11-27 11:00:00,2024,Other
AtCoder,adt_easy_20241128_1,AtCoder Daily Training EASY 2024/11/28 16:30start,2024-11-28 07:30:00,2024,Other
AtCoder,adt_easy_20241128_2,AtCoder Daily Training EASY 2024/11/28 18:30start,2024-11-28 09:30:00,2024,Other
AtCoder,adt_easy_20241128_3,AtCoder Daily Training EASY 2024/11/28 20:30start,2024-11-28 11:30:00,2024,Other
AtCoder,adt_easy_20241203_1,AtCoder Daily Training EASY 2024/12/03 15:30start,2024-12-03 06:30:00,2024,Other
AtCoder,adt_easy_20241203_2,AtCoder Daily Training EASY 2024/12/03 17:30start,2024-12-03 08:30:00,2024,Other
AtCoder,adt_easy_20241203_3,AtCoder Daily Training EASY 2024/12/03 19:30start,2024-12-03 10:30:00,2024,Other
AtCoder,adt_easy_20241204_1,AtCoder Daily Training EASY 2024/12/04 16:00start,2024-12-04 07:00:00,2024,Other
AtCoder,adt_easy_20241204_2,AtCoder Daily Training EASY 2024/12/04 18:00start,2024-12-04 09:00:00,2024,Other
AtCoder,adt_easy_20241204_3,AtCoder Daily Training EASY 2024/12/04 20:00start,2024-12-04 11:00:00,2024,Other
AtCoder,adt_easy_20241205_1,AtCoder Daily Training EASY 2024/12/05 16:30start,2024-12-05 07:30:00,2024,Other
AtCoder,adt_easy_20241205_2,AtCoder Daily Training EASY 2024/12/05 18:30start,2024-12-05 09:30:00,2024,Other
AtCoder,adt_easy_20241205_3,AtCoder Daily Training EASY 2024/12/05 20:30start,2024-12-05 11:30:00,2024,Other
AtCoder,adt_easy_20241210_1,AtCoder Daily Training EASY 2024/12/10 15:30start,2024-12-10 06:30:00,2024,Other
AtCoder,adt_easy_20241210_2,AtCoder Daily Training EASY 2024/12/10 17:30start,2024-12-10 08:30:00,2024,Other
AtCoder,adt_easy_20241210_3,AtCoder Daily Training EASY 2024/12/10 19:30start,2024-12-10 10:30:00,2024,Other
AtCoder,adt_easy_20241211_1,AtCoder Daily Training EASY 2024/12/11 16:00start,2024-12-11 07:00:00,2024,Other
AtCoder,adt_easy_20241211_2,AtCoder Daily Training EASY 2024/12/11 18:00start,2024-12-11 09:00:00,2024,Other
AtCoder,adt_easy_20241211_3,AtCoder Daily Training EASY 2024/12/11 20:00start,2024-12-11 11:00:00,2024,Other
AtCoder,adt_easy_20241212_1,AtCoder Daily Training EASY 2024/12/12 16:30start,2024-12-12 07:30:00,2024,Other
AtCoder,adt_easy_20241212_2,AtCoder Daily Training EASY 2024/12/12 18:30start,2024-12-12 09:30:00,2024,Other
AtCoder,adt_easy_20241212_3,AtCoder Daily Training EASY 2024/12/12 20:30start,2024-12-12 11:30:00,2024,Other
AtCoder,adt_easy_20241217_1,AtCoder Daily Training EASY 2024/12/17 15:30start,2024-12-17 06:30:00,2024,Other
AtCoder,adt_easy_20241217_2,AtCoder Daily Training EASY 2024/12/17 17:30start,2024-12-17 08:30:00,2024,Other
AtCoder,adt_easy_20241217_3,AtCoder Daily Training EASY 2024/12/17 19:30start,2024-12-17 10:30:00,2024,Other
AtCoder,adt_easy_20241218_1,AtCoder Daily Training EASY 2024/12/18 16:00start,2024-12-18 07:00:00,2024,Other
AtCoder,adt_easy_20241218_2,AtCoder Daily Training EASY 2024/12/18 18:00start,2024-12-18 09:00:00,2024,Other
AtCoder,adt_easy_20241218_3,AtCoder Daily Training EASY 2024/12/18 20:00start,2024-12-18 11:00:00,2024,Other
AtCoder,adt_easy_20241219_1,AtCoder Daily Training EASY 2024/12/19 16:30start,2024-12-19 07:30:00,2024,Other
AtCoder,adt_easy_20241219_2,AtCoder Daily Training EASY 2024/12/19 18:30start,2024-12-19 09:30:00,2024,Other
AtCoder,adt_easy_20241219_3,AtCoder Daily Training EASY 2024/12/19 20:30start,2024-12-19 11:30:00,2024,Other
AtCoder,adt_easy_20241224_1,AtCoder Daily Training EASY 2024/12/24 15:30start,2024-12-24 06:30:00,2024,Other
AtCoder,adt_easy_20241224_2,AtCoder Daily Training EASY 2024/12/24 17:30start,2024-12-24 08:30:00,2024,Other
AtCoder,adt_easy_20241224_3,AtCoder Daily Training EASY 2024/12/24 19:30start,2024-12-24 10:30:00,2024,Other
AtCoder,adt_easy_20241225_1,AtCoder Daily Training EASY 2024/12/25 16:00start,2024-12-25 07:00:00,2024,Other
AtCoder,adt_easy_20241225_2,AtCoder Daily Training EASY 2024/12/25 18:00start,2024-12-25 09:00:00,2024,Other
AtCoder,adt_easy_20241225_3,AtCoder Daily Training EASY 2024/12/25 20:00start,2024-12-25 11:00:00,2024,Other
AtCoder,adt_easy_20241226_1,AtCoder Daily Training EASY 2024/12/26 16:30start,2024-12-26 07:30:00,2024,Other
AtCoder,adt_easy_20241226_2,AtCoder Daily Training EASY 2024/12/26 18:30start,2024-12-26 09:30:00,2024,Other
AtCoder,adt_easy_20241226_3,AtCoder Daily Training EASY 2024/12/26 20:30start,2024-12-26 11:30:00,2024,Other
AtCoder,adt_easy_20241231_1,AtCoder Daily Training EASY 2024/12/31 15:30start,2024-12-31 06:30:00,2024,Other
AtCoder,adt_easy_20241231_2,AtCoder Daily Training EASY 2024/12/31 17:30start,2024-12-31 08:30:00,2024,Other
AtCoder,adt_easy_20241231_3,AtCoder Daily Training EASY 2024/12/31 19:30start,2024-12-31 10:30:00,2024,Other
AtCoder,adt_easy_20250101_1,AtCoder Daily Training EASY 2025/01/01 16:00start,2025-01-01 07:00:00,2025,Other
AtCoder,adt_easy_20250101_2,AtCoder Daily Training EASY 2025/01/01 18:00start,2025-01-01 09:00:00,2025,Other
AtCoder,adt_easy_20250101_3,AtCoder Daily Training EASY 2025/01/01 20:00start,2025-01-01 11:00:00,2025,Other
AtCoder,adt_easy_20250102_1,AtCoder Daily Training EASY 2025/01/02 16:30start,2025-01-02 07:30:00,2025,Other
AtCoder,adt_easy_20250102_2,AtCoder Daily Training EASY 2025/01/02 18:30start,2025-01-02 09:30:00,2025,Other
AtCoder,adt_easy_20250102_3,AtCoder Daily Training EASY 2025/01/02 20:30start,2025-01-02 11:30:00,2025,Other
AtCoder,adt_easy_20250107_1,AtCoder Daily Training EASY 2025/01/07 15:30start,2025-01-07 06:30:00,2025,Other
AtCoder,adt_easy_20250107_2,AtCoder Daily Training EASY 2025/01/07 17:30start,2025-01-07 08:30:00,2025,Other
AtCoder,adt_easy_20250107_3,AtCoder Daily Training EASY 2025/01/07 19:30start,2025-01-07 10:30:00,2025,Other
AtCoder,adt_easy_20250108_1,AtCoder Daily Training EASY 2025/01/08 16:00start,2025-01-08 07:00:00,2025,Other
AtCoder,adt_easy_20250108_2,AtCoder Daily Training EASY 2025/01/08 18:00start,2025-01-08 09:00:00,2025,Other
AtCoder,adt_easy_20250108_3,AtCoder Daily Training EASY 2025/01/08 20:00start,2025-01-08 11:00:00,2025,Other
AtCoder,adt_easy_20250109_1,AtCoder Daily Training EASY 2025/01/09 16:30start,2025-01-09 07:30:00,2025,Other
AtCoder,adt_easy_20250109_2,AtCoder Daily Training EASY 2025/01/09 18:30start,2025-01-09 09:30:00,2025,Other
AtCoder,adt_easy_20250109_3,AtCoder Daily Training EASY 2025/01/09 20:30start,2025-01-09 11:30:00,2025,Other
AtCoder,adt_easy_20250114_1,AtCoder Daily Training EASY 2025/01/14 15:30start,2025-01-14 06:30:00,2025,Other
AtCoder,adt_easy_20250114_2,AtCoder Daily Training EASY 2025/01/14 17:30start,2025-01-14 08:30:00,2025,Other
AtCoder,adt_easy_20250114_3,AtCoder Daily Training EASY 2025/01/14 19:30start,2025-01-14 10:30:00,2025,Other
AtCoder,adt_easy_20250115_1,AtCoder Daily Training EASY 2025/01/15 16:00start,2025-01-15 07:00:00,2025,Other
AtCoder,adt_easy_20250115_2,AtCoder Daily Training EASY 2025/01/15 18:00start,2025-01-15 09:00:00,2025,Other
AtCoder,adt_easy_20250115_3,AtCoder Daily Training EASY 2025/01/15 20:00start,2025-01-15 11:00:00,2025,Other
AtCoder,adt_easy_20250116_1,AtCoder Daily Training EASY 2025/01/16 16:30start,2025-01-16 07:30:00,2025,Other
AtCoder,adt_easy_20250116_2,AtCoder Daily Training EASY 2025/01/16 18:30start,2025-01-16 09:30:00,2025,Other
AtCoder,adt_easy_20250116_3,AtCoder Daily Training EASY 2025/01/16 20:30start,2025-01-16 11:30:00,2025,Other
AtCoder,adt_easy_20250121_1,AtCoder Daily Training EASY 2025/01/21 15:30start,2025-01-21 06:30:00,2025,Other
AtCoder,adt_easy_20250121_2,AtCoder Daily Training EASY 2025/01/21 17:30start,2025-01-21 08:30:00,2025,Other
AtCoder,adt_easy_20250121_3,AtCoder Daily Training EASY 2025/01/21 19:30start,2025-01-21 10:30:00,2025,Other
AtCoder,adt_easy_20250122_1,AtCoder Daily Training EASY 2025/01/22 16:00start,2025-01-22 07:00:00,2025,Other
AtCoder,adt_easy_20250122_2,AtCoder Daily Training EASY 2025/01/22 18:00start,2025-01-22 09:00:00,2025,Other
AtCoder,adt_easy_20250122_3,AtCoder Daily Training EASY 2025/01/22 20:00start,2025-01-22 11:00:00,2025,Other
AtCoder,adt_easy_20250123_1,AtCoder Daily Training EASY 2025/01/23 16:30start,2025-01-23 07:30:00,2025,Other
AtCoder,adt_easy_20250123_2,AtCoder Daily Training EASY 2025/01/23 18:30start,2025-01-23 09:30:00,2025,Other
AtCoder,adt_easy_20250123_3,AtCoder Daily Training EASY 2025/01/23 20:30start,2025-01-23 11:30:00,2025,Other
AtCoder,adt_easy_20250128_1,AtCoder Daily Training EASY 2025/01/28 15:30start,2025-01-28 06:30:00,2025,Other
AtCoder,adt_easy_20250128_2,AtCoder Daily Training EASY 2025/01/28 17:30start,2025-01-28 08:30:00,2025,Other
AtCoder,adt_easy_20250128_3,AtCoder Daily Training EASY 2025/01/28 19:30start,2025-01-28 10:30:00,2025,Other
AtCoder,adt_easy_20250129_1,AtCoder Daily Training EASY 2025/01/29 16:00start,2025-01-29 07:00:00,2025,Other
AtCoder,adt_easy_20250129_2,AtCoder Daily Training EASY 2025/01/29 18:00start,2025-01-29 09:00:00,2025,Other
AtCoder,adt_easy_20250129_3,AtCoder Daily Training EASY 2025/01/29 20:00start,2025-01-29 11:00:00,2025,Other
AtCoder,adt_easy_20250130_1,AtCoder Daily Training EASY 2025/01/30 16:30start,2025-01-30 07:30:00,2025,Other
AtCoder,adt_easy_20250130_2,AtCoder Daily Training EASY 2025/01/30 18:30start,2025-01-30 09:30:00,2025,Other
AtCoder,adt_easy_20250130_3,AtCoder Daily Training EASY 2025/01/30 20:30start,2025-01-30 11:30:00,2025,Other
AtCoder,adt_easy_20250204_1,AtCoder Daily Training EASY 2025/02/04 15:30start,2025-02-04 06:30:00,2025,Other
AtCoder,adt_easy_20250204_2,AtCoder Daily Training EASY 2025/02/04 17:30start,2025-02-04 08:30:00,2025,Other
AtCoder,adt_easy_20250204_3,AtCoder Daily Training EASY 2025/02/04 19:30start,2025-02-04 10:30:00,2025,Other
AtCoder,adt_easy_20250205_1,AtCoder Daily Training EASY 2025/02/05 16:00start,2025-02-05 07:00:00,2025,Other
AtCoder,adt_easy_20250205_2,AtCoder Daily Training EASY 2025/02/05 18:00start,2025-02-05 09:00:00,2025,Other
AtCoder,adt_easy_20250205_3,AtCoder Daily Training EASY 2025/02/05 20:00start,2025-02-05 11:00:00,2025,Other
AtCoder,adt_easy_20250206_1,AtCoder Daily Training EASY 2025/02/06 16:30start,2025-02-06 07:30:00,2025,Other
AtCoder,adt_easy_20250206_2,AtCoder Daily Training EASY 2025/02/06 18:30start,2025-02-06 09:30:00,2025,Other
AtCoder,adt_easy_20250206_3,AtCoder Daily Training EASY 2025/02/06 20:30start,2025-02-06 11:30:00,2025,Other
AtCoder,adt_easy_20250211_1,AtCoder Daily Training EASY 2025/02/11 15:30start,2025-02-11 06:30:00,2025,Other
AtCoder,adt_easy_20250211_2,AtCoder Daily Training EASY 2025/02/11 17:30start,2025-02-11 08:30:00,2025,Other
AtCoder,adt_easy_20250211_3,AtCoder Daily Training EASY 2025/02/11 19:30start,2025-02-11 10:30:00,2025,Other
AtCoder,adt_easy_20250212_1,AtCoder Daily Training EASY 2025/02/12 16:00start,2025-02-12 07:00:00,2025,Other
AtCoder,adt_easy_20250212_2,AtCoder Daily Training EASY 2025/02/12 18:00start,2025-02-12 09:00:00,2025,Other
AtCoder,adt_easy_20250212_3,AtCoder Daily Training EASY 2025/02/12 20:00start,2025-02-12 11:00:00,2025,Other
AtCoder,adt_easy_20250213_1,AtCoder Daily Training EASY 2025/02/13 16:30start,2025-02-13 07:30:00,2025,Other
AtCoder,adt_easy_20250213_2,AtCoder Daily Training EASY 2025/02/13 18:30start,2025-02-13 09:30:00,2025,Other
AtCoder,adt_easy_20250213_3,AtCoder Daily Training EASY 2025/02/13 20:30start,2025-02-13 11:30:00,2025,Other
AtCoder,adt_easy_20250218_1,AtCoder Daily Training EASY 2025/02/18 15:30start,2025-02-18 06:30:00,2025,Other
AtCoder,adt_easy_20250218_2,AtCoder Daily Training EASY 2025/02/18 17:30start,2025-02-18 08:30:00,2025,Other
AtCoder,adt_easy_20250218_3,AtCoder Daily Training EASY 2025/02/18 19:30start,2025-02-18 10:30:00,2025,Other
AtCoder,adt_easy_20250219_1,AtCoder Daily Training EASY 2025/02/19 16:00start,2025-02-19 07:00:00,2025,Other
AtCoder,adt_easy_20250219_2,AtCoder Daily Training EASY 2025/02/19 18:00start,2025-02-19 09:00:00,2025,Other
AtCoder,adt_easy_20250219_3,AtCoder Daily Training EASY 2025/02/19 20:00start,2025-02-19 11:00:00,2025,Other
AtCoder,adt_easy_20250220_1,AtCoder Daily Training EASY 2025/02/20 16:30start,2025-02-20 07:30:00,2025,Other
AtCoder,adt_easy_20250220_2,AtCoder Daily Training EASY 2025/02/20 18:30start,2025-02-20 09:30:00,2025,Other
AtCoder,adt_easy_20250220_3,AtCoder Daily Training EASY 2025/02/20 20:30start,2025-02-20 11:30:00,2025,Other
AtCoder,adt_easy_20250225_1,AtCoder Daily Training EASY 2025/02/25 15:30start,2025-02-25 06:30:00,2025,Other
AtCoder,adt_easy_20250225_2,AtCoder Daily Training EASY 2025/02/25 17:30start,2025-02-25 08:30:00,2025,Other
AtCoder,adt_easy_20250225_3,AtCoder Daily Training EASY 2025/02/25 19:30start,2025-02-25 10:30:00,2025,Other
AtCoder,adt_easy_20250226_1,AtCoder Daily Training EASY 2025/02/26 16:00start,2025-02-26 07:00:00,2025,Other
AtCoder,adt_easy_20250226_2,AtCoder Daily Training EASY 2025/02/26 18:00start,2025-02-26 09:00:00,2025,Other
AtCoder,adt_easy_20250226_3,AtCoder Daily Training EASY 2025/02/26 20:00start,2025-02-26 11:00:00,2025,Other
AtCoder,adt_easy_20250227_1,AtCoder Daily Training EASY 2025/02/27 16:30start,2025-02-27 07:30:00,2025,Other
AtCoder,adt_easy_20250227_2,AtCoder Daily Training EASY 2025/02/27 18:30start,2025-02-27 09:30:00,2025,Other
AtCoder,adt_easy_20250227_3,AtCoder Daily Training EASY 2025/02/27 20:30start,2025-02-27 11:30:00,2025,Other
AtCoder,adt_easy_20250304_1,AtCoder Daily Training EASY 2025/03/04 15:30start,2025-03-04 06:30:00,2025,Other
AtCoder,adt_easy_20250304_2,AtCoder Daily Training EASY 2025/03/04 17:30start,2025-03-04 08:30:00,2025,Other
AtCoder,adt_easy_20250304_3,AtCoder Daily Training EASY 2025/03/04 19:30start,2025-03-04 10:30:00,2025,Other
AtCoder,adt_easy_20250305_1,AtCoder Daily Training EASY 2025/03/05 16:00start,2025-03-05 07:00:00,2025,Other
AtCoder,adt_easy_20250305_2,AtCoder Daily Training EASY 2025/03/05 18:00start,2025-03-05 09:00:00,2025,Other
AtCoder,adt_easy_20250305_3,AtCoder Daily Training EASY 2025/03/05 20:00start,2025-03-05 11:00:00,2025,Other
AtCoder,adt_easy_20250306_1,AtCoder Daily Training EASY 2025/03/06 16:30start,2025-03-06 07:30:00,2025,Other
AtCoder,adt_easy_20250306_2,AtCoder Daily Training EASY 2025/03/06 18:30start,2025-03-06 09:30:00,2025,Other
AtCoder,adt_easy_20250306_3,AtCoder Daily Training EASY 2025/03/06 20:30start,2025-03-06 11:30:00,2025,Other
AtCoder,adt_easy_20250311_1,AtCoder Daily Training EASY 2025/03/11 15:30start,2025-03-11 06:30:00,2025,Other
AtCoder,adt_easy_20250311_2,AtCoder Daily Training EASY 2025/03/11 17:30start,2025-03-11 08:30:00,2025,Other
AtCoder,adt_easy_20250311_3,AtCoder Daily Training EASY 2025/03/11 19:30start,2025-03-11 10:30:00,2025,Other
AtCoder,adt_easy_20250312_1,AtCoder Daily Training EASY 2025/03/12 16:00start,2025-03-12 07:00:00,2025,Other
AtCoder,adt_easy_20250312_2,AtCoder Daily Training EASY 2025/03/12 18:00start,2025-03-12 09:00:00,2025,Other
AtCoder,adt_easy_20250312_3,AtCoder Daily Training EASY 2025/03/12 20:00start,2025-03-12 11:00:00,2025,Other
AtCoder,adt_easy_20250313_1,AtCoder Daily Training EASY 2025/03/13 16:30start,2025-03-13 07:30:00,2025,Other
AtCoder,adt_easy_20250313_2,AtCoder Daily Training EASY 2025/03/13 18:30start,2025-03-13 09:30:00,2025,Other
AtCoder,adt_easy_20250313_3,AtCoder Daily Training EASY 2025/03/13 20:30start,2025-03-13 11:30:00,2025,Other
AtCoder,adt_easy_20250318_1,AtCoder Daily Training EASY 2025/03/18 15:30start,2025-03-18 06:30:00,2025,Other
AtCoder,adt_easy_20250318_2,AtCoder Daily Training EASY 2025/03/18 17:30start,2025-03-18 08:30:00,2025,Other
AtCoder,adt_easy_20250318_3,AtCoder Daily Training EASY 2025/03/18 19:30start,2025-03-18 10:30:00,2025,Other
AtCoder,adt_easy_20250319_1,AtCoder Daily Training EASY 2025/03/19 16:00start,2025-03-19 07:00:00,2025,Other
AtCoder,adt_easy_20250319_2,AtCoder Daily Training EASY 2025/03/19 18:00start,2025-03-19 09:00:00,2025,Other
AtCoder,adt_easy_20250319_3,AtCoder Daily Training EASY 2025/03/19 20:00start,2025-03-19 11:00:00,2025,Other
AtCoder,adt_easy_20250320_1,AtCoder Daily Training EASY 2025/03/20 16:30start,2025-03-20 07:30:00,2025,Other
AtCoder,adt_easy_20250320_2,AtCoder Daily Training EASY 2025/03/20 18:30start,2025-03-20 09:30:00,2025,Other
AtCoder,adt_easy_20250320_3,AtCoder Daily Training EASY 2025/03/20 20:30start,2025-03-20 11:30:00,2025,Other
AtCoder,adt_easy_20250325_1,AtCoder Daily Training EASY 2025/03/25 15:30start,2025-03-25 06:30:00,2025,Other
AtCoder,adt_easy_20250325_2,AtCoder Daily Training EASY 2025/03/25 17:30start,2025-03-25 08:30:00,2025,Other
AtCoder,adt_easy_20250325_3,AtCoder Daily Training EASY 2025/03/25 19:30start,2025-03-25 10:30:00,2025,Other
AtCoder,adt_easy_20250326_1,AtCoder Daily Training EASY 2025/03/26 16:00start,2025-03-26 07:00:00,2025,Other
AtCoder,adt_easy_20250326_2,AtCoder Daily Training EASY 2025/03/26 18:00start,2025-03-26 09:00:00,2025,Other
AtCoder,adt_easy_20250326_3,AtCoder Daily Training EASY 2025/03/26 20:00start,2025-03-26 11:00:00,2025,Other
AtCoder,adt_easy_20250327_1,AtCoder Daily Training EASY 2025/03/27 16:30start,2025-03-27 07:30:00,2025,Other
AtCoder,adt_easy_20250327_2,AtCoder Daily Training EASY 2025/03/27 18:30start,2025-03-27 09:30:00,2025,Other
AtCoder,adt_easy_20250327_3,AtCoder Daily Training EASY 2025/03/27 20:30start,2025-03-27 11:30:00,2025,Other
AtCoder,adt_easy_20250401_1,AtCoder Daily Training EASY 2025/04/01 15:30start,2025-04-01 06:30:00,2025,Other
AtCoder,adt_easy_20250401_2,AtCoder Daily Training EASY 2025/04/01 17:30start,2025-04-01 08:30:00,2025,Other
AtCoder,adt_easy_20250401_3,AtCoder Daily Training EASY 2025/04/01 19:30start,2025-04-01 10:30:00,2025,Other
AtCoder,adt_easy_20250402_1,AtCoder Daily Training EASY 2025/04/02 16:00start,2025-04-02 07:00:00,2025,Other
AtCoder,adt_easy_20250402_2,AtCoder Daily Training EASY 2025/04/02 18:00start,2025-04-02 09:00:00,2025,Other
AtCoder,adt_easy_20250402_3,AtCoder Daily Training EASY 2025/04/02 20:00start,2025-04-02 11:00:00,2025,Other
AtCoder,adt_easy_20250403_1,AtCoder Daily Training EASY 2025/04/03 16:30start,2025-04-03 07:30:00,2025,Other
AtCoder,adt_easy_20250403_2,AtCoder Daily Training EASY 2025/04/03 18:30start,2025-04-03 09:30:00,2025,Other
AtCoder,adt_easy_20250403_3,AtCoder Daily Training EASY 2025/04/03 20:30start,2025-04-03 11:30:00,2025,Other
AtCoder,adt_easy_20250408_1,AtCoder Daily Training EASY 2025/04/08 15:30start,2025-04-08 06:30:00,2025,Other
AtCoder,adt_easy_20250408_2,AtCoder Daily Training EASY 2025/04/08 17:30start,2025-04-08 08:30:00,2025,Other
AtCoder,adt_easy_20250408_3,AtCoder Daily Training EASY 2025/04/08 19:30start,2025-04-08 10:30:00,2025,Other
AtCoder,adt_easy_20250409_1,AtCoder Daily Training EASY 2025/04/09 16:00start,2025-04-09 07:00:00,2025,Other
AtCoder,adt_easy_20250409_2,AtCoder Daily Training EASY 2025/04/09 18:00start,2025-04-09 09:00:00,2025,Other
AtCoder,adt_easy_20250409_3,AtCoder Daily Training EASY 2025/04/09 20:00start,2025-04-09 11:00:00,2025,Other
AtCoder,adt_easy_20250410_1,AtCoder Daily Training EASY 2025/04/10 16:30start,2025-04-10 07:30:00,2025,Other
AtCoder,adt_easy_20250410_2,AtCoder Daily Training EASY 2025/04/10 18:30start,2025-04-10 09:30:00,2025,Other
AtCoder,adt_easy_20250410_3,AtCoder Daily Training EASY 2025/04/10 20:30start,2025-04-10 11:30:00,2025,Other
AtCoder,adt_easy_20250415_1,AtCoder Daily Training EASY 2025/04/15 15:30start,2025-04-15 06:30:00,2025,Other
AtCoder,adt_easy_20250415_2,AtCoder Daily Training EASY 2025/04/15 17:30start,2025-04-15 08:30:00,2025,Other
AtCoder,adt_easy_20250415_3,AtCoder Daily Training EASY 2025/04/15 19:30start,2025-04-15 10:30:00,2025,Other
AtCoder,adt_easy_20250416_1,AtCoder Daily Training EASY 2025/04/16 16:00start,2025-04-16 07:00:00,2025,Other
AtCoder,adt_easy_20250416_2,AtCoder Daily Training EASY 2025/04/16 18:00start,2025-04-16 09:00:00,2025,Other
AtCoder,adt_easy_20250416_3,AtCoder Daily Training EASY 2025/04/16 20:00start,2025-04-16 11:00:00,2025,Other
AtCoder,adt_easy_20250417_1,AtCoder Daily Training EASY 2025/04/17 16:30start,2025-04-17 07:30:00,2025,Other
AtCoder,adt_easy_20250417_2,AtCoder Daily Training EASY 2025/04/17 18:30start,2025-04-17 09:30:00,2025,Other
AtCoder,adt_easy_20250417_3,AtCoder Daily Training EASY 2025/04/17 20:30start,2025-04-17 11:30:00,2025,Other
AtCoder,adt_easy_20250422_1,AtCoder Daily Training EASY 2025/04/22 15:30start,2025-04-22 06:30:00,2025,Other
AtCoder,adt_easy_20250422_2,AtCoder Daily Training EASY 2025/04/22 17:30start,2025-04-22 08:30:00,2025,Other
AtCoder,adt_easy_20250422_3,AtCoder Daily Training EASY 2025/04/22 19:30start,2025-04-22 10:30:00,2025,Other
AtCoder,adt_easy_20250423_1,AtCoder Daily Training EASY 2025/04/23 16:00start,2025-04-23 07:00:00,2025,Other
AtCoder,adt_easy_20250423_2,AtCoder Daily Training EASY 2025/04/23 18:00start,2025-04-23 09:00:00,2025,Other
AtCoder,adt_easy_20250423_3,AtCoder Daily Training EASY 2025/04/23 20:00start,2025-04-23 11:00:00,2025,Other
AtCoder,adt_easy_20250424_1,AtCoder Daily Training EASY 2025/04/24 16:30start,2025-04-24 07:30:00,2025,Other
AtCoder,adt_easy_20250424_2,AtCoder Daily Training EASY 2025/04/24 18:30start,2025-04-24 09:30:00,2025,Other
AtCoder,adt_easy_20250424_3,AtCoder Daily Training EASY 2025/04/24 20:30start,2025-04-24 11:30:00,2025,Other
AtCoder,adt_easy_20250429_1,AtCoder Daily Training EASY 2025/04/29 15:30start,2025-04-29 06:30:00,2025,Other
AtCoder,adt_easy_20250429_2,AtCoder Daily Training EASY 2025/04/29 17:30start,2025-04-29 08:30:00,2025,Other
AtCoder,adt_easy_20250429_3,AtCoder Daily Training EASY 2025/04/29 19:30start,2025-04-29 10:30:00,2025,Other
AtCoder,adt_easy_20250430_1,AtCoder Daily Training EASY 2025/04/30 16:00start,2025-04-30 07:00:00,2025,Other
AtCoder,adt_easy_20250430_2,AtCoder Daily Training EASY 2025/04/30 18:00start,2025-04-30 09:00:00,2025,Other
AtCoder,adt_easy_20250430_3,AtCoder Daily Training EASY 2025/04/30 20:00start,2025-04-30 11:00:00,2025,Other
AtCoder,adt_easy_20250501_1,AtCoder Daily Training EASY 2025/05/01 16:30start,2025-05-01 07:30:00,2025,Other
AtCoder,adt_easy_20250501_2,AtCoder Daily Training EASY 2025/05/01 18:30start,2025-05-01 09:30:00,2025,Other
AtCoder,adt_easy_20250501_3,AtCoder Daily Training EASY 2025/05/01 20:30start,2025-05-01 11:30:00,2025,Other
AtCoder,adt_easy_20250506_1,AtCoder Daily Training EASY 2025/05/06 15:30start,2025-05-06 06:30:00,2025,Other
AtCoder,adt_easy_20250506_2,AtCoder Daily Training EASY 2025/05/06 17:30start,2025-05-06 08:30:00,2025,Other
AtCoder,adt_easy_20250506_3,AtCoder Daily Training EASY 2025/05/06 19:30start,2025-05-06 10:30:00,2025,Other
AtCoder,adt_easy_20250507_1,AtCoder Daily Training EASY 2025/05/07 16:00start,2025-05-07 07:00:00,2025,Other
AtCoder,adt_easy_20250507_2,AtCoder Daily Training EASY 2025/05/07 18:00start,2025-05-07 09:00:00,2025,Other
AtCoder,adt_easy_20250507_3,AtCoder Daily Training EASY 2025/05/07 20:00start,2025-05-07 11:00:00,2025,Other
AtCoder,adt_easy_20250508_1,AtCoder Daily Training EASY 2025/05/08 16:30start,2025-05-08 07:30:00,2025,Other
AtCoder,adt_easy_20250508_2,AtCoder Daily Training EASY 2025/05/08 18:30start,2025-05-08 09:30:00,2025,Other
AtCoder,adt_easy_20250508_3,AtCoder Daily Training EASY 2025/05/08 20:30start,2025-05-08 11:30:00,2025,Other
AtCoder,adt_easy_20250513_1,AtCoder Daily Training EASY 2025/05/13 15:30start,2025-05-13 06:30:00,2025,Other
AtCoder,adt_easy_20250513_2,AtCoder Daily Training EASY 2025/05/13 17:30start,2025-05-13 08:30:00,2025,Other
AtCoder,adt_easy_20250513_3,AtCoder Daily Training EASY 2025/05/13 19:30start,2025-05-13 10:30:00,2025,Other
AtCoder,adt_easy_20250514_1,AtCoder Daily Training EASY 2025/05/14 16:00start,2025-05-14 07:00:00,2025,Other
AtCoder,adt_easy_20250514_2,AtCoder Daily Training EASY 2025/05/14 18:00start,2025-05-14 09:00:00,2025,Other
AtCoder,adt_easy_20250514_3,AtCoder Daily Training EASY 2025/05/14 20:00start,2025-05-14 11:00:00,2025,Other
AtCoder,adt_easy_20250515_1,AtCoder Daily Training EASY 2025/05/15 16:30start,2025-05-15 07:30:00,2025,Other
AtCoder,adt_easy_20250515_2,AtCoder Daily Training EASY 2025/05/15 18:30start,2025-05-15 09:30:00,2025,Other
AtCoder,adt_easy_20250515_3,AtCoder Daily Training EASY 2025/05/15 20:30start,2025-05-15 11:30:00,2025,Other
AtCoder,adt_easy_20250520_1,AtCoder Daily Training EASY 2025/05/20 15:30start,2025-05-20 06:30:00,2025,Other
AtCoder,adt_easy_20250520_2,AtCoder Daily Training EASY 2025/05/20 17:30start,2025-05-20 08:30:00,2025,Other
AtCoder,adt_easy_20250520_3,AtCoder Daily Training EASY 2025/05/20 19:30start,2025-05-20 10:30:00,2025,Other
AtCoder,adt_easy_20250521_1,AtCoder Daily Training EASY 2025/05/21 16:00start,2025-05-21 07:00:00,2025,Other
AtCoder,adt_easy_20250521_2,AtCoder Daily Training EASY 2025/05/21 18:00start,2025-05-21 09:00:00,2025,Other
AtCoder,adt_easy_20250521_3,AtCoder Daily Training EASY 2025/05/21 20:00start,2025-05-21 11:00:00,2025,Other
AtCoder,adt_easy_20250522_1,AtCoder Daily Training EASY 2025/05/22 16:30start,2025-05-22 07:30:00,2025,Other
AtCoder,adt_easy_20250522_2,AtCoder Daily Training EASY 2025/05/22 18:30start,2025-05-22 09:30:00,2025,Other
AtCoder,adt_easy_20250522_3,AtCoder Daily Training EASY 2025/05/22 20:30start,2025-05-22 11:30:00,2025,Other
AtCoder,adt_easy_20250527_1,AtCoder Daily Training EASY 2025/05/27 15:30start,2025-05-27 06:30:00,2025,Other
AtCoder,adt_easy_20250527_2,AtCoder Daily Training EASY 2025/05/27 17:30start,2025-05-27 08:30:00,2025,Other
AtCoder,adt_easy_20250527_3,AtCoder Daily Training EASY 2025/05/27 19:30start,2025-05-27 10:30:00,2025,Other
AtCoder,adt_easy_20250528_1,AtCoder Daily Training EASY 2025/05/28 16:00start,2025-05-28 07:00:00,2025,Other
AtCoder,adt_easy_20250528_2,AtCoder Daily Training EASY 2025/05/28 18:00start,2025-05-28 09:00:00,2025,Other
AtCoder,adt_easy_20250528_3,AtCoder Daily Training EASY 2025/05/28 20:00start,2025-05-28 11:00:00,2025,Other
AtCoder,adt_easy_20250529_1,AtCoder Daily Training EASY 2025/05/29 16:30start,2025-05-29 07:30:00,2025,Other
AtCoder,adt_easy_20250529_2,AtCoder Daily Training EASY 2025/05/29 18:30start,2025-05-29 09:30:00,2025,Other
AtCoder,adt_easy_20250529_3,AtCoder Daily Training EASY 2025/05/29 20:30start,2025-05-29 11:30:00,2025,Other
AtCoder,adt_easy_20250603_1,AtCoder Daily Training EASY 2025/06/03 15:30start,2025-06-03 06:30:00,2025,Other
AtCoder,adt_easy_20250603_2,AtCoder Daily Training EASY 2025/06/03 17:30start,2025-06-03 08:30:00,2025,Other
AtCoder,adt_easy_20250603_3,AtCoder Daily Training EASY 2025/06/03 19:30start,2025-06-03 10:30:00,2025,Other
AtCoder,adt_easy_20250604_1,AtCoder Daily Training EASY 2025/06/04 16:00start,2025-06-04 07:00:00,2025,Other
AtCoder,adt_easy_20250604_2,AtCoder Daily Training EASY 2025/06/04 18:00start,2025-06-04 09:00:00,2025,Other
AtCoder,adt_easy_20250604_3,AtCoder Daily Training EASY 2025/06/04 20:00start,2025-06-04 11:00:00,2025,Other
AtCoder,adt_easy_20250605_1,AtCoder Daily Training EASY 2025/06/05 16:30start,2025-06-05 07:30:00,2025,Other
AtCoder,adt_easy_20250605_2,AtCoder Daily Training EASY 2025/06/05 18:30start,2025-06-05 09:30:00,2025,Other
AtCoder,adt_easy_20250605_3,AtCoder Daily Training EASY 2025/06/05 20:30start,2025-06-05 11:30:00,2025,Other
AtCoder,adt_easy_20250610_1,AtCoder Daily Training EASY 2025/06/10 15:30start,2025-06-10 06:30:00,2025,Other
AtCoder,adt_easy_20250610_2,AtCoder Daily Training EASY 2025/06/10 17:30start,2025-06-10 08:30:00,2025,Other
AtCoder,adt_easy_20250610_3,AtCoder Daily Training EASY 2025/06/10 19:30start,2025-06-10 10:30:00,2025,Other
AtCoder,adt_easy_20250611_1,AtCoder Daily Training EASY 2025/06/11 16:00start,2025-06-11 07:00:00,2025,Other
AtCoder,adt_easy_20250611_2,AtCoder Daily Training EASY 2025/06/11 18:00start,2025-06-11 09:00:00,2025,Other
AtCoder,adt_easy_20250611_3,AtCoder Daily Training EASY 2025/06/11 20:00start,2025-06-11 11:00:00,2025,Other
AtCoder,adt_easy_20250612_1,AtCoder Daily Training EASY 2025/06/12 16:30start,2025-06-12 07:30:00,2025,Other
AtCoder,adt_easy_20250612_2,AtCoder Daily Training EASY 2025/06/12 18:30start,2025-06-12 09:30:00,2025,Other
AtCoder,adt_easy_20250612_3,AtCoder Daily Training EASY 2025/06/12 20:30start,2025-06-12 11:30:00,2025,Other
AtCoder,adt_easy_20250617_1,AtCoder Daily Training EASY 2025/06/17 15:30start,2025-06-17 06:30:00,2025,Other
AtCoder,adt_easy_20250617_2,AtCoder Daily Training EASY 2025/06/17 17:30start,2025-06-17 08:30:00,2025,Other
AtCoder,adt_easy_20250617_3,AtCoder Daily Training EASY 2025/06/17 19:30start,2025-06-17 10:30:00,2025,Other
AtCoder,adt_easy_20250618_1,AtCoder Daily Training EASY 2025/06/18 16:00start,2025-06-18 07:00:00,2025,Other
AtCoder,adt_easy_20250618_2,AtCoder Daily Training EASY 2025/06/18 18:00start,2025-06-18 09:00:00,2025,Other
AtCoder,adt_easy_20250618_3,AtCoder Daily Training EASY 2025/06/18 20:00start,2025-06-18 11:00:00,2025,Other
AtCoder,adt_easy_20250619_1,AtCoder Daily Training EASY 2025/06/19 16:30start,2025-06-19 07:30:00,2025,Other
AtCoder,adt_easy_20250619_2,AtCoder Daily Training EASY 2025/06/19 18:30start,2025-06-19 09:30:00,2025,Other
AtCoder,adt_easy_20250619_3,AtCoder Daily Training EASY 2025/06/19 20:30start,2025-06-19 11:30:00,2025,Other
AtCoder,adt_easy_20250624_1,AtCoder Daily Training EASY 2025/06/24 15:30start,2025-06-24 06:30:00,2025,Other
AtCoder,adt_easy_20250624_2,AtCoder Daily Training EASY 2025/06/24 17:30start,2025-06-24 08:30:00,2025,Other
AtCoder,adt_easy_20250624_3,AtCoder Daily Training EASY 2025/06/24 19:30start,2025-06-24 10:30:00,2025,Other
AtCoder,adt_easy_20250625_1,AtCoder Daily Training EASY 2025/06/25 16:00start,2025-06-25 07:00:00,2025,Other
AtCoder,adt_easy_20250625_2,AtCoder Daily Training EASY 2025/06/25 18:00start,2025-06-25 09:00:00,2025,Other
AtCoder,adt_easy_20250625_3,AtCoder Daily Training EASY 2025/06/25 20:00start,2025-06-25 11:00:00,2025,Other
AtCoder,adt_easy_20250626_1,AtCoder Daily Training EASY 2025/06/26 16:30start,2025-06-26 07:30:00,2025,Other
AtCoder,adt_easy_20250626_2,AtCoder Daily Training EASY 2025/06/26 18:30start,2025-06-26 09:30:00,2025,Other
AtCoder,adt_easy_20250626_3,AtCoder Daily Training EASY 2025/06/26 20:30start,2025-06-26 11:30:00,2025,Other
AtCoder,adt_easy_20250701_1,AtCoder Daily Training EASY 2025/07/01 15:30start,2025-07-01 06:30:00,2025,Other
AtCoder,adt_easy_20250701_2,AtCoder Daily Training EASY 2025/07/01 17:30start,2025-07-01 08:30:00,2025,Other
AtCoder,adt_easy_20250701_3,AtCoder Daily Training EASY 2025/07/01 19:30start,2025-07-01 10:30:00,2025,Other
AtCoder,adt_easy_20250702_1,AtCoder Daily Training EASY 2025/07/02 16:00start,2025-07-02 07:00:00,2025,Other
AtCoder,adt_easy_20250702_2,AtCoder Daily Training EASY 2025/07/02 18:00start,2025-07-02 09:00:00,2025,Other
AtCoder,adt_easy_20250702_3,AtCoder Daily Training EASY 2025/07/02 20:00start,2025-07-02 11:00:00,2025,Other
AtCoder,adt_easy_20250703_1,AtCoder Daily Training EASY 2025/07/03 16:30start,2025-07-03 07:30:00,2025,Other
AtCoder,adt_easy_20250703_2,AtCoder Daily Training EASY 2025/07/03 18:30start,2025-07-03 09:30:00,2025,Other
AtCoder,adt_easy_20250703_3,AtCoder Daily Training EASY 2025/07/03 20:30start,2025-07-03 11:30:00,2025,Other
AtCoder,adt_easy_20250708_1,AtCoder Daily Training EASY 2025/07/08 15:30start,2025-07-08 06:30:00,2025,Other
AtCoder,adt_easy_20250708_2,AtCoder Daily Training EASY 2025/07/08 17:30start,2025-07-08 08:30:00,2025,Other
AtCoder,adt_easy_20250708_3,AtCoder Daily Training EASY 2025/07/08 19:30start,2025-07-08 10:30:00,2025,Other
AtCoder,adt_easy_20250709_1,AtCoder Daily Training EASY 2025/07/09 16:00start,2025-07-09 07:00:00,2025,Other
AtCoder,adt_easy_20250709_2,AtCoder Daily Training EASY 2025/07/09 18:00start,2025-07-09 09:00:00,2025,Other
AtCoder,adt_easy_20250709_3,AtCoder Daily Training EASY 2025/07/09 20:00start,2025-07-09 11:00:00,2025,Other
AtCoder,adt_easy_20250710_1,AtCoder Daily Training EASY 2025/07/10 16:30start,2025-07-10 07:30:00,2025,Other
AtCoder,adt_easy_20250710_2,AtCoder Daily Training EASY 2025/07/10 18:30start,2025-07-10 09:30:00,2025,Other
AtCoder,adt_easy_20250710_3,AtCoder Daily Training EASY 2025/07/10 20:30start,2025-07-10 11:30:00,2025,Other
AtCoder,adt_easy_20250715_1,AtCoder Daily Training EASY 2025/07/15 15:30start,2025-07-15 06:30:00,2025,Other
AtCoder,adt_easy_20250715_2,AtCoder Daily Training EASY 2025/07/15 17:30start,2025-07-15 08:30:00,2025,Other
AtCoder,adt_easy_20250715_3,AtCoder Daily Training EASY 2025/07/15 19:30start,2025-07-15 10:30:00,2025,Other
AtCoder,adt_easy_20250716_1,AtCoder Daily Training EASY 2025/07/16 16:00start,2025-07-16 07:00:00,2025,Other
AtCoder,adt_easy_20250716_2,AtCoder Daily Training EASY 2025/07/16 18:00start,2025-07-16 09:00:00,2025,Other
AtCoder,adt_easy_20250716_3,AtCoder Daily Training EASY 2025/07/16 20:00start,2025-07-16 11:00:00,2025,Other
AtCoder,adt_easy_20250717_1,AtCoder Daily Training EASY 2025/07/17 16:30start,2025-07-17 07:30:00,2025,Other
AtCoder,adt_easy_20250717_2,AtCoder Daily Training EASY 2025/07/17 18:30start,2025-07-17 09:30:00,2025,Other
AtCoder,adt_easy_20250717_3,AtCoder Daily Training EASY 2025/07/17 20:30start,2025-07-17 11:30:00,2025,Other
AtCoder,adt_easy_20250722_1,AtCoder Daily Training EASY 2025/07/22 15:30start,2025-07-22 06:30:00,2025,Other
AtCoder,adt_easy_20250722_2,AtCoder Daily Training EASY 2025/07/22 17:30start,2025-07-22 08:30:00,2025,Other
AtCoder,adt_easy_20250722_3,AtCoder Daily Training EASY 2025/07/22 19:30start,2025-07-22 10:30:00,2025,Other
AtCoder,adt_easy_20250723_1,AtCoder Daily Training EASY 2025/07/23 16:00start,2025-07-23 07:00:00,2025,Other
AtCoder,adt_easy_20250723_2,AtCoder Daily Training EASY 2025/07/23 18:00start,2025-07-23 09:00:00,2025,Other
AtCoder,adt_easy_20250723_3,AtCoder Daily Training EASY 2025/07/23 20:00start,2025-07-23 11:00:00,2025,Other
AtCoder,adt_easy_20250724_1,AtCoder Daily Training EASY 2025/07/24 16:30start,2025-07-24 07:30:00,2025,Other
AtCoder,adt_easy_20250724_2,AtCoder Daily Training EASY 2025/07/24 18:30start,2025-07-24 09:30:00,2025,Other
AtCoder,adt_easy_20250724_3,AtCoder Daily Training EASY 2025/07/24 20:30start,2025-07-24 11:30:00,2025,Other
AtCoder,adt_easy_20250729_1,AtCoder Daily Training EASY 2025/07/29 15:30start,2025-07-29 06:30:00,2025,Other
AtCoder,adt_easy_20250729_2,AtCoder Daily Training EASY 2025/07/29 17:30start,2025-07-29 08:30:00,2025,Other
AtCoder,adt_easy_20250729_3,AtCoder Daily Training EASY 2025/07/29 19:30start,2025-07-29 10:30:00,2025,Other
AtCoder,adt_easy_20250730_1,AtCoder Daily Training EASY 2025/07/30 16:00start,2025-07-30 07:00:00,2025,Other
AtCoder,adt_easy_20250730_2,AtCoder Daily Training EASY 2025/07/30 18:00start,2025-07-30 09:00:00,2025,Other
AtCoder,adt_easy_20250730_3,AtCoder Daily Training EASY 2025/07/30 20:00start,2025-07-30 11:00:00,2025,Other
AtCoder,adt_easy_20250731_1,AtCoder Daily Training EASY 2025/07/31 16:30start,2025-07-31 07:30:00,2025,Other
AtCoder,adt_easy_20250731_2,AtCoder Daily Training EASY 2025/07/31 18:30start,2025-07-31 09:30:00,2025,Other
AtCoder,adt_easy_20250731_3,AtCoder Daily Training EASY 2025/07/31 20:30start,2025-07-31 11:30:00,2025,Other
AtCoder,adt_easy_20250805_1,AtCoder Daily Training EASY 2025/08/05 15:30start,2025-08-05 06:30:00,2025,Other
AtCoder,adt_easy_20250805_2,AtCoder Daily Training EASY 2025/08/05 17:30start,2025-08-05 08:30:00,2025,Other
AtCoder,adt_easy_20250805_3,AtCoder Daily Training EASY 2025/08/05 19:30start,2025-08-05 10:30:00,2025,Other
AtCoder,adt_easy_20250806_1,AtCoder Daily Training EASY 2025/08/06 16:00start,2025-08-06 07:00:00,2025,Other
AtCoder,adt_easy_20250806_2,AtCoder Daily Training EASY 2025/08/06 18:00start,2025-08-06 09:00:00,2025,Other
AtCoder,adt_easy_20250806_3,AtCoder Daily Training EASY 2025/08/06 20:00start,2025-08-06 11:00:00,2025,Other
AtCoder,adt_easy_20250807_1,AtCoder Daily Training EASY 2025/08/07 16:30start,2025-08-07 07:30:00,2025,Other
AtCoder,adt_easy_20250807_2,AtCoder Daily Training EASY 2025/08/07 18:30start,2025-08-07 09:30:00,2025,Other
AtCoder,adt_easy_20250807_3,AtCoder Daily Training EASY 2025/08/07 20:30start,2025-08-07 11:30:00,2025,Other
AtCoder,adt_easy_20250812_1,AtCoder Daily Training EASY 2025/08/12 15:30start,2025-08-12 06:30:00,2025,Other
AtCoder,adt_easy_20250812_2,AtCoder Daily Training EASY 2025/08/12 17:30start,2025-08-12 08:30:00,2025,Other
AtCoder,adt_easy_20250812_3,AtCoder Daily Training EASY 2025/08/12 19:30start,2025-08-12 10:30:00,2025,Other
AtCoder,adt_easy_20250813_1,AtCoder Daily Training EASY 2025/08/13 16:00start,2025-08-13 07:00:00,2025,Other
AtCoder,adt_easy_20250813_2,AtCoder Daily Training EASY 2025/08/13 18:00start,2025-08-13 09:00:00,2025,Other
AtCoder,adt_easy_20250813_3,AtCoder Daily Training EASY 2025/08/13 20:00start,2025-08-13 11:00:00,2025,Other
AtCoder,adt_easy_20250814_1,AtCoder Daily Training EASY 2025/08/14 16:30start,2025-08-14 07:30:00,2025,Other
AtCoder,adt_easy_20250814_2,AtCoder Daily Training EASY 2025/08/14 18:30start,2025-08-14 09:30:00,2025,Other
AtCoder,adt_easy_20250814_3,AtCoder Daily Training EASY 2025/08/14 20:30start,2025-08-14 11:30:00,2025,Other
AtCoder,adt_easy_20250819_1,AtCoder Daily Training EASY 2025/08/19 15:30start,2025-08-19 06:30:00,2025,Other
AtCoder,adt_easy_20250819_2,AtCoder Daily Training EASY 2025/08/19 17:30start,2025-08-19 08:30:00,2025,Other
AtCoder,adt_easy_20250819_3,AtCoder Daily Training EASY 2025/08/19 19:30start,2025-08-19 10:30:00,2025,Other
AtCoder,adt_easy_20250820_1,AtCoder Daily Training EASY 2025/08/20 16:00start,2025-08-20 07:00:00,2025,Other
AtCoder,adt_easy_20250820_2,AtCoder Daily Training EASY 2025/08/20 18:00start,2025-08-20 09:00:00,2025,Other
AtCoder,adt_easy_20250820_3,AtCoder Daily Training EASY 2025/08/20 20:00start,2025-08-20 11:00:00,2025,Other
AtCoder,adt_easy_20250821_1,AtCoder Daily Training EASY 2025/08/21 16:30start,2025-08-21 07:30:00,2025,Other
AtCoder,adt_easy_20250821_2,AtCoder Daily Training EASY 2025/08/21 18:30start,2025-08-21 09:30:00,2025,Other
AtCoder,adt_easy_20250821_3,AtCoder Daily Training EASY 2025/08/21 20:30start,2025-08-21 11:30:00,2025,Other
AtCoder,adt_easy_20250826_1,AtCoder Daily Training EASY 2025/08/26 15:30start,2025-08-26 06:30:00,2025,Other
AtCoder,adt_easy_20250826_2,AtCoder Daily Training EASY 2025/08/26 17:30start,2025-08-26 08:30:00,2025,Other
AtCoder,adt_easy_20250826_3,AtCoder Daily Training EASY 2025/08/26 19:30start,2025-08-26 10:30:00,2025,Other
AtCoder,adt_easy_20250827_1,AtCoder Daily Training EASY 2025/08/27 16:00start,2025-08-27 07:00:00,2025,Other
AtCoder,adt_easy_20250827_2,AtCoder Daily Training EASY 2025/08/27 18:00start,2025-08-27 09:00:00,2025,Other
AtCoder,adt_easy_20250827_3,AtCoder Daily Training EASY 2025/08/27 20:00start,2025-08-27 11:00:00,2025,Other
AtCoder,adt_easy_20250828_1,AtCoder Daily Training EASY 2025/08/28 16:30start,2025-08-28 07:30:00,2025,Other
AtCoder,adt_easy_20250828_2,AtCoder Daily Training EASY 2025/08/28 18:30start,2025-08-28 09:30:00,2025,Other
AtCoder,adt_easy_20250828_3,AtCoder Daily Training EASY 2025/08/28 20:30start,2025-08-28 11:30:00,2025,Other
AtCoder,adt_easy_20250902_1,AtCoder Daily Training EASY 2025/09/02 15:30start,2025-09-02 06:30:00,2025,Other
AtCoder,adt_easy_20250902_2,AtCoder Daily Training EASY 2025/09/02 17:30start,2025-09-02 08:30:00,2025,Other
AtCoder,adt_easy_20250902_3,AtCoder Daily Training EASY 2025/09/02 19:30start,2025-09-02 10:30:00,2025,Other
AtCoder,adt_easy_20250903_1,AtCoder Daily Training EASY 2025/09/03 16:00start,2025-09-03 07:00:00,2025,Other
AtCoder,adt_easy_20250903_2,AtCoder Daily Training EASY 2025/09/03 18:00start,2025-09-03 09:00:00,2025,Other
AtCoder,adt_easy_20250903_3,AtCoder Daily Training EASY 2025/09/03 20:00start,2025-09-03 11:00:00,2025,Other
AtCoder,adt_easy_20250904_1,AtCoder Daily Training EASY 2025/09/04 16:30start,2025-09-04 07:30:00,2025,Other
AtCoder,adt_easy_20250904_2,AtCoder Daily Training EASY 2025/09/04 18:30start,2025-09-04 09:30:00,2025,Other
AtCoder,adt_easy_20250904_3,AtCoder Daily Training EASY 2025/09/04 20:30start,2025-09-04 11:30:00,2025,Other
AtCoder,adt_easy_20250909_1,AtCoder Daily Training EASY 2025/09/09 15:30start,2025-09-09 06:30:00,2025,Other
AtCoder,adt_easy_20250909_2,AtCoder Daily Training EASY 2025/09/09 17:30start,2025-09-09 08:30:00,2025,Other
AtCoder,adt_easy_20250909_3,AtCoder Daily Training EASY 2025/09/09 19:30start,2025-09-09 10:30:00,2025,Other
AtCoder,adt_easy_20250910_1,AtCoder Daily Training EASY 2025/09/10 16:00start,2025-09-10 07:00:00,2025,Other
AtCoder,adt_easy_20250910_2,AtCoder Daily Training EASY 2025/09/10 18:00start,2025-09-10 09:00:00,2025,Other
AtCoder,adt_easy_20250910_3,AtCoder Daily Training EASY 2025/09/10 20:00start,2025-09-10 11:00:00,2025,Other
AtCoder,adt_easy_20250911_1,AtCoder Daily Training EASY 2025/09/11 16:30start,2025-09-11 07:30:00,2025,Other
AtCoder,adt_easy_20250911_2,AtCoder Daily Training EASY 2025/09/11 18:30start,2025-09-11 09:30:00,2025,Other
AtCoder,adt_easy_20250911_3,AtCoder Daily Training EASY 2025/09/11 20:30start,2025-09-11 11:30:00,2025,Other
AtCoder,adt_easy_20250916_1,AtCoder Daily Training EASY 2025/09/16 15:30start,2025-09-16 06:30:00,2025,Other
AtCoder,adt_easy_20250916_2,AtCoder Daily Training EASY 2025/09/16 17:30start,2025-09-16 08:30:00,2025,Other
AtCoder,adt_easy_20250916_3,AtCoder Daily Training EASY 2025/09/16 19:30start,2025-09-16 10:30:00,2025,Other
AtCoder,adt_easy_20250917_1,AtCoder Daily Training EASY 2025/09/17 16:00start,2025-09-17 07:00:00,2025,Other
AtCoder,adt_easy_20250917_2,AtCoder Daily Training EASY 2025/09/17 18:00start,2025-09-17 09:00:00,2025,Other
AtCoder,adt_easy_20250917_3,AtCoder Daily Training EASY 2025/09/17 20:00start,2025-09-17 11:00:00,2025,Other
AtCoder,adt_easy_20250918_1,AtCoder Daily Training EASY 2025/09/18 16:30start,2025-09-18 07:30:00,2025,Other
AtCoder,adt_easy_20250918_2,AtCoder Daily Training EASY 2025/09/18 18:30start,2025-09-18 09:30:00,2025,Other
AtCoder,adt_easy_20250918_3,AtCoder Daily Training EASY 2025/09/18 20:30start,2025-09-18 11:30:00,2025,Other
AtCoder,adt_easy_20250923_1,AtCoder Daily Training EASY 2025/09/23 15:30start,2025-09-23 06:30:00,2025,Other
AtCoder,adt_easy_20250923_2,AtCoder Daily Training EASY 2025/09/23 17:30start,2025-09-23 08:30:00,2025,Other
AtCoder,adt_easy_20250923_3,AtCoder Daily Training EASY 2025/09/23 19:30start,2025-09-23 10:30:00,2025,Other
AtCoder,adt_easy_20250924_1,AtCoder Daily Training EASY 2025/09/24 16:00start,2025-09-24 07:00:00,2025,Other
AtCoder,adt_easy_20250924_2,AtCoder Daily Training EASY 2025/09/24 18:00start,2025-09-24 09:00:00,2025,Other
AtCoder,adt_easy_20250924_3,AtCoder Daily Training EASY 2025/09/24 20:00start,2025-09-24 11:00:00,2025,Other
AtCoder,adt_easy_20250925_1,AtCoder Daily Training EASY 2025/09/25 16:30start,2025-09-25 07:30:00,2025,Other
AtCoder,adt_easy_20250925_2,AtCoder Daily Training EASY 2025/09/25 18:30start,2025-09-25 09:30:00,2025,Other
AtCoder,adt_easy_20250925_3,AtCoder Daily Training EASY 2025/09/25 20:30start,2025-09-25 11:30:00,2025,Other
AtCoder,adt_easy_20250930_1,AtCoder Daily Training EASY 2025/09/30 15:30start,2025-09-30 06:30:00,2025,Other
AtCoder,adt_easy_20250930_2,AtCoder Daily Training EASY 2025/09/30 17:30start,2025-09-30 08:30:00,2025,Other
AtCoder,adt_easy_20250930_3,AtCoder Daily Training EASY 2025/09/30 19:30start,2025-09-30 10:30:00,2025,Other
AtCoder,adt_easy_20251001_1,AtCoder Daily Training EASY 2025/10/01 16:00start,2025-10-01 07:00:00,2025,Other
AtCoder,adt_easy_20251001_2,AtCoder Daily Training EASY 2025/10/01 18:00start,2025-10-01 09:00:00,2025,Other
AtCoder,adt_easy_20251001_3,AtCoder Daily Training EASY 2025/10/01 20:00start,2025-10-01 11:00:00,2025,Other
AtCoder,adt_easy_20251002_1,AtCoder Daily Training EASY 2025/10/02 16:30start,2025-10-02 07:30:00,2025,Other
AtCoder,adt_easy_20251002_2,AtCoder Daily Training EASY 2025/10/02 18:30start,2025-10-02 09:30:00,2025,Other
AtCoder,adt_easy_20251002_3,AtCoder Daily Training EASY 2025/10/02 20:30start,2025-10-02 11:30:00,2025,Other
AtCoder,adt_easy_20251007_1,AtCoder Daily Training EASY 2025/10/07 15:30start,2025-10-07 06:30:00,2025,Other
AtCoder,adt_easy_20251007_2,AtCoder Daily Training EASY 2025/10/07 17:30start,2025-10-07 08:30:00,2025,Other
AtCoder,adt_easy_20251007_3,AtCoder Daily Training EASY 2025/10/07 19:30start,2025-10-07 10:30:00,2025,Other
AtCoder,adt_easy_20251008_1,AtCoder Daily Training EASY 2025/10/08 16:00start,2025-10-08 07:00:00,2025,Other
AtCoder,adt_easy_20251008_2,AtCoder Daily Training EASY 2025/10/08 18:00start,2025-10-08 09:00:00,2025,Other
AtCoder,adt_easy_20251008_3,AtCoder Daily Training EASY 2025/10/08 20:00start,2025-10-08 11:00:00,2025,Other
AtCoder,adt_easy_20251009_1,AtCoder Daily Training EASY 2025/10/09 16:30start,2025-10-09 07:30:00,2025,Other
AtCoder,adt_easy_20251009_2,AtCoder Daily Training EASY 2025/10/09 18:30start,2025-10-09 09:30:00,2025,Other
AtCoder,adt_easy_20251009_3,AtCoder Daily Training EASY 2025/10/09 20:30start,2025-10-09 11:30:00,2025,Other
AtCoder,adt_easy_20251014_1,AtCoder Daily Training EASY 2025/10/14 15:30start,2025-10-14 06:30:00,2025,Other
AtCoder,adt_easy_20251014_2,AtCoder Daily Training EASY 2025/10/14 17:30start,2025-10-14 08:30:00,2025,Other
AtCoder,adt_easy_20251014_3,AtCoder Daily Training EASY 2025/10/14 19:30start,2025-10-14 10:30:00,2025,Other
AtCoder,adt_easy_20251015_1,AtCoder Daily Training EASY 2025/10/15 16:00start,2025-10-15 07:00:00,2025,Other
AtCoder,adt_easy_20251015_2,AtCoder Daily Training EASY 2025/10/15 18:00start,2025-10-15 09:00:00,2025,Other
AtCoder,adt_easy_20251015_3,AtCoder Daily Training EASY 2025/10/15 20:00start,2025-10-15 11:00:00,2025,Other
AtCoder,adt_easy_20251016_1,AtCoder Daily Training EASY 2025/10/16 16:30start,2025-10-16 07:30:00,2025,Other
AtCoder,adt_easy_20251016_2,AtCoder Daily Training EASY 2025/10/16 18:30start,2025-10-16 09:30:00,2025,Other
AtCoder,adt_easy_20251016_3,AtCoder Daily Training EASY 2025/10/16 20:30start,2025-10-16 11:30:00,2025,Other
AtCoder,adt_easy_20251021_1,AtCoder Daily Training EASY 2025/10/21 15:30start,2025-10-21 06:30:00,2025,Other
AtCoder,adt_easy_20251021_2,AtCoder Daily Training EASY 2025/10/21 17:30start,2025-10-21 08:30:00,2025,Other
AtCoder,adt_easy_20251021_3,AtCoder Daily Training EASY 2025/10/21 19:30start,2025-10-21 10:30:00,2025,Other
AtCoder,adt_easy_20251022_1,AtCoder Daily Training EASY 2025/10/22 16:00start,2025-10-22 07:00:00,2025,Other
AtCoder,adt_easy_20251022_2,AtCoder Daily Training EASY 2025/10/22 18:00start,2025-10-22 09:00:00,2025,Other
AtCoder,adt_easy_20251022_3,AtCoder Daily Training EASY 2025/10/22 20:00start,2025-10-22 11:00:00,2025,Other
AtCoder,adt_easy_20251023_1,AtCoder Daily Training EASY 2025/10/23 16:30start,2025-10-23 07:30:00,2025,Other
AtCoder,adt_easy_20251023_2,AtCoder Daily Training EASY 2025/10/23 18:30start,2025-10-23 09:30:00,2025,Other
AtCoder,adt_easy_20251023_3,AtCoder Daily Training EASY 2025/10/23 20:30start,2025-10-23 11:30:00,2025,Other
AtCoder,adt_easy_20251028_1,AtCoder Daily Training EASY 2025/10/28 15:30start,2025-10-28 06:30:00,2025,Other
AtCoder,adt_easy_20251028_2,AtCoder Daily Training EASY 2025/10/28 17:30start,2025-10-28 08:30:00,2025,Other
AtCoder,adt_easy_20251028_3,AtCoder Daily Training EASY 2025/10/28 19:30start,2025-10-28 10:30:00,2025,Other
AtCoder,adt_easy_20251029_1,AtCoder Daily Training EASY 2025/10/29 16:00start,2025-10-29 07:00:00,2025,Other
AtCoder,adt_easy_20251029_2,AtCoder Daily Training EASY 2025/10/29 18:00start,2025-10-29 09:00:00,2025,Other
AtCoder,adt_easy_20251029_3,AtCoder Daily Training EASY 2025/10/29 20:00start,2025-10-29 11:00:00,2025,Other
AtCoder,adt_easy_20251030_1,AtCoder Daily Training EASY 2025/10/30 16:30start,2025-10-30 07:30:00,2025,Other
AtCoder,adt_easy_20251030_2,AtCoder Daily Training EASY 2025/10/30 18:30start,2025-10-30 09:30:00,2025,Other
AtCoder,adt_easy_20251030_3,AtCoder Daily Training EASY 2025/10/30 20:30start,2025-10-30 11:30:00,2025,Other
AtCoder,adt_easy_20251104_1,AtCoder Daily Training EASY 2025/11/04 15:30start,2025-11-04 06:30:00,2025,Other
AtCoder,adt_easy_20251104_2,AtCoder Daily Training EASY 2025/11/04 17:30start,2025-11-04 08:30:00,2025,Other
AtCoder,adt_easy_20251104_3,AtCoder Daily Training EASY 2025/11/04 19:30start,2025-11-04 10:30:00,2025,Other
AtCoder,adt_easy_20251105_1,AtCoder Daily Training EASY 2025/11/05 16:00start,2025-11-05 07:00:00,2025,Other
AtCoder,adt_easy_20251105_2,AtCoder Daily Training EASY 2025/11/05 18:00start,2025-11-05 09:00:00,2025,Other
AtCoder,adt_easy_20251105_3,AtCoder Daily Training EASY 2025/11/05 20:00start,2025-11-05 11:00:00,2025,Other
AtCoder,adt_easy_20251106_1,AtCoder Daily Training EASY 2025/11/06 16:30start,2025-11-06 07:30:00,2025,Other
AtCoder,adt_easy_20251106_2,AtCoder Daily Training EASY 2025/11/06 18:30start,2025-11-06 09:30:00,2025,Other
AtCoder,adt_easy_20251106_3,AtCoder Daily Training EASY 2025/11/06 20:30start,2025-11-06 11:30:00,2025,Other
AtCoder,adt_easy_20251111_1,AtCoder Daily Training EASY 2025/11/11 15:30start,2025-11-11 06:30:00,2025,Other
AtCoder,adt_easy_20251111_2,AtCoder Daily Training EASY 2025/11/11 17:30start,2025-11-11 08:30:00,2025,Other
AtCoder,adt_easy_20251111_3,AtCoder Daily Training EASY 2025/11/11 19:30start,2025-11-11 10:30:00,2025,Other
AtCoder,adt_easy_20251112_1,AtCoder Daily Training EASY 2025/11/12 16:00start,2025-11-12 07:00:00,2025,Other
AtCoder,adt_easy_20251112_2,AtCoder Daily Training EASY 2025/11/12 18:00start,2025-11-12 09:00:00,2025,Other
AtCoder,adt_easy_20251112_3,AtCoder Daily Training EASY 2025/11/12 20:00start,2025-11-12 11:00:00,2025,Other
AtCoder,adt_easy_20251113_1,AtCoder Daily Training EASY 2025/11/13 16:30start,2025-11-13 07:30:00,2025,Other
AtCoder,adt_easy_20251113_2,AtCoder Daily Training EASY 2025/11/13 18:30start,2025-11-13 09:30:00,2025,Other
AtCoder,adt_easy_20251113_3,AtCoder Daily Training EASY 2025/11/13 20:30start,2025-11-13 11:30:00,2025,Other
AtCoder,adt_easy_20251118_1,AtCoder Daily Training EASY 2025/11/18 15:30start,2025-11-18 06:30:00,2025,Other
AtCoder,adt_easy_20251118_2,AtCoder Daily Training EASY 2025/11/18 17:30start,2025-11-18 08:30:00,2025,Other
AtCoder,adt_easy_20251118_3,AtCoder Daily Training EASY 2025/11/18 19:30start,2025-11-18 10:30:00,2025,Other
AtCoder,adt_easy_20251119_1,AtCoder Daily Training EASY 2025/11/19 16:00start,2025-11-19 07:00:00,2025,Other
AtCoder,adt_easy_20251119_2,AtCoder Daily Training EASY 2025/11/19 18:00start,2025-11-19 09:00:00,2025,Other
AtCoder,adt_easy_20251119_3,AtCoder Daily Training EASY 2025/11/19 20:00start,2025-11-19 11:00:00,2025,Other
AtCoder,adt_easy_20251120_1,AtCoder Daily Training EASY 2025/11/20 16:30start,2025-11-20 07:30:00,2025,Other
AtCoder,adt_easy_20251120_2,AtCoder Daily Training EASY 2025/11/20 18:30start,2025-11-20 09:30:00,2025,Other
AtCoder,adt_easy_20251120_3,AtCoder Daily Training EASY 2025/11/20 20:30start,2025-11-20 11:30:00,2025,Other
AtCoder,adt_easy_20251125_1,AtCoder Daily Training EASY 2025/11/25 15:30start,2025-11-25 06:30:00,2025,Other
AtCoder,adt_easy_20251125_2,AtCoder Daily Training EASY 2025/11/25 17:30start,2025-11-25 08:30:00,2025,Other
AtCoder,adt_easy_20251125_3,AtCoder Daily Training EASY 2025/11/25 19:30start,2025-11-25 10:30:00,2025,Other
AtCoder,adt_easy_20251126_1,AtCoder Daily Training EASY 2025/11/26 16:00start,2025-11-26 07:00:00,2025,Other
AtCoder,adt_easy_20251126_2,AtCoder Daily Training EASY 2025/11/26 18:00start,2025-11-26 09:00:00,2025,Other
AtCoder,adt_easy_20251126_3,AtCoder Daily Training EASY 2025/11/26 20:00start,2025-11-26 11:00:00,2025,Other
AtCoder,adt_easy_20251127_1,AtCoder Daily Training EASY 2025/11/27 16:30start,2025-11-27 07:30:00,2025,Other
AtCoder,adt_easy_20251127_2,AtCoder Daily Training EASY 2025/11/27 18:30start,2025-11-27 09:30:00,2025,Other
AtCoder,adt_easy_20251127_3,AtCoder Daily Training EASY 2025/11/27 20:30start,2025-11-27 11:30:00,2025,Other
AtCoder,adt_easy_20251202_1,AtCoder Daily Training EASY 2025/12/02 15:30start,2025-12-02 06:30:00,2025,Other
AtCoder,adt_easy_20251202_2,AtCoder Daily Training EASY 2025/12/02 17:30start,2025-12-02 08:30:00,2025,Other
AtCoder,adt_easy_20251202_3,AtCoder Daily Training EASY 2025/12/02 19:30start,2025-12-02 10:30:00,2025,Other
AtCoder,adt_easy_20251203_1,AtCoder Daily Training EASY 2025/12/03 16:00start,2025-12-03 07:00:00,2025,Other
AtCoder,adt_easy_20251203_2,AtCoder Daily Training EASY 2025/12/03 18:00start,2025-12-03 09:00:00,2025,Other
AtCoder,adt_easy_20251203_3,AtCoder Daily Training EASY 2025/12/03 20:00start,2025-12-03 11:00:00,2025,Other
AtCoder,adt_easy_20251204_1,AtCoder Daily Training EASY 2025/12/04 16:30start,2025-12-04 07:30:00,2025,Other
AtCoder,adt_easy_20251204_2,AtCoder Daily Training EASY 2025/12/04 18:30start,2025-12-04 09:30:00,2025,Other
AtCoder,adt_easy_20251204_3,AtCoder Daily Training EASY 2025/12/04 20:30start,2025-12-04 11:30:00,2025,Other
AtCoder,adt_easy_20251209_1,AtCoder Daily Training EASY 2025/12/09 15:30start,2025-12-09 06:30:00,2025,Other
AtCoder,adt_easy_20251209_2,AtCoder Daily Training EASY 2025/12/09 17:30start,2025-12-09 08:30:00,2025,Other
AtCoder,adt_easy_20251209_3,AtCoder Daily Training EASY 2025/12/09 19:30start,2025-12-09 10:30:00,2025,Other
AtCoder,adt_easy_20251210_1,AtCoder Daily Training EASY 2025/12/10 16:00start,2025-12-10 07:00:00,2025,Other
AtCoder,adt_easy_20251210_2,AtCoder Daily Training EASY 2025/12/10 18:00start,2025-12-10 09:00:00,2025,Other
AtCoder,adt_easy_20251210_3,AtCoder Daily Training EASY 2025/12/10 20:00start,2025-12-10 11:00:00,2025,Other
AtCoder,adt_easy_20251211_1,AtCoder Daily Training EASY 2025/12/11 16:30start,2025-12-11 07:30:00,2025,Other
AtCoder,adt_easy_20251211_2,AtCoder Daily Training EASY 2025/12/11 18:30start,2025-12-11 09:30:00,2025,Other
AtCoder,adt_easy_20251211_3,AtCoder Daily Training EASY 2025/12/11 20:30start,2025-12-11 11:30:00,2025,Other
AtCoder,adt_easy_20251216_1,AtCoder Daily Training EASY 2025/12/16 15:30start,2025-12-16 06:30:00,2025,Other
AtCoder,adt_easy_20251216_2,AtCoder Daily Training EASY 2025/12/16 17:30start,2025-12-16 08:30:00,2025,Other
AtCoder,adt_easy_20251216_3,AtCoder Daily Training EASY 2025/12/16 19:30start,2025-12-16 10:30:00,2025,Other
AtCoder,adt_easy_20251217_1,AtCoder Daily Training EASY 2025/12/17 16:00start,2025-12-17 07:00:00,2025,Other
AtCoder,adt_easy_20251217_2,AtCoder Daily Training EASY 2025/12/17 18:00start,2025-12-17 09:00:00,2025,Other
AtCoder,adt_easy_20251217_3,AtCoder Daily Training EASY 2025/12/17 20:00start,2025-12-17 11:00:00,2025,Other
AtCoder,adt_easy_20251218_1,AtCoder Daily Training EASY 2025/12/18 16:30start,2025-12-18 07:30:00,2025,Other
AtCoder,adt_easy_20251218_2,AtCoder Daily Training EASY 2025/12/18 18:30start,2025-12-18 09:30:00,2025,Other
AtCoder,adt_easy_20251218_3,AtCoder Daily Training EASY 2025/12/18 20:30start,2025-12-18 11:30:00,2025,Other
AtCoder,adt_easy_20251223_1,AtCoder Daily Training EASY 2025/12/23 15:30start,2025-12-23 06:30:00,2025,Other
AtCoder,adt_easy_20251223_2,AtCoder Daily Training EASY 2025/12/23 17:30start,2025-12-23 08:30:00,2025,Other
AtCoder,adt_easy_20251223_3,AtCoder Daily Training EASY 2025/12/23 19:30start,2025-12-23 10:30:00,2025,Other
AtCoder,adt_easy_20251224_1,AtCoder Daily Training EASY 2025/12/24 16:00start,2025-12-24 07:00:00,2025,Other
AtCoder,adt_easy_20251224_2,AtCoder Daily Training EASY 2025/12/24 18:00start,2025-12-24 09:00:00,2025,Other
AtCoder,adt_easy_20251224_3,AtCoder Daily Training EASY 2025/12/24 20:00start,2025-12-24 11:00:00,2025,Other
AtCoder,adt_easy_20251225_1,AtCoder Daily Training EASY 2025/12/25 16:30start,2025-12-25 07:30:00,2025,Other
AtCoder,adt_easy_20251225_2,AtCoder Daily Training EASY 2025/12/25 18:30start,2025-12-25 09:30:00,2025,Other
AtCoder,adt_easy_20251225_3,AtCoder Daily Training EASY 2025/12/25 20:30start,2025-12-25 11:30:00,2025,Other
AtCoder,adt_easy_20251230_1,AtCoder Daily Training EASY 2025/12/30 15:30start,2025-12-30 06:30:00,2025,Other
AtCoder,adt_easy_20251230_2,AtCoder Daily Training EASY 2025/12/30 17:30start,2025-12-30 08:30:00,2025,Other
AtCoder,adt_easy_20251230_3,AtCoder Daily Training EASY 2025/12/30 19:30start,2025-12-30 10:30:00,2025,Other
AtCoder,adt_easy_20251231_1,AtCoder Daily Training EASY 2025/12/31 16:00start,2025-12-31 07:00:00,2025,Other
AtCoder,adt_easy_20251231_2,AtCoder Daily Training EASY 2025/12/31 18:00start,2025-12-31 09:00:00,2025,Other
AtCoder,adt_easy_20251231_3,AtCoder Daily Training EASY 2025/12/31 20:00start,2025-12-31 11:00:00,2025,Other
AtCoder,adt_easy_20260101_1,AtCoder Daily Training EASY 2026/01/01 16:30start,2026-01-01 07:30:00,2026,Other
AtCoder,adt_easy_20260101_2,AtCoder Daily Training EASY 2026/01/01 18:30start,2026-01-01 09:30:00,2026,Other
AtCoder,adt_easy_20260101_3,AtCoder Daily Training EASY 2026/01/01 20:30start,2026-01-01 11:30:00,2026,Other
AtCoder,adt_easy_20260106_1,AtCoder Daily Training EASY 2026/01/06 15:30start,2026-01-06 06:30:00,2026,Other
AtCoder,adt_easy_20260106_2,AtCoder Daily Training EASY 2026/01/06 17:30start,2026-01-06 08:30:00,2026,Other
AtCoder,adt_easy_20260106_3,AtCoder Daily Training EASY 2026/01/06 19:30start,2026-01-06 10:30:00,2026,Other
AtCoder,adt_easy_20260107_1,AtCoder Daily Training EASY 2026/01/07 16:00start,2026-01-07 07:00:00,2026,Other
AtCoder,adt_easy_20260107_2,AtCoder Daily Training EASY 2026/01/07 18:00start,2026-01-07 09:00:00,2026,Other
AtCoder,adt_easy_20260107_3,AtCoder Daily Training EASY 2026/01/07 20:00start,2026-01-07 11:00:00,2026,Other
AtCoder,adt_easy_20260108_1,AtCoder Daily Training EASY 2026/01/08 16:30start,2026-01-08 07:30:00,2026,Other
AtCoder,adt_easy_20260108_2,AtCoder Daily Training EASY 2026/01/08 18:30start,2026-01-08 09:30:00,2026,Other
AtCoder,adt_easy_20260108_3,AtCoder Daily Training EASY 2026/01/08 20:30start,2026-01-08 11:30:00,2026,Other
AtCoder,adt_easy_20260113_1,AtCoder Daily Training EASY 2026/01/13 15:30start,2026-01-13 06:30:00,2026,Other
AtCoder,adt_easy_20260113_2,AtCoder Daily Training EASY 2026/01/13 17:30start,2026-01-13 08:30:00,2026,Other
AtCoder,adt_easy_20260113_3,AtCoder Daily Training EASY 2026/01/13 19:30start,2026-01-13 10:30:00,2026,Other
AtCoder,adt_easy_20260114_1,AtCoder Daily Training EASY 2026/01/14 16:00start,2026-01-14 07:00:00,2026,Other
AtCoder,adt_easy_20260114_2,AtCoder Daily Training EASY 2026/01/14 18:00start,2026-01-14 09:00:00,2026,Other
AtCoder,adt_easy_20260114_3,AtCoder Daily Training EASY 2026/01/14 20:00start,2026-01-14 11:00:00,2026,Other
AtCoder,adt_easy_20260115_1,AtCoder Daily Training EASY 2026/01/15 16:30start,2026-01-15 07:30:00,2026,Other
AtCoder,adt_easy_20260115_2,AtCoder Daily Training EASY 2026/01/15 18:30start,2026-01-15 09:30:00,2026,Other
AtCoder,adt_easy_20260115_3,AtCoder Daily Training EASY 2026/01/15 20:30start,2026-01-15 11:30:00,2026,Other
AtCoder,adt_easy_20260120_1,AtCoder Daily Training EASY 2026/01/20 15:30start,2026-01-20 06:30:00,2026,Other
AtCoder,adt_easy_20260120_2,AtCoder Daily Training EASY 2026/01/20 17:30start,2026-01-20 08:30:00,2026,Other
AtCoder,adt_easy_20260120_3,AtCoder Daily Training EASY 2026/01/20 19:30start,2026-01-20 10:30:00,2026,Other
AtCoder,adt_easy_20260121_1,AtCoder Daily Training EASY 2026/01/21 16:00start,2026-01-21 07:00:00,2026,Other
AtCoder,adt_easy_20260121_2,AtCoder Daily Training EASY 2026/01/21 18:00start,2026-01-21 09:00:00,2026,Other
AtCoder,adt_easy_20260121_3,AtCoder Daily Training EASY 2026/01/21 20:00start,2026-01-21 11:00:00,2026,Other
AtCoder,adt_easy_20260122_1,AtCoder Daily Training EASY 2026/01/22 16:30start,2026-01-22 07:30:00,2026,Other
AtCoder,adt_easy_20260122_2,AtCoder Daily Training EASY 2026/01/22 18:30start,2026-01-22 09:30:00,2026,Other
AtCoder,adt_easy_20260122_3,AtCoder Daily Training EASY 2026/01/22 20:30start,2026-01-22 11:30:00,2026,Other
AtCoder,adt_easy_20260127_1,AtCoder Daily Training EASY 2026/01/27 15:30start,2026-01-27 06:30:00,2026,Other
AtCoder,adt_easy_20260127_2,AtCoder Daily Training EASY 2026/01/27 17:30start,2026-01-27 08:30:00,2026,Other
AtCoder,adt_easy_20260127_3,AtCoder Daily Training EASY 2026/01/27 19:30start,2026-01-27 10:30:00,2026,Other
AtCoder,adt_easy_20260128_1,AtCoder Daily Training EASY 2026/01/28 16:00start,2026-01-28 07:00:00,2026,Other
AtCoder,adt_easy_20260128_2,AtCoder Daily Training EASY 2026/01/28 18:00start,2026-01-28 09:00:00,2026,Other
AtCoder,adt_easy_20260128_3,AtCoder Daily Training EASY 2026/01/28 20:00start,2026-01-28 11:00:00,2026,Other
AtCoder,adt_easy_20260129_1,AtCoder Daily Training EASY 2026/01/29 16:30start,2026-01-29 07:30:00,2026,Other
AtCoder,adt_easy_20260129_2,AtCoder Daily Training EASY 2026/01/29 18:30start,2026-01-29 09:30:00,2026,Other
AtCoder,adt_easy_20260129_3,AtCoder Daily Training EASY 2026/01/29 20:30start,2026-01-29 11:30:00,2026,Other
AtCoder,adt_easy_20260203_1,AtCoder Daily Training EASY 2026/02/03 15:30start,2026-02-03 06:30:00,2026,Other
AtCoder,adt_easy_20260203_2,AtCoder Daily Training EASY 2026/02/03 17:30start,2026-02-03 08:30:00,2026,Other
AtCoder,adt_easy_20260203_3,AtCoder Daily Training EASY 2026/02/03 19:30start,2026-02-03 10:30:00,2026,Other
AtCoder,adt_easy_20260204_1,AtCoder Daily Training EASY 2026/02/04 16:00start,2026-02-04 07:00:00,2026,Other
AtCoder,adt_easy_20260204_2,AtCoder Daily Training EASY 2026/02/04 18:00start,2026-02-04 09:00:00,2026,Other
AtCoder,adt_easy_20260204_3,AtCoder Daily Training EASY 2026/02/04 20:00start,2026-02-04 11:00:00,2026,Other
AtCoder,adt_easy_20260205_1,AtCoder Daily Training EASY 2026/02/05 16:30start,2026-02-05 07:30:00,2026,Other
AtCoder,adt_easy_20260205_2,AtCoder Daily Training EASY 2026/02/05 18:30start,2026-02-05 09:30:00,2026,Other
AtCoder,adt_easy_20260205_3,AtCoder Daily Training EASY 2026/02/05 20:30start,2026-02-05 11:30:00,2026,Other
AtCoder,adt_easy_20260209_1,AtCoder Daily Training EASY 2026/02/09 16:00start,2026-02-09 07:00:00,2026,Other
AtCoder,adt_easy_20260209_2,AtCoder Daily Training EASY 2026/02/09 18:00start,2026-02-09 09:00:00,2026,Other
AtCoder,adt_easy_20260210_1,AtCoder Daily Training EASY 2026/02/10 16:00start,2026-02-10 07:00:00,2026,Other
AtCoder,adt_easy_20260210_2,AtCoder Daily Training EASY 2026/02/10 18:00start,2026-02-10 09:00:00,2026,Other
AtCoder,adt_easy_20260211_1,AtCoder Daily Training EASY 2026/02/11 16:00start,2026-02-11 07:00:00,2026,Other
AtCoder,adt_easy_20260211_2,AtCoder Daily Training EASY 2026/02/11 18:00start,2026-02-11 09:00:00,2026,Other
AtCoder,adt_easy_20260212_1,AtCoder Daily Training EASY 2026/02/12 16:00start,2026-02-12 07:00:00,2026,Other
AtCoder,adt_easy_20260212_2,AtCoder Daily Training EASY 2026/02/12 18:00start,2026-02-12 09:00:00,2026,Other
AtCoder,adt_easy_20260213_1,AtCoder Daily Training EASY 2026/02/13 16:00start,2026-02-13 07:00:00,2026,Other
AtCoder,adt_easy_20260213_2,AtCoder Daily Training EASY 2026/02/13 18:00start,2026-02-13 09:00:00,2026,Other
AtCoder,adt_easy_20260216_1,AtCoder Daily Training EASY 2026/02/16 16:00start,2026-02-16 07:00:00,2026,Other
AtCoder,adt_easy_20260216_2,AtCoder Daily Training EASY 2026/02/16 18:00start,2026-02-16 09:00:00,2026,Other
AtCoder,adt_easy_20260217_1,AtCoder Daily Training EASY 2026/02/17 16:00start,2026-02-17 07:00:00,2026,Other
AtCoder,adt_easy_20260217_2,AtCoder Daily Training EASY 2026/02/17 18:00start,2026-02-17 09:00:00,2026,Other
AtCoder,adt_easy_20260218_1,AtCoder Daily Training EASY 2026/02/18 16:00start,2026-02-18 07:00:00,2026,Other
AtCoder,adt_easy_20260218_2,AtCoder Daily Training EASY 2026/02/18 18:00start,2026-02-18 09:00:00,2026,Other
AtCoder,adt_easy_20260219_1,AtCoder Daily Training EASY 2026/02/19 16:00start,2026-02-19 07:00:00,2026,Other
AtCoder,adt_easy_20260219_2,AtCoder Daily Training EASY 2026/02/19 18:00start,2026-02-19 09:00:00,2026,Other
AtCoder,adt_easy_20260220_1,AtCoder Daily Training EASY 2026/02/20 16:00start,2026-02-20 07:00:00,2026,Other
AtCoder,adt_easy_20260220_2,AtCoder Daily Training EASY 2026/02/20 18:00start,2026-02-20 09:00:00,2026,Other
AtCoder,adt_easy_20260223_1,AtCoder Daily Training EASY 2026/02/23 16:00start,2026-02-23 07:00:00,2026,Other
AtCoder,adt_easy_20260223_2,AtCoder Daily Training EASY 2026/02/23 18:00start,2026-02-23 09:00:00,2026,Other
AtCoder,adt_easy_20260224_1,AtCoder Daily Training EASY 2026/02/24 16:00start,2026-02-24 07:00:00,2026,Other
AtCoder,adt_easy_20260224_2,AtCoder Daily Training EASY 2026/02/24 18:00start,2026-02-24 09:00:00,2026,Other
AtCoder,adt_easy_20260225_1,AtCoder Daily Training EASY 2026/02/25 16:00start,2026-02-25 07:00:00,2026,Other
AtCoder,adt_easy_20260225_2,AtCoder Daily Training EASY 2026/02/25 18:00start,2026-02-25 09:00:00,2026,Other
AtCoder,adt_easy_20260226_1,AtCoder Daily Training EASY 2026/02/26 16:00start,2026-02-26 07:00:00,2026,Other
AtCoder,adt_easy_20260226_2,AtCoder Daily Training EASY 2026/02/26 18:00start,2026-02-26 09:00:00,2026,Other
AtCoder,adt_easy_20260227_1,AtCoder Daily Training EASY 2026/02/27 16:00start,2026-02-27 07:00:00,2026,Other
AtCoder,adt_easy_20260227_2,AtCoder Daily Training EASY 2026/02/27 18:00start,2026-02-27 09:00:00,2026,Other
AtCoder,adt_easy_20260302_1,AtCoder Daily Training EASY 2026/03/02 16:00start,2026-03-02 07:00:00,2026,Other
AtCoder,adt_easy_20260302_2,AtCoder Daily Training EASY 2026/03/02 18:00start,2026-03-02 09:00:00,2026,Other
AtCoder,adt_easy_20260303_1,AtCoder Daily Training EASY 2026/03/03 16:00start,2026-03-03 07:00:00,2026,Other
AtCoder,adt_easy_20260303_2,AtCoder Daily Training EASY 2026/03/03 18:00start,2026-03-03 09:00:00,2026,Other
AtCoder,adt_easy_20260304_1,AtCoder Daily Training EASY 2026/03/04 16:00start,2026-03-04 07:00:00,2026,Other
AtCoder,adt_easy_20260304_2,AtCoder Daily Training EASY 2026/03/04 18:00start,2026-03-04 09:00:00,2026,Other
AtCoder,adt_easy_20260305_1,AtCoder Daily Training EASY 2026/03/05 16:00start,2026-03-05 07:00:00,2026,Other
AtCoder,adt_easy_20260305_2,AtCoder Daily Training EASY 2026/03/05 18:00start,2026-03-05 09:00:00,2026,Other
AtCoder,adt_easy_20260306_1,AtCoder Daily Training EASY 2026/03/06 16:00start,2026-03-06 07:00:00,2026,Other
AtCoder,adt_easy_20260306_2,AtCoder Daily Training EASY 2026/03/06 18:00start,2026-03-06 09:00:00,2026,Other
AtCoder,adt_easy_20260309_1,AtCoder Daily Training EASY 2026/03/09 16:00start,2026-03-09 07:00:00,2026,Other
AtCoder,adt_easy_20260309_2,AtCoder Daily Training EASY 2026/03/09 18:00start,2026-03-09 09:00:00,2026,Other
AtCoder,adt_easy_20260310_1,AtCoder Daily Training EASY 2026/03/10 16:00start,2026-03-10 07:00:00,2026,Other
AtCoder,adt_easy_20260310_2,AtCoder Daily Training EASY 2026/03/10 18:00start,2026-03-10 09:00:00,2026,Other
AtCoder,adt_easy_20260311_1,AtCoder Daily Training EASY 2026/03/11 16:00start,2026-03-11 07:00:00,2026,Other
AtCoder,adt_easy_20260311_2,AtCoder Daily Training EASY 2026/03/11 18:00start,2026-03-11 09:00:00,2026,Other
AtCoder,adt_easy_20260312_1,AtCoder Daily Training EASY 2026/03/12 16:00start,2026-03-12 07:00:00,2026,Other
AtCoder,adt_easy_20260312_2,AtCoder Daily Training EASY 2026/03/12 18:00start,2026-03-12 09:00:00,2026,Other
AtCoder,adt_easy_20260313_1,AtCoder Daily Training EASY 2026/03/13 16:00start,2026-03-13 07:00:00,2026,Other
AtCoder,adt_easy_20260313_2,AtCoder Daily Training EASY 2026/03/13 18:00start,2026-03-13 09:00:00,2026,Other
AtCoder,adt_easy_20260316_1,AtCoder Daily Training EASY 2026/03/16 16:00start,2026-03-16 07:00:00,2026,Other
AtCoder,adt_easy_20260316_2,AtCoder Daily Training EASY 2026/03/16 18:00start,2026-03-16 09:00:00,2026,Other
AtCoder,adt_easy_20260317_1,AtCoder Daily Training EASY 2026/03/17 16:00start,2026-03-17 07:00:00,2026,Other
AtCoder,adt_easy_20260317_2,AtCoder Daily Training EASY 2026/03/17 18:00start,2026-03-17 09:00:00,2026,Other
AtCoder,adt_easy_20260318_1,AtCoder Daily Training EASY 2026/03/18 16:00start,2026-03-18 07:00:00,2026,Other
AtCoder,adt_easy_20260318_2,AtCoder Daily Training EASY 2026/03/18 18:00start,2026-03-18 09:00:00,2026,Other
AtCoder,adt_easy_20260319_1,AtCoder Daily Training EASY 2026/03/19 16:00start,2026-03-19 07:00:00,2026,Other
AtCoder,adt_easy_20260319_2,AtCoder Daily Training EASY 2026/03/19 18:00start,2026-03-19 09:00:00,2026,Other
AtCoder,adt_easy_20260320_1,AtCoder Daily Training EASY 2026/03/20 16:00start,2026-03-20 07:00:00,2026,Other
AtCoder,adt_easy_20260320_2,AtCoder Daily Training EASY 2026/03/20 18:00start,2026-03-20 09:00:00,2026,Other
AtCoder,adt_easy_20260323_1,AtCoder Daily Training EASY 2026/03/23 16:00start,2026-03-23 07:00:00,2026,Other
AtCoder,adt_easy_20260323_2,AtCoder Daily Training EASY 2026/03/23 18:00start,2026-03-23 09:00:00,2026,Other
AtCoder,adt_easy_20260324_1,AtCoder Daily Training EASY 2026/03/24 16:00start,2026-03-24 07:00:00,2026,Other
AtCoder,adt_easy_20260324_2,AtCoder Daily Training EASY 2026/03/24 18:00start,2026-03-24 09:00:00,2026,Other
AtCoder,adt_easy_20260325_1,AtCoder Daily Training EASY 2026/03/25 16:00start,2026-03-25 07:00:00,2026,Other
AtCoder,adt_easy_20260325_2,AtCoder Daily Training EASY 2026/03/25 18:00start,2026-03-25 09:00:00,2026,Other
AtCoder,adt_easy_20260326_1,AtCoder Daily Training EASY 2026/03/26 16:00start,2026-03-26 07:00:00,2026,Other
AtCoder,adt_easy_20260326_2,AtCoder Daily Training EASY 2026/03/26 18:00start,2026-03-26 09:00:00,2026,Other
AtCoder,adt_easy_20260327_1,AtCoder Daily Training EASY 2026/03/27 16:00start,2026-03-27 07:00:00,2026,Other
AtCoder,adt_easy_20260327_2,AtCoder Daily Training EASY 2026/03/27 18:00start,2026-03-27 09:00:00,2026,Other
AtCoder,adt_easy_20260330_1,AtCoder Daily Training EASY 2026/03/30 16:00start,2026-03-30 07:00:00,2026,Other
AtCoder,adt_easy_20260330_2,AtCoder Daily Training EASY 2026/03/30 18:00start,2026-03-30 09:00:00,2026,Other
AtCoder,adt_easy_20260331_1,AtCoder Daily Training EASY 2026/03/31 16:00start,2026-03-31 07:00:00,2026,Other
AtCoder,adt_easy_20260331_2,AtCoder Daily Training EASY 2026/03/31 18:00start,2026-03-31 09:00:00,2026,Other
AtCoder,adt_easy_20260401_1,AtCoder Daily Training EASY 2026/04/01 16:00start,2026-04-01 07:00:00,2026,Other
AtCoder,adt_easy_20260401_2,AtCoder Daily Training EASY 2026/04/01 18:00start,2026-04-01 09:00:00,2026,Other
AtCoder,adt_easy_20260402_1,AtCoder Daily Training EASY 2026/04/02 16:00start,2026-04-02 07:00:00,2026,Other
AtCoder,adt_easy_20260402_2,AtCoder Daily Training EASY 2026/04/02 18:00start,2026-04-02 09:00:00,2026,Other
AtCoder,adt_easy_20260403_1,AtCoder Daily Training EASY 2026/04/03 16:00start,2026-04-03 07:00:00,2026,Other
AtCoder,adt_easy_20260403_2,AtCoder Daily Training EASY 2026/04/03 18:00start,2026-04-03 09:00:00,2026,Other
AtCoder,adt_easy_20260406_1,AtCoder Daily Training EASY 2026/04/06 16:00start,2026-04-06 07:00:00,2026,Other
AtCoder,adt_easy_20260406_2,AtCoder Daily Training EASY 2026/04/06 18:00start,2026-04-06 09:00:00,2026,Other
AtCoder,adt_easy_20260407_1,AtCoder Daily Training EASY 2026/04/07 16:00start,2026-04-07 07:00:00,2026,Other
AtCoder,adt_easy_20260407_2,AtCoder Daily Training EASY 2026/04/07 18:00start,2026-04-07 09:00:00,2026,Other
AtCoder,adt_easy_20260408_1,AtCoder Daily Training EASY 2026/04/08 16:00start,2026-04-08 07:00:00,2026,Other
AtCoder,adt_easy_20260408_2,AtCoder Daily Training EASY 2026/04/08 18:00start,2026-04-08 09:00:00,2026,Other
AtCoder,adt_easy_20260409_1,AtCoder Daily Training EASY 2026/04/09 16:00start,2026-04-09 07:00:00,2026,Other
AtCoder,adt_easy_20260409_2,AtCoder Daily Training EASY 2026/04/09 18:00start,2026-04-09 09:00:00,2026,Other
AtCoder,adt_easy_20260410_1,AtCoder Daily Training EASY 2026/04/10 16:00start,2026-04-10 07:00:00,2026,Other
AtCoder,adt_easy_20260410_2,AtCoder Daily Training EASY 2026/04/10 18:00start,2026-04-10 09:00:00,2026,Other
AtCoder,adt_easy_20260413_1,AtCoder Daily Training EASY 2026/04/13 16:00start,2026-04-13 07:00:00,2026,Other
AtCoder,adt_easy_20260413_2,AtCoder Daily Training EASY 2026/04/13 18:00start,2026-04-13 09:00:00,2026,Other
AtCoder,adt_easy_20260414_1,AtCoder Daily Training EASY 2026/04/14 16:00start,2026-04-14 07:00:00,2026,Other
AtCoder,adt_easy_20260414_2,AtCoder Daily Training EASY 2026/04/14 18:00start,2026-04-14 09:00:00,2026,Other
AtCoder,adt_easy_20260415_1,AtCoder Daily Training EASY 2026/04/15 16:00start,2026-04-15 07:00:00,2026,Other
AtCoder,adt_easy_20260415_2,AtCoder Daily Training EASY 2026/04/15 18:00start,2026-04-15 09:00:00,2026,Other
AtCoder,adt_easy_20260416_1,AtCoder Daily Training EASY 2026/04/16 16:00start,2026-04-16 07:00:00,2026,Other
AtCoder,adt_easy_20260416_2,AtCoder Daily Training EASY 2026/04/16 18:00start,2026-04-16 09:00:00,2026,Other
AtCoder,adt_easy_20260417_1,AtCoder Daily Training EASY 2026/04/17 16:00start,2026-04-17 07:00:00,2026,Other
AtCoder,adt_easy_20260417_2,AtCoder Daily Training EASY 2026/04/17 18:00start,2026-04-17 09:00:00,2026,Other
AtCoder,adt_easy_20260420_1,AtCoder Daily Training EASY 2026/04/20 16:00start,2026-04-20 07:00:00,2026,Other
AtCoder,adt_easy_20260420_2,AtCoder Daily Training EASY 2026/04/20 18:00start,2026-04-20 09:00:00,2026,Other
AtCoder,adt_easy_20260421_1,AtCoder Daily Training EASY 2026/04/21 16:00start,2026-04-21 07:00:00,2026,Other
AtCoder,adt_easy_20260421_2,AtCoder Daily Training EASY 2026/04/21 18:00start,2026-04-21 09:00:00,2026,Other
AtCoder,adt_easy_20260422_1,AtCoder Daily Training EASY 2026/04/22 16:00start,2026-04-22 07:00:00,2026,Other
AtCoder,adt_easy_20260422_2,AtCoder Daily Training EASY 2026/04/22 18:00start,2026-04-22 09:00:00,2026,Other
AtCoder,adt_easy_20260423_1,AtCoder Daily Training EASY 2026/04/23 16:00start,2026-04-23 07:00:00,2026,Other
AtCoder,adt_easy_20260423_2,AtCoder Daily Training EASY 2026/04/23 18:00start,2026-04-23 09:00:00,2026,Other
AtCoder,adt_easy_20260424_1,AtCoder Daily Training EASY 2026/04/24 16:00start,2026-04-24 07:00:00,2026,Other
AtCoder,adt_easy_20260424_2,AtCoder Daily Training EASY 2026/04/24 18:00start,2026-04-24 09:00:00,2026,Other
AtCoder,adt_easy_20260427_1,AtCoder Daily Training EASY 2026/04/27 16:00start,2026-04-27 07:00:00,2026,Other
AtCoder,adt_easy_20260427_2,AtCoder Daily Training EASY 2026/04/27 18:00start,2026-04-27 09:00:00,2026,Other
AtCoder,adt_easy_20260428_1,AtCoder Daily Training EASY 2026/04/28 16:00start,2026-04-28 07:00:00,2026,Other
AtCoder,adt_easy_20260428_2,AtCoder Daily Training EASY 2026/04/28 18:00start,2026-04-28 09:00:00,2026,Other
AtCoder,adt_easy_20260429_1,AtCoder Daily Training EASY 2026/04/29 16:00start,2026-04-29 07:00:00,2026,Other
AtCoder,adt_easy_20260429_2,AtCoder Daily Training EASY 2026/04/29 18:00start,2026-04-29 09:00:00,2026,Other
AtCoder,adt_easy_20260430_1,AtCoder Daily Training EASY 2026/04/30 16:00start,2026-04-30 07:00:00,2026,Other
AtCoder,adt_easy_20260430_2,AtCoder Daily Training EASY 2026/04/30 18:00start,2026-04-30 09:00:00,2026,Other
AtCoder,adt_easy_20260501_1,AtCoder Daily Training EASY 2026/05/01 16:00start,2026-05-01 07:00:00,2026,Other
AtCoder,adt_easy_20260501_2,AtCoder Daily Training EASY 2026/05/01 18:00start,2026-05-01 09:00:00,2026,Other
AtCoder,adt_easy_20260504_1,AtCoder Daily Training EASY 2026/05/04 16:00start,2026-05-04 07:00:00,2026,Other
AtCoder,adt_easy_20260504_2,AtCoder Daily Training EASY 2026/05/04 18:00start,2026-05-04 09:00:00,2026,Other
AtCoder,adt_easy_20260505_1,AtCoder Daily Training EASY 2026/05/05 16:00start,2026-05-05 07:00:00,2026,Other
AtCoder,adt_easy_20260505_2,AtCoder Daily Training EASY 2026/05/05 18:00start,2026-05-05 09:00:00,2026,Other
AtCoder,adt_easy_20260506_1,AtCoder Daily Training EASY 2026/05/06 16:00start,2026-05-06 07:00:00,2026,Other
AtCoder,adt_easy_20260506_2,AtCoder Daily Training EASY 2026/05/06 18:00start,2026-05-06 09:00:00,2026,Other
AtCoder,adt_easy_20260507_1,AtCoder Daily Training EASY 2026/05/07 16:00start,2026-05-07 07:00:00,2026,Other
AtCoder,adt_easy_20260507_2,AtCoder Daily Training EASY 2026/05/07 18:00start,2026-05-07 09:00:00,2026,Other
AtCoder,adt_easy_20260508_1,AtCoder Daily Training EASY 2026/05/08 16:00start,2026-05-08 07:00:00,2026,Other
AtCoder,adt_easy_20260508_2,AtCoder Daily Training EASY 2026/05/08 18:00start,2026-05-08 09:00:00,2026,Other
AtCoder,adt_easy_20260511_1,AtCoder Daily Training EASY 2026/05/11 16:00start,2026-05-11 07:00:00,2026,Other
AtCoder,adt_easy_20260511_2,AtCoder Daily Training EASY 2026/05/11 18:00start,2026-05-11 09:00:00,2026,Other
AtCoder,adt_easy_20260512_1,AtCoder Daily Training EASY 2026/05/12 16:00start,2026-05-12 07:00:00,2026,Other
AtCoder,adt_easy_20260512_2,AtCoder Daily Training EASY 2026/05/12 18:00start,2026-05-12 09:00:00,2026,Other
AtCoder,adt_easy_20260513_1,AtCoder Daily Training EASY 2026/05/13 16:00start,2026-05-13 07:00:00,2026,Other
AtCoder,adt_easy_20260513_2,AtCoder Daily Training EASY 2026/05/13 18:00start,2026-05-13 09:00:00,2026,Other
AtCoder,adt_easy_20260514_1,AtCoder Daily Training EASY 2026/05/14 16:00start,2026-05-14 07:00:00,2026,Other
AtCoder,adt_easy_20260514_2,AtCoder Daily Training EASY 2026/05/14 18:00start,2026-05-14 09:00:00,2026,Other
AtCoder,adt_easy_20260515_1,AtCoder Daily Training EASY 2026/05/15 16:00start,2026-05-15 07:00:00,2026,Other
AtCoder,adt_easy_20260515_2,AtCoder Daily Training EASY 2026/05/15 18:00start,2026-05-15 09:00:00,2026,Other
AtCoder,adt_easy_20260518_1,AtCoder Daily Training EASY 2026/05/18 16:00start,2026-05-18 07:00:00,2026,Other
AtCoder,adt_easy_20260518_2,AtCoder Daily Training EASY 2026/05/18 18:00start,2026-05-18 09:00:00,2026,Other
AtCoder,adt_easy_20260519_1,AtCoder Daily Training EASY 2026/05/19 16:00start,2026-05-19 07:00:00,2026,Other
AtCoder,adt_easy_20260519_2,AtCoder Daily Training EASY 2026/05/19 18:00start,2026-05-19 09:00:00,2026,Other
AtCoder,adt_easy_20260520_1,AtCoder Daily Training EASY 2026/05/20 16:00start,2026-05-20 07:00:00,2026,Other
AtCoder,adt_easy_20260520_2,AtCoder Daily Training EASY 2026/05/20 18:00start,2026-05-20 09:00:00,2026,Other
AtCoder,adt_easy_20260521_1,AtCoder Daily Training EASY 2026/05/21 16:00start,2026-05-21 07:00:00,2026,Other
AtCoder,adt_easy_20260521_2,AtCoder Daily Training EASY 2026/05/21 18:00start,2026-05-21 09:00:00,2026,Other
AtCoder,adt_easy_20260522_1,AtCoder Daily Training EASY 2026/05/22 16:00start,2026-05-22 07:00:00,2026,Other
AtCoder,adt_easy_20260522_2,AtCoder Daily Training EASY 2026/05/22 18:00start,2026-05-22 09:00:00,2026,Other
AtCoder,adt_easy_20260525_1,AtCoder Daily Training EASY 2026/05/25 16:00start,2026-05-25 07:00:00,2026,Other
AtCoder,adt_easy_20260525_2,AtCoder Daily Training EASY 2026/05/25 18:00start,2026-05-25 09:00:00,2026,Other
AtCoder,adt_easy_20260526_1,AtCoder Daily Training EASY 2026/05/26 16:00start,2026-05-26 07:00:00,2026,Other
AtCoder,adt_easy_20260526_2,AtCoder Daily Training EASY 2026/05/26 18:00start,2026-05-26 09:00:00,2026,Other
AtCoder,adt_easy_20260527_1,AtCoder Daily Training EASY 2026/05/27 16:00start,2026-05-27 07:00:00,2026,Other
AtCoder,adt_easy_20260527_2,AtCoder Daily Training EASY 2026/05/27 18:00start,2026-05-27 09:00:00,2026,Other
AtCoder,adt_easy_20260528_1,AtCoder Daily Training EASY 2026/05/28 16:00start,2026-05-28 07:00:00,2026,Other
AtCoder,adt_easy_20260528_2,AtCoder Daily Training EASY 2026/05/28 18:00start,2026-05-28 09:00:00,2026,Other
AtCoder,adt_easy_20260529_1,AtCoder Daily Training EASY 2026/05/29 16:00start,2026-05-29 07:00:00,2026,Other
AtCoder,adt_easy_20260529_2,AtCoder Daily Training EASY 2026/05/29 18:00start,2026-05-29 09:00:00,2026,Other
AtCoder,adt_easy_20260601_1,AtCoder Daily Training EASY 2026/06/01 16:00start,2026-06-01 07:00:00,2026,Other
AtCoder,adt_easy_20260601_2,AtCoder Daily Training EASY 2026/06/01 18:00start,2026-06-01 09:00:00,2026,Other
AtCoder,adt_easy_20260602_1,AtCoder Daily Training EASY 2026/06/02 16:00start,2026-06-02 07:00:00,2026,Other
AtCoder,adt_easy_20260602_2,AtCoder Daily Training EASY 2026/06/02 18:00start,2026-06-02 09:00:00,2026,Other
AtCoder,adt_easy_20260603_1,AtCoder Daily Training EASY 2026/06/03 16:00start,2026-06-03 07:00:00,2026,Other
AtCoder,adt_easy_20260603_2,AtCoder Daily Training EASY 2026/06/03 18:00start,2026-06-03 09:00:00,2026,Other
AtCoder,adt_easy_20260604_1,AtCoder Daily Training EASY 2026/06/04 16:00start,2026-06-04 07:00:00,2026,Other
AtCoder,adt_easy_20260604_2,AtCoder Daily Training EASY 2026/06/04 18:00start,2026-06-04 09:00:00,2026,Other
AtCoder,adt_easy_20260605_1,AtCoder Daily Training EASY 2026/06/05 16:00start,2026-06-05 07:00:00,2026,Other
AtCoder,adt_easy_20260605_2,AtCoder Daily Training EASY 2026/06/05 18:00start,2026-06-05 09:00:00,2026,Other
AtCoder,adt_easy_20260608_1,AtCoder Daily Training EASY 2026/06/08 16:00start,2026-06-08 07:00:00,2026,Other
AtCoder,adt_easy_20260608_2,AtCoder Daily Training EASY 2026/06/08 18:00start,2026-06-08 09:00:00,2026,Other
AtCoder,adt_easy_20260609_1,AtCoder Daily Training EASY 2026/06/09 16:00start,2026-06-09 07:00:00,2026,Other
AtCoder,adt_easy_20260609_2,AtCoder Daily Training EASY 2026/06/09 18:00start,2026-06-09 09:00:00,2026,Other
AtCoder,adt_easy_20260610_1,AtCoder Daily Training EASY 2026/06/10 16:00start,2026-06-10 07:00:00,2026,Other
AtCoder,adt_easy_20260610_2,AtCoder Daily Training EASY 2026/06/10 18:00start,2026-06-10 09:00:00,2026,Other
AtCoder,adt_easy_20260611_1,AtCoder Daily Training EASY 2026/06/11 16:00start,2026-06-11 07:00:00,2026,Other
AtCoder,adt_easy_20260611_2,AtCoder Daily Training EASY 2026/06/11 18:00start,2026-06-11 09:00:00,2026,Other
AtCoder,adt_easy_20260612_1,AtCoder Daily Training EASY 2026/06/12 16:00start,2026-06-12 07:00:00,2026,Other
AtCoder,adt_easy_20260612_2,AtCoder Daily Training EASY 2026/06/12 18:00start,2026-06-12 09:00:00,2026,Other
AtCoder,adt_easy_20260615_1,AtCoder Daily Training EASY 2026/06/15 16:00start,2026-06-15 07:00:00,2026,Other
AtCoder,adt_easy_20260615_2,AtCoder Daily Training EASY 2026/06/15 18:00start,2026-06-15 09:00:00,2026,Other
AtCoder,adt_easy_20260616_1,AtCoder Daily Training EASY 2026/06/16 16:00start,2026-06-16 07:00:00,2026,Other
AtCoder,adt_easy_20260616_2,AtCoder Daily Training EASY 2026/06/16 18:00start,2026-06-16 09:00:00,2026,Other
AtCoder,adt_easy_20260617_1,AtCoder Daily Training EASY 2026/06/17 16:00start,2026-06-17 07:00:00,2026,Other
AtCoder,adt_easy_20260617_2,AtCoder Daily Training EASY 2026/06/17 18:00start,2026-06-17 09:00:00,2026,Other
AtCoder,adt_hard_20231017_1,AtCoder Daily Training HARD 2023/10/17 15:30start,2023-10-17 06:30:00,2023,Other
AtCoder,adt_hard_20231017_2,AtCoder Daily Training HARD 2023/10/17 17:30start,2023-10-17 08:30:00,2023,Other
AtCoder,adt_hard_20231018_1,AtCoder Daily Training HARD 2023/10/18 16:00start,2023-10-18 07:00:00,2023,Other
AtCoder,adt_hard_20231018_2,AtCoder Daily Training HARD 2023/10/18 18:00start,2023-10-18 09:00:00,2023,Other
AtCoder,adt_hard_20231019_1,AtCoder Daily Training HARD 2023/10/19 16:30start,2023-10-19 07:30:00,2023,Other
AtCoder,adt_hard_20231019_2,AtCoder Daily Training HARD 2023/10/19 18:30start,2023-10-19 09:30:00,2023,Other
AtCoder,adt_hard_20231024_1,AtCoder Daily Training HARD 2023/10/24 15:30start,2023-10-24 06:30:00,2023,Other
AtCoder,adt_hard_20231024_2,AtCoder Daily Training HARD 2023/10/24 17:30start,2023-10-24 08:30:00,2023,Other
AtCoder,adt_hard_20231025_1,AtCoder Daily Training HARD 2023/10/25 16:00start,2023-10-25 07:00:00,2023,Other
AtCoder,adt_hard_20231025_2,AtCoder Daily Training HARD 2023/10/25 18:00start,2023-10-25 09:00:00,2023,Other
AtCoder,adt_hard_20231026_1,AtCoder Daily Training HARD 2023/10/26 16:30start,2023-10-26 07:30:00,2023,Other
AtCoder,adt_hard_20231026_2,AtCoder Daily Training HARD 2023/10/26 18:30start,2023-10-26 09:30:00,2023,Other
AtCoder,adt_hard_20231031_1,AtCoder Daily Training HARD 2023/10/31 15:30start,2023-10-31 06:30:00,2023,Other
AtCoder,adt_hard_20231031_2,AtCoder Daily Training HARD 2023/10/31 17:30start,2023-10-31 08:30:00,2023,Other
AtCoder,adt_hard_20231101_1,AtCoder Daily Training HARD 2023/11/1 16:00start,2023-11-01 07:00:00,2023,Other
AtCoder,adt_hard_20231101_2,AtCoder Daily Training HARD 2023/11/1 18:00start,2023-11-01 09:00:00,2023,Other
AtCoder,adt_hard_20231102_1,AtCoder Daily Training HARD 2023/11/2 16:30start,2023-11-02 07:30:00,2023,Other
AtCoder,adt_hard_20231102_2,AtCoder Daily Training HARD 2023/11/2 18:30start,2023-11-02 09:30:00,2023,Other
AtCoder,adt_hard_20231107_1,AtCoder Daily Training HARD 2023/11/7 15:30start,2023-11-07 06:30:00,2023,Other
AtCoder,adt_hard_20231107_2,AtCoder Daily Training HARD 2023/11/7 17:30start,2023-11-07 08:30:00,2023,Other
AtCoder,adt_hard_20231108_1,AtCoder Daily Training HARD 2023/11/8 16:00start,2023-11-08 07:00:00,2023,Other
AtCoder,adt_hard_20231108_2,AtCoder Daily Training HARD 2023/11/8 18:00start,2023-11-08 09:00:00,2023,Other
AtCoder,adt_hard_20231109_1,AtCoder Daily Training HARD 2023/11/9 16:30start,2023-11-09 07:30:00,2023,Other
AtCoder,adt_hard_20231109_2,AtCoder Daily Training HARD 2023/11/9 18:30start,2023-11-09 09:30:00,2023,Other
AtCoder,adt_hard_20231114_1,AtCoder Daily Training HARD 2023/11/14 15:30start,2023-11-14 06:30:00,2023,Other
AtCoder,adt_hard_20231114_2,AtCoder Daily Training HARD 2023/11/14 17:30start,2023-11-14 08:30:00,2023,Other
AtCoder,adt_hard_20231115_1,AtCoder Daily Training HARD 2023/11/15 16:00start,2023-11-15 07:00:00,2023,Other
AtCoder,adt_hard_20231115_2,AtCoder Daily Training HARD 2023/11/15 18:00start,2023-11-15 09:00:00,2023,Other
AtCoder,adt_hard_20231116_1,AtCoder Daily Training HARD 2023/11/16 16:30start,2023-11-16 07:30:00,2023,Other
AtCoder,adt_hard_20231116_2,AtCoder Daily Training HARD 2023/11/16 18:30start,2023-11-16 09:30:00,2023,Other
AtCoder,adt_hard_20231121_1,AtCoder Daily Training HARD 2023/11/21 15:30start,2023-11-21 06:30:00,2023,Other
AtCoder,adt_hard_20231121_2,AtCoder Daily Training HARD 2023/11/21 17:30start,2023-11-21 08:30:00,2023,Other
AtCoder,adt_hard_20231122_1,AtCoder Daily Training HARD 2023/11/22 16:00start,2023-11-22 07:00:00,2023,Other
AtCoder,adt_hard_20231122_2,AtCoder Daily Training HARD 2023/11/22 18:00start,2023-11-22 09:00:00,2023,Other
AtCoder,adt_hard_20231123_1,AtCoder Daily Training HARD 2023/11/23 16:30start,2023-11-23 07:30:00,2023,Other
AtCoder,adt_hard_20231123_2,AtCoder Daily Training HARD 2023/11/2318:30start,2023-11-23 09:30:00,2023,Other
AtCoder,adt_hard_20231128_1,AtCoder Daily Training HARD 2023/11/28 15:30start,2023-11-28 06:30:00,2023,Other
AtCoder,adt_hard_20231128_2,AtCoder Daily Training HARD 2023/11/28 17:30start,2023-11-28 08:30:00,2023,Other
AtCoder,adt_hard_20231129_1,AtCoder Daily Training HARD 2023/11/29 16:00start,2023-11-29 07:00:00,2023,Other
AtCoder,adt_hard_20231129_2,AtCoder Daily Training HARD 2023/11/29 18:00start,2023-11-29 09:00:00,2023,Other
AtCoder,adt_hard_20231130_1,AtCoder Daily Training HARD 2023/11/30 16:30start,2023-11-30 07:30:00,2023,Other
AtCoder,adt_hard_20231130_2,AtCoder Daily Training HARD 2023/11/3018:30start,2023-11-30 09:30:00,2023,Other
AtCoder,adt_hard_20231205_1,AtCoder Daily Training HARD 2023/12/5 15:30start,2023-12-05 06:30:00,2023,Other
AtCoder,adt_hard_20231205_2,AtCoder Daily Training HARD 2023/12/5 17:30start,2023-12-05 08:30:00,2023,Other
AtCoder,adt_hard_20231206_1,AtCoder Daily Training HARD 2023/12/6 16:00start,2023-12-06 07:00:00,2023,Other
AtCoder,adt_hard_20231206_2,AtCoder Daily Training HARD 2023/12/6 18:00start,2023-12-06 09:00:00,2023,Other
AtCoder,adt_hard_20231207_1,AtCoder Daily Training HARD 2023/12/7 16:30start,2023-12-07 07:30:00,2023,Other
AtCoder,adt_hard_20231207_2,AtCoder Daily Training HARD 2023/12/7 18:30start,2023-12-07 09:30:00,2023,Other
AtCoder,adt_hard_20231212_1,AtCoder Daily Training HARD 2023/12/12 15:30start,2023-12-12 06:30:00,2023,Other
AtCoder,adt_hard_20231212_2,AtCoder Daily Training HARD 2023/12/12 17:30start,2023-12-12 08:30:00,2023,Other
AtCoder,adt_hard_20231213_1,AtCoder Daily Training HARD 2023/12/13 16:00start,2023-12-13 07:00:00,2023,Other
AtCoder,adt_hard_20231213_2,AtCoder Daily Training HARD 2023/12/13 18:00start,2023-12-13 09:00:00,2023,Other
AtCoder,adt_hard_20231214_1,AtCoder Daily Training HARD 2023/12/14 16:30start,2023-12-14 07:30:00,2023,Other
AtCoder,adt_hard_20231214_2,AtCoder Daily Training HARD 2023/12/14 18:30start,2023-12-14 09:30:00,2023,Other
AtCoder,adt_hard_20231219_1,AtCoder Daily Training HARD 2023/12/19 15:30start,2023-12-19 06:30:00,2023,Other
AtCoder,adt_hard_20231219_2,AtCoder Daily Training HARD 2023/12/19 17:30start,2023-12-19 08:30:00,2023,Other
AtCoder,adt_hard_20231220_1,AtCoder Daily Training HARD 2023/12/20 16:00start,2023-12-20 07:00:00,2023,Other
AtCoder,adt_hard_20231220_2,AtCoder Daily Training HARD 2023/12/20 18:00start,2023-12-20 09:00:00,2023,Other
AtCoder,adt_hard_20231221_1,AtCoder Daily Training HARD 2023/12/21 16:30start,2023-12-21 07:30:00,2023,Other
AtCoder,adt_hard_20231221_2,AtCoder Daily Training HARD 2023/12/21 18:30start,2023-12-21 09:30:00,2023,Other
AtCoder,adt_hard_20231226_1,AtCoder Daily Training HARD 2023/12/26 15:30start,2023-12-26 06:30:00,2023,Other
AtCoder,adt_hard_20231226_2,AtCoder Daily Training HARD 2023/12/26 17:30start,2023-12-26 08:30:00,2023,Other
AtCoder,adt_hard_20231227_1,AtCoder Daily Training HARD 2023/12/27 16:00start,2023-12-27 07:00:00,2023,Other
AtCoder,adt_hard_20231227_2,AtCoder Daily Training HARD 2023/12/27 18:00start,2023-12-27 09:00:00,2023,Other
AtCoder,adt_hard_20231228_1,AtCoder Daily Training HARD 2023/12/28 16:30start,2023-12-28 07:30:00,2023,Other
AtCoder,adt_hard_20231228_2,AtCoder Daily Training HARD 2023/12/28 18:30start,2023-12-28 09:30:00,2023,Other
AtCoder,adt_hard_20240102_1,AtCoder Daily Training HARD 2024/1/2 15:30start,2024-01-02 06:30:00,2024,Other
AtCoder,adt_hard_20240102_2,AtCoder Daily Training HARD 2024/1/2 17:30start,2024-01-02 08:30:00,2024,Other
AtCoder,adt_hard_20240103_1,AtCoder Daily Training HARD 2024/1/3 16:00start,2024-01-03 07:00:00,2024,Other
AtCoder,adt_hard_20240103_2,AtCoder Daily Training HARD 2024/1/3 18:00start,2024-01-03 09:00:00,2024,Other
AtCoder,adt_hard_20240104_1,AtCoder Daily Training HARD 2024/1/4 16:30start,2024-01-04 07:30:00,2024,Other
AtCoder,adt_hard_20240104_2,AtCoder Daily Training HARD 2024/1/4 18:30start,2024-01-04 09:30:00,2024,Other
AtCoder,adt_hard_20240109_1,AtCoder Daily Training HARD 2024/1/9 15:30start,2024-01-09 06:30:00,2024,Other
AtCoder,adt_hard_20240109_2,AtCoder Daily Training HARD 2024/1/9 17:30start,2024-01-09 08:30:00,2024,Other
AtCoder,adt_hard_20240110_1,AtCoder Daily Training HARD 2024/1/10 16:00start,2024-01-10 07:00:00,2024,Other
AtCoder,adt_hard_20240110_2,AtCoder Daily Training HARD 2024/1/10 18:00start,2024-01-10 09:00:00,2024,Other
AtCoder,adt_hard_20240111_1,AtCoder Daily Training HARD 2024/1/11 16:30start,2024-01-11 07:30:00,2024,Other
AtCoder,adt_hard_20240111_2,AtCoder Daily Training HARD 2024/1/11 18:30start,2024-01-11 09:30:00,2024,Other
AtCoder,adt_hard_20240116_1,AtCoder Daily Training HARD 2024/01/16 15:30start,2024-01-16 06:30:00,2024,Other
AtCoder,adt_hard_20240116_2,AtCoder Daily Training HARD 2024/01/16 17:30start,2024-01-16 08:30:00,2024,Other
AtCoder,adt_hard_20240116_3,AtCoder Daily Training HARD 2024/01/16 19:30start,2024-01-16 10:30:00,2024,Other
AtCoder,adt_hard_20240117_1,AtCoder Daily Training HARD 2024/01/17 16:00start,2024-01-17 07:00:00,2024,Other
AtCoder,adt_hard_20240117_2,AtCoder Daily Training HARD 2024/01/17 18:00start,2024-01-17 09:00:00,2024,Other
AtCoder,adt_hard_20240117_3,AtCoder Daily Training HARD 2024/01/17 20:00start,2024-01-17 11:00:00,2024,Other
AtCoder,adt_hard_20240118_1,AtCoder Daily Training HARD 2024/01/18 16:30start,2024-01-18 07:30:00,2024,Other
AtCoder,adt_hard_20240118_2,AtCoder Daily Training HARD 2024/01/18 18:30start,2024-01-18 09:30:00,2024,Other
AtCoder,adt_hard_20240118_3,AtCoder Daily Training HARD 2024/01/18 20:30start,2024-01-18 11:30:00,2024,Other
AtCoder,adt_hard_20240123_1,AtCoder Daily Training HARD 2024/01/23 15:30start,2024-01-23 06:30:00,2024,Other
AtCoder,adt_hard_20240123_2,AtCoder Daily Training HARD 2024/01/23 17:30start,2024-01-23 08:30:00,2024,Other
AtCoder,adt_hard_20240123_3,AtCoder Daily Training HARD 2024/01/23 19:30start,2024-01-23 10:30:00,2024,Other
AtCoder,adt_hard_20240124_1,AtCoder Daily Training HARD 2024/01/24 16:00start,2024-01-24 07:00:00,2024,Other
AtCoder,adt_hard_20240124_2,AtCoder Daily Training HARD 2024/01/24 18:00start,2024-01-24 09:00:00,2024,Other
AtCoder,adt_hard_20240124_3,AtCoder Daily Training HARD 2024/01/24 20:00start,2024-01-24 11:00:00,2024,Other
AtCoder,adt_hard_20240125_1,AtCoder Daily Training HARD 2024/01/25 16:30start,2024-01-25 07:30:00,2024,Other
AtCoder,adt_hard_20240125_2,AtCoder Daily Training HARD 2024/01/25 18:30start,2024-01-25 09:30:00,2024,Other
AtCoder,adt_hard_20240125_3,AtCoder Daily Training HARD 2024/01/25 20:30start,2024-01-25 11:30:00,2024,Other
AtCoder,adt_hard_20240130_1,AtCoder Daily Training HARD 2024/01/30 15:30start,2024-01-30 06:30:00,2024,Other
AtCoder,adt_hard_20240130_2,AtCoder Daily Training HARD 2024/01/30 17:30start,2024-01-30 08:30:00,2024,Other
AtCoder,adt_hard_20240130_3,AtCoder Daily Training HARD 2024/01/30 19:30start,2024-01-30 10:30:00,2024,Other
AtCoder,adt_hard_20240131_1,AtCoder Daily Training HARD 2024/01/31 16:00start,2024-01-31 07:00:00,2024,Other
AtCoder,adt_hard_20240131_2,AtCoder Daily Training HARD 2024/01/31 18:00start,2024-01-31 09:00:00,2024,Other
AtCoder,adt_hard_20240131_3,AtCoder Daily Training HARD 2024/01/31 20:00start,2024-01-31 11:00:00,2024,Other
AtCoder,adt_hard_20240201_1,AtCoder Daily Training HARD 2024/02/01 16:30start,2024-02-01 07:30:00,2024,Other
AtCoder,adt_hard_20240201_2,AtCoder Daily Training HARD 2024/02/01 18:30start,2024-02-01 09:30:00,2024,Other
AtCoder,adt_hard_20240201_3,AtCoder Daily Training HARD 2024/02/01 20:30start,2024-02-01 11:30:00,2024,Other
AtCoder,adt_hard_20240206_1,AtCoder Daily Training HARD 2024/02/06 15:30start,2024-02-06 06:30:00,2024,Other
AtCoder,adt_hard_20240206_2,AtCoder Daily Training HARD 2024/02/06 17:30start,2024-02-06 08:30:00,2024,Other
AtCoder,adt_hard_20240206_3,AtCoder Daily Training HARD 2024/02/06 19:30start,2024-02-06 10:30:00,2024,Other
AtCoder,adt_hard_20240207_1,AtCoder Daily Training HARD 2024/02/07 16:00start,2024-02-07 07:00:00,2024,Other
AtCoder,adt_hard_20240207_2,AtCoder Daily Training HARD 2024/02/07 18:00start,2024-02-07 09:00:00,2024,Other
AtCoder,adt_hard_20240207_3,AtCoder Daily Training HARD 2024/02/07 20:00start,2024-02-07 11:00:00,2024,Other
AtCoder,adt_hard_20240208_1,AtCoder Daily Training HARD 2024/02/08 16:30start,2024-02-08 07:30:00,2024,Other
AtCoder,adt_hard_20240208_2,AtCoder Daily Training HARD 2024/02/08 18:30start,2024-02-08 09:30:00,2024,Other
AtCoder,adt_hard_20240208_3,AtCoder Daily Training HARD 2024/02/08 20:30start,2024-02-08 11:30:00,2024,Other
AtCoder,adt_hard_20240213_1,AtCoder Daily Training HARD 2024/02/13 15:30start,2024-02-13 06:30:00,2024,Other
AtCoder,adt_hard_20240213_2,AtCoder Daily Training HARD 2024/02/13 17:30start,2024-02-13 08:30:00,2024,Other
AtCoder,adt_hard_20240213_3,AtCoder Daily Training HARD 2024/02/13 19:30start,2024-02-13 10:30:00,2024,Other
AtCoder,adt_hard_20240214_1,AtCoder Daily Training HARD 2024/02/14 16:00start,2024-02-14 07:00:00,2024,Other
AtCoder,adt_hard_20240214_2,AtCoder Daily Training HARD 2024/02/14 18:00start,2024-02-14 09:00:00,2024,Other
AtCoder,adt_hard_20240214_3,AtCoder Daily Training HARD 2024/02/14 20:00start,2024-02-14 11:00:00,2024,Other
AtCoder,adt_hard_20240215_1,AtCoder Daily Training HARD 2024/02/15 16:30start,2024-02-15 07:30:00,2024,Other
AtCoder,adt_hard_20240215_2,AtCoder Daily Training HARD 2024/02/15 18:30start,2024-02-15 09:30:00,2024,Other
AtCoder,adt_hard_20240215_3,AtCoder Daily Training HARD 2024/02/15 20:30start,2024-02-15 11:30:00,2024,Other
AtCoder,adt_hard_20240220_1,AtCoder Daily Training HARD 2024/02/20 15:30start,2024-02-20 06:30:00,2024,Other
AtCoder,adt_hard_20240220_2,AtCoder Daily Training HARD 2024/02/20 17:30start,2024-02-20 08:30:00,2024,Other
AtCoder,adt_hard_20240220_3,AtCoder Daily Training HARD 2024/02/20 19:30start,2024-02-20 10:30:00,2024,Other
AtCoder,adt_hard_20240221_1,AtCoder Daily Training HARD 2024/02/21 16:00start,2024-02-21 07:00:00,2024,Other
AtCoder,adt_hard_20240221_2,AtCoder Daily Training HARD 2024/02/21 18:00start,2024-02-21 09:00:00,2024,Other
AtCoder,adt_hard_20240221_3,AtCoder Daily Training HARD 2024/02/21 20:00start,2024-02-21 11:00:00,2024,Other
AtCoder,adt_hard_20240222_1,AtCoder Daily Training HARD 2024/02/22 16:30start,2024-02-22 07:30:00,2024,Other
AtCoder,adt_hard_20240222_2,AtCoder Daily Training HARD 2024/02/22 18:30start,2024-02-22 09:30:00,2024,Other
AtCoder,adt_hard_20240222_3,AtCoder Daily Training HARD 2024/02/22 20:30start,2024-02-22 11:30:00,2024,Other
AtCoder,adt_hard_20240227_1,AtCoder Daily Training HARD 2024/02/27 15:30start,2024-02-27 06:30:00,2024,Other
AtCoder,adt_hard_20240227_2,AtCoder Daily Training HARD 2024/02/27 17:30start,2024-02-27 08:30:00,2024,Other
AtCoder,adt_hard_20240227_3,AtCoder Daily Training HARD 2024/02/27 19:30start,2024-02-27 10:30:00,2024,Other
AtCoder,adt_hard_20240228_1,AtCoder Daily Training HARD 2024/02/28 16:00start,2024-02-28 07:00:00,2024,Other
AtCoder,adt_hard_20240228_2,AtCoder Daily Training HARD 2024/02/28 18:00start,2024-02-28 09:00:00,2024,Other
AtCoder,adt_hard_20240228_3,AtCoder Daily Training HARD 2024/02/28 20:00start,2024-02-28 11:00:00,2024,Other
AtCoder,adt_hard_20240229_1,AtCoder Daily Training HARD 2024/02/29 16:30start,2024-02-29 07:30:00,2024,Other
AtCoder,adt_hard_20240229_2,AtCoder Daily Training HARD 2024/02/29 18:30start,2024-02-29 09:30:00,2024,Other
AtCoder,adt_hard_20240229_3,AtCoder Daily Training HARD 2024/02/29 20:30start,2024-02-29 11:30:00,2024,Other
AtCoder,adt_hard_20240305_1,AtCoder Daily Training HARD 2024/03/05 15:30start,2024-03-05 06:30:00,2024,Other
AtCoder,adt_hard_20240305_2,AtCoder Daily Training HARD 2024/03/05 17:30start,2024-03-05 08:30:00,2024,Other
AtCoder,adt_hard_20240305_3,AtCoder Daily Training HARD 2024/03/05 19:30start,2024-03-05 10:30:00,2024,Other
AtCoder,adt_hard_20240306_1,AtCoder Daily Training HARD 2024/03/06 16:00start,2024-03-06 07:00:00,2024,Other
AtCoder,adt_hard_20240306_2,AtCoder Daily Training HARD 2024/03/06 18:00start,2024-03-06 09:00:00,2024,Other
AtCoder,adt_hard_20240306_3,AtCoder Daily Training HARD 2024/03/06 20:00start,2024-03-06 11:00:00,2024,Other
AtCoder,adt_hard_20240307_1,AtCoder Daily Training HARD 2024/03/07 16:30start,2024-03-07 07:30:00,2024,Other
AtCoder,adt_hard_20240307_2,AtCoder Daily Training HARD 2024/03/07 18:30start,2024-03-07 09:30:00,2024,Other
AtCoder,adt_hard_20240307_3,AtCoder Daily Training HARD 2024/03/07 20:30start,2024-03-07 11:30:00,2024,Other
AtCoder,adt_hard_20240312_1,AtCoder Daily Training HARD 2024/03/12 15:30start,2024-03-12 06:30:00,2024,Other
AtCoder,adt_hard_20240312_2,AtCoder Daily Training HARD 2024/03/12 17:30start,2024-03-12 08:30:00,2024,Other
AtCoder,adt_hard_20240312_3,AtCoder Daily Training HARD 2024/03/12 19:30start,2024-03-12 10:30:00,2024,Other
AtCoder,adt_hard_20240313_1,AtCoder Daily Training HARD 2024/03/13 16:00start,2024-03-13 07:00:00,2024,Other
AtCoder,adt_hard_20240313_2,AtCoder Daily Training HARD 2024/03/13 18:00start,2024-03-13 09:00:00,2024,Other
AtCoder,adt_hard_20240313_3,AtCoder Daily Training HARD 2024/03/13 20:00start,2024-03-13 11:00:00,2024,Other
AtCoder,adt_hard_20240314_1,AtCoder Daily Training HARD 2024/03/14 16:30start,2024-03-14 07:30:00,2024,Other
AtCoder,adt_hard_20240314_2,AtCoder Daily Training HARD 2024/03/14 18:30start,2024-03-14 09:30:00,2024,Other
AtCoder,adt_hard_20240314_3,AtCoder Daily Training HARD 2024/03/14 20:30start,2024-03-14 11:30:00,2024,Other
AtCoder,adt_hard_20240319_1,AtCoder Daily Training HARD 2024/03/19 15:30start,2024-03-19 06:30:00,2024,Other
AtCoder,adt_hard_20240319_2,AtCoder Daily Training HARD 2024/03/19 17:30start,2024-03-19 08:30:00,2024,Other
AtCoder,adt_hard_20240319_3,AtCoder Daily Training HARD 2024/03/19 19:30start,2024-03-19 10:30:00,2024,Other
AtCoder,adt_hard_20240320_1,AtCoder Daily Training HARD 2024/03/20 16:00start,2024-03-20 07:00:00,2024,Other
AtCoder,adt_hard_20240320_2,AtCoder Daily Training HARD 2024/03/20 18:00start,2024-03-20 09:00:00,2024,Other
AtCoder,adt_hard_20240320_3,AtCoder Daily Training HARD 2024/03/20 20:00start,2024-03-20 11:00:00,2024,Other
AtCoder,adt_hard_20240321_1,AtCoder Daily Training HARD 2024/03/21 16:30start,2024-03-21 07:30:00,2024,Other
AtCoder,adt_hard_20240321_2,AtCoder Daily Training HARD 2024/03/21 18:30start,2024-03-21 09:30:00,2024,Other
AtCoder,adt_hard_20240321_3,AtCoder Daily Training HARD 2024/03/21 20:30start,2024-03-21 11:30:00,2024,Other
AtCoder,adt_hard_20240326_1,AtCoder Daily Training HARD 2024/03/26 15:30start,2024-03-26 06:30:00,2024,Other
AtCoder,adt_hard_20240326_2,AtCoder Daily Training HARD 2024/03/26 17:30start,2024-03-26 08:30:00,2024,Other
AtCoder,adt_hard_20240326_3,AtCoder Daily Training HARD 2024/03/26 19:30start,2024-03-26 10:30:00,2024,Other
AtCoder,adt_hard_20240327_1,AtCoder Daily Training HARD 2024/03/27 16:00start,2024-03-27 07:00:00,2024,Other
AtCoder,adt_hard_20240327_2,AtCoder Daily Training HARD 2024/03/27 18:00start,2024-03-27 09:00:00,2024,Other
AtCoder,adt_hard_20240327_3,AtCoder Daily Training HARD 2024/03/27 20:00start,2024-03-27 11:00:00,2024,Other
AtCoder,adt_hard_20240328_1,AtCoder Daily Training HARD 2024/03/28 16:30start,2024-03-28 07:30:00,2024,Other
AtCoder,adt_hard_20240328_2,AtCoder Daily Training HARD 2024/03/28 18:30start,2024-03-28 09:30:00,2024,Other
AtCoder,adt_hard_20240328_3,AtCoder Daily Training HARD 2024/03/28 20:30start,2024-03-28 11:30:00,2024,Other
AtCoder,adt_hard_20240402_1,AtCoder Daily Training HARD 2024/04/02 15:30start,2024-04-02 06:30:00,2024,Other
AtCoder,adt_hard_20240402_2,AtCoder Daily Training HARD 2024/04/02 17:30start,2024-04-02 08:30:00,2024,Other
AtCoder,adt_hard_20240402_3,AtCoder Daily Training HARD 2024/04/02 19:30start,2024-04-02 10:30:00,2024,Other
AtCoder,adt_hard_20240403_1,AtCoder Daily Training HARD 2024/04/03 16:00start,2024-04-03 07:00:00,2024,Other
AtCoder,adt_hard_20240403_2,AtCoder Daily Training HARD 2024/04/03 18:00start,2024-04-03 09:00:00,2024,Other
AtCoder,adt_hard_20240403_3,AtCoder Daily Training HARD 2024/04/03 20:00start,2024-04-03 11:00:00,2024,Other
AtCoder,adt_hard_20240404_1,AtCoder Daily Training HARD 2024/04/04 16:30start,2024-04-04 07:30:00,2024,Other
AtCoder,adt_hard_20240404_2,AtCoder Daily Training HARD 2024/04/04 18:30start,2024-04-04 09:30:00,2024,Other
AtCoder,adt_hard_20240404_3,AtCoder Daily Training HARD 2024/04/04 20:30start,2024-04-04 11:30:00,2024,Other
AtCoder,adt_hard_20240409_1,AtCoder Daily Training HARD 2024/04/09 15:30start,2024-04-09 06:30:00,2024,Other
AtCoder,adt_hard_20240409_2,AtCoder Daily Training HARD 2024/04/09 17:30start,2024-04-09 08:30:00,2024,Other
AtCoder,adt_hard_20240409_3,AtCoder Daily Training HARD 2024/04/09 19:30start,2024-04-09 10:30:00,2024,Other
AtCoder,adt_hard_20240410_1,AtCoder Daily Training HARD 2024/04/10 16:00start,2024-04-10 07:00:00,2024,Other
AtCoder,adt_hard_20240410_2,AtCoder Daily Training HARD 2024/04/10 18:00start,2024-04-10 09:00:00,2024,Other
AtCoder,adt_hard_20240410_3,AtCoder Daily Training HARD 2024/04/10 20:00start,2024-04-10 11:00:00,2024,Other
AtCoder,adt_hard_20240411_1,AtCoder Daily Training HARD 2024/04/11 16:30start,2024-04-11 07:30:00,2024,Other
AtCoder,adt_hard_20240411_2,AtCoder Daily Training HARD 2024/04/11 18:30start,2024-04-11 09:30:00,2024,Other
AtCoder,adt_hard_20240411_3,AtCoder Daily Training HARD 2024/04/11 20:30start,2024-04-11 11:30:00,2024,Other
AtCoder,adt_hard_20240416_1,AtCoder Daily Training HARD 2024/04/16 15:30start,2024-04-16 06:30:00,2024,Other
AtCoder,adt_hard_20240416_2,AtCoder Daily Training HARD 2024/04/16 17:30start,2024-04-16 08:30:00,2024,Other
AtCoder,adt_hard_20240416_3,AtCoder Daily Training HARD 2024/04/16 19:30start,2024-04-16 10:30:00,2024,Other
AtCoder,adt_hard_20240417_1,AtCoder Daily Training HARD 2024/04/17 16:00start,2024-04-17 07:00:00,2024,Other
AtCoder,adt_hard_20240417_2,AtCoder Daily Training HARD 2024/04/17 18:00start,2024-04-17 09:00:00,2024,Other
AtCoder,adt_hard_20240417_3,AtCoder Daily Training HARD 2024/04/17 20:00start,2024-04-17 11:00:00,2024,Other
AtCoder,adt_hard_20240418_1,AtCoder Daily Training HARD 2024/04/18 16:30start,2024-04-18 07:30:00,2024,Other
AtCoder,adt_hard_20240418_2,AtCoder Daily Training HARD 2024/04/18 18:30start,2024-04-18 09:30:00,2024,Other
AtCoder,adt_hard_20240418_3,AtCoder Daily Training HARD 2024/04/18 20:30start,2024-04-18 11:30:00,2024,Other
AtCoder,adt_hard_20240423_1,AtCoder Daily Training HARD 2024/04/23 15:30start,2024-04-23 06:30:00,2024,Other
AtCoder,adt_hard_20240423_2,AtCoder Daily Training HARD 2024/04/23 17:30start,2024-04-23 08:30:00,2024,Other
AtCoder,adt_hard_20240423_3,AtCoder Daily Training HARD 2024/04/23 19:30start,2024-04-23 10:30:00,2024,Other
AtCoder,adt_hard_20240424_1,AtCoder Daily Training HARD 2024/04/24 16:00start,2024-04-24 07:00:00,2024,Other
AtCoder,adt_hard_20240424_2,AtCoder Daily Training HARD 2024/04/24 18:00start,2024-04-24 09:00:00,2024,Other
AtCoder,adt_hard_20240424_3,AtCoder Daily Training HARD 2024/04/24 20:00start,2024-04-24 11:00:00,2024,Other
AtCoder,adt_hard_20240425_1,AtCoder Daily Training HARD 2024/04/25 16:30start,2024-04-25 07:30:00,2024,Other
AtCoder,adt_hard_20240425_2,AtCoder Daily Training HARD 2024/04/25 18:30start,2024-04-25 09:30:00,2024,Other
AtCoder,adt_hard_20240425_3,AtCoder Daily Training HARD 2024/04/25 20:30start,2024-04-25 11:30:00,2024,Other
AtCoder,adt_hard_20240430_1,AtCoder Daily Training HARD 2024/04/30 15:30start,2024-04-30 06:30:00,2024,Other
AtCoder,adt_hard_20240430_2,AtCoder Daily Training HARD 2024/04/30 17:30start,2024-04-30 08:30:00,2024,Other
AtCoder,adt_hard_20240430_3,AtCoder Daily Training HARD 2024/04/30 19:30start,2024-04-30 10:30:00,2024,Other
AtCoder,adt_hard_20240501_1,AtCoder Daily Training HARD 2024/05/01 16:00start,2024-05-01 07:00:00,2024,Other
AtCoder,adt_hard_20240501_2,AtCoder Daily Training HARD 2024/05/01 18:00start,2024-05-01 09:00:00,2024,Other
AtCoder,adt_hard_20240501_3,AtCoder Daily Training HARD 2024/05/01 20:00start,2024-05-01 11:00:00,2024,Other
AtCoder,adt_hard_20240502_1,AtCoder Daily Training HARD 2024/05/02 16:30start,2024-05-02 07:30:00,2024,Other
AtCoder,adt_hard_20240502_2,AtCoder Daily Training HARD 2024/05/02 18:30start,2024-05-02 09:30:00,2024,Other
AtCoder,adt_hard_20240502_3,AtCoder Daily Training HARD 2024/05/02 20:30start,2024-05-02 11:30:00,2024,Other
AtCoder,adt_hard_20240507_1,AtCoder Daily Training HARD 2024/05/07 15:30start,2024-05-07 06:30:00,2024,Other
AtCoder,adt_hard_20240507_2,AtCoder Daily Training HARD 2024/05/07 17:30start,2024-05-07 08:30:00,2024,Other
AtCoder,adt_hard_20240507_3,AtCoder Daily Training HARD 2024/05/07 19:30start,2024-05-07 10:30:00,2024,Other
AtCoder,adt_hard_20240508_1,AtCoder Daily Training HARD 2024/05/08 16:00start,2024-05-08 07:00:00,2024,Other
AtCoder,adt_hard_20240508_2,AtCoder Daily Training HARD 2024/05/08 18:00start,2024-05-08 09:00:00,2024,Other
AtCoder,adt_hard_20240508_3,AtCoder Daily Training HARD 2024/05/08 20:00start,2024-05-08 11:00:00,2024,Other
AtCoder,adt_hard_20240509_1,AtCoder Daily Training HARD 2024/05/09 16:30start,2024-05-09 07:30:00,2024,Other
AtCoder,adt_hard_20240509_2,AtCoder Daily Training HARD 2024/05/09 18:30start,2024-05-09 09:30:00,2024,Other
AtCoder,adt_hard_20240509_3,AtCoder Daily Training HARD 2024/05/09 20:30start,2024-05-09 11:30:00,2024,Other
AtCoder,adt_hard_20240514_1,AtCoder Daily Training HARD 2024/05/14 15:30start,2024-05-14 06:30:00,2024,Other
AtCoder,adt_hard_20240514_2,AtCoder Daily Training HARD 2024/05/14 17:30start,2024-05-14 08:30:00,2024,Other
AtCoder,adt_hard_20240514_3,AtCoder Daily Training HARD 2024/05/14 19:30start,2024-05-14 10:30:00,2024,Other
AtCoder,adt_hard_20240515_1,AtCoder Daily Training HARD 2024/05/15 16:00start,2024-05-15 07:00:00,2024,Other
AtCoder,adt_hard_20240515_2,AtCoder Daily Training HARD 2024/05/15 18:00start,2024-05-15 09:00:00,2024,Other
AtCoder,adt_hard_20240515_3,AtCoder Daily Training HARD 2024/05/15 20:00start,2024-05-15 11:00:00,2024,Other
AtCoder,adt_hard_20240516_1,AtCoder Daily Training HARD 2024/05/16 16:30start,2024-05-16 07:30:00,2024,Other
AtCoder,adt_hard_20240516_2,AtCoder Daily Training HARD 2024/05/16 18:30start,2024-05-16 09:30:00,2024,Other
AtCoder,adt_hard_20240516_3,AtCoder Daily Training HARD 2024/05/16 20:30start,2024-05-16 11:30:00,2024,Other
AtCoder,adt_hard_20240521_1,AtCoder Daily Training HARD 2024/05/21 15:30start,2024-05-21 06:30:00,2024,Other
AtCoder,adt_hard_20240521_2,AtCoder Daily Training HARD 2024/05/21 17:30start,2024-05-21 08:30:00,2024,Other
AtCoder,adt_hard_20240521_3,AtCoder Daily Training HARD 2024/05/21 19:30start,2024-05-21 10:30:00,2024,Other
AtCoder,adt_hard_20240522_1,AtCoder Daily Training HARD 2024/05/22 16:00start,2024-05-22 07:00:00,2024,Other
AtCoder,adt_hard_20240522_2,AtCoder Daily Training HARD 2024/05/22 18:00start,2024-05-22 09:00:00,2024,Other
AtCoder,adt_hard_20240522_3,AtCoder Daily Training HARD 2024/05/22 20:00start,2024-05-22 11:00:00,2024,Other
AtCoder,adt_hard_20240523_1,AtCoder Daily Training HARD 2024/05/23 16:30start,2024-05-23 07:30:00,2024,Other
AtCoder,adt_hard_20240523_2,AtCoder Daily Training HARD 2024/05/23 18:30start,2024-05-23 09:30:00,2024,Other
AtCoder,adt_hard_20240523_3,AtCoder Daily Training HARD 2024/05/23 20:30start,2024-05-23 11:30:00,2024,Other
AtCoder,adt_hard_20240528_1,AtCoder Daily Training HARD 2024/05/28 15:30start,2024-05-28 06:30:00,2024,Other
AtCoder,adt_hard_20240528_2,AtCoder Daily Training HARD 2024/05/28 17:30start,2024-05-28 08:30:00,2024,Other
AtCoder,adt_hard_20240528_3,AtCoder Daily Training HARD 2024/05/28 19:30start,2024-05-28 10:30:00,2024,Other
AtCoder,adt_hard_20240529_1,AtCoder Daily Training HARD 2024/05/29 16:00start,2024-05-29 07:00:00,2024,Other
AtCoder,adt_hard_20240529_2,AtCoder Daily Training HARD 2024/05/29 18:00start,2024-05-29 09:00:00,2024,Other
AtCoder,adt_hard_20240529_3,AtCoder Daily Training HARD 2024/05/29 20:00start,2024-05-29 11:00:00,2024,Other
AtCoder,adt_hard_20240530_1,AtCoder Daily Training HARD 2024/05/30 16:30start,2024-05-30 07:30:00,2024,Other
AtCoder,adt_hard_20240530_2,AtCoder Daily Training HARD 2024/05/30 18:30start,2024-05-30 09:30:00,2024,Other
AtCoder,adt_hard_20240530_3,AtCoder Daily Training HARD 2024/05/30 20:30start,2024-05-30 11:30:00,2024,Other
AtCoder,adt_hard_20240604_1,AtCoder Daily Training HARD 2024/06/04 15:30start,2024-06-04 06:30:00,2024,Other
AtCoder,adt_hard_20240604_2,AtCoder Daily Training HARD 2024/06/04 17:30start,2024-06-04 08:30:00,2024,Other
AtCoder,adt_hard_20240604_3,AtCoder Daily Training HARD 2024/06/04 19:30start,2024-06-04 10:30:00,2024,Other
AtCoder,adt_hard_20240605_1,AtCoder Daily Training HARD 2024/06/05 16:00start,2024-06-05 07:00:00,2024,Other
AtCoder,adt_hard_20240605_2,AtCoder Daily Training HARD 2024/06/05 18:00start,2024-06-05 09:00:00,2024,Other
AtCoder,adt_hard_20240605_3,AtCoder Daily Training HARD 2024/06/05 20:00start,2024-06-05 11:00:00,2024,Other
AtCoder,adt_hard_20240606_1,AtCoder Daily Training HARD 2024/06/06 16:30start,2024-06-06 07:30:00,2024,Other
AtCoder,adt_hard_20240606_2,AtCoder Daily Training HARD 2024/06/06 18:30start,2024-06-06 09:30:00,2024,Other
AtCoder,adt_hard_20240606_3,AtCoder Daily Training HARD 2024/06/06 20:30start,2024-06-06 11:30:00,2024,Other
AtCoder,adt_hard_20240611_1,AtCoder Daily Training HARD 2024/06/11 15:30start,2024-06-11 06:30:00,2024,Other
AtCoder,adt_hard_20240611_2,AtCoder Daily Training HARD 2024/06/11 17:30start,2024-06-11 08:30:00,2024,Other
AtCoder,adt_hard_20240611_3,AtCoder Daily Training HARD 2024/06/11 19:30start,2024-06-11 10:30:00,2024,Other
AtCoder,adt_hard_20240612_1,AtCoder Daily Training HARD 2024/06/12 16:00start,2024-06-12 07:00:00,2024,Other
AtCoder,adt_hard_20240612_2,AtCoder Daily Training HARD 2024/06/12 18:00start,2024-06-12 09:00:00,2024,Other
AtCoder,adt_hard_20240612_3,AtCoder Daily Training HARD 2024/06/12 20:00start,2024-06-12 11:00:00,2024,Other
AtCoder,adt_hard_20240613_1,AtCoder Daily Training HARD 2024/06/13 16:30start,2024-06-13 07:30:00,2024,Other
AtCoder,adt_hard_20240613_2,AtCoder Daily Training HARD 2024/06/13 18:30start,2024-06-13 09:30:00,2024,Other
AtCoder,adt_hard_20240613_3,AtCoder Daily Training HARD 2024/06/13 20:30start,2024-06-13 11:30:00,2024,Other
AtCoder,adt_hard_20240618_1,AtCoder Daily Training HARD 2024/06/18 15:30start,2024-06-18 06:30:00,2024,Other
AtCoder,adt_hard_20240618_2,AtCoder Daily Training HARD 2024/06/18 17:30start,2024-06-18 08:30:00,2024,Other
AtCoder,adt_hard_20240618_3,AtCoder Daily Training HARD 2024/06/18 19:30start,2024-06-18 10:30:00,2024,Other
AtCoder,adt_hard_20240619_1,AtCoder Daily Training HARD 2024/06/19 16:00start,2024-06-19 07:00:00,2024,Other
AtCoder,adt_hard_20240619_2,AtCoder Daily Training HARD 2024/06/19 18:00start,2024-06-19 09:00:00,2024,Other
AtCoder,adt_hard_20240619_3,AtCoder Daily Training HARD 2024/06/19 20:00start,2024-06-19 11:00:00,2024,Other
AtCoder,adt_hard_20240620_1,AtCoder Daily Training HARD 2024/06/20 16:30start,2024-06-20 07:30:00,2024,Other
AtCoder,adt_hard_20240620_2,AtCoder Daily Training HARD 2024/06/20 18:30start,2024-06-20 09:30:00,2024,Other
AtCoder,adt_hard_20240620_3,AtCoder Daily Training HARD 2024/06/20 20:30start,2024-06-20 11:30:00,2024,Other
AtCoder,adt_hard_20240625_1,AtCoder Daily Training HARD 2024/06/25 15:30start,2024-06-25 06:30:00,2024,Other
AtCoder,adt_hard_20240625_2,AtCoder Daily Training HARD 2024/06/25 17:30start,2024-06-25 08:30:00,2024,Other
AtCoder,adt_hard_20240625_3,AtCoder Daily Training HARD 2024/06/25 19:30start,2024-06-25 10:30:00,2024,Other
AtCoder,adt_hard_20240626_1,AtCoder Daily Training HARD 2024/06/26 16:00start,2024-06-26 07:00:00,2024,Other
AtCoder,adt_hard_20240626_2,AtCoder Daily Training HARD 2024/06/26 18:00start,2024-06-26 09:00:00,2024,Other
AtCoder,adt_hard_20240626_3,AtCoder Daily Training HARD 2024/06/26 20:00start,2024-06-26 11:00:00,2024,Other
AtCoder,adt_hard_20240627_1,AtCoder Daily Training HARD 2024/06/27 16:30start,2024-06-27 07:30:00,2024,Other
AtCoder,adt_hard_20240627_2,AtCoder Daily Training HARD 2024/06/27 18:30start,2024-06-27 09:30:00,2024,Other
AtCoder,adt_hard_20240627_3,AtCoder Daily Training HARD 2024/06/27 20:30start,2024-06-27 11:30:00,2024,Other
AtCoder,adt_hard_20240702_1,AtCoder Daily Training HARD 2024/07/02 15:30start,2024-07-02 06:30:00,2024,Other
AtCoder,adt_hard_20240702_2,AtCoder Daily Training HARD 2024/07/02 17:30start,2024-07-02 08:30:00,2024,Other
AtCoder,adt_hard_20240702_3,AtCoder Daily Training HARD 2024/07/02 19:30start,2024-07-02 10:30:00,2024,Other
AtCoder,adt_hard_20240703_1,AtCoder Daily Training HARD 2024/07/03 16:00start,2024-07-03 07:00:00,2024,Other
AtCoder,adt_hard_20240703_2,AtCoder Daily Training HARD 2024/07/03 18:00start,2024-07-03 09:00:00,2024,Other
AtCoder,adt_hard_20240703_3,AtCoder Daily Training HARD 2024/07/03 20:00start,2024-07-03 11:00:00,2024,Other
AtCoder,adt_hard_20240704_1,AtCoder Daily Training HARD 2024/07/04 16:30start,2024-07-04 07:30:00,2024,Other
AtCoder,adt_hard_20240704_2,AtCoder Daily Training HARD 2024/07/04 18:30start,2024-07-04 09:30:00,2024,Other
AtCoder,adt_hard_20240704_3,AtCoder Daily Training HARD 2024/07/04 20:30start,2024-07-04 11:30:00,2024,Other
AtCoder,adt_hard_20240709_1,AtCoder Daily Training HARD 2024/07/09 15:30start,2024-07-09 06:30:00,2024,Other
AtCoder,adt_hard_20240709_2,AtCoder Daily Training HARD 2024/07/09 17:30start,2024-07-09 08:30:00,2024,Other
AtCoder,adt_hard_20240709_3,AtCoder Daily Training HARD 2024/07/09 19:30start,2024-07-09 10:30:00,2024,Other
AtCoder,adt_hard_20240710_1,AtCoder Daily Training HARD 2024/07/10 16:00start,2024-07-10 07:00:00,2024,Other
AtCoder,adt_hard_20240710_2,AtCoder Daily Training HARD 2024/07/10 18:00start,2024-07-10 09:00:00,2024,Other
AtCoder,adt_hard_20240710_3,AtCoder Daily Training HARD 2024/07/10 20:00start,2024-07-10 11:00:00,2024,Other
AtCoder,adt_hard_20240711_1,AtCoder Daily Training HARD 2024/07/11 16:30start,2024-07-11 07:30:00,2024,Other
AtCoder,adt_hard_20240711_2,AtCoder Daily Training HARD 2024/07/11 18:30start,2024-07-11 09:30:00,2024,Other
AtCoder,adt_hard_20240711_3,AtCoder Daily Training HARD 2024/07/11 20:30start,2024-07-11 11:30:00,2024,Other
AtCoder,adt_hard_20240716_1,AtCoder Daily Training HARD 2024/07/16 15:30start,2024-07-16 06:30:00,2024,Other
AtCoder,adt_hard_20240716_2,AtCoder Daily Training HARD 2024/07/16 17:30start,2024-07-16 08:30:00,2024,Other
AtCoder,adt_hard_20240716_3,AtCoder Daily Training HARD 2024/07/16 19:30start,2024-07-16 10:30:00,2024,Other
AtCoder,adt_hard_20240717_1,AtCoder Daily Training HARD 2024/07/17 16:00start,2024-07-17 07:00:00,2024,Other
AtCoder,adt_hard_20240717_2,AtCoder Daily Training HARD 2024/07/17 18:00start,2024-07-17 09:00:00,2024,Other
AtCoder,adt_hard_20240717_3,AtCoder Daily Training HARD 2024/07/17 20:00start,2024-07-17 11:00:00,2024,Other
AtCoder,adt_hard_20240718_1,AtCoder Daily Training HARD 2024/07/18 16:30start,2024-07-18 07:30:00,2024,Other
AtCoder,adt_hard_20240718_2,AtCoder Daily Training HARD 2024/07/18 18:30start,2024-07-18 09:30:00,2024,Other
AtCoder,adt_hard_20240718_3,AtCoder Daily Training HARD 2024/07/18 20:30start,2024-07-18 11:30:00,2024,Other
AtCoder,adt_hard_20240723_1,AtCoder Daily Training HARD 2024/07/23 15:30start,2024-07-23 06:30:00,2024,Other
AtCoder,adt_hard_20240723_2,AtCoder Daily Training HARD 2024/07/23 17:30start,2024-07-23 08:30:00,2024,Other
AtCoder,adt_hard_20240723_3,AtCoder Daily Training HARD 2024/07/23 19:30start,2024-07-23 10:30:00,2024,Other
AtCoder,adt_hard_20240724_1,AtCoder Daily Training HARD 2024/07/24 16:00start,2024-07-24 07:00:00,2024,Other
AtCoder,adt_hard_20240724_2,AtCoder Daily Training HARD 2024/07/24 18:00start,2024-07-24 09:00:00,2024,Other
AtCoder,adt_hard_20240724_3,AtCoder Daily Training HARD 2024/07/24 20:00start,2024-07-24 11:00:00,2024,Other
AtCoder,adt_hard_20240725_1,AtCoder Daily Training HARD 2024/07/25 16:30start,2024-07-25 07:30:00,2024,Other
AtCoder,adt_hard_20240725_2,AtCoder Daily Training HARD 2024/07/25 18:30start,2024-07-25 09:30:00,2024,Other
AtCoder,adt_hard_20240725_3,AtCoder Daily Training HARD 2024/07/25 20:30start,2024-07-25 11:30:00,2024,Other
AtCoder,adt_hard_20240730_1,AtCoder Daily Training HARD 2024/07/30 15:30start,2024-07-30 06:30:00,2024,Other
AtCoder,adt_hard_20240730_2,AtCoder Daily Training HARD 2024/07/30 17:30start,2024-07-30 08:30:00,2024,Other
AtCoder,adt_hard_20240730_3,AtCoder Daily Training HARD 2024/07/30 19:30start,2024-07-30 10:30:00,2024,Other
AtCoder,adt_hard_20240731_1,AtCoder Daily Training HARD 2024/07/31 16:00start,2024-07-31 07:00:00,2024,Other
AtCoder,adt_hard_20240731_2,AtCoder Daily Training HARD 2024/07/31 18:00start,2024-07-31 09:00:00,2024,Other
AtCoder,adt_hard_20240731_3,AtCoder Daily Training HARD 2024/07/31 20:00start,2024-07-31 11:00:00,2024,Other
AtCoder,adt_hard_20240801_1,AtCoder Daily Training HARD 2024/08/01 16:30start,2024-08-01 07:30:00,2024,Other
AtCoder,adt_hard_20240801_2,AtCoder Daily Training HARD 2024/08/01 18:30start,2024-08-01 09:30:00,2024,Other
AtCoder,adt_hard_20240801_3,AtCoder Daily Training HARD 2024/08/01 20:30start,2024-08-01 11:30:00,2024,Other
AtCoder,adt_hard_20240806_1,AtCoder Daily Training HARD 2024/08/06 15:30start,2024-08-06 06:30:00,2024,Other
AtCoder,adt_hard_20240806_2,AtCoder Daily Training HARD 2024/08/06 17:30start,2024-08-06 08:30:00,2024,Other
AtCoder,adt_hard_20240806_3,AtCoder Daily Training HARD 2024/08/06 19:30start,2024-08-06 10:30:00,2024,Other
AtCoder,adt_hard_20240807_1,AtCoder Daily Training HARD 2024/08/07 16:00start,2024-08-07 07:00:00,2024,Other
AtCoder,adt_hard_20240807_2,AtCoder Daily Training HARD 2024/08/07 18:00start,2024-08-07 09:00:00,2024,Other
AtCoder,adt_hard_20240807_3,AtCoder Daily Training HARD 2024/08/07 20:00start,2024-08-07 11:00:00,2024,Other
AtCoder,adt_hard_20240808_1,AtCoder Daily Training HARD 2024/08/08 16:30start,2024-08-08 07:30:00,2024,Other
AtCoder,adt_hard_20240808_2,AtCoder Daily Training HARD 2024/08/08 18:30start,2024-08-08 09:30:00,2024,Other
AtCoder,adt_hard_20240808_3,AtCoder Daily Training HARD 2024/08/08 20:30start,2024-08-08 11:30:00,2024,Other
AtCoder,adt_hard_20240813_1,AtCoder Daily Training HARD 2024/08/13 15:30start,2024-08-13 06:30:00,2024,Other
AtCoder,adt_hard_20240813_2,AtCoder Daily Training HARD 2024/08/13 17:30start,2024-08-13 08:30:00,2024,Other
AtCoder,adt_hard_20240813_3,AtCoder Daily Training HARD 2024/08/13 19:30start,2024-08-13 10:30:00,2024,Other
AtCoder,adt_hard_20240814_1,AtCoder Daily Training HARD 2024/08/14 16:00start,2024-08-14 07:00:00,2024,Other
AtCoder,adt_hard_20240814_2,AtCoder Daily Training HARD 2024/08/14 18:00start,2024-08-14 09:00:00,2024,Other
AtCoder,adt_hard_20240814_3,AtCoder Daily Training HARD 2024/08/14 20:00start,2024-08-14 11:00:00,2024,Other
AtCoder,adt_hard_20240815_1,AtCoder Daily Training HARD 2024/08/15 16:30start,2024-08-15 07:30:00,2024,Other
AtCoder,adt_hard_20240815_2,AtCoder Daily Training HARD 2024/08/15 18:30start,2024-08-15 09:30:00,2024,Other
AtCoder,adt_hard_20240815_3,AtCoder Daily Training HARD 2024/08/15 20:30start,2024-08-15 11:30:00,2024,Other
AtCoder,adt_hard_20240820_1,AtCoder Daily Training HARD 2024/08/20 15:30start,2024-08-20 06:30:00,2024,Other
AtCoder,adt_hard_20240820_2,AtCoder Daily Training HARD 2024/08/20 17:30start,2024-08-20 08:30:00,2024,Other
AtCoder,adt_hard_20240820_3,AtCoder Daily Training HARD 2024/08/20 19:30start,2024-08-20 10:30:00,2024,Other
AtCoder,adt_hard_20240821_1,AtCoder Daily Training HARD 2024/08/21 16:00start,2024-08-21 07:00:00,2024,Other
AtCoder,adt_hard_20240821_2,AtCoder Daily Training HARD 2024/08/21 18:00start,2024-08-21 09:00:00,2024,Other
AtCoder,adt_hard_20240821_3,AtCoder Daily Training HARD 2024/08/21 20:00start,2024-08-21 11:00:00,2024,Other
AtCoder,adt_hard_20240822_1,AtCoder Daily Training HARD 2024/08/22 16:30start,2024-08-22 07:30:00,2024,Other
AtCoder,adt_hard_20240822_2,AtCoder Daily Training HARD 2024/08/22 18:30start,2024-08-22 09:30:00,2024,Other
AtCoder,adt_hard_20240822_3,AtCoder Daily Training HARD 2024/08/22 20:30start,2024-08-22 11:30:00,2024,Other
AtCoder,adt_hard_20240827_1,AtCoder Daily Training HARD 2024/08/27 15:30start,2024-08-27 06:30:00,2024,Other
AtCoder,adt_hard_20240827_2,AtCoder Daily Training HARD 2024/08/27 17:30start,2024-08-27 08:30:00,2024,Other
AtCoder,adt_hard_20240827_3,AtCoder Daily Training HARD 2024/08/27 19:30start,2024-08-27 10:30:00,2024,Other
AtCoder,adt_hard_20240828_1,AtCoder Daily Training HARD 2024/08/28 16:00start,2024-08-28 07:00:00,2024,Other
AtCoder,adt_hard_20240828_2,AtCoder Daily Training HARD 2024/08/28 18:00start,2024-08-28 09:00:00,2024,Other
AtCoder,adt_hard_20240828_3,AtCoder Daily Training HARD 2024/08/28 20:00start,2024-08-28 11:00:00,2024,Other
AtCoder,adt_hard_20240829_1,AtCoder Daily Training HARD 2024/08/29 16:30start,2024-08-29 07:30:00,2024,Other
AtCoder,adt_hard_20240829_2,AtCoder Daily Training HARD 2024/08/29 18:30start,2024-08-29 09:30:00,2024,Other
AtCoder,adt_hard_20240829_3,AtCoder Daily Training HARD 2024/08/29 20:30start,2024-08-29 11:30:00,2024,Other
AtCoder,adt_hard_20240903_1,AtCoder Daily Training HARD 2024/09/03 15:30start,2024-09-03 06:30:00,2024,Other
AtCoder,adt_hard_20240903_2,AtCoder Daily Training HARD 2024/09/03 17:30start,2024-09-03 08:30:00,2024,Other
AtCoder,adt_hard_20240903_3,AtCoder Daily Training HARD 2024/09/03 19:30start,2024-09-03 10:30:00,2024,Other
AtCoder,adt_hard_20240904_1,AtCoder Daily Training HARD 2024/09/04 16:00start,2024-09-04 07:00:00,2024,Other
AtCoder,adt_hard_20240904_2,AtCoder Daily Training HARD 2024/09/04 18:00start,2024-09-04 09:00:00,2024,Other
AtCoder,adt_hard_20240904_3,AtCoder Daily Training HARD 2024/09/04 20:00start,2024-09-04 11:00:00,2024,Other
AtCoder,adt_hard_20240905_1,AtCoder Daily Training HARD 2024/09/05 16:30start,2024-09-05 07:30:00,2024,Other
AtCoder,adt_hard_20240905_2,AtCoder Daily Training HARD 2024/09/05 18:30start,2024-09-05 09:30:00,2024,Other
AtCoder,adt_hard_20240905_3,AtCoder Daily Training HARD 2024/09/05 20:30start,2024-09-05 11:30:00,2024,Other
AtCoder,adt_hard_20240910_1,AtCoder Daily Training HARD 2024/09/10 15:30start,2024-09-10 06:30:00,2024,Other
AtCoder,adt_hard_20240910_2,AtCoder Daily Training HARD 2024/09/10 17:30start,2024-09-10 08:30:00,2024,Other
AtCoder,adt_hard_20240910_3,AtCoder Daily Training HARD 2024/09/10 19:30start,2024-09-10 10:30:00,2024,Other
AtCoder,adt_hard_20240911_1,AtCoder Daily Training HARD 2024/09/11 16:00start,2024-09-11 07:00:00,2024,Other
AtCoder,adt_hard_20240911_2,AtCoder Daily Training HARD 2024/09/11 18:00start,2024-09-11 09:00:00,2024,Other
AtCoder,adt_hard_20240911_3,AtCoder Daily Training HARD 2024/09/11 20:00start,2024-09-11 11:00:00,2024,Other
AtCoder,adt_hard_20240912_1,AtCoder Daily Training HARD 2024/09/12 16:30start,2024-09-12 07:30:00,2024,Other
AtCoder,adt_hard_20240912_2,AtCoder Daily Training HARD 2024/09/12 18:30start,2024-09-12 09:30:00,2024,Other
AtCoder,adt_hard_20240912_3,AtCoder Daily Training HARD 2024/09/12 20:30start,2024-09-12 11:30:00,2024,Other
AtCoder,adt_hard_20240917_1,AtCoder Daily Training HARD 2024/09/17 15:30start,2024-09-17 06:30:00,2024,Other
AtCoder,adt_hard_20240917_2,AtCoder Daily Training HARD 2024/09/17 17:30start,2024-09-17 08:30:00,2024,Other
AtCoder,adt_hard_20240917_3,AtCoder Daily Training HARD 2024/09/17 19:30start,2024-09-17 10:30:00,2024,Other
AtCoder,adt_hard_20240918_1,AtCoder Daily Training HARD 2024/09/18 16:00start,2024-09-18 07:00:00,2024,Other
AtCoder,adt_hard_20240918_2,AtCoder Daily Training HARD 2024/09/18 18:00start,2024-09-18 09:00:00,2024,Other
AtCoder,adt_hard_20240918_3,AtCoder Daily Training HARD 2024/09/18 20:00start,2024-09-18 11:00:00,2024,Other
AtCoder,adt_hard_20240919_1,AtCoder Daily Training HARD 2024/09/19 16:30start,2024-09-19 07:30:00,2024,Other
AtCoder,adt_hard_20240919_2,AtCoder Daily Training HARD 2024/09/19 18:30start,2024-09-19 09:30:00,2024,Other
AtCoder,adt_hard_20240919_3,AtCoder Daily Training HARD 2024/09/19 20:30start,2024-09-19 11:30:00,2024,Other
AtCoder,adt_hard_20240924_1,AtCoder Daily Training HARD 2024/09/24 15:30start,2024-09-24 06:30:00,2024,Other
AtCoder,adt_hard_20240924_2,AtCoder Daily Training HARD 2024/09/24 17:30start,2024-09-24 08:30:00,2024,Other
AtCoder,adt_hard_20240924_3,AtCoder Daily Training HARD 2024/09/24 19:30start,2024-09-24 10:30:00,2024,Other
AtCoder,adt_hard_20240925_1,AtCoder Daily Training HARD 2024/09/25 16:00start,2024-09-25 07:00:00,2024,Other
AtCoder,adt_hard_20240925_2,AtCoder Daily Training HARD 2024/09/25 18:00start,2024-09-25 09:00:00,2024,Other
AtCoder,adt_hard_20240925_3,AtCoder Daily Training HARD 2024/09/25 20:00start,2024-09-25 11:00:00,2024,Other
AtCoder,adt_hard_20240926_1,AtCoder Daily Training HARD 2024/09/26 16:30start,2024-09-26 07:30:00,2024,Other
AtCoder,adt_hard_20240926_2,AtCoder Daily Training HARD 2024/09/26 18:30start,2024-09-26 09:30:00,2024,Other
AtCoder,adt_hard_20240926_3,AtCoder Daily Training HARD 2024/09/26 20:30start,2024-09-26 11:30:00,2024,Other
AtCoder,adt_hard_20241001_1,AtCoder Daily Training HARD 2024/10/01 15:30start,2024-10-01 06:30:00,2024,Other
AtCoder,adt_hard_20241001_2,AtCoder Daily Training HARD 2024/10/01 17:30start,2024-10-01 08:30:00,2024,Other
AtCoder,adt_hard_20241001_3,AtCoder Daily Training HARD 2024/10/01 19:30start,2024-10-01 10:30:00,2024,Other
AtCoder,adt_hard_20241002_1,AtCoder Daily Training HARD 2024/10/02 16:00start,2024-10-02 07:00:00,2024,Other
AtCoder,adt_hard_20241002_2,AtCoder Daily Training HARD 2024/10/02 18:00start,2024-10-02 09:00:00,2024,Other
AtCoder,adt_hard_20241002_3,AtCoder Daily Training HARD 2024/10/02 20:00start,2024-10-02 11:00:00,2024,Other
AtCoder,adt_hard_20241003_1,AtCoder Daily Training HARD 2024/10/03 16:30start,2024-10-03 07:30:00,2024,Other
AtCoder,adt_hard_20241003_2,AtCoder Daily Training HARD 2024/10/03 18:30start,2024-10-03 09:30:00,2024,Other
AtCoder,adt_hard_20241003_3,AtCoder Daily Training HARD 2024/10/03 20:30start,2024-10-03 11:30:00,2024,Other
AtCoder,adt_hard_20241008_1,AtCoder Daily Training HARD 2024/10/08 15:30start,2024-10-08 06:30:00,2024,Other
AtCoder,adt_hard_20241008_2,AtCoder Daily Training HARD 2024/10/08 17:30start,2024-10-08 08:30:00,2024,Other
AtCoder,adt_hard_20241008_3,AtCoder Daily Training HARD 2024/10/08 19:30start,2024-10-08 10:30:00,2024,Other
AtCoder,adt_hard_20241009_1,AtCoder Daily Training HARD 2024/10/09 16:00start,2024-10-09 07:00:00,2024,Other
AtCoder,adt_hard_20241009_2,AtCoder Daily Training HARD 2024/10/09 18:00start,2024-10-09 09:00:00,2024,Other
AtCoder,adt_hard_20241009_3,AtCoder Daily Training HARD 2024/10/09 20:00start,2024-10-09 11:00:00,2024,Other
AtCoder,adt_hard_20241010_1,AtCoder Daily Training HARD 2024/10/10 16:30start,2024-10-10 07:30:00,2024,Other
AtCoder,adt_hard_20241010_2,AtCoder Daily Training HARD 2024/10/10 18:30start,2024-10-10 09:30:00,2024,Other
AtCoder,adt_hard_20241010_3,AtCoder Daily Training HARD 2024/10/10 20:30start,2024-10-10 11:30:00,2024,Other
AtCoder,adt_hard_20241015_1,AtCoder Daily Training HARD 2024/10/15 15:30start,2024-10-15 06:30:00,2024,Other
AtCoder,adt_hard_20241015_2,AtCoder Daily Training HARD 2024/10/15 17:30start,2024-10-15 08:30:00,2024,Other
AtCoder,adt_hard_20241015_3,AtCoder Daily Training HARD 2024/10/15 19:30start,2024-10-15 10:30:00,2024,Other
AtCoder,adt_hard_20241016_1,AtCoder Daily Training HARD 2024/10/16 16:00start,2024-10-16 07:00:00,2024,Other
AtCoder,adt_hard_20241016_2,AtCoder Daily Training HARD 2024/10/16 18:00start,2024-10-16 09:00:00,2024,Other
AtCoder,adt_hard_20241016_3,AtCoder Daily Training HARD 2024/10/16 20:00start,2024-10-16 11:00:00,2024,Other
AtCoder,adt_hard_20241017_1,AtCoder Daily Training HARD 2024/10/17 16:30start,2024-10-17 07:30:00,2024,Other
AtCoder,adt_hard_20241017_2,AtCoder Daily Training HARD 2024/10/17 18:30start,2024-10-17 09:30:00,2024,Other
AtCoder,adt_hard_20241017_3,AtCoder Daily Training HARD 2024/10/17 20:30start,2024-10-17 11:30:00,2024,Other
AtCoder,adt_hard_20241022_1,AtCoder Daily Training HARD 2024/10/22 15:30start,2024-10-22 06:30:00,2024,Other
AtCoder,adt_hard_20241022_2,AtCoder Daily Training HARD 2024/10/22 17:30start,2024-10-22 08:30:00,2024,Other
AtCoder,adt_hard_20241022_3,AtCoder Daily Training HARD 2024/10/22 19:30start,2024-10-22 10:30:00,2024,Other
AtCoder,adt_hard_20241023_1,AtCoder Daily Training HARD 2024/10/23 16:00start,2024-10-23 07:00:00,2024,Other
AtCoder,adt_hard_20241023_2,AtCoder Daily Training HARD 2024/10/23 18:00start,2024-10-23 09:00:00,2024,Other
AtCoder,adt_hard_20241023_3,AtCoder Daily Training HARD 2024/10/23 20:00start,2024-10-23 11:00:00,2024,Other
AtCoder,adt_hard_20241024_1,AtCoder Daily Training HARD 2024/10/24 16:30start,2024-10-24 07:30:00,2024,Other
AtCoder,adt_hard_20241024_2,AtCoder Daily Training HARD 2024/10/24 18:30start,2024-10-24 09:30:00,2024,Other
AtCoder,adt_hard_20241024_3,AtCoder Daily Training HARD 2024/10/24 20:30start,2024-10-24 11:30:00,2024,Other
AtCoder,adt_hard_20241029_1,AtCoder Daily Training HARD 2024/10/29 15:30start,2024-10-29 06:30:00,2024,Other
AtCoder,adt_hard_20241029_2,AtCoder Daily Training HARD 2024/10/29 17:30start,2024-10-29 08:30:00,2024,Other
AtCoder,adt_hard_20241029_3,AtCoder Daily Training HARD 2024/10/29 19:30start,2024-10-29 10:30:00,2024,Other
AtCoder,adt_hard_20241030_1,AtCoder Daily Training HARD 2024/10/30 16:00start,2024-10-30 07:00:00,2024,Other
AtCoder,adt_hard_20241030_2,AtCoder Daily Training HARD 2024/10/30 18:00start,2024-10-30 09:00:00,2024,Other
AtCoder,adt_hard_20241030_3,AtCoder Daily Training HARD 2024/10/30 20:00start,2024-10-30 11:00:00,2024,Other
AtCoder,adt_hard_20241031_1,AtCoder Daily Training HARD 2024/10/31 16:30start,2024-10-31 07:30:00,2024,Other
AtCoder,adt_hard_20241031_2,AtCoder Daily Training HARD 2024/10/31 18:30start,2024-10-31 09:30:00,2024,Other
AtCoder,adt_hard_20241031_3,AtCoder Daily Training HARD 2024/10/31 20:30start,2024-10-31 11:30:00,2024,Other
AtCoder,adt_hard_20241105_1,AtCoder Daily Training HARD 2024/11/05 15:30start,2024-11-05 06:30:00,2024,Other
AtCoder,adt_hard_20241105_2,AtCoder Daily Training HARD 2024/11/05 17:30start,2024-11-05 08:30:00,2024,Other
AtCoder,adt_hard_20241105_3,AtCoder Daily Training HARD 2024/11/05 19:30start,2024-11-05 10:30:00,2024,Other
AtCoder,adt_hard_20241106_1,AtCoder Daily Training HARD 2024/11/06 16:00start,2024-11-06 07:00:00,2024,Other
AtCoder,adt_hard_20241106_2,AtCoder Daily Training HARD 2024/11/06 18:00start,2024-11-06 09:00:00,2024,Other
AtCoder,adt_hard_20241106_3,AtCoder Daily Training HARD 2024/11/06 20:00start,2024-11-06 11:00:00,2024,Other
AtCoder,adt_hard_20241107_1,AtCoder Daily Training HARD 2024/11/07 16:30start,2024-11-07 07:30:00,2024,Other
AtCoder,adt_hard_20241107_2,AtCoder Daily Training HARD 2024/11/07 18:30start,2024-11-07 09:30:00,2024,Other
AtCoder,adt_hard_20241107_3,AtCoder Daily Training HARD 2024/11/07 20:30start,2024-11-07 11:30:00,2024,Other
AtCoder,adt_hard_20241112_1,AtCoder Daily Training HARD 2024/11/12 15:30start,2024-11-12 06:30:00,2024,Other
AtCoder,adt_hard_20241112_2,AtCoder Daily Training HARD 2024/11/12 17:30start,2024-11-12 08:30:00,2024,Other
AtCoder,adt_hard_20241112_3,AtCoder Daily Training HARD 2024/11/12 19:30start,2024-11-12 10:30:00,2024,Other
AtCoder,adt_hard_20241113_1,AtCoder Daily Training HARD 2024/11/13 16:00start,2024-11-13 07:00:00,2024,Other
AtCoder,adt_hard_20241113_2,AtCoder Daily Training HARD 2024/11/13 18:00start,2024-11-13 09:00:00,2024,Other
AtCoder,adt_hard_20241113_3,AtCoder Daily Training HARD 2024/11/13 20:00start,2024-11-13 11:00:00,2024,Other
AtCoder,adt_hard_20241114_1,AtCoder Daily Training HARD 2024/11/14 16:30start,2024-11-14 07:30:00,2024,Other
AtCoder,adt_hard_20241114_2,AtCoder Daily Training HARD 2024/11/14 18:30start,2024-11-14 09:30:00,2024,Other
AtCoder,adt_hard_20241114_3,AtCoder Daily Training HARD 2024/11/14 20:30start,2024-11-14 11:30:00,2024,Other
AtCoder,adt_hard_20241119_1,AtCoder Daily Training HARD 2024/11/19 15:30start,2024-11-19 06:30:00,2024,Other
AtCoder,adt_hard_20241119_2,AtCoder Daily Training HARD 2024/11/19 17:30start,2024-11-19 08:30:00,2024,Other
AtCoder,adt_hard_20241119_3,AtCoder Daily Training HARD 2024/11/19 19:30start,2024-11-19 10:30:00,2024,Other
AtCoder,adt_hard_20241120_1,AtCoder Daily Training HARD 2024/11/20 16:00start,2024-11-20 07:00:00,2024,Other
AtCoder,adt_hard_20241120_2,AtCoder Daily Training HARD 2024/11/20 18:00start,2024-11-20 09:00:00,2024,Other
AtCoder,adt_hard_20241120_3,AtCoder Daily Training HARD 2024/11/20 20:00start,2024-11-20 11:00:00,2024,Other
AtCoder,adt_hard_20241121_1,AtCoder Daily Training HARD 2024/11/21 16:30start,2024-11-21 07:30:00,2024,Other
AtCoder,adt_hard_20241121_2,AtCoder Daily Training HARD 2024/11/21 18:30start,2024-11-21 09:30:00,2024,Other
AtCoder,adt_hard_20241121_3,AtCoder Daily Training HARD 2024/11/21 20:30start,2024-11-21 11:30:00,2024,Other
AtCoder,adt_hard_20241126_1,AtCoder Daily Training HARD 2024/11/26 15:30start,2024-11-26 06:30:00,2024,Other
AtCoder,adt_hard_20241126_2,AtCoder Daily Training HARD 2024/11/26 17:30start,2024-11-26 08:30:00,2024,Other
AtCoder,adt_hard_20241126_3,AtCoder Daily Training HARD 2024/11/26 19:30start,2024-11-26 10:30:00,2024,Other
AtCoder,adt_hard_20241127_1,AtCoder Daily Training HARD 2024/11/27 16:00start,2024-11-27 07:00:00,2024,Other
AtCoder,adt_hard_20241127_2,AtCoder Daily Training HARD 2024/11/27 18:00start,2024-11-27 09:00:00,2024,Other
AtCoder,adt_hard_20241127_3,AtCoder Daily Training HARD 2024/11/27 20:00start,2024-11-27 11:00:00,2024,Other
AtCoder,adt_hard_20241128_1,AtCoder Daily Training HARD 2024/11/28 16:30start,2024-11-28 07:30:00,2024,Other
AtCoder,adt_hard_20241128_2,AtCoder Daily Training HARD 2024/11/28 18:30start,2024-11-28 09:30:00,2024,Other
AtCoder,adt_hard_20241128_3,AtCoder Daily Training HARD 2024/11/28 20:30start,2024-11-28 11:30:00,2024,Other
AtCoder,adt_hard_20241203_1,AtCoder Daily Training HARD 2024/12/03 15:30start,2024-12-03 06:30:00,2024,Other
AtCoder,adt_hard_20241203_2,AtCoder Daily Training HARD 2024/12/03 17:30start,2024-12-03 08:30:00,2024,Other
AtCoder,adt_hard_20241203_3,AtCoder Daily Training HARD 2024/12/03 19:30start,2024-12-03 10:30:00,2024,Other
AtCoder,adt_hard_20241204_1,AtCoder Daily Training HARD 2024/12/04 16:00start,2024-12-04 07:00:00,2024,Other
AtCoder,adt_hard_20241204_2,AtCoder Daily Training HARD 2024/12/04 18:00start,2024-12-04 09:00:00,2024,Other
AtCoder,adt_hard_20241204_3,AtCoder Daily Training HARD 2024/12/04 20:00start,2024-12-04 11:00:00,2024,Other
AtCoder,adt_hard_20241205_1,AtCoder Daily Training HARD 2024/12/05 16:30start,2024-12-05 07:30:00,2024,Other
AtCoder,adt_hard_20241205_2,AtCoder Daily Training HARD 2024/12/05 18:30start,2024-12-05 09:30:00,2024,Other
AtCoder,adt_hard_20241205_3,AtCoder Daily Training HARD 2024/12/05 20:30start,2024-12-05 11:30:00,2024,Other
AtCoder,adt_hard_20241210_1,AtCoder Daily Training HARD 2024/12/10 15:30start,2024-12-10 06:30:00,2024,Other
AtCoder,adt_hard_20241210_2,AtCoder Daily Training HARD 2024/12/10 17:30start,2024-12-10 08:30:00,2024,Other
AtCoder,adt_hard_20241210_3,AtCoder Daily Training HARD 2024/12/10 19:30start,2024-12-10 10:30:00,2024,Other
AtCoder,adt_hard_20241211_1,AtCoder Daily Training HARD 2024/12/11 16:00start,2024-12-11 07:00:00,2024,Other
AtCoder,adt_hard_20241211_2,AtCoder Daily Training HARD 2024/12/11 18:00start,2024-12-11 09:00:00,2024,Other
AtCoder,adt_hard_20241211_3,AtCoder Daily Training HARD 2024/12/11 20:00start,2024-12-11 11:00:00,2024,Other
AtCoder,adt_hard_20241212_1,AtCoder Daily Training HARD 2024/12/12 16:30start,2024-12-12 07:30:00,2024,Other
AtCoder,adt_hard_20241212_2,AtCoder Daily Training HARD 2024/12/12 18:30start,2024-12-12 09:30:00,2024,Other
AtCoder,adt_hard_20241212_3,AtCoder Daily Training HARD 2024/12/12 20:30start,2024-12-12 11:30:00,2024,Other
AtCoder,adt_hard_20241217_1,AtCoder Daily Training HARD 2024/12/17 15:30start,2024-12-17 06:30:00,2024,Other
AtCoder,adt_hard_20241217_2,AtCoder Daily Training HARD 2024/12/17 17:30start,2024-12-17 08:30:00,2024,Other
AtCoder,adt_hard_20241217_3,AtCoder Daily Training HARD 2024/12/17 19:30start,2024-12-17 10:30:00,2024,Other
AtCoder,adt_hard_20241218_1,AtCoder Daily Training HARD 2024/12/18 16:00start,2024-12-18 07:00:00,2024,Other
AtCoder,adt_hard_20241218_2,AtCoder Daily Training HARD 2024/12/18 18:00start,2024-12-18 09:00:00,2024,Other
AtCoder,adt_hard_20241218_3,AtCoder Daily Training HARD 2024/12/18 20:00start,2024-12-18 11:00:00,2024,Other
AtCoder,adt_hard_20241219_1,AtCoder Daily Training HARD 2024/12/19 16:30start,2024-12-19 07:30:00,2024,Other
AtCoder,adt_hard_20241219_2,AtCoder Daily Training HARD 2024/12/19 18:30start,2024-12-19 09:30:00,2024,Other
AtCoder,adt_hard_20241219_3,AtCoder Daily Training HARD 2024/12/19 20:30start,2024-12-19 11:30:00,2024,Other
AtCoder,adt_hard_20241224_1,AtCoder Daily Training HARD 2024/12/24 15:30start,2024-12-24 06:30:00,2024,Other
AtCoder,adt_hard_20241224_2,AtCoder Daily Training HARD 2024/12/24 17:30start,2024-12-24 08:30:00,2024,Other
AtCoder,adt_hard_20241224_3,AtCoder Daily Training HARD 2024/12/24 19:30start,2024-12-24 10:30:00,2024,Other
AtCoder,adt_hard_20241225_1,AtCoder Daily Training HARD 2024/12/25 16:00start,2024-12-25 07:00:00,2024,Other
AtCoder,adt_hard_20241225_2,AtCoder Daily Training HARD 2024/12/25 18:00start,2024-12-25 09:00:00,2024,Other
AtCoder,adt_hard_20241225_3,AtCoder Daily Training HARD 2024/12/25 20:00start,2024-12-25 11:00:00,2024,Other
AtCoder,adt_hard_20241226_1,AtCoder Daily Training HARD 2024/12/26 16:30start,2024-12-26 07:30:00,2024,Other
AtCoder,adt_hard_20241226_2,AtCoder Daily Training HARD 2024/12/26 18:30start,2024-12-26 09:30:00,2024,Other
AtCoder,adt_hard_20241226_3,AtCoder Daily Training HARD 2024/12/26 20:30start,2024-12-26 11:30:00,2024,Other
AtCoder,adt_hard_20241231_1,AtCoder Daily Training HARD 2024/12/31 15:30start,2024-12-31 06:30:00,2024,Other
AtCoder,adt_hard_20241231_2,AtCoder Daily Training HARD 2024/12/31 17:30start,2024-12-31 08:30:00,2024,Other
AtCoder,adt_hard_20241231_3,AtCoder Daily Training HARD 2024/12/31 19:30start,2024-12-31 10:30:00,2024,Other
AtCoder,adt_hard_20250101_1,AtCoder Daily Training HARD 2025/01/01 16:00start,2025-01-01 07:00:00,2025,Other
AtCoder,adt_hard_20250101_2,AtCoder Daily Training HARD 2025/01/01 18:00start,2025-01-01 09:00:00,2025,Other
AtCoder,adt_hard_20250101_3,AtCoder Daily Training HARD 2025/01/01 20:00start,2025-01-01 11:00:00,2025,Other
AtCoder,adt_hard_20250102_1,AtCoder Daily Training HARD 2025/01/02 16:30start,2025-01-02 07:30:00,2025,Other
AtCoder,adt_hard_20250102_2,AtCoder Daily Training HARD 2025/01/02 18:30start,2025-01-02 09:30:00,2025,Other
AtCoder,adt_hard_20250102_3,AtCoder Daily Training HARD 2025/01/02 20:30start,2025-01-02 11:30:00,2025,Other
AtCoder,adt_hard_20250107_1,AtCoder Daily Training HARD 2025/01/07 15:30start,2025-01-07 06:30:00,2025,Other
AtCoder,adt_hard_20250107_2,AtCoder Daily Training HARD 2025/01/07 17:30start,2025-01-07 08:30:00,2025,Other
AtCoder,adt_hard_20250107_3,AtCoder Daily Training HARD 2025/01/07 19:30start,2025-01-07 10:30:00,2025,Other
AtCoder,adt_hard_20250108_1,AtCoder Daily Training HARD 2025/01/08 16:00start,2025-01-08 07:00:00,2025,Other
AtCoder,adt_hard_20250108_2,AtCoder Daily Training HARD 2025/01/08 18:00start,2025-01-08 09:00:00,2025,Other
AtCoder,adt_hard_20250108_3,AtCoder Daily Training HARD 2025/01/08 20:00start,2025-01-08 11:00:00,2025,Other
AtCoder,adt_hard_20250109_1,AtCoder Daily Training HARD 2025/01/09 16:30start,2025-01-09 07:30:00,2025,Other
AtCoder,adt_hard_20250109_2,AtCoder Daily Training HARD 2025/01/09 18:30start,2025-01-09 09:30:00,2025,Other
AtCoder,adt_hard_20250109_3,AtCoder Daily Training HARD 2025/01/09 20:30start,2025-01-09 11:30:00,2025,Other
AtCoder,adt_hard_20250114_1,AtCoder Daily Training HARD 2025/01/14 15:30start,2025-01-14 06:30:00,2025,Other
AtCoder,adt_hard_20250114_2,AtCoder Daily Training HARD 2025/01/14 17:30start,2025-01-14 08:30:00,2025,Other
AtCoder,adt_hard_20250114_3,AtCoder Daily Training HARD 2025/01/14 19:30start,2025-01-14 10:30:00,2025,Other
AtCoder,adt_hard_20250115_1,AtCoder Daily Training HARD 2025/01/15 16:00start,2025-01-15 07:00:00,2025,Other
AtCoder,adt_hard_20250115_2,AtCoder Daily Training HARD 2025/01/15 18:00start,2025-01-15 09:00:00,2025,Other
AtCoder,adt_hard_20250115_3,AtCoder Daily Training HARD 2025/01/15 20:00start,2025-01-15 11:00:00,2025,Other
AtCoder,adt_hard_20250116_1,AtCoder Daily Training HARD 2025/01/16 16:30start,2025-01-16 07:30:00,2025,Other
AtCoder,adt_hard_20250116_2,AtCoder Daily Training HARD 2025/01/16 18:30start,2025-01-16 09:30:00,2025,Other
AtCoder,adt_hard_20250116_3,AtCoder Daily Training HARD 2025/01/16 20:30start,2025-01-16 11:30:00,2025,Other
AtCoder,adt_hard_20250121_1,AtCoder Daily Training HARD 2025/01/21 15:30start,2025-01-21 06:30:00,2025,Other
AtCoder,adt_hard_20250121_2,AtCoder Daily Training HARD 2025/01/21 17:30start,2025-01-21 08:30:00,2025,Other
AtCoder,adt_hard_20250121_3,AtCoder Daily Training HARD 2025/01/21 19:30start,2025-01-21 10:30:00,2025,Other
AtCoder,adt_hard_20250122_1,AtCoder Daily Training HARD 2025/01/22 16:00start,2025-01-22 07:00:00,2025,Other
AtCoder,adt_hard_20250122_2,AtCoder Daily Training HARD 2025/01/22 18:00start,2025-01-22 09:00:00,2025,Other
AtCoder,adt_hard_20250122_3,AtCoder Daily Training HARD 2025/01/22 20:00start,2025-01-22 11:00:00,2025,Other
AtCoder,adt_hard_20250123_1,AtCoder Daily Training HARD 2025/01/23 16:30start,2025-01-23 07:30:00,2025,Other
AtCoder,adt_hard_20250123_2,AtCoder Daily Training HARD 2025/01/23 18:30start,2025-01-23 09:30:00,2025,Other
AtCoder,adt_hard_20250123_3,AtCoder Daily Training HARD 2025/01/23 20:30start,2025-01-23 11:30:00,2025,Other
AtCoder,adt_hard_20250128_1,AtCoder Daily Training HARD 2025/01/28 15:30start,2025-01-28 06:30:00,2025,Other
AtCoder,adt_hard_20250128_2,AtCoder Daily Training HARD 2025/01/28 17:30start,2025-01-28 08:30:00,2025,Other
AtCoder,adt_hard_20250128_3,AtCoder Daily Training HARD 2025/01/28 19:30start,2025-01-28 10:30:00,2025,Other
AtCoder,adt_hard_20250129_1,AtCoder Daily Training HARD 2025/01/29 16:00start,2025-01-29 07:00:00,2025,Other
AtCoder,adt_hard_20250129_2,AtCoder Daily Training HARD 2025/01/29 18:00start,2025-01-29 09:00:00,2025,Other
AtCoder,adt_hard_20250129_3,AtCoder Daily Training HARD 2025/01/29 20:00start,2025-01-29 11:00:00,2025,Other
AtCoder,adt_hard_20250130_1,AtCoder Daily Training HARD 2025/01/30 16:30start,2025-01-30 07:30:00,2025,Other
AtCoder,adt_hard_20250130_2,AtCoder Daily Training HARD 2025/01/30 18:30start,2025-01-30 09:30:00,2025,Other
AtCoder,adt_hard_20250130_3,AtCoder Daily Training HARD 2025/01/30 20:30start,2025-01-30 11:30:00,2025,Other
AtCoder,adt_hard_20250204_1,AtCoder Daily Training HARD 2025/02/04 15:30start,2025-02-04 06:30:00,2025,Other
AtCoder,adt_hard_20250204_2,AtCoder Daily Training HARD 2025/02/04 17:30start,2025-02-04 08:30:00,2025,Other
AtCoder,adt_hard_20250204_3,AtCoder Daily Training HARD 2025/02/04 19:30start,2025-02-04 10:30:00,2025,Other
AtCoder,adt_hard_20250205_1,AtCoder Daily Training HARD 2025/02/05 16:00start,2025-02-05 07:00:00,2025,Other
AtCoder,adt_hard_20250205_2,AtCoder Daily Training HARD 2025/02/05 18:00start,2025-02-05 09:00:00,2025,Other
AtCoder,adt_hard_20250205_3,AtCoder Daily Training HARD 2025/02/05 20:00start,2025-02-05 11:00:00,2025,Other
AtCoder,adt_hard_20250206_1,AtCoder Daily Training HARD 2025/02/06 16:30start,2025-02-06 07:30:00,2025,Other
AtCoder,adt_hard_20250206_2,AtCoder Daily Training HARD 2025/02/06 18:30start,2025-02-06 09:30:00,2025,Other
AtCoder,adt_hard_20250206_3,AtCoder Daily Training HARD 2025/02/06 20:30start,2025-02-06 11:30:00,2025,Other
AtCoder,adt_hard_20250211_1,AtCoder Daily Training HARD 2025/02/11 15:30start,2025-02-11 06:30:00,2025,Other
AtCoder,adt_hard_20250211_2,AtCoder Daily Training HARD 2025/02/11 17:30start,2025-02-11 08:30:00,2025,Other
AtCoder,adt_hard_20250211_3,AtCoder Daily Training HARD 2025/02/11 19:30start,2025-02-11 10:30:00,2025,Other
AtCoder,adt_hard_20250212_1,AtCoder Daily Training HARD 2025/02/12 16:00start,2025-02-12 07:00:00,2025,Other
AtCoder,adt_hard_20250212_2,AtCoder Daily Training HARD 2025/02/12 18:00start,2025-02-12 09:00:00,2025,Other
AtCoder,adt_hard_20250212_3,AtCoder Daily Training HARD 2025/02/12 20:00start,2025-02-12 11:00:00,2025,Other
AtCoder,adt_hard_20250213_1,AtCoder Daily Training HARD 2025/02/13 16:30start,2025-02-13 07:30:00,2025,Other
AtCoder,adt_hard_20250213_2,AtCoder Daily Training HARD 2025/02/13 18:30start,2025-02-13 09:30:00,2025,Other
AtCoder,adt_hard_20250213_3,AtCoder Daily Training HARD 2025/02/13 20:30start,2025-02-13 11:30:00,2025,Other
AtCoder,adt_hard_20250218_1,AtCoder Daily Training HARD 2025/02/18 15:30start,2025-02-18 06:30:00,2025,Other
AtCoder,adt_hard_20250218_2,AtCoder Daily Training HARD 2025/02/18 17:30start,2025-02-18 08:30:00,2025,Other
AtCoder,adt_hard_20250218_3,AtCoder Daily Training HARD 2025/02/18 19:30start,2025-02-18 10:30:00,2025,Other
AtCoder,adt_hard_20250219_1,AtCoder Daily Training HARD 2025/02/19 16:00start,2025-02-19 07:00:00,2025,Other
AtCoder,adt_hard_20250219_2,AtCoder Daily Training HARD 2025/02/19 18:00start,2025-02-19 09:00:00,2025,Other
AtCoder,adt_hard_20250219_3,AtCoder Daily Training HARD 2025/02/19 20:00start,2025-02-19 11:00:00,2025,Other
AtCoder,adt_hard_20250220_1,AtCoder Daily Training HARD 2025/02/20 16:30start,2025-02-20 07:30:00,2025,Other
AtCoder,adt_hard_20250220_2,AtCoder Daily Training HARD 2025/02/20 18:30start,2025-02-20 09:30:00,2025,Other
AtCoder,adt_hard_20250220_3,AtCoder Daily Training HARD 2025/02/20 20:30start,2025-02-20 11:30:00,2025,Other
AtCoder,adt_hard_20250225_1,AtCoder Daily Training HARD 2025/02/25 15:30start,2025-02-25 06:30:00,2025,Other
AtCoder,adt_hard_20250225_2,AtCoder Daily Training HARD 2025/02/25 17:30start,2025-02-25 08:30:00,2025,Other
AtCoder,adt_hard_20250225_3,AtCoder Daily Training HARD 2025/02/25 19:30start,2025-02-25 10:30:00,2025,Other
AtCoder,adt_hard_20250226_1,AtCoder Daily Training HARD 2025/02/26 16:00start,2025-02-26 07:00:00,2025,Other
AtCoder,adt_hard_20250226_2,AtCoder Daily Training HARD 2025/02/26 18:00start,2025-02-26 09:00:00,2025,Other
AtCoder,adt_hard_20250226_3,AtCoder Daily Training HARD 2025/02/26 20:00start,2025-02-26 11:00:00,2025,Other
AtCoder,adt_hard_20250227_1,AtCoder Daily Training HARD 2025/02/27 16:30start,2025-02-27 07:30:00,2025,Other
AtCoder,adt_hard_20250227_2,AtCoder Daily Training HARD 2025/02/27 18:30start,2025-02-27 09:30:00,2025,Other
AtCoder,adt_hard_20250227_3,AtCoder Daily Training HARD 2025/02/27 20:30start,2025-02-27 11:30:00,2025,Other
AtCoder,adt_hard_20250304_1,AtCoder Daily Training HARD 2025/03/04 15:30start,2025-03-04 06:30:00,2025,Other
AtCoder,adt_hard_20250304_2,AtCoder Daily Training HARD 2025/03/04 17:30start,2025-03-04 08:30:00,2025,Other
AtCoder,adt_hard_20250304_3,AtCoder Daily Training HARD 2025/03/04 19:30start,2025-03-04 10:30:00,2025,Other
AtCoder,adt_hard_20250305_1,AtCoder Daily Training HARD 2025/03/05 16:00start,2025-03-05 07:00:00,2025,Other
AtCoder,adt_hard_20250305_2,AtCoder Daily Training HARD 2025/03/05 18:00start,2025-03-05 09:00:00,2025,Other
AtCoder,adt_hard_20250305_3,AtCoder Daily Training HARD 2025/03/05 20:00start,2025-03-05 11:00:00,2025,Other
AtCoder,adt_hard_20250306_1,AtCoder Daily Training HARD 2025/03/06 16:30start,2025-03-06 07:30:00,2025,Other
AtCoder,adt_hard_20250306_2,AtCoder Daily Training HARD 2025/03/06 18:30start,2025-03-06 09:30:00,2025,Other
AtCoder,adt_hard_20250306_3,AtCoder Daily Training HARD 2025/03/06 20:30start,2025-03-06 11:30:00,2025,Other
AtCoder,adt_hard_20250311_1,AtCoder Daily Training HARD 2025/03/11 15:30start,2025-03-11 06:30:00,2025,Other
AtCoder,adt_hard_20250311_2,AtCoder Daily Training HARD 2025/03/11 17:30start,2025-03-11 08:30:00,2025,Other
AtCoder,adt_hard_20250311_3,AtCoder Daily Training HARD 2025/03/11 19:30start,2025-03-11 10:30:00,2025,Other
AtCoder,adt_hard_20250312_1,AtCoder Daily Training HARD 2025/03/12 16:00start,2025-03-12 07:00:00,2025,Other
AtCoder,adt_hard_20250312_2,AtCoder Daily Training HARD 2025/03/12 18:00start,2025-03-12 09:00:00,2025,Other
AtCoder,adt_hard_20250312_3,AtCoder Daily Training HARD 2025/03/12 20:00start,2025-03-12 11:00:00,2025,Other
AtCoder,adt_hard_20250313_1,AtCoder Daily Training HARD 2025/03/13 16:30start,2025-03-13 07:30:00,2025,Other
AtCoder,adt_hard_20250313_2,AtCoder Daily Training HARD 2025/03/13 18:30start,2025-03-13 09:30:00,2025,Other
AtCoder,adt_hard_20250313_3,AtCoder Daily Training HARD 2025/03/13 20:30start,2025-03-13 11:30:00,2025,Other
AtCoder,adt_hard_20250318_1,AtCoder Daily Training HARD 2025/03/18 15:30start,2025-03-18 06:30:00,2025,Other
AtCoder,adt_hard_20250318_2,AtCoder Daily Training HARD 2025/03/18 17:30start,2025-03-18 08:30:00,2025,Other
AtCoder,adt_hard_20250318_3,AtCoder Daily Training HARD 2025/03/18 19:30start,2025-03-18 10:30:00,2025,Other
AtCoder,adt_hard_20250319_1,AtCoder Daily Training HARD 2025/03/19 16:00start,2025-03-19 07:00:00,2025,Other
AtCoder,adt_hard_20250319_2,AtCoder Daily Training HARD 2025/03/19 18:00start,2025-03-19 09:00:00,2025,Other
AtCoder,adt_hard_20250319_3,AtCoder Daily Training HARD 2025/03/19 20:00start,2025-03-19 11:00:00,2025,Other
AtCoder,adt_hard_20250320_1,AtCoder Daily Training HARD 2025/03/20 16:30start,2025-03-20 07:30:00,2025,Other
AtCoder,adt_hard_20250320_2,AtCoder Daily Training HARD 2025/03/20 18:30start,2025-03-20 09:30:00,2025,Other
AtCoder,adt_hard_20250320_3,AtCoder Daily Training HARD 2025/03/20 20:30start,2025-03-20 11:30:00,2025,Other
AtCoder,adt_hard_20250325_1,AtCoder Daily Training HARD 2025/03/25 15:30start,2025-03-25 06:30:00,2025,Other
AtCoder,adt_hard_20250325_2,AtCoder Daily Training HARD 2025/03/25 17:30start,2025-03-25 08:30:00,2025,Other
AtCoder,adt_hard_20250325_3,AtCoder Daily Training HARD 2025/03/25 19:30start,2025-03-25 10:30:00,2025,Other
AtCoder,adt_hard_20250326_1,AtCoder Daily Training HARD 2025/03/26 16:00start,2025-03-26 07:00:00,2025,Other
AtCoder,adt_hard_20250326_2,AtCoder Daily Training HARD 2025/03/26 18:00start,2025-03-26 09:00:00,2025,Other
AtCoder,adt_hard_20250326_3,AtCoder Daily Training HARD 2025/03/26 20:00start,2025-03-26 11:00:00,2025,Other
AtCoder,adt_hard_20250327_1,AtCoder Daily Training HARD 2025/03/27 16:30start,2025-03-27 07:30:00,2025,Other
AtCoder,adt_hard_20250327_2,AtCoder Daily Training HARD 2025/03/27 18:30start,2025-03-27 09:30:00,2025,Other
AtCoder,adt_hard_20250327_3,AtCoder Daily Training HARD 2025/03/27 20:30start,2025-03-27 11:30:00,2025,Other
AtCoder,adt_hard_20250401_1,AtCoder Daily Training HARD 2025/04/01 15:30start,2025-04-01 06:30:00,2025,Other
AtCoder,adt_hard_20250401_2,AtCoder Daily Training HARD 2025/04/01 17:30start,2025-04-01 08:30:00,2025,Other
AtCoder,adt_hard_20250401_3,AtCoder Daily Training HARD 2025/04/01 19:30start,2025-04-01 10:30:00,2025,Other
AtCoder,adt_hard_20250402_1,AtCoder Daily Training HARD 2025/04/02 16:00start,2025-04-02 07:00:00,2025,Other
AtCoder,adt_hard_20250402_2,AtCoder Daily Training HARD 2025/04/02 18:00start,2025-04-02 09:00:00,2025,Other
AtCoder,adt_hard_20250402_3,AtCoder Daily Training HARD 2025/04/02 20:00start,2025-04-02 11:00:00,2025,Other
AtCoder,adt_hard_20250403_1,AtCoder Daily Training HARD 2025/04/03 16:30start,2025-04-03 07:30:00,2025,Other
AtCoder,adt_hard_20250403_2,AtCoder Daily Training HARD 2025/04/03 18:30start,2025-04-03 09:30:00,2025,Other
AtCoder,adt_hard_20250403_3,AtCoder Daily Training HARD 2025/04/03 20:30start,2025-04-03 11:30:00,2025,Other
AtCoder,adt_hard_20250408_1,AtCoder Daily Training HARD 2025/04/08 15:30start,2025-04-08 06:30:00,2025,Other
AtCoder,adt_hard_20250408_2,AtCoder Daily Training HARD 2025/04/08 17:30start,2025-04-08 08:30:00,2025,Other
AtCoder,adt_hard_20250408_3,AtCoder Daily Training HARD 2025/04/08 19:30start,2025-04-08 10:30:00,2025,Other
AtCoder,adt_hard_20250409_1,AtCoder Daily Training HARD 2025/04/09 16:00start,2025-04-09 07:00:00,2025,Other
AtCoder,adt_hard_20250409_2,AtCoder Daily Training HARD 2025/04/09 18:00start,2025-04-09 09:00:00,2025,Other
AtCoder,adt_hard_20250409_3,AtCoder Daily Training HARD 2025/04/09 20:00start,2025-04-09 11:00:00,2025,Other
AtCoder,adt_hard_20250410_1,AtCoder Daily Training HARD 2025/04/10 16:30start,2025-04-10 07:30:00,2025,Other
AtCoder,adt_hard_20250410_2,AtCoder Daily Training HARD 2025/04/10 18:30start,2025-04-10 09:30:00,2025,Other
AtCoder,adt_hard_20250410_3,AtCoder Daily Training HARD 2025/04/10 20:30start,2025-04-10 11:30:00,2025,Other
AtCoder,adt_hard_20250415_1,AtCoder Daily Training HARD 2025/04/15 15:30start,2025-04-15 06:30:00,2025,Other
AtCoder,adt_hard_20250415_2,AtCoder Daily Training HARD 2025/04/15 17:30start,2025-04-15 08:30:00,2025,Other
AtCoder,adt_hard_20250415_3,AtCoder Daily Training HARD 2025/04/15 19:30start,2025-04-15 10:30:00,2025,Other
AtCoder,adt_hard_20250416_1,AtCoder Daily Training HARD 2025/04/16 16:00start,2025-04-16 07:00:00,2025,Other
AtCoder,adt_hard_20250416_2,AtCoder Daily Training HARD 2025/04/16 18:00start,2025-04-16 09:00:00,2025,Other
AtCoder,adt_hard_20250416_3,AtCoder Daily Training HARD 2025/04/16 20:00start,2025-04-16 11:00:00,2025,Other
AtCoder,adt_hard_20250417_1,AtCoder Daily Training HARD 2025/04/17 16:30start,2025-04-17 07:30:00,2025,Other
AtCoder,adt_hard_20250417_2,AtCoder Daily Training HARD 2025/04/17 18:30start,2025-04-17 09:30:00,2025,Other
AtCoder,adt_hard_20250417_3,AtCoder Daily Training HARD 2025/04/17 20:30start,2025-04-17 11:30:00,2025,Other
AtCoder,adt_hard_20250422_1,AtCoder Daily Training HARD 2025/04/22 15:30start,2025-04-22 06:30:00,2025,Other
AtCoder,adt_hard_20250422_2,AtCoder Daily Training HARD 2025/04/22 17:30start,2025-04-22 08:30:00,2025,Other
AtCoder,adt_hard_20250422_3,AtCoder Daily Training HARD 2025/04/22 19:30start,2025-04-22 10:30:00,2025,Other
AtCoder,adt_hard_20250423_1,AtCoder Daily Training HARD 2025/04/23 16:00start,2025-04-23 07:00:00,2025,Other
AtCoder,adt_hard_20250423_2,AtCoder Daily Training HARD 2025/04/23 18:00start,2025-04-23 09:00:00,2025,Other
AtCoder,adt_hard_20250423_3,AtCoder Daily Training HARD 2025/04/23 20:00start,2025-04-23 11:00:00,2025,Other
AtCoder,adt_hard_20250424_1,AtCoder Daily Training HARD 2025/04/24 16:30start,2025-04-24 07:30:00,2025,Other
AtCoder,adt_hard_20250424_2,AtCoder Daily Training HARD 2025/04/24 18:30start,2025-04-24 09:30:00,2025,Other
AtCoder,adt_hard_20250424_3,AtCoder Daily Training HARD 2025/04/24 20:30start,2025-04-24 11:30:00,2025,Other
AtCoder,adt_hard_20250429_1,AtCoder Daily Training HARD 2025/04/29 15:30start,2025-04-29 06:30:00,2025,Other
AtCoder,adt_hard_20250429_2,AtCoder Daily Training HARD 2025/04/29 17:30start,2025-04-29 08:30:00,2025,Other
AtCoder,adt_hard_20250429_3,AtCoder Daily Training HARD 2025/04/29 19:30start,2025-04-29 10:30:00,2025,Other
AtCoder,adt_hard_20250430_1,AtCoder Daily Training HARD 2025/04/30 16:00start,2025-04-30 07:00:00,2025,Other
AtCoder,adt_hard_20250430_2,AtCoder Daily Training HARD 2025/04/30 18:00start,2025-04-30 09:00:00,2025,Other
AtCoder,adt_hard_20250430_3,AtCoder Daily Training HARD 2025/04/30 20:00start,2025-04-30 11:00:00,2025,Other
AtCoder,adt_hard_20250501_1,AtCoder Daily Training HARD 2025/05/01 16:30start,2025-05-01 07:30:00,2025,Other
AtCoder,adt_hard_20250501_2,AtCoder Daily Training HARD 2025/05/01 18:30start,2025-05-01 09:30:00,2025,Other
AtCoder,adt_hard_20250501_3,AtCoder Daily Training HARD 2025/05/01 20:30start,2025-05-01 11:30:00,2025,Other
AtCoder,adt_hard_20250506_1,AtCoder Daily Training HARD 2025/05/06 15:30start,2025-05-06 06:30:00,2025,Other
AtCoder,adt_hard_20250506_2,AtCoder Daily Training HARD 2025/05/06 17:30start,2025-05-06 08:30:00,2025,Other
AtCoder,adt_hard_20250506_3,AtCoder Daily Training HARD 2025/05/06 19:30start,2025-05-06 10:30:00,2025,Other
AtCoder,adt_hard_20250507_1,AtCoder Daily Training HARD 2025/05/07 16:00start,2025-05-07 07:00:00,2025,Other
AtCoder,adt_hard_20250507_2,AtCoder Daily Training HARD 2025/05/07 18:00start,2025-05-07 09:00:00,2025,Other
AtCoder,adt_hard_20250507_3,AtCoder Daily Training HARD 2025/05/07 20:00start,2025-05-07 11:00:00,2025,Other
AtCoder,adt_hard_20250508_1,AtCoder Daily Training HARD 2025/05/08 16:30start,2025-05-08 07:30:00,2025,Other
AtCoder,adt_hard_20250508_2,AtCoder Daily Training HARD 2025/05/08 18:30start,2025-05-08 09:30:00,2025,Other
AtCoder,adt_hard_20250508_3,AtCoder Daily Training HARD 2025/05/08 20:30start,2025-05-08 11:30:00,2025,Other
AtCoder,adt_hard_20250513_1,AtCoder Daily Training HARD 2025/05/13 15:30start,2025-05-13 06:30:00,2025,Other
AtCoder,adt_hard_20250513_2,AtCoder Daily Training HARD 2025/05/13 17:30start,2025-05-13 08:30:00,2025,Other
AtCoder,adt_hard_20250513_3,AtCoder Daily Training HARD 2025/05/13 19:30start,2025-05-13 10:30:00,2025,Other
AtCoder,adt_hard_20250514_1,AtCoder Daily Training HARD 2025/05/14 16:00start,2025-05-14 07:00:00,2025,Other
AtCoder,adt_hard_20250514_2,AtCoder Daily Training HARD 2025/05/14 18:00start,2025-05-14 09:00:00,2025,Other
AtCoder,adt_hard_20250514_3,AtCoder Daily Training HARD 2025/05/14 20:00start,2025-05-14 11:00:00,2025,Other
AtCoder,adt_hard_20250515_1,AtCoder Daily Training HARD 2025/05/15 16:30start,2025-05-15 07:30:00,2025,Other
AtCoder,adt_hard_20250515_2,AtCoder Daily Training HARD 2025/05/15 18:30start,2025-05-15 09:30:00,2025,Other
AtCoder,adt_hard_20250515_3,AtCoder Daily Training HARD 2025/05/15 20:30start,2025-05-15 11:30:00,2025,Other
AtCoder,adt_hard_20250520_1,AtCoder Daily Training HARD 2025/05/20 15:30start,2025-05-20 06:30:00,2025,Other
AtCoder,adt_hard_20250520_2,AtCoder Daily Training HARD 2025/05/20 17:30start,2025-05-20 08:30:00,2025,Other
AtCoder,adt_hard_20250520_3,AtCoder Daily Training HARD 2025/05/20 19:30start,2025-05-20 10:30:00,2025,Other
AtCoder,adt_hard_20250521_1,AtCoder Daily Training HARD 2025/05/21 16:00start,2025-05-21 07:00:00,2025,Other
AtCoder,adt_hard_20250521_2,AtCoder Daily Training HARD 2025/05/21 18:00start,2025-05-21 09:00:00,2025,Other
AtCoder,adt_hard_20250521_3,AtCoder Daily Training HARD 2025/05/21 20:00start,2025-05-21 11:00:00,2025,Other
AtCoder,adt_hard_20250522_1,AtCoder Daily Training HARD 2025/05/22 16:30start,2025-05-22 07:30:00,2025,Other
AtCoder,adt_hard_20250522_2,AtCoder Daily Training HARD 2025/05/22 18:30start,2025-05-22 09:30:00,2025,Other
AtCoder,adt_hard_20250522_3,AtCoder Daily Training HARD 2025/05/22 20:30start,2025-05-22 11:30:00,2025,Other
AtCoder,adt_hard_20250527_1,AtCoder Daily Training HARD 2025/05/27 15:30start,2025-05-27 06:30:00,2025,Other
AtCoder,adt_hard_20250527_2,AtCoder Daily Training HARD 2025/05/27 17:30start,2025-05-27 08:30:00,2025,Other
AtCoder,adt_hard_20250527_3,AtCoder Daily Training HARD 2025/05/27 19:30start,2025-05-27 10:30:00,2025,Other
AtCoder,adt_hard_20250528_1,AtCoder Daily Training HARD 2025/05/28 16:00start,2025-05-28 07:00:00,2025,Other
AtCoder,adt_hard_20250528_2,AtCoder Daily Training HARD 2025/05/28 18:00start,2025-05-28 09:00:00,2025,Other
AtCoder,adt_hard_20250528_3,AtCoder Daily Training HARD 2025/05/28 20:00start,2025-05-28 11:00:00,2025,Other
AtCoder,adt_hard_20250529_1,AtCoder Daily Training HARD 2025/05/29 16:30start,2025-05-29 07:30:00,2025,Other
AtCoder,adt_hard_20250529_2,AtCoder Daily Training HARD 2025/05/29 18:30start,2025-05-29 09:30:00,2025,Other
AtCoder,adt_hard_20250529_3,AtCoder Daily Training HARD 2025/05/29 20:30start,2025-05-29 11:30:00,2025,Other
AtCoder,adt_hard_20250603_1,AtCoder Daily Training HARD 2025/06/03 15:30start,2025-06-03 06:30:00,2025,Other
AtCoder,adt_hard_20250603_2,AtCoder Daily Training HARD 2025/06/03 17:30start,2025-06-03 08:30:00,2025,Other
AtCoder,adt_hard_20250603_3,AtCoder Daily Training HARD 2025/06/03 19:30start,2025-06-03 10:30:00,2025,Other
AtCoder,adt_hard_20250604_1,AtCoder Daily Training HARD 2025/06/04 16:00start,2025-06-04 07:00:00,2025,Other
AtCoder,adt_hard_20250604_2,AtCoder Daily Training HARD 2025/06/04 18:00start,2025-06-04 09:00:00,2025,Other
AtCoder,adt_hard_20250604_3,AtCoder Daily Training HARD 2025/06/04 20:00start,2025-06-04 11:00:00,2025,Other
AtCoder,adt_hard_20250605_1,AtCoder Daily Training HARD 2025/06/05 16:30start,2025-06-05 07:30:00,2025,Other
AtCoder,adt_hard_20250605_2,AtCoder Daily Training HARD 2025/06/05 18:30start,2025-06-05 09:30:00,2025,Other
AtCoder,adt_hard_20250605_3,AtCoder Daily Training HARD 2025/06/05 20:30start,2025-06-05 11:30:00,2025,Other
AtCoder,adt_hard_20250610_1,AtCoder Daily Training HARD 2025/06/10 15:30start,2025-06-10 06:30:00,2025,Other
AtCoder,adt_hard_20250610_2,AtCoder Daily Training HARD 2025/06/10 17:30start,2025-06-10 08:30:00,2025,Other
AtCoder,adt_hard_20250610_3,AtCoder Daily Training HARD 2025/06/10 19:30start,2025-06-10 10:30:00,2025,Other
AtCoder,adt_hard_20250611_1,AtCoder Daily Training HARD 2025/06/11 16:00start,2025-06-11 07:00:00,2025,Other
AtCoder,adt_hard_20250611_2,AtCoder Daily Training HARD 2025/06/11 18:00start,2025-06-11 09:00:00,2025,Other
AtCoder,adt_hard_20250611_3,AtCoder Daily Training HARD 2025/06/11 20:00start,2025-06-11 11:00:00,2025,Other
AtCoder,adt_hard_20250612_1,AtCoder Daily Training HARD 2025/06/12 16:30start,2025-06-12 07:30:00,2025,Other
AtCoder,adt_hard_20250612_2,AtCoder Daily Training HARD 2025/06/12 18:30start,2025-06-12 09:30:00,2025,Other
AtCoder,adt_hard_20250612_3,AtCoder Daily Training HARD 2025/06/12 20:30start,2025-06-12 11:30:00,2025,Other
AtCoder,adt_hard_20250617_1,AtCoder Daily Training HARD 2025/06/17 15:30start,2025-06-17 06:30:00,2025,Other
AtCoder,adt_hard_20250617_2,AtCoder Daily Training HARD 2025/06/17 17:30start,2025-06-17 08:30:00,2025,Other
AtCoder,adt_hard_20250617_3,AtCoder Daily Training HARD 2025/06/17 19:30start,2025-06-17 10:30:00,2025,Other
AtCoder,adt_hard_20250618_1,AtCoder Daily Training HARD 2025/06/18 16:00start,2025-06-18 07:00:00,2025,Other
AtCoder,adt_hard_20250618_2,AtCoder Daily Training HARD 2025/06/18 18:00start,2025-06-18 09:00:00,2025,Other
AtCoder,adt_hard_20250618_3,AtCoder Daily Training HARD 2025/06/18 20:00start,2025-06-18 11:00:00,2025,Other
AtCoder,adt_hard_20250619_1,AtCoder Daily Training HARD 2025/06/19 16:30start,2025-06-19 07:30:00,2025,Other
AtCoder,adt_hard_20250619_2,AtCoder Daily Training HARD 2025/06/19 18:30start,2025-06-19 09:30:00,2025,Other
AtCoder,adt_hard_20250619_3,AtCoder Daily Training HARD 2025/06/19 20:30start,2025-06-19 11:30:00,2025,Other
AtCoder,adt_hard_20250624_1,AtCoder Daily Training HARD 2025/06/24 15:30start,2025-06-24 06:30:00,2025,Other
AtCoder,adt_hard_20250624_2,AtCoder Daily Training HARD 2025/06/24 17:30start,2025-06-24 08:30:00,2025,Other
AtCoder,adt_hard_20250624_3,AtCoder Daily Training HARD 2025/06/24 19:30start,2025-06-24 10:30:00,2025,Other
AtCoder,adt_hard_20250625_1,AtCoder Daily Training HARD 2025/06/25 16:00start,2025-06-25 07:00:00,2025,Other
AtCoder,adt_hard_20250625_2,AtCoder Daily Training HARD 2025/06/25 18:00start,2025-06-25 09:00:00,2025,Other
AtCoder,adt_hard_20250625_3,AtCoder Daily Training HARD 2025/06/25 20:00start,2025-06-25 11:00:00,2025,Other
AtCoder,adt_hard_20250626_1,AtCoder Daily Training HARD 2025/06/26 16:30start,2025-06-26 07:30:00,2025,Other
AtCoder,adt_hard_20250626_2,AtCoder Daily Training HARD 2025/06/26 18:30start,2025-06-26 09:30:00,2025,Other
AtCoder,adt_hard_20250626_3,AtCoder Daily Training HARD 2025/06/26 20:30start,2025-06-26 11:30:00,2025,Other
AtCoder,adt_hard_20250701_1,AtCoder Daily Training HARD 2025/07/01 15:30start,2025-07-01 06:30:00,2025,Other
AtCoder,adt_hard_20250701_2,AtCoder Daily Training HARD 2025/07/01 17:30start,2025-07-01 08:30:00,2025,Other
AtCoder,adt_hard_20250701_3,AtCoder Daily Training HARD 2025/07/01 19:30start,2025-07-01 10:30:00,2025,Other
AtCoder,adt_hard_20250702_1,AtCoder Daily Training HARD 2025/07/02 16:00start,2025-07-02 07:00:00,2025,Other
AtCoder,adt_hard_20250702_2,AtCoder Daily Training HARD 2025/07/02 18:00start,2025-07-02 09:00:00,2025,Other
AtCoder,adt_hard_20250702_3,AtCoder Daily Training HARD 2025/07/02 20:00start,2025-07-02 11:00:00,2025,Other
AtCoder,adt_hard_20250703_1,AtCoder Daily Training HARD 2025/07/03 16:30start,2025-07-03 07:30:00,2025,Other
AtCoder,adt_hard_20250703_2,AtCoder Daily Training HARD 2025/07/03 18:30start,2025-07-03 09:30:00,2025,Other
AtCoder,adt_hard_20250703_3,AtCoder Daily Training HARD 2025/07/03 20:30start,2025-07-03 11:30:00,2025,Other
AtCoder,adt_hard_20250708_1,AtCoder Daily Training HARD 2025/07/08 15:30start,2025-07-08 06:30:00,2025,Other
AtCoder,adt_hard_20250708_2,AtCoder Daily Training HARD 2025/07/08 17:30start,2025-07-08 08:30:00,2025,Other
AtCoder,adt_hard_20250708_3,AtCoder Daily Training HARD 2025/07/08 19:30start,2025-07-08 10:30:00,2025,Other
AtCoder,adt_hard_20250709_1,AtCoder Daily Training HARD 2025/07/09 16:00start,2025-07-09 07:00:00,2025,Other
AtCoder,adt_hard_20250709_2,AtCoder Daily Training HARD 2025/07/09 18:00start,2025-07-09 09:00:00,2025,Other
AtCoder,adt_hard_20250709_3,AtCoder Daily Training HARD 2025/07/09 20:00start,2025-07-09 11:00:00,2025,Other
AtCoder,adt_hard_20250710_1,AtCoder Daily Training HARD 2025/07/10 16:30start,2025-07-10 07:30:00,2025,Other
AtCoder,adt_hard_20250710_2,AtCoder Daily Training HARD 2025/07/10 18:30start,2025-07-10 09:30:00,2025,Other
AtCoder,adt_hard_20250710_3,AtCoder Daily Training HARD 2025/07/10 20:30start,2025-07-10 11:30:00,2025,Other
AtCoder,adt_hard_20250715_1,AtCoder Daily Training HARD 2025/07/15 15:30start,2025-07-15 06:30:00,2025,Other
AtCoder,adt_hard_20250715_2,AtCoder Daily Training HARD 2025/07/15 17:30start,2025-07-15 08:30:00,2025,Other
AtCoder,adt_hard_20250715_3,AtCoder Daily Training HARD 2025/07/15 19:30start,2025-07-15 10:30:00,2025,Other
AtCoder,adt_hard_20250716_1,AtCoder Daily Training HARD 2025/07/16 16:00start,2025-07-16 07:00:00,2025,Other
AtCoder,adt_hard_20250716_2,AtCoder Daily Training HARD 2025/07/16 18:00start,2025-07-16 09:00:00,2025,Other
AtCoder,adt_hard_20250716_3,AtCoder Daily Training HARD 2025/07/16 20:00start,2025-07-16 11:00:00,2025,Other
AtCoder,adt_hard_20250717_1,AtCoder Daily Training HARD 2025/07/17 16:30start,2025-07-17 07:30:00,2025,Other
AtCoder,adt_hard_20250717_2,AtCoder Daily Training HARD 2025/07/17 18:30start,2025-07-17 09:30:00,2025,Other
AtCoder,adt_hard_20250717_3,AtCoder Daily Training HARD 2025/07/17 20:30start,2025-07-17 11:30:00,2025,Other
AtCoder,adt_hard_20250722_1,AtCoder Daily Training HARD 2025/07/22 15:30start,2025-07-22 06:30:00,2025,Other
AtCoder,adt_hard_20250722_2,AtCoder Daily Training HARD 2025/07/22 17:30start,2025-07-22 08:30:00,2025,Other
AtCoder,adt_hard_20250722_3,AtCoder Daily Training HARD 2025/07/22 19:30start,2025-07-22 10:30:00,2025,Other
AtCoder,adt_hard_20250723_1,AtCoder Daily Training HARD 2025/07/23 16:00start,2025-07-23 07:00:00,2025,Other
AtCoder,adt_hard_20250723_2,AtCoder Daily Training HARD 2025/07/23 18:00start,2025-07-23 09:00:00,2025,Other
AtCoder,adt_hard_20250723_3,AtCoder Daily Training HARD 2025/07/23 20:00start,2025-07-23 11:00:00,2025,Other
AtCoder,adt_hard_20250724_1,AtCoder Daily Training HARD 2025/07/24 16:30start,2025-07-24 07:30:00,2025,Other
AtCoder,adt_hard_20250724_2,AtCoder Daily Training HARD 2025/07/24 18:30start,2025-07-24 09:30:00,2025,Other
AtCoder,adt_hard_20250724_3,AtCoder Daily Training HARD 2025/07/24 20:30start,2025-07-24 11:30:00,2025,Other
AtCoder,adt_hard_20250729_1,AtCoder Daily Training HARD 2025/07/29 15:30start,2025-07-29 06:30:00,2025,Other
AtCoder,adt_hard_20250729_2,AtCoder Daily Training HARD 2025/07/29 17:30start,2025-07-29 08:30:00,2025,Other
AtCoder,adt_hard_20250729_3,AtCoder Daily Training HARD 2025/07/29 19:30start,2025-07-29 10:30:00,2025,Other
AtCoder,adt_hard_20250730_1,AtCoder Daily Training HARD 2025/07/30 16:00start,2025-07-30 07:00:00,2025,Other
AtCoder,adt_hard_20250730_2,AtCoder Daily Training HARD 2025/07/30 18:00start,2025-07-30 09:00:00,2025,Other
AtCoder,adt_hard_20250730_3,AtCoder Daily Training HARD 2025/07/30 20:00start,2025-07-30 11:00:00,2025,Other
AtCoder,adt_hard_20250731_1,AtCoder Daily Training HARD 2025/07/31 16:30start,2025-07-31 07:30:00,2025,Other
AtCoder,adt_hard_20250731_2,AtCoder Daily Training HARD 2025/07/31 18:30start,2025-07-31 09:30:00,2025,Other
AtCoder,adt_hard_20250731_3,AtCoder Daily Training HARD 2025/07/31 20:30start,2025-07-31 11:30:00,2025,Other
AtCoder,adt_hard_20250805_1,AtCoder Daily Training HARD 2025/08/05 15:30start,2025-08-05 06:30:00,2025,Other
AtCoder,adt_hard_20250805_2,AtCoder Daily Training HARD 2025/08/05 17:30start,2025-08-05 08:30:00,2025,Other
AtCoder,adt_hard_20250805_3,AtCoder Daily Training HARD 2025/08/05 19:30start,2025-08-05 10:30:00,2025,Other
AtCoder,adt_hard_20250806_1,AtCoder Daily Training HARD 2025/08/06 16:00start,2025-08-06 07:00:00,2025,Other
AtCoder,adt_hard_20250806_2,AtCoder Daily Training HARD 2025/08/06 18:00start,2025-08-06 09:00:00,2025,Other
AtCoder,adt_hard_20250806_3,AtCoder Daily Training HARD 2025/08/06 20:00start,2025-08-06 11:00:00,2025,Other
AtCoder,adt_hard_20250807_1,AtCoder Daily Training HARD 2025/08/07 16:30start,2025-08-07 07:30:00,2025,Other
AtCoder,adt_hard_20250807_2,AtCoder Daily Training HARD 2025/08/07 18:30start,2025-08-07 09:30:00,2025,Other
AtCoder,adt_hard_20250807_3,AtCoder Daily Training HARD 2025/08/07 20:30start,2025-08-07 11:30:00,2025,Other
AtCoder,adt_hard_20250812_1,AtCoder Daily Training HARD 2025/08/12 15:30start,2025-08-12 06:30:00,2025,Other
AtCoder,adt_hard_20250812_2,AtCoder Daily Training HARD 2025/08/12 17:30start,2025-08-12 08:30:00,2025,Other
AtCoder,adt_hard_20250812_3,AtCoder Daily Training HARD 2025/08/12 19:30start,2025-08-12 10:30:00,2025,Other
AtCoder,adt_hard_20250813_1,AtCoder Daily Training HARD 2025/08/13 16:00start,2025-08-13 07:00:00,2025,Other
AtCoder,adt_hard_20250813_2,AtCoder Daily Training HARD 2025/08/13 18:00start,2025-08-13 09:00:00,2025,Other
AtCoder,adt_hard_20250813_3,AtCoder Daily Training HARD 2025/08/13 20:00start,2025-08-13 11:00:00,2025,Other
AtCoder,adt_hard_20250814_1,AtCoder Daily Training HARD 2025/08/14 16:30start,2025-08-14 07:30:00,2025,Other
AtCoder,adt_hard_20250814_2,AtCoder Daily Training HARD 2025/08/14 18:30start,2025-08-14 09:30:00,2025,Other
AtCoder,adt_hard_20250814_3,AtCoder Daily Training HARD 2025/08/14 20:30start,2025-08-14 11:30:00,2025,Other
AtCoder,adt_hard_20250819_1,AtCoder Daily Training HARD 2025/08/19 15:30start,2025-08-19 06:30:00,2025,Other
AtCoder,adt_hard_20250819_2,AtCoder Daily Training HARD 2025/08/19 17:30start,2025-08-19 08:30:00,2025,Other
AtCoder,adt_hard_20250819_3,AtCoder Daily Training HARD 2025/08/19 19:30start,2025-08-19 10:30:00,2025,Other
AtCoder,adt_hard_20250820_1,AtCoder Daily Training HARD 2025/08/20 16:00start,2025-08-20 07:00:00,2025,Other
AtCoder,adt_hard_20250820_2,AtCoder Daily Training HARD 2025/08/20 18:00start,2025-08-20 09:00:00,2025,Other
AtCoder,adt_hard_20250820_3,AtCoder Daily Training HARD 2025/08/20 20:00start,2025-08-20 11:00:00,2025,Other
AtCoder,adt_hard_20250821_1,AtCoder Daily Training HARD 2025/08/21 16:30start,2025-08-21 07:30:00,2025,Other
AtCoder,adt_hard_20250821_2,AtCoder Daily Training HARD 2025/08/21 18:30start,2025-08-21 09:30:00,2025,Other
AtCoder,adt_hard_20250821_3,AtCoder Daily Training HARD 2025/08/21 20:30start,2025-08-21 11:30:00,2025,Other
AtCoder,adt_hard_20250826_1,AtCoder Daily Training HARD 2025/08/26 15:30start,2025-08-26 06:30:00,2025,Other
AtCoder,adt_hard_20250826_2,AtCoder Daily Training HARD 2025/08/26 17:30start,2025-08-26 08:30:00,2025,Other
AtCoder,adt_hard_20250826_3,AtCoder Daily Training HARD 2025/08/26 19:30start,2025-08-26 10:30:00,2025,Other
AtCoder,adt_hard_20250827_1,AtCoder Daily Training HARD 2025/08/27 16:00start,2025-08-27 07:00:00,2025,Other
AtCoder,adt_hard_20250827_2,AtCoder Daily Training HARD 2025/08/27 18:00start,2025-08-27 09:00:00,2025,Other
AtCoder,adt_hard_20250827_3,AtCoder Daily Training HARD 2025/08/27 20:00start,2025-08-27 11:00:00,2025,Other
AtCoder,adt_hard_20250828_1,AtCoder Daily Training HARD 2025/08/28 16:30start,2025-08-28 07:30:00,2025,Other
AtCoder,adt_hard_20250828_2,AtCoder Daily Training HARD 2025/08/28 18:30start,2025-08-28 09:30:00,2025,Other
AtCoder,adt_hard_20250828_3,AtCoder Daily Training HARD 2025/08/28 20:30start,2025-08-28 11:30:00,2025,Other
AtCoder,adt_hard_20250902_1,AtCoder Daily Training HARD 2025/09/02 15:30start,2025-09-02 06:30:00,2025,Other
AtCoder,adt_hard_20250902_2,AtCoder Daily Training HARD 2025/09/02 17:30start,2025-09-02 08:30:00,2025,Other
AtCoder,adt_hard_20250902_3,AtCoder Daily Training HARD 2025/09/02 19:30start,2025-09-02 10:30:00,2025,Other
AtCoder,adt_hard_20250903_1,AtCoder Daily Training HARD 2025/09/03 16:00start,2025-09-03 07:00:00,2025,Other
AtCoder,adt_hard_20250903_2,AtCoder Daily Training HARD 2025/09/03 18:00start,2025-09-03 09:00:00,2025,Other
AtCoder,adt_hard_20250903_3,AtCoder Daily Training HARD 2025/09/03 20:00start,2025-09-03 11:00:00,2025,Other
AtCoder,adt_hard_20250904_1,AtCoder Daily Training HARD 2025/09/04 16:30start,2025-09-04 07:30:00,2025,Other
AtCoder,adt_hard_20250904_2,AtCoder Daily Training HARD 2025/09/04 18:30start,2025-09-04 09:30:00,2025,Other
AtCoder,adt_hard_20250904_3,AtCoder Daily Training HARD 2025/09/04 20:30start,2025-09-04 11:30:00,2025,Other
AtCoder,adt_hard_20250909_1,AtCoder Daily Training HARD 2025/09/09 15:30start,2025-09-09 06:30:00,2025,Other
AtCoder,adt_hard_20250909_2,AtCoder Daily Training HARD 2025/09/09 17:30start,2025-09-09 08:30:00,2025,Other
AtCoder,adt_hard_20250909_3,AtCoder Daily Training HARD 2025/09/09 19:30start,2025-09-09 10:30:00,2025,Other
AtCoder,adt_hard_20250910_1,AtCoder Daily Training HARD 2025/09/10 16:00start,2025-09-10 07:00:00,2025,Other
AtCoder,adt_hard_20250910_2,AtCoder Daily Training HARD 2025/09/10 18:00start,2025-09-10 09:00:00,2025,Other
AtCoder,adt_hard_20250910_3,AtCoder Daily Training HARD 2025/09/10 20:00start,2025-09-10 11:00:00,2025,Other
AtCoder,adt_hard_20250911_1,AtCoder Daily Training HARD 2025/09/11 16:30start,2025-09-11 07:30:00,2025,Other
AtCoder,adt_hard_20250911_2,AtCoder Daily Training HARD 2025/09/11 18:30start,2025-09-11 09:30:00,2025,Other
AtCoder,adt_hard_20250911_3,AtCoder Daily Training HARD 2025/09/11 20:30start,2025-09-11 11:30:00,2025,Other
AtCoder,adt_hard_20250916_1,AtCoder Daily Training HARD 2025/09/16 15:30start,2025-09-16 06:30:00,2025,Other
AtCoder,adt_hard_20250916_2,AtCoder Daily Training HARD 2025/09/16 17:30start,2025-09-16 08:30:00,2025,Other
AtCoder,adt_hard_20250916_3,AtCoder Daily Training HARD 2025/09/16 19:30start,2025-09-16 10:30:00,2025,Other
AtCoder,adt_hard_20250917_1,AtCoder Daily Training HARD 2025/09/17 16:00start,2025-09-17 07:00:00,2025,Other
AtCoder,adt_hard_20250917_2,AtCoder Daily Training HARD 2025/09/17 18:00start,2025-09-17 09:00:00,2025,Other
AtCoder,adt_hard_20250917_3,AtCoder Daily Training HARD 2025/09/17 20:00start,2025-09-17 11:00:00,2025,Other
AtCoder,adt_hard_20250918_1,AtCoder Daily Training HARD 2025/09/18 16:30start,2025-09-18 07:30:00,2025,Other
AtCoder,adt_hard_20250918_2,AtCoder Daily Training HARD 2025/09/18 18:30start,2025-09-18 09:30:00,2025,Other
AtCoder,adt_hard_20250918_3,AtCoder Daily Training HARD 2025/09/18 20:30start,2025-09-18 11:30:00,2025,Other
AtCoder,adt_hard_20250923_1,AtCoder Daily Training HARD 2025/09/23 15:30start,2025-09-23 06:30:00,2025,Other
AtCoder,adt_hard_20250923_2,AtCoder Daily Training HARD 2025/09/23 17:30start,2025-09-23 08:30:00,2025,Other
AtCoder,adt_hard_20250923_3,AtCoder Daily Training HARD 2025/09/23 19:30start,2025-09-23 10:30:00,2025,Other
AtCoder,adt_hard_20250924_1,AtCoder Daily Training HARD 2025/09/24 16:00start,2025-09-24 07:00:00,2025,Other
AtCoder,adt_hard_20250924_2,AtCoder Daily Training HARD 2025/09/24 18:00start,2025-09-24 09:00:00,2025,Other
AtCoder,adt_hard_20250924_3,AtCoder Daily Training HARD 2025/09/24 20:00start,2025-09-24 11:00:00,2025,Other
AtCoder,adt_hard_20250925_1,AtCoder Daily Training HARD 2025/09/25 16:30start,2025-09-25 07:30:00,2025,Other
AtCoder,adt_hard_20250925_2,AtCoder Daily Training HARD 2025/09/25 18:30start,2025-09-25 09:30:00,2025,Other
AtCoder,adt_hard_20250925_3,AtCoder Daily Training HARD 2025/09/25 20:30start,2025-09-25 11:30:00,2025,Other
AtCoder,adt_hard_20250930_1,AtCoder Daily Training HARD 2025/09/30 15:30start,2025-09-30 06:30:00,2025,Other
AtCoder,adt_hard_20250930_2,AtCoder Daily Training HARD 2025/09/30 17:30start,2025-09-30 08:30:00,2025,Other
AtCoder,adt_hard_20250930_3,AtCoder Daily Training HARD 2025/09/30 19:30start,2025-09-30 10:30:00,2025,Other
AtCoder,adt_hard_20251001_1,AtCoder Daily Training HARD 2025/10/01 16:00start,2025-10-01 07:00:00,2025,Other
AtCoder,adt_hard_20251001_2,AtCoder Daily Training HARD 2025/10/01 18:00start,2025-10-01 09:00:00,2025,Other
AtCoder,adt_hard_20251001_3,AtCoder Daily Training HARD 2025/10/01 20:00start,2025-10-01 11:00:00,2025,Other
AtCoder,adt_hard_20251002_1,AtCoder Daily Training HARD 2025/10/02 16:30start,2025-10-02 07:30:00,2025,Other
AtCoder,adt_hard_20251002_2,AtCoder Daily Training HARD 2025/10/02 18:30start,2025-10-02 09:30:00,2025,Other
AtCoder,adt_hard_20251002_3,AtCoder Daily Training HARD 2025/10/02 20:30start,2025-10-02 11:30:00,2025,Other
AtCoder,adt_hard_20251007_1,AtCoder Daily Training HARD 2025/10/07 15:30start,2025-10-07 06:30:00,2025,Other
AtCoder,adt_hard_20251007_2,AtCoder Daily Training HARD 2025/10/07 17:30start,2025-10-07 08:30:00,2025,Other
AtCoder,adt_hard_20251007_3,AtCoder Daily Training HARD 2025/10/07 19:30start,2025-10-07 10:30:00,2025,Other
AtCoder,adt_hard_20251008_1,AtCoder Daily Training HARD 2025/10/08 16:00start,2025-10-08 07:00:00,2025,Other
AtCoder,adt_hard_20251008_2,AtCoder Daily Training HARD 2025/10/08 18:00start,2025-10-08 09:00:00,2025,Other
AtCoder,adt_hard_20251008_3,AtCoder Daily Training HARD 2025/10/08 20:00start,2025-10-08 11:00:00,2025,Other
AtCoder,adt_hard_20251009_1,AtCoder Daily Training HARD 2025/10/09 16:30start,2025-10-09 07:30:00,2025,Other
AtCoder,adt_hard_20251009_2,AtCoder Daily Training HARD 2025/10/09 18:30start,2025-10-09 09:30:00,2025,Other
AtCoder,adt_hard_20251009_3,AtCoder Daily Training HARD 2025/10/09 20:30start,2025-10-09 11:30:00,2025,Other
AtCoder,adt_hard_20251014_1,AtCoder Daily Training HARD 2025/10/14 15:30start,2025-10-14 06:30:00,2025,Other
AtCoder,adt_hard_20251014_2,AtCoder Daily Training HARD 2025/10/14 17:30start,2025-10-14 08:30:00,2025,Other
AtCoder,adt_hard_20251014_3,AtCoder Daily Training HARD 2025/10/14 19:30start,2025-10-14 10:30:00,2025,Other
AtCoder,adt_hard_20251015_1,AtCoder Daily Training HARD 2025/10/15 16:00start,2025-10-15 07:00:00,2025,Other
AtCoder,adt_hard_20251015_2,AtCoder Daily Training HARD 2025/10/15 18:00start,2025-10-15 09:00:00,2025,Other
AtCoder,adt_hard_20251015_3,AtCoder Daily Training HARD 2025/10/15 20:00start,2025-10-15 11:00:00,2025,Other
AtCoder,adt_hard_20251016_1,AtCoder Daily Training HARD 2025/10/16 16:30start,2025-10-16 07:30:00,2025,Other
AtCoder,adt_hard_20251016_2,AtCoder Daily Training HARD 2025/10/16 18:30start,2025-10-16 09:30:00,2025,Other
AtCoder,adt_hard_20251016_3,AtCoder Daily Training HARD 2025/10/16 20:30start,2025-10-16 11:30:00,2025,Other
AtCoder,adt_hard_20251021_1,AtCoder Daily Training HARD 2025/10/21 15:30start,2025-10-21 06:30:00,2025,Other
AtCoder,adt_hard_20251021_2,AtCoder Daily Training HARD 2025/10/21 17:30start,2025-10-21 08:30:00,2025,Other
AtCoder,adt_hard_20251021_3,AtCoder Daily Training HARD 2025/10/21 19:30start,2025-10-21 10:30:00,2025,Other
AtCoder,adt_hard_20251022_1,AtCoder Daily Training HARD 2025/10/22 16:00start,2025-10-22 07:00:00,2025,Other
AtCoder,adt_hard_20251022_2,AtCoder Daily Training HARD 2025/10/22 18:00start,2025-10-22 09:00:00,2025,Other
AtCoder,adt_hard_20251022_3,AtCoder Daily Training HARD 2025/10/22 20:00start,2025-10-22 11:00:00,2025,Other
AtCoder,adt_hard_20251023_1,AtCoder Daily Training HARD 2025/10/23 16:30start,2025-10-23 07:30:00,2025,Other
AtCoder,adt_hard_20251023_2,AtCoder Daily Training HARD 2025/10/23 18:30start,2025-10-23 09:30:00,2025,Other
AtCoder,adt_hard_20251023_3,AtCoder Daily Training HARD 2025/10/23 20:30start,2025-10-23 11:30:00,2025,Other
AtCoder,adt_hard_20251028_1,AtCoder Daily Training HARD 2025/10/28 15:30start,2025-10-28 06:30:00,2025,Other
AtCoder,adt_hard_20251028_2,AtCoder Daily Training HARD 2025/10/28 17:30start,2025-10-28 08:30:00,2025,Other
AtCoder,adt_hard_20251028_3,AtCoder Daily Training HARD 2025/10/28 19:30start,2025-10-28 10:30:00,2025,Other
AtCoder,adt_hard_20251029_1,AtCoder Daily Training HARD 2025/10/29 16:00start,2025-10-29 07:00:00,2025,Other
AtCoder,adt_hard_20251029_2,AtCoder Daily Training HARD 2025/10/29 18:00start,2025-10-29 09:00:00,2025,Other
AtCoder,adt_hard_20251029_3,AtCoder Daily Training HARD 2025/10/29 20:00start,2025-10-29 11:00:00,2025,Other
AtCoder,adt_hard_20251030_1,AtCoder Daily Training HARD 2025/10/30 16:30start,2025-10-30 07:30:00,2025,Other
AtCoder,adt_hard_20251030_2,AtCoder Daily Training HARD 2025/10/30 18:30start,2025-10-30 09:30:00,2025,Other
AtCoder,adt_hard_20251030_3,AtCoder Daily Training HARD 2025/10/30 20:30start,2025-10-30 11:30:00,2025,Other
AtCoder,adt_hard_20251104_1,AtCoder Daily Training HARD 2025/11/04 15:30start,2025-11-04 06:30:00,2025,Other
AtCoder,adt_hard_20251104_2,AtCoder Daily Training HARD 2025/11/04 17:30start,2025-11-04 08:30:00,2025,Other
AtCoder,adt_hard_20251104_3,AtCoder Daily Training HARD 2025/11/04 19:30start,2025-11-04 10:30:00,2025,Other
AtCoder,adt_hard_20251105_1,AtCoder Daily Training HARD 2025/11/05 16:00start,2025-11-05 07:00:00,2025,Other
AtCoder,adt_hard_20251105_2,AtCoder Daily Training HARD 2025/11/05 18:00start,2025-11-05 09:00:00,2025,Other
AtCoder,adt_hard_20251105_3,AtCoder Daily Training HARD 2025/11/05 20:00start,2025-11-05 11:00:00,2025,Other
AtCoder,adt_hard_20251106_1,AtCoder Daily Training HARD 2025/11/06 16:30start,2025-11-06 07:30:00,2025,Other
AtCoder,adt_hard_20251106_2,AtCoder Daily Training HARD 2025/11/06 18:30start,2025-11-06 09:30:00,2025,Other
AtCoder,adt_hard_20251106_3,AtCoder Daily Training HARD 2025/11/06 20:30start,2025-11-06 11:30:00,2025,Other
AtCoder,adt_hard_20251111_1,AtCoder Daily Training HARD 2025/11/11 15:30start,2025-11-11 06:30:00,2025,Other
AtCoder,adt_hard_20251111_2,AtCoder Daily Training HARD 2025/11/11 17:30start,2025-11-11 08:30:00,2025,Other
AtCoder,adt_hard_20251111_3,AtCoder Daily Training HARD 2025/11/11 19:30start,2025-11-11 10:30:00,2025,Other
AtCoder,adt_hard_20251112_1,AtCoder Daily Training HARD 2025/11/12 16:00start,2025-11-12 07:00:00,2025,Other
AtCoder,adt_hard_20251112_2,AtCoder Daily Training HARD 2025/11/12 18:00start,2025-11-12 09:00:00,2025,Other
AtCoder,adt_hard_20251112_3,AtCoder Daily Training HARD 2025/11/12 20:00start,2025-11-12 11:00:00,2025,Other
AtCoder,adt_hard_20251113_1,AtCoder Daily Training HARD 2025/11/13 16:30start,2025-11-13 07:30:00,2025,Other
AtCoder,adt_hard_20251113_2,AtCoder Daily Training HARD 2025/11/13 18:30start,2025-11-13 09:30:00,2025,Other
AtCoder,adt_hard_20251113_3,AtCoder Daily Training HARD 2025/11/13 20:30start,2025-11-13 11:30:00,2025,Other
AtCoder,adt_hard_20251118_1,AtCoder Daily Training HARD 2025/11/18 15:30start,2025-11-18 06:30:00,2025,Other
AtCoder,adt_hard_20251118_2,AtCoder Daily Training HARD 2025/11/18 17:30start,2025-11-18 08:30:00,2025,Other
AtCoder,adt_hard_20251118_3,AtCoder Daily Training HARD 2025/11/18 19:30start,2025-11-18 10:30:00,2025,Other
AtCoder,adt_hard_20251119_1,AtCoder Daily Training HARD 2025/11/19 16:00start,2025-11-19 07:00:00,2025,Other
AtCoder,adt_hard_20251119_2,AtCoder Daily Training HARD 2025/11/19 18:00start,2025-11-19 09:00:00,2025,Other
AtCoder,adt_hard_20251119_3,AtCoder Daily Training HARD 2025/11/19 20:00start,2025-11-19 11:00:00,2025,Other
AtCoder,adt_hard_20251120_1,AtCoder Daily Training HARD 2025/11/20 16:30start,2025-11-20 07:30:00,2025,Other
AtCoder,adt_hard_20251120_2,AtCoder Daily Training HARD 2025/11/20 18:30start,2025-11-20 09:30:00,2025,Other
AtCoder,adt_hard_20251120_3,AtCoder Daily Training HARD 2025/11/20 20:30start,2025-11-20 11:30:00,2025,Other
AtCoder,adt_hard_20251125_1,AtCoder Daily Training HARD 2025/11/25 15:30start,2025-11-25 06:30:00,2025,Other
AtCoder,adt_hard_20251125_2,AtCoder Daily Training HARD 2025/11/25 17:30start,2025-11-25 08:30:00,2025,Other
AtCoder,adt_hard_20251125_3,AtCoder Daily Training HARD 2025/11/25 19:30start,2025-11-25 10:30:00,2025,Other
AtCoder,adt_hard_20251126_1,AtCoder Daily Training HARD 2025/11/26 16:00start,2025-11-26 07:00:00,2025,Other
AtCoder,adt_hard_20251126_2,AtCoder Daily Training HARD 2025/11/26 18:00start,2025-11-26 09:00:00,2025,Other
AtCoder,adt_hard_20251126_3,AtCoder Daily Training HARD 2025/11/26 20:00start,2025-11-26 11:00:00,2025,Other
AtCoder,adt_hard_20251127_1,AtCoder Daily Training HARD 2025/11/27 16:30start,2025-11-27 07:30:00,2025,Other
AtCoder,adt_hard_20251127_2,AtCoder Daily Training HARD 2025/11/27 18:30start,2025-11-27 09:30:00,2025,Other
AtCoder,adt_hard_20251127_3,AtCoder Daily Training HARD 2025/11/27 20:30start,2025-11-27 11:30:00,2025,Other
AtCoder,adt_hard_20251202_1,AtCoder Daily Training HARD 2025/12/02 15:30start,2025-12-02 06:30:00,2025,Other
AtCoder,adt_hard_20251202_2,AtCoder Daily Training HARD 2025/12/02 17:30start,2025-12-02 08:30:00,2025,Other
AtCoder,adt_hard_20251202_3,AtCoder Daily Training HARD 2025/12/02 19:30start,2025-12-02 10:30:00,2025,Other
AtCoder,adt_hard_20251203_1,AtCoder Daily Training HARD 2025/12/03 16:00start,2025-12-03 07:00:00,2025,Other
AtCoder,adt_hard_20251203_2,AtCoder Daily Training HARD 2025/12/03 18:00start,2025-12-03 09:00:00,2025,Other
AtCoder,adt_hard_20251203_3,AtCoder Daily Training HARD 2025/12/03 20:00start,2025-12-03 11:00:00,2025,Other
AtCoder,adt_hard_20251204_1,AtCoder Daily Training HARD 2025/12/04 16:30start,2025-12-04 07:30:00,2025,Other
AtCoder,adt_hard_20251204_2,AtCoder Daily Training HARD 2025/12/04 18:30start,2025-12-04 09:30:00,2025,Other
AtCoder,adt_hard_20251204_3,AtCoder Daily Training HARD 2025/12/04 20:30start,2025-12-04 11:30:00,2025,Other
AtCoder,adt_hard_20251209_1,AtCoder Daily Training HARD 2025/12/09 15:30start,2025-12-09 06:30:00,2025,Other
AtCoder,adt_hard_20251209_2,AtCoder Daily Training HARD 2025/12/09 17:30start,2025-12-09 08:30:00,2025,Other
AtCoder,adt_hard_20251209_3,AtCoder Daily Training HARD 2025/12/09 19:30start,2025-12-09 10:30:00,2025,Other
AtCoder,adt_hard_20251210_1,AtCoder Daily Training HARD 2025/12/10 16:00start,2025-12-10 07:00:00,2025,Other
AtCoder,adt_hard_20251210_2,AtCoder Daily Training HARD 2025/12/10 18:00start,2025-12-10 09:00:00,2025,Other
AtCoder,adt_hard_20251210_3,AtCoder Daily Training HARD 2025/12/10 20:00start,2025-12-10 11:00:00,2025,Other
AtCoder,adt_hard_20251211_1,AtCoder Daily Training HARD 2025/12/11 16:30start,2025-12-11 07:30:00,2025,Other
AtCoder,adt_hard_20251211_2,AtCoder Daily Training HARD 2025/12/11 18:30start,2025-12-11 09:30:00,2025,Other
AtCoder,adt_hard_20251211_3,AtCoder Daily Training HARD 2025/12/11 20:30start,2025-12-11 11:30:00,2025,Other
AtCoder,adt_hard_20251216_1,AtCoder Daily Training HARD 2025/12/16 15:30start,2025-12-16 06:30:00,2025,Other
AtCoder,adt_hard_20251216_2,AtCoder Daily Training HARD 2025/12/16 17:30start,2025-12-16 08:30:00,2025,Other
AtCoder,adt_hard_20251216_3,AtCoder Daily Training HARD 2025/12/16 19:30start,2025-12-16 10:30:00,2025,Other
AtCoder,adt_hard_20251217_1,AtCoder Daily Training HARD 2025/12/17 16:00start,2025-12-17 07:00:00,2025,Other
AtCoder,adt_hard_20251217_2,AtCoder Daily Training HARD 2025/12/17 18:00start,2025-12-17 09:00:00,2025,Other
AtCoder,adt_hard_20251217_3,AtCoder Daily Training HARD 2025/12/17 20:00start,2025-12-17 11:00:00,2025,Other
AtCoder,adt_hard_20251218_1,AtCoder Daily Training HARD 2025/12/18 16:30start,2025-12-18 07:30:00,2025,Other
AtCoder,adt_hard_20251218_2,AtCoder Daily Training HARD 2025/12/18 18:30start,2025-12-18 09:30:00,2025,Other
AtCoder,adt_hard_20251218_3,AtCoder Daily Training HARD 2025/12/18 20:30start,2025-12-18 11:30:00,2025,Other
AtCoder,adt_hard_20251223_1,AtCoder Daily Training HARD 2025/12/23 15:30start,2025-12-23 06:30:00,2025,Other
AtCoder,adt_hard_20251223_2,AtCoder Daily Training HARD 2025/12/23 17:30start,2025-12-23 08:30:00,2025,Other
AtCoder,adt_hard_20251223_3,AtCoder Daily Training HARD 2025/12/23 19:30start,2025-12-23 10:30:00,2025,Other
AtCoder,adt_hard_20251224_1,AtCoder Daily Training HARD 2025/12/24 16:00start,2025-12-24 07:00:00,2025,Other
AtCoder,adt_hard_20251224_2,AtCoder Daily Training HARD 2025/12/24 18:00start,2025-12-24 09:00:00,2025,Other
AtCoder,adt_hard_20251224_3,AtCoder Daily Training HARD 2025/12/24 20:00start,2025-12-24 11:00:00,2025,Other
AtCoder,adt_hard_20251225_1,AtCoder Daily Training HARD 2025/12/25 16:30start,2025-12-25 07:30:00,2025,Other
AtCoder,adt_hard_20251225_2,AtCoder Daily Training HARD 2025/12/25 18:30start,2025-12-25 09:30:00,2025,Other
AtCoder,adt_hard_20251225_3,AtCoder Daily Training HARD 2025/12/25 20:30start,2025-12-25 11:30:00,2025,Other
AtCoder,adt_hard_20251230_1,AtCoder Daily Training HARD 2025/12/30 15:30start,2025-12-30 06:30:00,2025,Other
AtCoder,adt_hard_20251230_2,AtCoder Daily Training HARD 2025/12/30 17:30start,2025-12-30 08:30:00,2025,Other
AtCoder,adt_hard_20251230_3,AtCoder Daily Training HARD 2025/12/30 19:30start,2025-12-30 10:30:00,2025,Other
AtCoder,adt_hard_20251231_1,AtCoder Daily Training HARD 2025/12/31 16:00start,2025-12-31 07:00:00,2025,Other
AtCoder,adt_hard_20251231_2,AtCoder Daily Training HARD 2025/12/31 18:00start,2025-12-31 09:00:00,2025,Other
AtCoder,adt_hard_20251231_3,AtCoder Daily Training HARD 2025/12/31 20:00start,2025-12-31 11:00:00,2025,Other
AtCoder,adt_hard_20260101_1,AtCoder Daily Training HARD 2026/01/01 16:30start,2026-01-01 07:30:00,2026,Other
AtCoder,adt_hard_20260101_2,AtCoder Daily Training HARD 2026/01/01 18:30start,2026-01-01 09:30:00,2026,Other
AtCoder,adt_hard_20260101_3,AtCoder Daily Training HARD 2026/01/01 20:30start,2026-01-01 11:30:00,2026,Other
AtCoder,adt_hard_20260106_1,AtCoder Daily Training HARD 2026/01/06 15:30start,2026-01-06 06:30:00,2026,Other
AtCoder,adt_hard_20260106_2,AtCoder Daily Training HARD 2026/01/06 17:30start,2026-01-06 08:30:00,2026,Other
AtCoder,adt_hard_20260106_3,AtCoder Daily Training HARD 2026/01/06 19:30start,2026-01-06 10:30:00,2026,Other
AtCoder,adt_hard_20260107_1,AtCoder Daily Training HARD 2026/01/07 16:00start,2026-01-07 07:00:00,2026,Other
AtCoder,adt_hard_20260107_2,AtCoder Daily Training HARD 2026/01/07 18:00start,2026-01-07 09:00:00,2026,Other
AtCoder,adt_hard_20260107_3,AtCoder Daily Training HARD 2026/01/07 20:00start,2026-01-07 11:00:00,2026,Other
AtCoder,adt_hard_20260108_1,AtCoder Daily Training HARD 2026/01/08 16:30start,2026-01-08 07:30:00,2026,Other
AtCoder,adt_hard_20260108_2,AtCoder Daily Training HARD 2026/01/08 18:30start,2026-01-08 09:30:00,2026,Other
AtCoder,adt_hard_20260108_3,AtCoder Daily Training HARD 2026/01/08 20:30start,2026-01-08 11:30:00,2026,Other
AtCoder,adt_hard_20260113_1,AtCoder Daily Training HARD 2026/01/13 15:30start,2026-01-13 06:30:00,2026,Other
AtCoder,adt_hard_20260113_2,AtCoder Daily Training HARD 2026/01/13 17:30start,2026-01-13 08:30:00,2026,Other
AtCoder,adt_hard_20260113_3,AtCoder Daily Training HARD 2026/01/13 19:30start,2026-01-13 10:30:00,2026,Other
AtCoder,adt_hard_20260114_1,AtCoder Daily Training HARD 2026/01/14 16:00start,2026-01-14 07:00:00,2026,Other
AtCoder,adt_hard_20260114_2,AtCoder Daily Training HARD 2026/01/14 18:00start,2026-01-14 09:00:00,2026,Other
AtCoder,adt_hard_20260114_3,AtCoder Daily Training HARD 2026/01/14 20:00start,2026-01-14 11:00:00,2026,Other
AtCoder,adt_hard_20260115_1,AtCoder Daily Training HARD 2026/01/15 16:30start,2026-01-15 07:30:00,2026,Other
AtCoder,adt_hard_20260115_2,AtCoder Daily Training HARD 2026/01/15 18:30start,2026-01-15 09:30:00,2026,Other
AtCoder,adt_hard_20260115_3,AtCoder Daily Training HARD 2026/01/15 20:30start,2026-01-15 11:30:00,2026,Other
AtCoder,adt_hard_20260120_1,AtCoder Daily Training HARD 2026/01/20 15:30start,2026-01-20 06:30:00,2026,Other
AtCoder,adt_hard_20260120_2,AtCoder Daily Training HARD 2026/01/20 17:30start,2026-01-20 08:30:00,2026,Other
AtCoder,adt_hard_20260120_3,AtCoder Daily Training HARD 2026/01/20 19:30start,2026-01-20 10:30:00,2026,Other
AtCoder,adt_hard_20260121_1,AtCoder Daily Training HARD 2026/01/21 16:00start,2026-01-21 07:00:00,2026,Other
AtCoder,adt_hard_20260121_2,AtCoder Daily Training HARD 2026/01/21 18:00start,2026-01-21 09:00:00,2026,Other
AtCoder,adt_hard_20260121_3,AtCoder Daily Training HARD 2026/01/21 20:00start,2026-01-21 11:00:00,2026,Other
AtCoder,adt_hard_20260122_1,AtCoder Daily Training HARD 2026/01/22 16:30start,2026-01-22 07:30:00,2026,Other
AtCoder,adt_hard_20260122_2,AtCoder Daily Training HARD 2026/01/22 18:30start,2026-01-22 09:30:00,2026,Other
AtCoder,adt_hard_20260122_3,AtCoder Daily Training HARD 2026/01/22 20:30start,2026-01-22 11:30:00,2026,Other
AtCoder,adt_hard_20260127_1,AtCoder Daily Training HARD 2026/01/27 15:30start,2026-01-27 06:30:00,2026,Other
AtCoder,adt_hard_20260127_2,AtCoder Daily Training HARD 2026/01/27 17:30start,2026-01-27 08:30:00,2026,Other
AtCoder,adt_hard_20260127_3,AtCoder Daily Training HARD 2026/01/27 19:30start,2026-01-27 10:30:00,2026,Other
AtCoder,adt_hard_20260128_1,AtCoder Daily Training HARD 2026/01/28 16:00start,2026-01-28 07:00:00,2026,Other
AtCoder,adt_hard_20260128_2,AtCoder Daily Training HARD 2026/01/28 18:00start,2026-01-28 09:00:00,2026,Other
AtCoder,adt_hard_20260128_3,AtCoder Daily Training HARD 2026/01/28 20:00start,2026-01-28 11:00:00,2026,Other
AtCoder,adt_hard_20260129_1,AtCoder Daily Training HARD 2026/01/29 16:30start,2026-01-29 07:30:00,2026,Other
AtCoder,adt_hard_20260129_2,AtCoder Daily Training HARD 2026/01/29 18:30start,2026-01-29 09:30:00,2026,Other
AtCoder,adt_hard_20260129_3,AtCoder Daily Training HARD 2026/01/29 20:30start,2026-01-29 11:30:00,2026,Other
AtCoder,adt_hard_20260203_1,AtCoder Daily Training HARD 2026/02/03 15:30start,2026-02-03 06:30:00,2026,Other
AtCoder,adt_hard_20260203_2,AtCoder Daily Training HARD 2026/02/03 17:30start,2026-02-03 08:30:00,2026,Other
AtCoder,adt_hard_20260203_3,AtCoder Daily Training HARD 2026/02/03 19:30start,2026-02-03 10:30:00,2026,Other
AtCoder,adt_hard_20260204_1,AtCoder Daily Training HARD 2026/02/04 16:00start,2026-02-04 07:00:00,2026,Other
AtCoder,adt_hard_20260204_2,AtCoder Daily Training HARD 2026/02/04 18:00start,2026-02-04 09:00:00,2026,Other
AtCoder,adt_hard_20260204_3,AtCoder Daily Training HARD 2026/02/04 20:00start,2026-02-04 11:00:00,2026,Other
AtCoder,adt_hard_20260205_1,AtCoder Daily Training HARD 2026/02/05 16:30start,2026-02-05 07:30:00,2026,Other
AtCoder,adt_hard_20260205_2,AtCoder Daily Training HARD 2026/02/05 18:30start,2026-02-05 09:30:00,2026,Other
AtCoder,adt_hard_20260205_3,AtCoder Daily Training HARD 2026/02/05 20:30start,2026-02-05 11:30:00,2026,Other
AtCoder,adt_medium_20231017_1,AtCoder Daily Training MEDIUM 2023/10/17 15:30start,2023-10-17 06:30:00,2023,Other
AtCoder,adt_medium_20231017_2,AtCoder Daily Training MEDIUM 2023/10/17 17:30start,2023-10-17 08:30:00,2023,Other
AtCoder,adt_medium_20231018_1,AtCoder Daily Training MEDIUM 2023/10/18 16:00start,2023-10-18 07:00:00,2023,Other
AtCoder,adt_medium_20231018_2,AtCoder Daily Training MEDIUM 2023/10/18 18:00start,2023-10-18 09:00:00,2023,Other
AtCoder,adt_medium_20231019_1,AtCoder Daily Training MEDIUM 2023/10/19 16:30start,2023-10-19 07:30:00,2023,Other
AtCoder,adt_medium_20231019_2,AtCoder Daily Training MEDIUM 2023/10/19 18:30start,2023-10-19 09:30:00,2023,Other
AtCoder,adt_medium_20231024_1,AtCoder Daily Training MEDIUM 2023/10/24 15:30start,2023-10-24 06:30:00,2023,Other
AtCoder,adt_medium_20231024_2,AtCoder Daily Training MEDIUM 2023/10/24 17:30start,2023-10-24 08:30:00,2023,Other
AtCoder,adt_medium_20231025_1,AtCoder Daily Training MEDIUM 2023/10/25 16:00start,2023-10-25 07:00:00,2023,Other
AtCoder,adt_medium_20231025_2,AtCoder Daily Training MEDIUM 2023/10/25 18:00start,2023-10-25 09:00:00,2023,Other
AtCoder,adt_medium_20231026_1,AtCoder Daily Training MEDIUM 2023/10/26 16:30start,2023-10-26 07:30:00,2023,Other
AtCoder,adt_medium_20231026_2,AtCoder Daily Training MEDIUM 2023/10/26 18:30start,2023-10-26 09:30:00,2023,Other
AtCoder,adt_medium_20231031_1,AtCoder Daily Training MEDIUM 2023/10/31 15:30start,2023-10-31 06:30:00,2023,Other
AtCoder,adt_medium_20231031_2,AtCoder Daily Training MEDIUM 2023/10/31 17:30start,2023-10-31 08:30:00,2023,Other
AtCoder,adt_medium_20231101_1,AtCoder Daily Training MEDIUM 2023/11/1 16:00start,2023-11-01 07:00:00,2023,Other
AtCoder,adt_medium_20231101_2,AtCoder Daily Training MEDIUM 2023/11/1 18:00start,2023-11-01 09:00:00,2023,Other
AtCoder,adt_medium_20231102_1,AtCoder Daily Training MEDIUM 2023/11/2 16:30start,2023-11-02 07:30:00,2023,Other
AtCoder,adt_medium_20231102_2,AtCoder Daily Training MEDIUM 2023/11/2 18:30start,2023-11-02 09:30:00,2023,Other
AtCoder,adt_medium_20231107_1,AtCoder Daily Training MEDIUM 2023/11/7 15:30start,2023-11-07 06:30:00,2023,Other
AtCoder,adt_medium_20231107_2,AtCoder Daily Training MEDIUM 2023/11/7 17:30start,2023-11-07 08:30:00,2023,Other
AtCoder,adt_medium_20231108_1,AtCoder Daily Training MEDIUM 2023/11/8 16:00start,2023-11-08 07:00:00,2023,Other
AtCoder,adt_medium_20231108_2,AtCoder Daily Training MEDIUM 2023/11/8 18:00start,2023-11-08 09:00:00,2023,Other
AtCoder,adt_medium_20231109_1,AtCoder Daily Training MEDIUM 2023/11/9 16:30start,2023-11-09 07:30:00,2023,Other
AtCoder,adt_medium_20231109_2,AtCoder Daily Training MEDIUM 2023/11/9 18:30start,2023-11-09 09:30:00,2023,Other
AtCoder,adt_medium_20231114_1,AtCoder Daily Training MEDIUM 2023/11/14 15:30start,2023-11-14 06:30:00,2023,Other
AtCoder,adt_medium_20231114_2,AtCoder Daily Training MEDIUM 2023/11/14 17:30start,2023-11-14 08:30:00,2023,Other
AtCoder,adt_medium_20231115_1,AtCoder Daily Training MEDIUM 2023/11/15 16:00start,2023-11-15 07:00:00,2023,Other
AtCoder,adt_medium_20231115_2,AtCoder Daily Training MEDIUM 2023/11/15 18:00start,2023-11-15 09:00:00,2023,Other
AtCoder,adt_medium_20231116_1,AtCoder Daily Training MEDIUM 2023/11/1616:30start,2023-11-16 07:30:00,2023,Other
AtCoder,adt_medium_20231116_2,AtCoder Daily Training MEDIUM 2023/11/16 18:30start,2023-11-16 09:30:00,2023,Other
AtCoder,adt_medium_20231121_1,AtCoder Daily Training MEDIUM 2023/11/21 15:30start,2023-11-21 06:30:00,2023,Other
AtCoder,adt_medium_20231121_2,AtCoder Daily Training MEDIUM 2023/11/21 17:30start,2023-11-21 08:30:00,2023,Other
AtCoder,adt_medium_20231122_1,AtCoder Daily Training MEDIUM 2023/11/22 16:00start,2023-11-22 07:00:00,2023,Other
AtCoder,adt_medium_20231122_2,AtCoder Daily Training MEDIUM 2023/11/22 18:00start,2023-11-22 09:00:00,2023,Other
AtCoder,adt_medium_20231123_1,AtCoder Daily Training MEDIUM 2023/11/2316:30start,2023-11-23 07:30:00,2023,Other
AtCoder,adt_medium_20231123_2,AtCoder Daily Training MEDIUM 2023/11/23 18:30start,2023-11-23 09:30:00,2023,Other
AtCoder,adt_medium_20231128_1,AtCoder Daily Training MEDIUM 2023/11/28 15:30start,2023-11-28 06:30:00,2023,Other
AtCoder,adt_medium_20231128_2,AtCoder Daily Training MEDIUM 2023/11/28 17:30start,2023-11-28 08:30:00,2023,Other
AtCoder,adt_medium_20231129_1,AtCoder Daily Training MEDIUM 2023/11/29 16:00start,2023-11-29 07:00:00,2023,Other
AtCoder,adt_medium_20231129_2,AtCoder Daily Training MEDIUM 2023/11/29 18:00start,2023-11-29 09:00:00,2023,Other
AtCoder,adt_medium_20231130_1,AtCoder Daily Training MEDIUM 2023/11/3016:30start,2023-11-30 07:30:00,2023,Other
AtCoder,adt_medium_20231130_2,AtCoder Daily Training MEDIUM 2023/11/30 18:30start,2023-11-30 09:30:00,2023,Other
AtCoder,adt_medium_20231205_1,AtCoder Daily Training MEDIUM 2023/12/5 15:30start,2023-12-05 06:30:00,2023,Other
AtCoder,adt_medium_20231205_2,AtCoder Daily Training MEDIUM 2023/12/5 17:30start,2023-12-05 08:30:00,2023,Other
AtCoder,adt_medium_20231206_1,AtCoder Daily Training MEDIUM 2023/12/6 16:00start,2023-12-06 07:00:00,2023,Other
AtCoder,adt_medium_20231206_2,AtCoder Daily Training MEDIUM 2023/12/6 18:00start,2023-12-06 09:00:00,2023,Other
AtCoder,adt_medium_20231207_1,AtCoder Daily Training MEDIUM 2023/12/7 16:30start,2023-12-07 07:30:00,2023,Other
AtCoder,adt_medium_20231207_2,AtCoder Daily Training MEDIUM 2023/12/7 18:30start,2023-12-07 09:30:00,2023,Other
AtCoder,adt_medium_20231212_1,AtCoder Daily Training MEDIUM 2023/12/12 15:30start,2023-12-12 06:30:00,2023,Other
AtCoder,adt_medium_20231212_2,AtCoder Daily Training MEDIUM 2023/12/12 17:30start,2023-12-12 08:30:00,2023,Other
AtCoder,adt_medium_20231213_1,AtCoder Daily Training MEDIUM 2023/12/13 16:00start,2023-12-13 07:00:00,2023,Other
AtCoder,adt_medium_20231213_2,AtCoder Daily Training MEDIUM 2023/12/13 18:00start,2023-12-13 09:00:00,2023,Other
AtCoder,adt_medium_20231214_1,AtCoder Daily Training MEDIUM 2023/12/14 16:30start,2023-12-14 07:30:00,2023,Other
AtCoder,adt_medium_20231214_2,AtCoder Daily Training MEDIUM 2023/12/14 18:30start,2023-12-14 09:30:00,2023,Other
AtCoder,adt_medium_20231219_1,AtCoder Daily Training MEDIUM 2023/12/19 15:30start,2023-12-19 06:30:00,2023,Other
AtCoder,adt_medium_20231219_2,AtCoder Daily Training MEDIUM 2023/12/19 17:30start,2023-12-19 08:30:00,2023,Other
AtCoder,adt_medium_20231220_1,AtCoder Daily Training MEDIUM 2023/12/20 16:00start,2023-12-20 07:00:00,2023,Other
AtCoder,adt_medium_20231220_2,AtCoder Daily Training MEDIUM 2023/12/20 18:00start,2023-12-20 09:00:00,2023,Other
AtCoder,adt_medium_20231221_1,AtCoder Daily Training MEDIUM 2023/12/21 16:30start,2023-12-21 07:30:00,2023,Other
AtCoder,adt_medium_20231221_2,AtCoder Daily Training MEDIUM 2023/12/21 18:30start,2023-12-21 09:30:00,2023,Other
AtCoder,adt_medium_20231226_1,AtCoder Daily Training MEDIUM 2023/12/26 15:30start,2023-12-26 06:30:00,2023,Other
AtCoder,adt_medium_20231226_2,AtCoder Daily Training MEDIUM 2023/12/26 17:30start,2023-12-26 08:30:00,2023,Other
AtCoder,adt_medium_20231227_1,AtCoder Daily Training MEDIUM 2023/12/27 16:00start,2023-12-27 07:00:00,2023,Other
AtCoder,adt_medium_20231227_2,AtCoder Daily Training MEDIUM 2023/12/27 18:00start,2023-12-27 09:00:00,2023,Other
AtCoder,adt_medium_20231228_1,AtCoder Daily Training MEDIUM 2023/12/28 16:30start,2023-12-28 07:30:00,2023,Other
AtCoder,adt_medium_20231228_2,AtCoder Daily Training MEDIUM 2023/12/28 18:30start,2023-12-28 09:30:00,2023,Other
AtCoder,adt_medium_20240102_1,AtCoder Daily Training MEDIUM 2024/1/2 15:30start,2024-01-02 06:30:00,2024,Other
AtCoder,adt_medium_20240102_2,AtCoder Daily Training MEDIUM 2024/1/2 17:30start,2024-01-02 08:30:00,2024,Other
AtCoder,adt_medium_20240103_1,AtCoder Daily Training MEDIUM 2024/1/3 16:00start,2024-01-03 07:00:00,2024,Other
AtCoder,adt_medium_20240103_2,AtCoder Daily Training MEDIUM 2024/1/3 18:00start,2024-01-03 09:00:00,2024,Other
AtCoder,adt_medium_20240104_1,AtCoder Daily Training MEDIUM 2024/1/4 16:30start,2024-01-04 07:30:00,2024,Other
AtCoder,adt_medium_20240104_2,AtCoder Daily Training MEDIUM 2024/1/4 18:30start,2024-01-04 09:30:00,2024,Other
AtCoder,adt_medium_20240109_1,AtCoder Daily Training MEDIUM 2024/1/9 15:30start,2024-01-09 06:30:00,2024,Other
AtCoder,adt_medium_20240109_2,AtCoder Daily Training MEDIUM 2024/1/9 17:30start,2024-01-09 08:30:00,2024,Other
AtCoder,adt_medium_20240110_1,AtCoder Daily Training MEDIUM 2024/1/10 16:00start,2024-01-10 07:00:00,2024,Other
AtCoder,adt_medium_20240110_2,AtCoder Daily Training MEDIUM 2024/1/10 18:00start,2024-01-10 09:00:00,2024,Other
AtCoder,adt_medium_20240111_1,AtCoder Daily Training MEDIUM 2024/1/11 16:30start,2024-01-11 07:30:00,2024,Other
AtCoder,adt_medium_20240111_2,AtCoder Daily Training MEDIUM 2024/1/11 18:30start,2024-01-11 09:30:00,2024,Other
AtCoder,adt_medium_20240116_1,AtCoder Daily Training MEDIUM 2024/01/16 15:30start,2024-01-16 06:30:00,2024,Other
AtCoder,adt_medium_20240116_2,AtCoder Daily Training MEDIUM 2024/01/16 17:30start,2024-01-16 08:30:00,2024,Other
AtCoder,adt_medium_20240116_3,AtCoder Daily Training MEDIUM 2024/01/16 19:30start,2024-01-16 10:30:00,2024,Other
AtCoder,adt_medium_20240117_1,AtCoder Daily Training MEDIUM 2024/01/17 16:00start,2024-01-17 07:00:00,2024,Other
AtCoder,adt_medium_20240117_2,AtCoder Daily Training MEDIUM 2024/01/17 18:00start,2024-01-17 09:00:00,2024,Other
AtCoder,adt_medium_20240117_3,AtCoder Daily Training MEDIUM 2024/01/17 20:00start,2024-01-17 11:00:00,2024,Other
AtCoder,adt_medium_20240118_1,AtCoder Daily Training MEDIUM 2024/01/18 16:30start,2024-01-18 07:30:00,2024,Other
AtCoder,adt_medium_20240118_2,AtCoder Daily Training MEDIUM 2024/01/18 18:30start,2024-01-18 09:30:00,2024,Other
AtCoder,adt_medium_20240118_3,AtCoder Daily Training MEDIUM 2024/01/18 20:30start,2024-01-18 11:30:00,2024,Other
AtCoder,adt_medium_20240123_1,AtCoder Daily Training MEDIUM 2024/01/23 15:30start,2024-01-23 06:30:00,2024,Other
AtCoder,adt_medium_20240123_2,AtCoder Daily Training MEDIUM 2024/01/23 17:30start,2024-01-23 08:30:00,2024,Other
AtCoder,adt_medium_20240123_3,AtCoder Daily Training MEDIUM 2024/01/23 19:30start,2024-01-23 10:30:00,2024,Other
AtCoder,adt_medium_20240124_1,AtCoder Daily Training MEDIUM 2024/01/24 16:00start,2024-01-24 07:00:00,2024,Other
AtCoder,adt_medium_20240124_2,AtCoder Daily Training MEDIUM 2024/01/24 18:00start,2024-01-24 09:00:00,2024,Other
AtCoder,adt_medium_20240124_3,AtCoder Daily Training MEDIUM 2024/01/24 20:00start,2024-01-24 11:00:00,2024,Other
AtCoder,adt_medium_20240125_1,AtCoder Daily Training MEDIUM 2024/01/25 16:30start,2024-01-25 07:30:00,2024,Other
AtCoder,adt_medium_20240125_2,AtCoder Daily Training MEDIUM 2024/01/25 18:30start,2024-01-25 09:30:00,2024,Other
AtCoder,adt_medium_20240125_3,AtCoder Daily Training MEDIUM 2024/01/25 20:30start,2024-01-25 11:30:00,2024,Other
AtCoder,adt_medium_20240130_1,AtCoder Daily Training MEDIUM 2024/01/30 15:30start,2024-01-30 06:30:00,2024,Other
AtCoder,adt_medium_20240130_2,AtCoder Daily Training MEDIUM 2024/01/30 17:30start,2024-01-30 08:30:00,2024,Other
AtCoder,adt_medium_20240130_3,AtCoder Daily Training MEDIUM 2024/01/30 19:30start,2024-01-30 10:30:00,2024,Other
AtCoder,adt_medium_20240131_1,AtCoder Daily Training MEDIUM 2024/01/31 16:00start,2024-01-31 07:00:00,2024,Other
AtCoder,adt_medium_20240131_2,AtCoder Daily Training MEDIUM 2024/01/31 18:00start,2024-01-31 09:00:00,2024,Other
AtCoder,adt_medium_20240131_3,AtCoder Daily Training MEDIUM 2024/01/31 20:00start,2024-01-31 11:00:00,2024,Other
AtCoder,adt_medium_20240201_1,AtCoder Daily Training MEDIUM 2024/02/01 16:30start,2024-02-01 07:30:00,2024,Other
AtCoder,adt_medium_20240201_2,AtCoder Daily Training MEDIUM 2024/02/01 18:30start,2024-02-01 09:30:00,2024,Other
AtCoder,adt_medium_20240201_3,AtCoder Daily Training MEDIUM 2024/02/01 20:30start,2024-02-01 11:30:00,2024,Other
AtCoder,adt_medium_20240206_1,AtCoder Daily Training MEDIUM 2024/02/06 15:30start,2024-02-06 06:30:00,2024,Other
AtCoder,adt_medium_20240206_2,AtCoder Daily Training MEDIUM 2024/02/06 17:30start,2024-02-06 08:30:00,2024,Other
AtCoder,adt_medium_20240206_3,AtCoder Daily Training MEDIUM 2024/02/06 19:30start,2024-02-06 10:30:00,2024,Other
AtCoder,adt_medium_20240207_1,AtCoder Daily Training MEDIUM 2024/02/07 16:00start,2024-02-07 07:00:00,2024,Other
AtCoder,adt_medium_20240207_2,AtCoder Daily Training MEDIUM 2024/02/07 18:00start,2024-02-07 09:00:00,2024,Other
AtCoder,adt_medium_20240207_3,AtCoder Daily Training MEDIUM 2024/02/07 20:00start,2024-02-07 11:00:00,2024,Other
AtCoder,adt_medium_20240208_1,AtCoder Daily Training MEDIUM 2024/02/08 16:30start,2024-02-08 07:30:00,2024,Other
AtCoder,adt_medium_20240208_2,AtCoder Daily Training MEDIUM 2024/02/08 18:30start,2024-02-08 09:30:00,2024,Other
AtCoder,adt_medium_20240208_3,AtCoder Daily Training MEDIUM 2024/02/08 20:30start,2024-02-08 11:30:00,2024,Other
AtCoder,adt_medium_20240213_1,AtCoder Daily Training MEDIUM 2024/02/13 15:30start,2024-02-13 06:30:00,2024,Other
AtCoder,adt_medium_20240213_2,AtCoder Daily Training MEDIUM 2024/02/13 17:30start,2024-02-13 08:30:00,2024,Other
AtCoder,adt_medium_20240213_3,AtCoder Daily Training MEDIUM 2024/02/13 19:30start,2024-02-13 10:30:00,2024,Other
AtCoder,adt_medium_20240214_1,AtCoder Daily Training MEDIUM 2024/02/14 16:00start,2024-02-14 07:00:00,2024,Other
AtCoder,adt_medium_20240214_2,AtCoder Daily Training MEDIUM 2024/02/14 18:00start,2024-02-14 09:00:00,2024,Other
AtCoder,adt_medium_20240214_3,AtCoder Daily Training MEDIUM 2024/02/14 20:00start,2024-02-14 11:00:00,2024,Other
AtCoder,adt_medium_20240215_1,AtCoder Daily Training MEDIUM 2024/02/15 16:30start,2024-02-15 07:30:00,2024,Other
AtCoder,adt_medium_20240215_2,AtCoder Daily Training MEDIUM 2024/02/15 18:30start,2024-02-15 09:30:00,2024,Other
AtCoder,adt_medium_20240215_3,AtCoder Daily Training MEDIUM 2024/02/15 20:30start,2024-02-15 11:30:00,2024,Other
AtCoder,adt_medium_20240220_1,AtCoder Daily Training MEDIUM 2024/02/20 15:30start,2024-02-20 06:30:00,2024,Other
AtCoder,adt_medium_20240220_2,AtCoder Daily Training MEDIUM 2024/02/20 17:30start,2024-02-20 08:30:00,2024,Other
AtCoder,adt_medium_20240220_3,AtCoder Daily Training MEDIUM 2024/02/20 19:30start,2024-02-20 10:30:00,2024,Other
AtCoder,adt_medium_20240221_1,AtCoder Daily Training MEDIUM 2024/02/21 16:00start,2024-02-21 07:00:00,2024,Other
AtCoder,adt_medium_20240221_2,AtCoder Daily Training MEDIUM 2024/02/21 18:00start,2024-02-21 09:00:00,2024,Other
AtCoder,adt_medium_20240221_3,AtCoder Daily Training MEDIUM 2024/02/21 20:00start,2024-02-21 11:00:00,2024,Other
AtCoder,adt_medium_20240222_1,AtCoder Daily Training MEDIUM 2024/02/22 16:30start,2024-02-22 07:30:00,2024,Other
AtCoder,adt_medium_20240222_2,AtCoder Daily Training MEDIUM 2024/02/22 18:30start,2024-02-22 09:30:00,2024,Other
AtCoder,adt_medium_20240222_3,AtCoder Daily Training MEDIUM 2024/02/22 20:30start,2024-02-22 11:30:00,2024,Other
AtCoder,adt_medium_20240227_1,AtCoder Daily Training MEDIUM 2024/02/27 15:30start,2024-02-27 06:30:00,2024,Other
AtCoder,adt_medium_20240227_2,AtCoder Daily Training MEDIUM 2024/02/27 17:30start,2024-02-27 08:30:00,2024,Other
AtCoder,adt_medium_20240227_3,AtCoder Daily Training MEDIUM 2024/02/27 19:30start,2024-02-27 10:30:00,2024,Other
AtCoder,adt_medium_20240228_1,AtCoder Daily Training MEDIUM 2024/02/28 16:00start,2024-02-28 07:00:00,2024,Other
AtCoder,adt_medium_20240228_2,AtCoder Daily Training MEDIUM 2024/02/28 18:00start,2024-02-28 09:00:00,2024,Other
AtCoder,adt_medium_20240228_3,AtCoder Daily Training MEDIUM 2024/02/28 20:00start,2024-02-28 11:00:00,2024,Other
AtCoder,adt_medium_20240229_1,AtCoder Daily Training MEDIUM 2024/02/29 16:30start,2024-02-29 07:30:00,2024,Other
AtCoder,adt_medium_20240229_2,AtCoder Daily Training MEDIUM 2024/02/29 18:30start,2024-02-29 09:30:00,2024,Other
AtCoder,adt_medium_20240229_3,AtCoder Daily Training MEDIUM 2024/02/29 20:30start,2024-02-29 11:30:00,2024,Other
AtCoder,adt_medium_20240305_1,AtCoder Daily Training MEDIUM 2024/03/05 15:30start,2024-03-05 06:30:00,2024,Other
AtCoder,adt_medium_20240305_2,AtCoder Daily Training MEDIUM 2024/03/05 17:30start,2024-03-05 08:30:00,2024,Other
AtCoder,adt_medium_20240305_3,AtCoder Daily Training MEDIUM 2024/03/05 19:30start,2024-03-05 10:30:00,2024,Other
AtCoder,adt_medium_20240306_1,AtCoder Daily Training MEDIUM 2024/03/06 16:00start,2024-03-06 07:00:00,2024,Other
AtCoder,adt_medium_20240306_2,AtCoder Daily Training MEDIUM 2024/03/06 18:00start,2024-03-06 09:00:00,2024,Other
AtCoder,adt_medium_20240306_3,AtCoder Daily Training MEDIUM 2024/03/06 20:00start,2024-03-06 11:00:00,2024,Other
AtCoder,adt_medium_20240307_1,AtCoder Daily Training MEDIUM 2024/03/07 16:30start,2024-03-07 07:30:00,2024,Other
AtCoder,adt_medium_20240307_2,AtCoder Daily Training MEDIUM 2024/03/07 18:30start,2024-03-07 09:30:00,2024,Other
AtCoder,adt_medium_20240307_3,AtCoder Daily Training MEDIUM 2024/03/07 20:30start,2024-03-07 11:30:00,2024,Other
AtCoder,adt_medium_20240312_1,AtCoder Daily Training MEDIUM 2024/03/12 15:30start,2024-03-12 06:30:00,2024,Other
AtCoder,adt_medium_20240312_2,AtCoder Daily Training MEDIUM 2024/03/12 17:30start,2024-03-12 08:30:00,2024,Other
AtCoder,adt_medium_20240312_3,AtCoder Daily Training MEDIUM 2024/03/12 19:30start,2024-03-12 10:30:00,2024,Other
AtCoder,adt_medium_20240313_1,AtCoder Daily Training MEDIUM 2024/03/13 16:00start,2024-03-13 07:00:00,2024,Other
AtCoder,adt_medium_20240313_2,AtCoder Daily Training MEDIUM 2024/03/13 18:00start,2024-03-13 09:00:00,2024,Other
AtCoder,adt_medium_20240313_3,AtCoder Daily Training MEDIUM 2024/03/13 20:00start,2024-03-13 11:00:00,2024,Other
AtCoder,adt_medium_20240314_1,AtCoder Daily Training MEDIUM 2024/03/14 16:30start,2024-03-14 07:30:00,2024,Other
AtCoder,adt_medium_20240314_2,AtCoder Daily Training MEDIUM 2024/03/14 18:30start,2024-03-14 09:30:00,2024,Other
AtCoder,adt_medium_20240314_3,AtCoder Daily Training MEDIUM 2024/03/14 20:30start,2024-03-14 11:30:00,2024,Other
AtCoder,adt_medium_20240319_1,AtCoder Daily Training MEDIUM 2024/03/19 15:30start,2024-03-19 06:30:00,2024,Other
AtCoder,adt_medium_20240319_2,AtCoder Daily Training MEDIUM 2024/03/19 17:30start,2024-03-19 08:30:00,2024,Other
AtCoder,adt_medium_20240319_3,AtCoder Daily Training MEDIUM 2024/03/19 19:30start,2024-03-19 10:30:00,2024,Other
AtCoder,adt_medium_20240320_1,AtCoder Daily Training MEDIUM 2024/03/20 16:00start,2024-03-20 07:00:00,2024,Other
AtCoder,adt_medium_20240320_2,AtCoder Daily Training MEDIUM 2024/03/20 18:00start,2024-03-20 09:00:00,2024,Other
AtCoder,adt_medium_20240320_3,AtCoder Daily Training MEDIUM 2024/03/20 20:00start,2024-03-20 11:00:00,2024,Other
AtCoder,adt_medium_20240321_1,AtCoder Daily Training MEDIUM 2024/03/21 16:30start,2024-03-21 07:30:00,2024,Other
AtCoder,adt_medium_20240321_2,AtCoder Daily Training MEDIUM 2024/03/21 18:30start,2024-03-21 09:30:00,2024,Other
AtCoder,adt_medium_20240321_3,AtCoder Daily Training MEDIUM 2024/03/21 20:30start,2024-03-21 11:30:00,2024,Other
AtCoder,adt_medium_20240326_1,AtCoder Daily Training MEDIUM 2024/03/26 15:30start,2024-03-26 06:30:00,2024,Other
AtCoder,adt_medium_20240326_2,AtCoder Daily Training MEDIUM 2024/03/26 17:30start,2024-03-26 08:30:00,2024,Other
AtCoder,adt_medium_20240326_3,AtCoder Daily Training MEDIUM 2024/03/26 19:30start,2024-03-26 10:30:00,2024,Other
AtCoder,adt_medium_20240327_1,AtCoder Daily Training MEDIUM 2024/03/27 16:00start,2024-03-27 07:00:00,2024,Other
AtCoder,adt_medium_20240327_2,AtCoder Daily Training MEDIUM 2024/03/27 18:00start,2024-03-27 09:00:00,2024,Other
AtCoder,adt_medium_20240327_3,AtCoder Daily Training MEDIUM 2024/03/27 20:00start,2024-03-27 11:00:00,2024,Other
AtCoder,adt_medium_20240328_1,AtCoder Daily Training MEDIUM 2024/03/28 16:30start,2024-03-28 07:30:00,2024,Other
AtCoder,adt_medium_20240328_2,AtCoder Daily Training MEDIUM 2024/03/28 18:30start,2024-03-28 09:30:00,2024,Other
AtCoder,adt_medium_20240328_3,AtCoder Daily Training MEDIUM 2024/03/28 20:30start,2024-03-28 11:30:00,2024,Other
AtCoder,adt_medium_20240402_1,AtCoder Daily Training MEDIUM 2024/04/02 15:30start,2024-04-02 06:30:00,2024,Other
AtCoder,adt_medium_20240402_2,AtCoder Daily Training MEDIUM 2024/04/02 17:30start,2024-04-02 08:30:00,2024,Other
AtCoder,adt_medium_20240402_3,AtCoder Daily Training MEDIUM 2024/04/02 19:30start,2024-04-02 10:30:00,2024,Other
AtCoder,adt_medium_20240403_1,AtCoder Daily Training MEDIUM 2024/04/03 16:00start,2024-04-03 07:00:00,2024,Other
AtCoder,adt_medium_20240403_2,AtCoder Daily Training MEDIUM 2024/04/03 18:00start,2024-04-03 09:00:00,2024,Other
AtCoder,adt_medium_20240403_3,AtCoder Daily Training MEDIUM 2024/04/03 20:00start,2024-04-03 11:00:00,2024,Other
AtCoder,adt_medium_20240404_1,AtCoder Daily Training MEDIUM 2024/04/04 16:30start,2024-04-04 07:30:00,2024,Other
AtCoder,adt_medium_20240404_2,AtCoder Daily Training MEDIUM 2024/04/04 18:30start,2024-04-04 09:30:00,2024,Other
AtCoder,adt_medium_20240404_3,AtCoder Daily Training MEDIUM 2024/04/04 20:30start,2024-04-04 11:30:00,2024,Other
AtCoder,adt_medium_20240409_1,AtCoder Daily Training MEDIUM 2024/04/09 15:30start,2024-04-09 06:30:00,2024,Other
AtCoder,adt_medium_20240409_2,AtCoder Daily Training MEDIUM 2024/04/09 17:30start,2024-04-09 08:30:00,2024,Other
AtCoder,adt_medium_20240409_3,AtCoder Daily Training MEDIUM 2024/04/09 19:30start,2024-04-09 10:30:00,2024,Other
AtCoder,adt_medium_20240410_1,AtCoder Daily Training MEDIUM 2024/04/10 16:00start,2024-04-10 07:00:00,2024,Other
AtCoder,adt_medium_20240410_2,AtCoder Daily Training MEDIUM 2024/04/10 18:00start,2024-04-10 09:00:00,2024,Other
AtCoder,adt_medium_20240410_3,AtCoder Daily Training MEDIUM 2024/04/10 20:00start,2024-04-10 11:00:00,2024,Other
AtCoder,adt_medium_20240411_1,AtCoder Daily Training MEDIUM 2024/04/11 16:30start,2024-04-11 07:30:00,2024,Other
AtCoder,adt_medium_20240411_2,AtCoder Daily Training MEDIUM 2024/04/11 18:30start,2024-04-11 09:30:00,2024,Other
AtCoder,adt_medium_20240411_3,AtCoder Daily Training MEDIUM 2024/04/11 20:30start,2024-04-11 11:30:00,2024,Other
AtCoder,adt_medium_20240416_1,AtCoder Daily Training MEDIUM 2024/04/16 15:30start,2024-04-16 06:30:00,2024,Other
AtCoder,adt_medium_20240416_2,AtCoder Daily Training MEDIUM 2024/04/16 17:30start,2024-04-16 08:30:00,2024,Other
AtCoder,adt_medium_20240416_3,AtCoder Daily Training MEDIUM 2024/04/16 19:30start,2024-04-16 10:30:00,2024,Other
AtCoder,adt_medium_20240417_1,AtCoder Daily Training MEDIUM 2024/04/17 16:00start,2024-04-17 07:00:00,2024,Other
AtCoder,adt_medium_20240417_2,AtCoder Daily Training MEDIUM 2024/04/17 18:00start,2024-04-17 09:00:00,2024,Other
AtCoder,adt_medium_20240417_3,AtCoder Daily Training MEDIUM 2024/04/17 20:00start,2024-04-17 11:00:00,2024,Other
AtCoder,adt_medium_20240418_1,AtCoder Daily Training MEDIUM 2024/04/18 16:30start,2024-04-18 07:30:00,2024,Other
AtCoder,adt_medium_20240418_2,AtCoder Daily Training MEDIUM 2024/04/18 18:30start,2024-04-18 09:30:00,2024,Other
AtCoder,adt_medium_20240418_3,AtCoder Daily Training MEDIUM 2024/04/18 20:30start,2024-04-18 11:30:00,2024,Other
AtCoder,adt_medium_20240423_1,AtCoder Daily Training MEDIUM 2024/04/23 15:30start,2024-04-23 06:30:00,2024,Other
AtCoder,adt_medium_20240423_2,AtCoder Daily Training MEDIUM 2024/04/23 17:30start,2024-04-23 08:30:00,2024,Other
AtCoder,adt_medium_20240423_3,AtCoder Daily Training MEDIUM 2024/04/23 19:30start,2024-04-23 10:30:00,2024,Other
AtCoder,adt_medium_20240424_1,AtCoder Daily Training MEDIUM 2024/04/24 16:00start,2024-04-24 07:00:00,2024,Other
AtCoder,adt_medium_20240424_2,AtCoder Daily Training MEDIUM 2024/04/24 18:00start,2024-04-24 09:00:00,2024,Other
AtCoder,adt_medium_20240424_3,AtCoder Daily Training MEDIUM 2024/04/24 20:00start,2024-04-24 11:00:00,2024,Other
AtCoder,adt_medium_20240425_1,AtCoder Daily Training MEDIUM 2024/04/25 16:30start,2024-04-25 07:30:00,2024,Other
AtCoder,adt_medium_20240425_2,AtCoder Daily Training MEDIUM 2024/04/25 18:30start,2024-04-25 09:30:00,2024,Other
AtCoder,adt_medium_20240425_3,AtCoder Daily Training MEDIUM 2024/04/25 20:30start,2024-04-25 11:30:00,2024,Other
AtCoder,adt_medium_20240430_1,AtCoder Daily Training MEDIUM 2024/04/30 15:30start,2024-04-30 06:30:00,2024,Other
AtCoder,adt_medium_20240430_2,AtCoder Daily Training MEDIUM 2024/04/30 17:30start,2024-04-30 08:30:00,2024,Other
AtCoder,adt_medium_20240430_3,AtCoder Daily Training MEDIUM 2024/04/30 19:30start,2024-04-30 10:30:00,2024,Other
AtCoder,adt_medium_20240501_1,AtCoder Daily Training MEDIUM 2024/05/01 16:00start,2024-05-01 07:00:00,2024,Other
AtCoder,adt_medium_20240501_2,AtCoder Daily Training MEDIUM 2024/05/01 18:00start,2024-05-01 09:00:00,2024,Other
AtCoder,adt_medium_20240501_3,AtCoder Daily Training MEDIUM 2024/05/01 20:00start,2024-05-01 11:00:00,2024,Other
AtCoder,adt_medium_20240502_1,AtCoder Daily Training MEDIUM 2024/05/02 16:30start,2024-05-02 07:30:00,2024,Other
AtCoder,adt_medium_20240502_2,AtCoder Daily Training MEDIUM 2024/05/02 18:30start,2024-05-02 09:30:00,2024,Other
AtCoder,adt_medium_20240502_3,AtCoder Daily Training MEDIUM 2024/05/02 20:30start,2024-05-02 11:30:00,2024,Other
AtCoder,adt_medium_20240507_1,AtCoder Daily Training MEDIUM 2024/05/07 15:30start,2024-05-07 06:30:00,2024,Other
AtCoder,adt_medium_20240507_2,AtCoder Daily Training MEDIUM 2024/05/07 17:30start,2024-05-07 08:30:00,2024,Other
AtCoder,adt_medium_20240507_3,AtCoder Daily Training MEDIUM 2024/05/07 19:30start,2024-05-07 10:30:00,2024,Other
AtCoder,adt_medium_20240508_1,AtCoder Daily Training MEDIUM 2024/05/08 16:00start,2024-05-08 07:00:00,2024,Other
AtCoder,adt_medium_20240508_2,AtCoder Daily Training MEDIUM 2024/05/08 18:00start,2024-05-08 09:00:00,2024,Other
AtCoder,adt_medium_20240508_3,AtCoder Daily Training MEDIUM 2024/05/08 20:00start,2024-05-08 11:00:00,2024,Other
AtCoder,adt_medium_20240509_1,AtCoder Daily Training MEDIUM 2024/05/09 16:30start,2024-05-09 07:30:00,2024,Other
AtCoder,adt_medium_20240509_2,AtCoder Daily Training MEDIUM 2024/05/09 18:30start,2024-05-09 09:30:00,2024,Other
AtCoder,adt_medium_20240509_3,AtCoder Daily Training MEDIUM 2024/05/09 20:30start,2024-05-09 11:30:00,2024,Other
AtCoder,adt_medium_20240514_1,AtCoder Daily Training MEDIUM 2024/05/14 15:30start,2024-05-14 06:30:00,2024,Other
AtCoder,adt_medium_20240514_2,AtCoder Daily Training MEDIUM 2024/05/14 17:30start,2024-05-14 08:30:00,2024,Other
AtCoder,adt_medium_20240514_3,AtCoder Daily Training MEDIUM 2024/05/14 19:30start,2024-05-14 10:30:00,2024,Other
AtCoder,adt_medium_20240515_1,AtCoder Daily Training MEDIUM 2024/05/15 16:00start,2024-05-15 07:00:00,2024,Other
AtCoder,adt_medium_20240515_2,AtCoder Daily Training MEDIUM 2024/05/15 18:00start,2024-05-15 09:00:00,2024,Other
AtCoder,adt_medium_20240515_3,AtCoder Daily Training MEDIUM 2024/05/15 20:00start,2024-05-15 11:00:00,2024,Other
AtCoder,adt_medium_20240516_1,AtCoder Daily Training MEDIUM 2024/05/16 16:30start,2024-05-16 07:30:00,2024,Other
AtCoder,adt_medium_20240516_2,AtCoder Daily Training MEDIUM 2024/05/16 18:30start,2024-05-16 09:30:00,2024,Other
AtCoder,adt_medium_20240516_3,AtCoder Daily Training MEDIUM 2024/05/16 20:30start,2024-05-16 11:30:00,2024,Other
AtCoder,adt_medium_20240521_1,AtCoder Daily Training MEDIUM 2024/05/21 15:30start,2024-05-21 06:30:00,2024,Other
AtCoder,adt_medium_20240521_2,AtCoder Daily Training MEDIUM 2024/05/21 17:30start,2024-05-21 08:30:00,2024,Other
AtCoder,adt_medium_20240521_3,AtCoder Daily Training MEDIUM 2024/05/21 19:30start,2024-05-21 10:30:00,2024,Other
AtCoder,adt_medium_20240522_1,AtCoder Daily Training MEDIUM 2024/05/22 16:00start,2024-05-22 07:00:00,2024,Other
AtCoder,adt_medium_20240522_2,AtCoder Daily Training MEDIUM 2024/05/22 18:00start,2024-05-22 09:00:00,2024,Other
AtCoder,adt_medium_20240522_3,AtCoder Daily Training MEDIUM 2024/05/22 20:00start,2024-05-22 11:00:00,2024,Other
AtCoder,adt_medium_20240523_1,AtCoder Daily Training MEDIUM 2024/05/23 16:30start,2024-05-23 07:30:00,2024,Other
AtCoder,adt_medium_20240523_2,AtCoder Daily Training MEDIUM 2024/05/23 18:30start,2024-05-23 09:30:00,2024,Other
AtCoder,adt_medium_20240523_3,AtCoder Daily Training MEDIUM 2024/05/23 20:30start,2024-05-23 11:30:00,2024,Other
AtCoder,adt_medium_20240528_1,AtCoder Daily Training MEDIUM 2024/05/28 15:30start,2024-05-28 06:30:00,2024,Other
AtCoder,adt_medium_20240528_2,AtCoder Daily Training MEDIUM 2024/05/28 17:30start,2024-05-28 08:30:00,2024,Other
AtCoder,adt_medium_20240528_3,AtCoder Daily Training MEDIUM 2024/05/28 19:30start,2024-05-28 10:30:00,2024,Other
AtCoder,adt_medium_20240529_1,AtCoder Daily Training MEDIUM 2024/05/29 16:00start,2024-05-29 07:00:00,2024,Other
AtCoder,adt_medium_20240529_2,AtCoder Daily Training MEDIUM 2024/05/29 18:00start,2024-05-29 09:00:00,2024,Other
AtCoder,adt_medium_20240529_3,AtCoder Daily Training MEDIUM 2024/05/29 20:00start,2024-05-29 11:00:00,2024,Other
AtCoder,adt_medium_20240530_1,AtCoder Daily Training MEDIUM 2024/05/30 16:30start,2024-05-30 07:30:00,2024,Other
AtCoder,adt_medium_20240530_2,AtCoder Daily Training MEDIUM 2024/05/30 18:30start,2024-05-30 09:30:00,2024,Other
AtCoder,adt_medium_20240530_3,AtCoder Daily Training MEDIUM 2024/05/30 20:30start,2024-05-30 11:30:00,2024,Other
AtCoder,adt_medium_20240604_1,AtCoder Daily Training MEDIUM 2024/06/04 15:30start,2024-06-04 06:30:00,2024,Other
AtCoder,adt_medium_20240604_2,AtCoder Daily Training MEDIUM 2024/06/04 17:30start,2024-06-04 08:30:00,2024,Other
AtCoder,adt_medium_20240604_3,AtCoder Daily Training MEDIUM 2024/06/04 19:30start,2024-06-04 10:30:00,2024,Other
AtCoder,adt_medium_20240605_1,AtCoder Daily Training MEDIUM 2024/06/05 16:00start,2024-06-05 07:00:00,2024,Other
AtCoder,adt_medium_20240605_2,AtCoder Daily Training MEDIUM 2024/06/05 18:00start,2024-06-05 09:00:00,2024,Other
AtCoder,adt_medium_20240605_3,AtCoder Daily Training MEDIUM 2024/06/05 20:00start,2024-06-05 11:00:00,2024,Other
AtCoder,adt_medium_20240606_1,AtCoder Daily Training MEDIUM 2024/06/06 16:30start,2024-06-06 07:30:00,2024,Other
AtCoder,adt_medium_20240606_2,AtCoder Daily Training MEDIUM 2024/06/06 18:30start,2024-06-06 09:30:00,2024,Other
AtCoder,adt_medium_20240606_3,AtCoder Daily Training MEDIUM 2024/06/06 20:30start,2024-06-06 11:30:00,2024,Other
AtCoder,adt_medium_20240611_1,AtCoder Daily Training MEDIUM 2024/06/11 15:30start,2024-06-11 06:30:00,2024,Other
AtCoder,adt_medium_20240611_2,AtCoder Daily Training MEDIUM 2024/06/11 17:30start,2024-06-11 08:30:00,2024,Other
AtCoder,adt_medium_20240611_3,AtCoder Daily Training MEDIUM 2024/06/11 19:30start,2024-06-11 10:30:00,2024,Other
AtCoder,adt_medium_20240612_1,AtCoder Daily Training MEDIUM 2024/06/12 16:00start,2024-06-12 07:00:00,2024,Other
AtCoder,adt_medium_20240612_2,AtCoder Daily Training MEDIUM 2024/06/12 18:00start,2024-06-12 09:00:00,2024,Other
AtCoder,adt_medium_20240612_3,AtCoder Daily Training MEDIUM 2024/06/12 20:00start,2024-06-12 11:00:00,2024,Other
AtCoder,adt_medium_20240613_1,AtCoder Daily Training MEDIUM 2024/06/13 16:30start,2024-06-13 07:30:00,2024,Other
AtCoder,adt_medium_20240613_2,AtCoder Daily Training MEDIUM 2024/06/13 18:30start,2024-06-13 09:30:00,2024,Other
AtCoder,adt_medium_20240613_3,AtCoder Daily Training MEDIUM 2024/06/13 20:30start,2024-06-13 11:30:00,2024,Other
AtCoder,adt_medium_20240618_1,AtCoder Daily Training MEDIUM 2024/06/18 15:30start,2024-06-18 06:30:00,2024,Other
AtCoder,adt_medium_20240618_2,AtCoder Daily Training MEDIUM 2024/06/18 17:30start,2024-06-18 08:30:00,2024,Other
AtCoder,adt_medium_20240618_3,AtCoder Daily Training MEDIUM 2024/06/18 19:30start,2024-06-18 10:30:00,2024,Other
AtCoder,adt_medium_20240619_1,AtCoder Daily Training MEDIUM 2024/06/19 16:00start,2024-06-19 07:00:00,2024,Other
AtCoder,adt_medium_20240619_2,AtCoder Daily Training MEDIUM 2024/06/19 18:00start,2024-06-19 09:00:00,2024,Other
AtCoder,adt_medium_20240619_3,AtCoder Daily Training MEDIUM 2024/06/19 20:00start,2024-06-19 11:00:00,2024,Other
AtCoder,adt_medium_20240620_1,AtCoder Daily Training MEDIUM 2024/06/20 16:30start,2024-06-20 07:30:00,2024,Other
AtCoder,adt_medium_20240620_2,AtCoder Daily Training MEDIUM 2024/06/20 18:30start,2024-06-20 09:30:00,2024,Other
AtCoder,adt_medium_20240620_3,AtCoder Daily Training MEDIUM 2024/06/20 20:30start,2024-06-20 11:30:00,2024,Other
AtCoder,adt_medium_20240625_1,AtCoder Daily Training MEDIUM 2024/06/25 15:30start,2024-06-25 06:30:00,2024,Other
AtCoder,adt_medium_20240625_2,AtCoder Daily Training MEDIUM 2024/06/25 17:30start,2024-06-25 08:30:00,2024,Other
AtCoder,adt_medium_20240625_3,AtCoder Daily Training MEDIUM 2024/06/25 19:30start,2024-06-25 10:30:00,2024,Other
AtCoder,adt_medium_20240626_1,AtCoder Daily Training MEDIUM 2024/06/26 16:00start,2024-06-26 07:00:00,2024,Other
AtCoder,adt_medium_20240626_2,AtCoder Daily Training MEDIUM 2024/06/26 18:00start,2024-06-26 09:00:00,2024,Other
AtCoder,adt_medium_20240626_3,AtCoder Daily Training MEDIUM 2024/06/26 20:00start,2024-06-26 11:00:00,2024,Other
AtCoder,adt_medium_20240627_1,AtCoder Daily Training MEDIUM 2024/06/27 16:30start,2024-06-27 07:30:00,2024,Other
AtCoder,adt_medium_20240627_2,AtCoder Daily Training MEDIUM 2024/06/27 18:30start,2024-06-27 09:30:00,2024,Other
AtCoder,adt_medium_20240627_3,AtCoder Daily Training MEDIUM 2024/06/27 20:30start,2024-06-27 11:30:00,2024,Other
AtCoder,adt_medium_20240702_1,AtCoder Daily Training MEDIUM 2024/07/02 15:30start,2024-07-02 06:30:00,2024,Other
AtCoder,adt_medium_20240702_2,AtCoder Daily Training MEDIUM 2024/07/02 17:30start,2024-07-02 08:30:00,2024,Other
AtCoder,adt_medium_20240702_3,AtCoder Daily Training MEDIUM 2024/07/02 19:30start,2024-07-02 10:30:00,2024,Other
AtCoder,adt_medium_20240703_1,AtCoder Daily Training MEDIUM 2024/07/03 16:00start,2024-07-03 07:00:00,2024,Other
AtCoder,adt_medium_20240703_2,AtCoder Daily Training MEDIUM 2024/07/03 18:00start,2024-07-03 09:00:00,2024,Other
AtCoder,adt_medium_20240703_3,AtCoder Daily Training MEDIUM 2024/07/03 20:00start,2024-07-03 11:00:00,2024,Other
AtCoder,adt_medium_20240704_1,AtCoder Daily Training MEDIUM 2024/07/04 16:30start,2024-07-04 07:30:00,2024,Other
AtCoder,adt_medium_20240704_2,AtCoder Daily Training MEDIUM 2024/07/04 18:30start,2024-07-04 09:30:00,2024,Other
AtCoder,adt_medium_20240704_3,AtCoder Daily Training MEDIUM 2024/07/04 20:30start,2024-07-04 11:30:00,2024,Other
AtCoder,adt_medium_20240709_1,AtCoder Daily Training MEDIUM 2024/07/09 15:30start,2024-07-09 06:30:00,2024,Other
AtCoder,adt_medium_20240709_2,AtCoder Daily Training MEDIUM 2024/07/09 17:30start,2024-07-09 08:30:00,2024,Other
AtCoder,adt_medium_20240709_3,AtCoder Daily Training MEDIUM 2024/07/09 19:30start,2024-07-09 10:30:00,2024,Other
AtCoder,adt_medium_20240710_1,AtCoder Daily Training MEDIUM 2024/07/10 16:00start,2024-07-10 07:00:00,2024,Other
AtCoder,adt_medium_20240710_2,AtCoder Daily Training MEDIUM 2024/07/10 18:00start,2024-07-10 09:00:00,2024,Other
AtCoder,adt_medium_20240710_3,AtCoder Daily Training MEDIUM 2024/07/10 20:00start,2024-07-10 11:00:00,2024,Other
AtCoder,adt_medium_20240711_1,AtCoder Daily Training MEDIUM 2024/07/11 16:30start,2024-07-11 07:30:00,2024,Other
AtCoder,adt_medium_20240711_2,AtCoder Daily Training MEDIUM 2024/07/11 18:30start,2024-07-11 09:30:00,2024,Other
AtCoder,adt_medium_20240711_3,AtCoder Daily Training MEDIUM 2024/07/11 20:30start,2024-07-11 11:30:00,2024,Other
AtCoder,adt_medium_20240716_1,AtCoder Daily Training MEDIUM 2024/07/16 15:30start,2024-07-16 06:30:00,2024,Other
AtCoder,adt_medium_20240716_2,AtCoder Daily Training MEDIUM 2024/07/16 17:30start,2024-07-16 08:30:00,2024,Other
AtCoder,adt_medium_20240716_3,AtCoder Daily Training MEDIUM 2024/07/16 19:30start,2024-07-16 10:30:00,2024,Other
AtCoder,adt_medium_20240717_1,AtCoder Daily Training MEDIUM 2024/07/17 16:00start,2024-07-17 07:00:00,2024,Other
AtCoder,adt_medium_20240717_2,AtCoder Daily Training MEDIUM 2024/07/17 18:00start,2024-07-17 09:00:00,2024,Other
AtCoder,adt_medium_20240717_3,AtCoder Daily Training MEDIUM 2024/07/17 20:00start,2024-07-17 11:00:00,2024,Other
AtCoder,adt_medium_20240718_1,AtCoder Daily Training MEDIUM 2024/07/18 16:30start,2024-07-18 07:30:00,2024,Other
AtCoder,adt_medium_20240718_2,AtCoder Daily Training MEDIUM 2024/07/18 18:30start,2024-07-18 09:30:00,2024,Other
AtCoder,adt_medium_20240718_3,AtCoder Daily Training MEDIUM 2024/07/18 20:30start,2024-07-18 11:30:00,2024,Other
AtCoder,adt_medium_20240723_1,AtCoder Daily Training MEDIUM 2024/07/23 15:30start,2024-07-23 06:30:00,2024,Other
AtCoder,adt_medium_20240723_2,AtCoder Daily Training MEDIUM 2024/07/23 17:30start,2024-07-23 08:30:00,2024,Other
AtCoder,adt_medium_20240723_3,AtCoder Daily Training MEDIUM 2024/07/23 19:30start,2024-07-23 10:30:00,2024,Other
AtCoder,adt_medium_20240724_1,AtCoder Daily Training MEDIUM 2024/07/24 16:00start,2024-07-24 07:00:00,2024,Other
AtCoder,adt_medium_20240724_2,AtCoder Daily Training MEDIUM 2024/07/24 18:00start,2024-07-24 09:00:00,2024,Other
AtCoder,adt_medium_20240724_3,AtCoder Daily Training MEDIUM 2024/07/24 20:00start,2024-07-24 11:00:00,2024,Other
AtCoder,adt_medium_20240725_1,AtCoder Daily Training MEDIUM 2024/07/25 16:30start,2024-07-25 07:30:00,2024,Other
AtCoder,adt_medium_20240725_2,AtCoder Daily Training MEDIUM 2024/07/25 18:30start,2024-07-25 09:30:00,2024,Other
AtCoder,adt_medium_20240725_3,AtCoder Daily Training MEDIUM 2024/07/25 20:30start,2024-07-25 11:30:00,2024,Other
AtCoder,adt_medium_20240730_1,AtCoder Daily Training MEDIUM 2024/07/30 15:30start,2024-07-30 06:30:00,2024,Other
AtCoder,adt_medium_20240730_2,AtCoder Daily Training MEDIUM 2024/07/30 17:30start,2024-07-30 08:30:00,2024,Other
AtCoder,adt_medium_20240730_3,AtCoder Daily Training MEDIUM 2024/07/30 19:30start,2024-07-30 10:30:00,2024,Other
AtCoder,adt_medium_20240731_1,AtCoder Daily Training MEDIUM 2024/07/31 16:00start,2024-07-31 07:00:00,2024,Other
AtCoder,adt_medium_20240731_2,AtCoder Daily Training MEDIUM 2024/07/31 18:00start,2024-07-31 09:00:00,2024,Other
AtCoder,adt_medium_20240731_3,AtCoder Daily Training MEDIUM 2024/07/31 20:00start,2024-07-31 11:00:00,2024,Other
AtCoder,adt_medium_20240801_1,AtCoder Daily Training MEDIUM 2024/08/01 16:30start,2024-08-01 07:30:00,2024,Other
AtCoder,adt_medium_20240801_2,AtCoder Daily Training MEDIUM 2024/08/01 18:30start,2024-08-01 09:30:00,2024,Other
AtCoder,adt_medium_20240801_3,AtCoder Daily Training MEDIUM 2024/08/01 20:30start,2024-08-01 11:30:00,2024,Other
AtCoder,adt_medium_20240806_1,AtCoder Daily Training MEDIUM 2024/08/06 15:30start,2024-08-06 06:30:00,2024,Other
AtCoder,adt_medium_20240806_2,AtCoder Daily Training MEDIUM 2024/08/06 17:30start,2024-08-06 08:30:00,2024,Other
AtCoder,adt_medium_20240806_3,AtCoder Daily Training MEDIUM 2024/08/06 19:30start,2024-08-06 10:30:00,2024,Other
AtCoder,adt_medium_20240807_1,AtCoder Daily Training MEDIUM 2024/08/07 16:00start,2024-08-07 07:00:00,2024,Other
AtCoder,adt_medium_20240807_2,AtCoder Daily Training MEDIUM 2024/08/07 18:00start,2024-08-07 09:00:00,2024,Other
AtCoder,adt_medium_20240807_3,AtCoder Daily Training MEDIUM 2024/08/07 20:00start,2024-08-07 11:00:00,2024,Other
AtCoder,adt_medium_20240808_1,AtCoder Daily Training MEDIUM 2024/08/08 16:30start,2024-08-08 07:30:00,2024,Other
AtCoder,adt_medium_20240808_2,AtCoder Daily Training MEDIUM 2024/08/08 18:30start,2024-08-08 09:30:00,2024,Other
AtCoder,adt_medium_20240808_3,AtCoder Daily Training MEDIUM 2024/08/08 20:30start,2024-08-08 11:30:00,2024,Other
AtCoder,adt_medium_20240813_1,AtCoder Daily Training MEDIUM 2024/08/13 15:30start,2024-08-13 06:30:00,2024,Other
AtCoder,adt_medium_20240813_2,AtCoder Daily Training MEDIUM 2024/08/13 17:30start,2024-08-13 08:30:00,2024,Other
AtCoder,adt_medium_20240813_3,AtCoder Daily Training MEDIUM 2024/08/13 19:30start,2024-08-13 10:30:00,2024,Other
AtCoder,adt_medium_20240814_1,AtCoder Daily Training MEDIUM 2024/08/14 16:00start,2024-08-14 07:00:00,2024,Other
AtCoder,adt_medium_20240814_2,AtCoder Daily Training MEDIUM 2024/08/14 18:00start,2024-08-14 09:00:00,2024,Other
AtCoder,adt_medium_20240814_3,AtCoder Daily Training MEDIUM 2024/08/14 20:00start,2024-08-14 11:00:00,2024,Other
AtCoder,adt_medium_20240815_1,AtCoder Daily Training MEDIUM 2024/08/15 16:30start,2024-08-15 07:30:00,2024,Other
AtCoder,adt_medium_20240815_2,AtCoder Daily Training MEDIUM 2024/08/15 18:30start,2024-08-15 09:30:00,2024,Other
AtCoder,adt_medium_20240815_3,AtCoder Daily Training MEDIUM 2024/08/15 20:30start,2024-08-15 11:30:00,2024,Other
AtCoder,adt_medium_20240820_1,AtCoder Daily Training MEDIUM 2024/08/20 15:30start,2024-08-20 06:30:00,2024,Other
AtCoder,adt_medium_20240820_2,AtCoder Daily Training MEDIUM 2024/08/20 17:30start,2024-08-20 08:30:00,2024,Other
AtCoder,adt_medium_20240820_3,AtCoder Daily Training MEDIUM 2024/08/20 19:30start,2024-08-20 10:30:00,2024,Other
AtCoder,adt_medium_20240821_1,AtCoder Daily Training MEDIUM 2024/08/21 16:00start,2024-08-21 07:00:00,2024,Other
AtCoder,adt_medium_20240821_2,AtCoder Daily Training MEDIUM 2024/08/21 18:00start,2024-08-21 09:00:00,2024,Other
AtCoder,adt_medium_20240821_3,AtCoder Daily Training MEDIUM 2024/08/21 20:00start,2024-08-21 11:00:00,2024,Other
AtCoder,adt_medium_20240822_1,AtCoder Daily Training MEDIUM 2024/08/22 16:30start,2024-08-22 07:30:00,2024,Other
AtCoder,adt_medium_20240822_2,AtCoder Daily Training MEDIUM 2024/08/22 18:30start,2024-08-22 09:30:00,2024,Other
AtCoder,adt_medium_20240822_3,AtCoder Daily Training MEDIUM 2024/08/22 20:30start,2024-08-22 11:30:00,2024,Other
AtCoder,adt_medium_20240827_1,AtCoder Daily Training MEDIUM 2024/08/27 15:30start,2024-08-27 06:30:00,2024,Other
AtCoder,adt_medium_20240827_2,AtCoder Daily Training MEDIUM 2024/08/27 17:30start,2024-08-27 08:30:00,2024,Other
AtCoder,adt_medium_20240827_3,AtCoder Daily Training MEDIUM 2024/08/27 19:30start,2024-08-27 10:30:00,2024,Other
AtCoder,adt_medium_20240828_1,AtCoder Daily Training MEDIUM 2024/08/28 16:00start,2024-08-28 07:00:00,2024,Other
AtCoder,adt_medium_20240828_2,AtCoder Daily Training MEDIUM 2024/08/28 18:00start,2024-08-28 09:00:00,2024,Other
AtCoder,adt_medium_20240828_3,AtCoder Daily Training MEDIUM 2024/08/28 20:00start,2024-08-28 11:00:00,2024,Other
AtCoder,adt_medium_20240829_1,AtCoder Daily Training MEDIUM 2024/08/29 16:30start,2024-08-29 07:30:00,2024,Other
AtCoder,adt_medium_20240829_2,AtCoder Daily Training MEDIUM 2024/08/29 18:30start,2024-08-29 09:30:00,2024,Other
AtCoder,adt_medium_20240829_3,AtCoder Daily Training MEDIUM 2024/08/29 20:30start,2024-08-29 11:30:00,2024,Other
AtCoder,adt_medium_20240903_1,AtCoder Daily Training MEDIUM 2024/09/03 15:30start,2024-09-03 06:30:00,2024,Other
AtCoder,adt_medium_20240903_2,AtCoder Daily Training MEDIUM 2024/09/03 17:30start,2024-09-03 08:30:00,2024,Other
AtCoder,adt_medium_20240903_3,AtCoder Daily Training MEDIUM 2024/09/03 19:30start,2024-09-03 10:30:00,2024,Other
AtCoder,adt_medium_20240904_1,AtCoder Daily Training MEDIUM 2024/09/04 16:00start,2024-09-04 07:00:00,2024,Other
AtCoder,adt_medium_20240904_2,AtCoder Daily Training MEDIUM 2024/09/04 18:00start,2024-09-04 09:00:00,2024,Other
AtCoder,adt_medium_20240904_3,AtCoder Daily Training MEDIUM 2024/09/04 20:00start,2024-09-04 11:00:00,2024,Other
AtCoder,adt_medium_20240905_1,AtCoder Daily Training MEDIUM 2024/09/05 16:30start,2024-09-05 07:30:00,2024,Other
AtCoder,adt_medium_20240905_2,AtCoder Daily Training MEDIUM 2024/09/05 18:30start,2024-09-05 09:30:00,2024,Other
AtCoder,adt_medium_20240905_3,AtCoder Daily Training MEDIUM 2024/09/05 20:30start,2024-09-05 11:30:00,2024,Other
AtCoder,adt_medium_20240910_1,AtCoder Daily Training MEDIUM 2024/09/10 15:30start,2024-09-10 06:30:00,2024,Other
AtCoder,adt_medium_20240910_2,AtCoder Daily Training MEDIUM 2024/09/10 17:30start,2024-09-10 08:30:00,2024,Other
AtCoder,adt_medium_20240910_3,AtCoder Daily Training MEDIUM 2024/09/10 19:30start,2024-09-10 10:30:00,2024,Other
AtCoder,adt_medium_20240911_1,AtCoder Daily Training MEDIUM 2024/09/11 16:00start,2024-09-11 07:00:00,2024,Other
AtCoder,adt_medium_20240911_2,AtCoder Daily Training MEDIUM 2024/09/11 18:00start,2024-09-11 09:00:00,2024,Other
AtCoder,adt_medium_20240911_3,AtCoder Daily Training MEDIUM 2024/09/11 20:00start,2024-09-11 11:00:00,2024,Other
AtCoder,adt_medium_20240912_1,AtCoder Daily Training MEDIUM 2024/09/12 16:30start,2024-09-12 07:30:00,2024,Other
AtCoder,adt_medium_20240912_2,AtCoder Daily Training MEDIUM 2024/09/12 18:30start,2024-09-12 09:30:00,2024,Other
AtCoder,adt_medium_20240912_3,AtCoder Daily Training MEDIUM 2024/09/12 20:30start,2024-09-12 11:30:00,2024,Other
AtCoder,adt_medium_20240917_1,AtCoder Daily Training MEDIUM 2024/09/17 15:30start,2024-09-17 06:30:00,2024,Other
AtCoder,adt_medium_20240917_2,AtCoder Daily Training MEDIUM 2024/09/17 17:30start,2024-09-17 08:30:00,2024,Other
AtCoder,adt_medium_20240917_3,AtCoder Daily Training MEDIUM 2024/09/17 19:30start,2024-09-17 10:30:00,2024,Other
AtCoder,adt_medium_20240918_1,AtCoder Daily Training MEDIUM 2024/09/18 16:00start,2024-09-18 07:00:00,2024,Other
AtCoder,adt_medium_20240918_2,AtCoder Daily Training MEDIUM 2024/09/18 18:00start,2024-09-18 09:00:00,2024,Other
AtCoder,adt_medium_20240918_3,AtCoder Daily Training MEDIUM 2024/09/18 20:00start,2024-09-18 11:00:00,2024,Other
AtCoder,adt_medium_20240919_1,AtCoder Daily Training MEDIUM 2024/09/19 16:30start,2024-09-19 07:30:00,2024,Other
AtCoder,adt_medium_20240919_2,AtCoder Daily Training MEDIUM 2024/09/19 18:30start,2024-09-19 09:30:00,2024,Other
AtCoder,adt_medium_20240919_3,AtCoder Daily Training MEDIUM 2024/09/19 20:30start,2024-09-19 11:30:00,2024,Other
AtCoder,adt_medium_20240924_1,AtCoder Daily Training MEDIUM 2024/09/24 15:30start,2024-09-24 06:30:00,2024,Other
AtCoder,adt_medium_20240924_2,AtCoder Daily Training MEDIUM 2024/09/24 17:30start,2024-09-24 08:30:00,2024,Other
AtCoder,adt_medium_20240924_3,AtCoder Daily Training MEDIUM 2024/09/24 19:30start,2024-09-24 10:30:00,2024,Other
AtCoder,adt_medium_20240925_1,AtCoder Daily Training MEDIUM 2024/09/25 16:00start,2024-09-25 07:00:00,2024,Other
AtCoder,adt_medium_20240925_2,AtCoder Daily Training MEDIUM 2024/09/25 18:00start,2024-09-25 09:00:00,2024,Other
AtCoder,adt_medium_20240925_3,AtCoder Daily Training MEDIUM 2024/09/25 20:00start,2024-09-25 11:00:00,2024,Other
AtCoder,adt_medium_20240926_1,AtCoder Daily Training MEDIUM 2024/09/26 16:30start,2024-09-26 07:30:00,2024,Other
AtCoder,adt_medium_20240926_2,AtCoder Daily Training MEDIUM 2024/09/26 18:30start,2024-09-26 09:30:00,2024,Other
AtCoder,adt_medium_20240926_3,AtCoder Daily Training MEDIUM 2024/09/26 20:30start,2024-09-26 11:30:00,2024,Other
AtCoder,adt_medium_20241001_1,AtCoder Daily Training MEDIUM 2024/10/01 15:30start,2024-10-01 06:30:00,2024,Other
AtCoder,adt_medium_20241001_2,AtCoder Daily Training MEDIUM 2024/10/01 17:30start,2024-10-01 08:30:00,2024,Other
AtCoder,adt_medium_20241001_3,AtCoder Daily Training MEDIUM 2024/10/01 19:30start,2024-10-01 10:30:00,2024,Other
AtCoder,adt_medium_20241002_1,AtCoder Daily Training MEDIUM 2024/10/02 16:00start,2024-10-02 07:00:00,2024,Other
AtCoder,adt_medium_20241002_2,AtCoder Daily Training MEDIUM 2024/10/02 18:00start,2024-10-02 09:00:00,2024,Other
AtCoder,adt_medium_20241002_3,AtCoder Daily Training MEDIUM 2024/10/02 20:00start,2024-10-02 11:00:00,2024,Other
AtCoder,adt_medium_20241003_1,AtCoder Daily Training MEDIUM 2024/10/03 16:30start,2024-10-03 07:30:00,2024,Other
AtCoder,adt_medium_20241003_2,AtCoder Daily Training MEDIUM 2024/10/03 18:30start,2024-10-03 09:30:00,2024,Other
AtCoder,adt_medium_20241003_3,AtCoder Daily Training MEDIUM 2024/10/03 20:30start,2024-10-03 11:30:00,2024,Other
AtCoder,adt_medium_20241008_1,AtCoder Daily Training MEDIUM 2024/10/08 15:30start,2024-10-08 06:30:00,2024,Other
AtCoder,adt_medium_20241008_2,AtCoder Daily Training MEDIUM 2024/10/08 17:30start,2024-10-08 08:30:00,2024,Other
AtCoder,adt_medium_20241008_3,AtCoder Daily Training MEDIUM 2024/10/08 19:30start,2024-10-08 10:30:00,2024,Other
AtCoder,adt_medium_20241009_1,AtCoder Daily Training MEDIUM 2024/10/09 16:00start,2024-10-09 07:00:00,2024,Other
AtCoder,adt_medium_20241009_2,AtCoder Daily Training MEDIUM 2024/10/09 18:00start,2024-10-09 09:00:00,2024,Other
AtCoder,adt_medium_20241009_3,AtCoder Daily Training MEDIUM 2024/10/09 20:00start,2024-10-09 11:00:00,2024,Other
AtCoder,adt_medium_20241010_1,AtCoder Daily Training MEDIUM 2024/10/10 16:30start,2024-10-10 07:30:00,2024,Other
AtCoder,adt_medium_20241010_2,AtCoder Daily Training MEDIUM 2024/10/10 18:30start,2024-10-10 09:30:00,2024,Other
AtCoder,adt_medium_20241010_3,AtCoder Daily Training MEDIUM 2024/10/10 20:30start,2024-10-10 11:30:00,2024,Other
AtCoder,adt_medium_20241015_1,AtCoder Daily Training MEDIUM 2024/10/15 15:30start,2024-10-15 06:30:00,2024,Other
AtCoder,adt_medium_20241015_2,AtCoder Daily Training MEDIUM 2024/10/15 17:30start,2024-10-15 08:30:00,2024,Other
AtCoder,adt_medium_20241015_3,AtCoder Daily Training MEDIUM 2024/10/15 19:30start,2024-10-15 10:30:00,2024,Other
AtCoder,adt_medium_20241016_1,AtCoder Daily Training MEDIUM 2024/10/16 16:00start,2024-10-16 07:00:00,2024,Other
AtCoder,adt_medium_20241016_2,AtCoder Daily Training MEDIUM 2024/10/16 18:00start,2024-10-16 09:00:00,2024,Other
AtCoder,adt_medium_20241016_3,AtCoder Daily Training MEDIUM 2024/10/16 20:00start,2024-10-16 11:00:00,2024,Other
AtCoder,adt_medium_20241017_1,AtCoder Daily Training MEDIUM 2024/10/17 16:30start,2024-10-17 07:30:00,2024,Other
AtCoder,adt_medium_20241017_2,AtCoder Daily Training MEDIUM 2024/10/17 18:30start,2024-10-17 09:30:00,2024,Other
AtCoder,adt_medium_20241017_3,AtCoder Daily Training MEDIUM 2024/10/17 20:30start,2024-10-17 11:30:00,2024,Other
AtCoder,adt_medium_20241022_1,AtCoder Daily Training MEDIUM 2024/10/22 15:30start,2024-10-22 06:30:00,2024,Other
AtCoder,adt_medium_20241022_2,AtCoder Daily Training MEDIUM 2024/10/22 17:30start,2024-10-22 08:30:00,2024,Other
AtCoder,adt_medium_20241022_3,AtCoder Daily Training MEDIUM 2024/10/22 19:30start,2024-10-22 10:30:00,2024,Other
AtCoder,adt_medium_20241023_1,AtCoder Daily Training MEDIUM 2024/10/23 16:00start,2024-10-23 07:00:00,2024,Other
AtCoder,adt_medium_20241023_2,AtCoder Daily Training MEDIUM 2024/10/23 18:00start,2024-10-23 09:00:00,2024,Other
AtCoder,adt_medium_20241023_3,AtCoder Daily Training MEDIUM 2024/10/23 20:00start,2024-10-23 11:00:00,2024,Other
AtCoder,adt_medium_20241024_1,AtCoder Daily Training MEDIUM 2024/10/24 16:30start,2024-10-24 07:30:00,2024,Other
AtCoder,adt_medium_20241024_2,AtCoder Daily Training MEDIUM 2024/10/24 18:30start,2024-10-24 09:30:00,2024,Other
AtCoder,adt_medium_20241024_3,AtCoder Daily Training MEDIUM 2024/10/24 20:30start,2024-10-24 11:30:00,2024,Other
AtCoder,adt_medium_20241029_1,AtCoder Daily Training MEDIUM 2024/10/29 15:30start,2024-10-29 06:30:00,2024,Other
AtCoder,adt_medium_20241029_2,AtCoder Daily Training MEDIUM 2024/10/29 17:30start,2024-10-29 08:30:00,2024,Other
AtCoder,adt_medium_20241029_3,AtCoder Daily Training MEDIUM 2024/10/29 19:30start,2024-10-29 10:30:00,2024,Other
AtCoder,adt_medium_20241030_1,AtCoder Daily Training MEDIUM 2024/10/30 16:00start,2024-10-30 07:00:00,2024,Other
AtCoder,adt_medium_20241030_2,AtCoder Daily Training MEDIUM 2024/10/30 18:00start,2024-10-30 09:00:00,2024,Other
AtCoder,adt_medium_20241030_3,AtCoder Daily Training MEDIUM 2024/10/30 20:00start,2024-10-30 11:00:00,2024,Other
AtCoder,adt_medium_20241031_1,AtCoder Daily Training MEDIUM 2024/10/31 16:30start,2024-10-31 07:30:00,2024,Other
AtCoder,adt_medium_20241031_2,AtCoder Daily Training MEDIUM 2024/10/31 18:30start,2024-10-31 09:30:00,2024,Other
AtCoder,adt_medium_20241031_3,AtCoder Daily Training MEDIUM 2024/10/31 20:30start,2024-10-31 11:30:00,2024,Other
AtCoder,adt_medium_20241105_1,AtCoder Daily Training MEDIUM 2024/11/05 15:30start,2024-11-05 06:30:00,2024,Other
AtCoder,adt_medium_20241105_2,AtCoder Daily Training MEDIUM 2024/11/05 17:30start,2024-11-05 08:30:00,2024,Other
AtCoder,adt_medium_20241105_3,AtCoder Daily Training MEDIUM 2024/11/05 19:30start,2024-11-05 10:30:00,2024,Other
AtCoder,adt_medium_20241106_1,AtCoder Daily Training MEDIUM 2024/11/06 16:00start,2024-11-06 07:00:00,2024,Other
AtCoder,adt_medium_20241106_2,AtCoder Daily Training MEDIUM 2024/11/06 18:00start,2024-11-06 09:00:00,2024,Other
AtCoder,adt_medium_20241106_3,AtCoder Daily Training MEDIUM 2024/11/06 20:00start,2024-11-06 11:00:00,2024,Other
AtCoder,adt_medium_20241107_1,AtCoder Daily Training MEDIUM 2024/11/07 16:30start,2024-11-07 07:30:00,2024,Other
AtCoder,adt_medium_20241107_2,AtCoder Daily Training MEDIUM 2024/11/07 18:30start,2024-11-07 09:30:00,2024,Other
AtCoder,adt_medium_20241107_3,AtCoder Daily Training MEDIUM 2024/11/07 20:30start,2024-11-07 11:30:00,2024,Other
AtCoder,adt_medium_20241112_1,AtCoder Daily Training MEDIUM 2024/11/12 15:30start,2024-11-12 06:30:00,2024,Other
AtCoder,adt_medium_20241112_2,AtCoder Daily Training MEDIUM 2024/11/12 17:30start,2024-11-12 08:30:00,2024,Other
AtCoder,adt_medium_20241112_3,AtCoder Daily Training MEDIUM 2024/11/12 19:30start,2024-11-12 10:30:00,2024,Other
AtCoder,adt_medium_20241113_1,AtCoder Daily Training MEDIUM 2024/11/13 16:00start,2024-11-13 07:00:00,2024,Other
AtCoder,adt_medium_20241113_2,AtCoder Daily Training MEDIUM 2024/11/13 18:00start,2024-11-13 09:00:00,2024,Other
AtCoder,adt_medium_20241113_3,AtCoder Daily Training MEDIUM 2024/11/13 20:00start,2024-11-13 11:00:00,2024,Other
AtCoder,adt_medium_20241114_1,AtCoder Daily Training MEDIUM 2024/11/14 16:30start,2024-11-14 07:30:00,2024,Other
AtCoder,adt_medium_20241114_2,AtCoder Daily Training MEDIUM 2024/11/14 18:30start,2024-11-14 09:30:00,2024,Other
AtCoder,adt_medium_20241114_3,AtCoder Daily Training MEDIUM 2024/11/14 20:30start,2024-11-14 11:30:00,2024,Other
AtCoder,adt_medium_20241119_1,AtCoder Daily Training MEDIUM 2024/11/19 15:30start,2024-11-19 06:30:00,2024,Other
AtCoder,adt_medium_20241119_2,AtCoder Daily Training MEDIUM 2024/11/19 17:30start,2024-11-19 08:30:00,2024,Other
AtCoder,adt_medium_20241119_3,AtCoder Daily Training MEDIUM 2024/11/19 19:30start,2024-11-19 10:30:00,2024,Other
AtCoder,adt_medium_20241120_1,AtCoder Daily Training MEDIUM 2024/11/20 16:00start,2024-11-20 07:00:00,2024,Other
AtCoder,adt_medium_20241120_2,AtCoder Daily Training MEDIUM 2024/11/20 18:00start,2024-11-20 09:00:00,2024,Other
AtCoder,adt_medium_20241120_3,AtCoder Daily Training MEDIUM 2024/11/20 20:00start,2024-11-20 11:00:00,2024,Other
AtCoder,adt_medium_20241121_1,AtCoder Daily Training MEDIUM 2024/11/21 16:30start,2024-11-21 07:30:00,2024,Other
AtCoder,adt_medium_20241121_2,AtCoder Daily Training MEDIUM 2024/11/21 18:30start,2024-11-21 09:30:00,2024,Other
AtCoder,adt_medium_20241121_3,AtCoder Daily Training MEDIUM 2024/11/21 20:30start,2024-11-21 11:30:00,2024,Other
AtCoder,adt_medium_20241126_1,AtCoder Daily Training MEDIUM 2024/11/26 15:30start,2024-11-26 06:30:00,2024,Other
AtCoder,adt_medium_20241126_2,AtCoder Daily Training MEDIUM 2024/11/26 17:30start,2024-11-26 08:30:00,2024,Other
AtCoder,adt_medium_20241126_3,AtCoder Daily Training MEDIUM 2024/11/26 19:30start,2024-11-26 10:30:00,2024,Other
AtCoder,adt_medium_20241127_1,AtCoder Daily Training MEDIUM 2024/11/27 16:00start,2024-11-27 07:00:00,2024,Other
AtCoder,adt_medium_20241127_2,AtCoder Daily Training MEDIUM 2024/11/27 18:00start,2024-11-27 09:00:00,2024,Other
AtCoder,adt_medium_20241127_3,AtCoder Daily Training MEDIUM 2024/11/27 20:00start,2024-11-27 11:00:00,2024,Other
AtCoder,adt_medium_20241128_1,AtCoder Daily Training MEDIUM 2024/11/28 16:30start,2024-11-28 07:30:00,2024,Other
AtCoder,adt_medium_20241128_2,AtCoder Daily Training MEDIUM 2024/11/28 18:30start,2024-11-28 09:30:00,2024,Other
AtCoder,adt_medium_20241128_3,AtCoder Daily Training MEDIUM 2024/11/28 20:30start,2024-11-28 11:30:00,2024,Other
AtCoder,adt_medium_20241203_1,AtCoder Daily Training MEDIUM 2024/12/03 15:30start,2024-12-03 06:30:00,2024,Other
AtCoder,adt_medium_20241203_2,AtCoder Daily Training MEDIUM 2024/12/03 17:30start,2024-12-03 08:30:00,2024,Other
AtCoder,adt_medium_20241203_3,AtCoder Daily Training MEDIUM 2024/12/03 19:30start,2024-12-03 10:30:00,2024,Other
AtCoder,adt_medium_20241204_1,AtCoder Daily Training MEDIUM 2024/12/04 16:00start,2024-12-04 07:00:00,2024,Other
AtCoder,adt_medium_20241204_2,AtCoder Daily Training MEDIUM 2024/12/04 18:00start,2024-12-04 09:00:00,2024,Other
AtCoder,adt_medium_20241204_3,AtCoder Daily Training MEDIUM 2024/12/04 20:00start,2024-12-04 11:00:00,2024,Other
AtCoder,adt_medium_20241205_1,AtCoder Daily Training MEDIUM 2024/12/05 16:30start,2024-12-05 07:30:00,2024,Other
AtCoder,adt_medium_20241205_2,AtCoder Daily Training MEDIUM 2024/12/05 18:30start,2024-12-05 09:30:00,2024,Other
AtCoder,adt_medium_20241205_3,AtCoder Daily Training MEDIUM 2024/12/05 20:30start,2024-12-05 11:30:00,2024,Other
AtCoder,adt_medium_20241210_1,AtCoder Daily Training MEDIUM 2024/12/10 15:30start,2024-12-10 06:30:00,2024,Other
AtCoder,adt_medium_20241210_2,AtCoder Daily Training MEDIUM 2024/12/10 17:30start,2024-12-10 08:30:00,2024,Other
AtCoder,adt_medium_20241210_3,AtCoder Daily Training MEDIUM 2024/12/10 19:30start,2024-12-10 10:30:00,2024,Other
AtCoder,adt_medium_20241211_1,AtCoder Daily Training MEDIUM 2024/12/11 16:00start,2024-12-11 07:00:00,2024,Other
AtCoder,adt_medium_20241211_2,AtCoder Daily Training MEDIUM 2024/12/11 18:00start,2024-12-11 09:00:00,2024,Other
AtCoder,adt_medium_20241211_3,AtCoder Daily Training MEDIUM 2024/12/11 20:00start,2024-12-11 11:00:00,2024,Other
AtCoder,adt_medium_20241212_1,AtCoder Daily Training MEDIUM 2024/12/12 16:30start,2024-12-12 07:30:00,2024,Other
AtCoder,adt_medium_20241212_2,AtCoder Daily Training MEDIUM 2024/12/12 18:30start,2024-12-12 09:30:00,2024,Other
AtCoder,adt_medium_20241212_3,AtCoder Daily Training MEDIUM 2024/12/12 20:30start,2024-12-12 11:30:00,2024,Other
AtCoder,adt_medium_20241217_1,AtCoder Daily Training MEDIUM 2024/12/17 15:30start,2024-12-17 06:30:00,2024,Other
AtCoder,adt_medium_20241217_2,AtCoder Daily Training MEDIUM 2024/12/17 17:30start,2024-12-17 08:30:00,2024,Other
AtCoder,adt_medium_20241217_3,AtCoder Daily Training MEDIUM 2024/12/17 19:30start,2024-12-17 10:30:00,2024,Other
AtCoder,adt_medium_20241218_1,AtCoder Daily Training MEDIUM 2024/12/18 16:00start,2024-12-18 07:00:00,2024,Other
AtCoder,adt_medium_20241218_2,AtCoder Daily Training MEDIUM 2024/12/18 18:00start,2024-12-18 09:00:00,2024,Other
AtCoder,adt_medium_20241218_3,AtCoder Daily Training MEDIUM 2024/12/18 20:00start,2024-12-18 11:00:00,2024,Other
AtCoder,adt_medium_20241219_1,AtCoder Daily Training MEDIUM 2024/12/19 16:30start,2024-12-19 07:30:00,2024,Other
AtCoder,adt_medium_20241219_2,AtCoder Daily Training MEDIUM 2024/12/19 18:30start,2024-12-19 09:30:00,2024,Other
AtCoder,adt_medium_20241219_3,AtCoder Daily Training MEDIUM 2024/12/19 20:30start,2024-12-19 11:30:00,2024,Other
AtCoder,adt_medium_20241224_1,AtCoder Daily Training MEDIUM 2024/12/24 15:30start,2024-12-24 06:30:00,2024,Other
AtCoder,adt_medium_20241224_2,AtCoder Daily Training MEDIUM 2024/12/24 17:30start,2024-12-24 08:30:00,2024,Other
AtCoder,adt_medium_20241224_3,AtCoder Daily Training MEDIUM 2024/12/24 19:30start,2024-12-24 10:30:00,2024,Other
AtCoder,adt_medium_20241225_1,AtCoder Daily Training MEDIUM 2024/12/25 16:00start,2024-12-25 07:00:00,2024,Other
AtCoder,adt_medium_20241225_2,AtCoder Daily Training MEDIUM 2024/12/25 18:00start,2024-12-25 09:00:00,2024,Other
AtCoder,adt_medium_20241225_3,AtCoder Daily Training MEDIUM 2024/12/25 20:00start,2024-12-25 11:00:00,2024,Other
AtCoder,adt_medium_20241226_1,AtCoder Daily Training MEDIUM 2024/12/26 16:30start,2024-12-26 07:30:00,2024,Other
AtCoder,adt_medium_20241226_2,AtCoder Daily Training MEDIUM 2024/12/26 18:30start,2024-12-26 09:30:00,2024,Other
AtCoder,adt_medium_20241226_3,AtCoder Daily Training MEDIUM 2024/12/26 20:30start,2024-12-26 11:30:00,2024,Other
AtCoder,adt_medium_20241231_1,AtCoder Daily Training MEDIUM 2024/12/31 15:30start,2024-12-31 06:30:00,2024,Other
AtCoder,adt_medium_20241231_2,AtCoder Daily Training MEDIUM 2024/12/31 17:30start,2024-12-31 08:30:00,2024,Other
AtCoder,adt_medium_20241231_3,AtCoder Daily Training MEDIUM 2024/12/31 19:30start,2024-12-31 10:30:00,2024,Other
AtCoder,adt_medium_20250101_1,AtCoder Daily Training MEDIUM 2025/01/01 16:00start,2025-01-01 07:00:00,2025,Other
AtCoder,adt_medium_20250101_2,AtCoder Daily Training MEDIUM 2025/01/01 18:00start,2025-01-01 09:00:00,2025,Other
AtCoder,adt_medium_20250101_3,AtCoder Daily Training MEDIUM 2025/01/01 20:00start,2025-01-01 11:00:00,2025,Other
AtCoder,adt_medium_20250102_1,AtCoder Daily Training MEDIUM 2025/01/02 16:30start,2025-01-02 07:30:00,2025,Other
AtCoder,adt_medium_20250102_2,AtCoder Daily Training MEDIUM 2025/01/02 18:30start,2025-01-02 09:30:00,2025,Other
AtCoder,adt_medium_20250102_3,AtCoder Daily Training MEDIUM 2025/01/02 20:30start,2025-01-02 11:30:00,2025,Other
AtCoder,adt_medium_20250107_1,AtCoder Daily Training MEDIUM 2025/01/07 15:30start,2025-01-07 06:30:00,2025,Other
AtCoder,adt_medium_20250107_2,AtCoder Daily Training MEDIUM 2025/01/07 17:30start,2025-01-07 08:30:00,2025,Other
AtCoder,adt_medium_20250107_3,AtCoder Daily Training MEDIUM 2025/01/07 19:30start,2025-01-07 10:30:00,2025,Other
AtCoder,adt_medium_20250108_1,AtCoder Daily Training MEDIUM 2025/01/08 16:00start,2025-01-08 07:00:00,2025,Other
AtCoder,adt_medium_20250108_2,AtCoder Daily Training MEDIUM 2025/01/08 18:00start,2025-01-08 09:00:00,2025,Other
AtCoder,adt_medium_20250108_3,AtCoder Daily Training MEDIUM 2025/01/08 20:00start,2025-01-08 11:00:00,2025,Other
AtCoder,adt_medium_20250109_1,AtCoder Daily Training MEDIUM 2025/01/09 16:30start,2025-01-09 07:30:00,2025,Other
AtCoder,adt_medium_20250109_2,AtCoder Daily Training MEDIUM 2025/01/09 18:30start,2025-01-09 09:30:00,2025,Other
AtCoder,adt_medium_20250109_3,AtCoder Daily Training MEDIUM 2025/01/09 20:30start,2025-01-09 11:30:00,2025,Other
AtCoder,adt_medium_20250114_1,AtCoder Daily Training MEDIUM 2025/01/14 15:30start,2025-01-14 06:30:00,2025,Other
AtCoder,adt_medium_20250114_2,AtCoder Daily Training MEDIUM 2025/01/14 17:30start,2025-01-14 08:30:00,2025,Other
AtCoder,adt_medium_20250114_3,AtCoder Daily Training MEDIUM 2025/01/14 19:30start,2025-01-14 10:30:00,2025,Other
AtCoder,adt_medium_20250115_1,AtCoder Daily Training MEDIUM 2025/01/15 16:00start,2025-01-15 07:00:00,2025,Other
AtCoder,adt_medium_20250115_2,AtCoder Daily Training MEDIUM 2025/01/15 18:00start,2025-01-15 09:00:00,2025,Other
AtCoder,adt_medium_20250115_3,AtCoder Daily Training MEDIUM 2025/01/15 20:00start,2025-01-15 11:00:00,2025,Other
AtCoder,adt_medium_20250116_1,AtCoder Daily Training MEDIUM 2025/01/16 16:30start,2025-01-16 07:30:00,2025,Other
AtCoder,adt_medium_20250116_2,AtCoder Daily Training MEDIUM 2025/01/16 18:30start,2025-01-16 09:30:00,2025,Other
AtCoder,adt_medium_20250116_3,AtCoder Daily Training MEDIUM 2025/01/16 20:30start,2025-01-16 11:30:00,2025,Other
AtCoder,adt_medium_20250121_1,AtCoder Daily Training MEDIUM 2025/01/21 15:30start,2025-01-21 06:30:00,2025,Other
AtCoder,adt_medium_20250121_2,AtCoder Daily Training MEDIUM 2025/01/21 17:30start,2025-01-21 08:30:00,2025,Other
AtCoder,adt_medium_20250121_3,AtCoder Daily Training MEDIUM 2025/01/21 19:30start,2025-01-21 10:30:00,2025,Other
AtCoder,adt_medium_20250122_1,AtCoder Daily Training MEDIUM 2025/01/22 16:00start,2025-01-22 07:00:00,2025,Other
AtCoder,adt_medium_20250122_2,AtCoder Daily Training MEDIUM 2025/01/22 18:00start,2025-01-22 09:00:00,2025,Other
AtCoder,adt_medium_20250122_3,AtCoder Daily Training MEDIUM 2025/01/22 20:00start,2025-01-22 11:00:00,2025,Other
AtCoder,adt_medium_20250123_1,AtCoder Daily Training MEDIUM 2025/01/23 16:30start,2025-01-23 07:30:00,2025,Other
AtCoder,adt_medium_20250123_2,AtCoder Daily Training MEDIUM 2025/01/23 18:30start,2025-01-23 09:30:00,2025,Other
AtCoder,adt_medium_20250123_3,AtCoder Daily Training MEDIUM 2025/01/23 20:30start,2025-01-23 11:30:00,2025,Other
AtCoder,adt_medium_20250128_1,AtCoder Daily Training MEDIUM 2025/01/28 15:30start,2025-01-28 06:30:00,2025,Other
AtCoder,adt_medium_20250128_2,AtCoder Daily Training MEDIUM 2025/01/28 17:30start,2025-01-28 08:30:00,2025,Other
AtCoder,adt_medium_20250128_3,AtCoder Daily Training MEDIUM 2025/01/28 19:30start,2025-01-28 10:30:00,2025,Other
AtCoder,adt_medium_20250129_1,AtCoder Daily Training MEDIUM 2025/01/29 16:00start,2025-01-29 07:00:00,2025,Other
AtCoder,adt_medium_20250129_2,AtCoder Daily Training MEDIUM 2025/01/29 18:00start,2025-01-29 09:00:00,2025,Other
AtCoder,adt_medium_20250129_3,AtCoder Daily Training MEDIUM 2025/01/29 20:00start,2025-01-29 11:00:00,2025,Other
AtCoder,adt_medium_20250130_1,AtCoder Daily Training MEDIUM 2025/01/30 16:30start,2025-01-30 07:30:00,2025,Other
AtCoder,adt_medium_20250130_2,AtCoder Daily Training MEDIUM 2025/01/30 18:30start,2025-01-30 09:30:00,2025,Other
AtCoder,adt_medium_20250130_3,AtCoder Daily Training MEDIUM 2025/01/30 20:30start,2025-01-30 11:30:00,2025,Other
AtCoder,adt_medium_20250204_1,AtCoder Daily Training MEDIUM 2025/02/04 15:30start,2025-02-04 06:30:00,2025,Other
AtCoder,adt_medium_20250204_2,AtCoder Daily Training MEDIUM 2025/02/04 17:30start,2025-02-04 08:30:00,2025,Other
AtCoder,adt_medium_20250204_3,AtCoder Daily Training MEDIUM 2025/02/04 19:30start,2025-02-04 10:30:00,2025,Other
AtCoder,adt_medium_20250205_1,AtCoder Daily Training MEDIUM 2025/02/05 16:00start,2025-02-05 07:00:00,2025,Other
AtCoder,adt_medium_20250205_2,AtCoder Daily Training MEDIUM 2025/02/05 18:00start,2025-02-05 09:00:00,2025,Other
AtCoder,adt_medium_20250205_3,AtCoder Daily Training MEDIUM 2025/02/05 20:00start,2025-02-05 11:00:00,2025,Other
AtCoder,adt_medium_20250206_1,AtCoder Daily Training MEDIUM 2025/02/06 16:30start,2025-02-06 07:30:00,2025,Other
AtCoder,adt_medium_20250206_2,AtCoder Daily Training MEDIUM 2025/02/06 18:30start,2025-02-06 09:30:00,2025,Other
AtCoder,adt_medium_20250206_3,AtCoder Daily Training MEDIUM 2025/02/06 20:30start,2025-02-06 11:30:00,2025,Other
AtCoder,adt_medium_20250211_1,AtCoder Daily Training MEDIUM 2025/02/11 15:30start,2025-02-11 06:30:00,2025,Other
AtCoder,adt_medium_20250211_2,AtCoder Daily Training MEDIUM 2025/02/11 17:30start,2025-02-11 08:30:00,2025,Other
AtCoder,adt_medium_20250211_3,AtCoder Daily Training MEDIUM 2025/02/11 19:30start,2025-02-11 10:30:00,2025,Other
AtCoder,adt_medium_20250212_1,AtCoder Daily Training MEDIUM 2025/02/12 16:00start,2025-02-12 07:00:00,2025,Other
AtCoder,adt_medium_20250212_2,AtCoder Daily Training MEDIUM 2025/02/12 18:00start,2025-02-12 09:00:00,2025,Other
AtCoder,adt_medium_20250212_3,AtCoder Daily Training MEDIUM 2025/02/12 20:00start,2025-02-12 11:00:00,2025,Other
AtCoder,adt_medium_20250213_1,AtCoder Daily Training MEDIUM 2025/02/13 16:30start,2025-02-13 07:30:00,2025,Other
AtCoder,adt_medium_20250213_2,AtCoder Daily Training MEDIUM 2025/02/13 18:30start,2025-02-13 09:30:00,2025,Other
AtCoder,adt_medium_20250213_3,AtCoder Daily Training MEDIUM 2025/02/13 20:30start,2025-02-13 11:30:00,2025,Other
AtCoder,adt_medium_20250218_1,AtCoder Daily Training MEDIUM 2025/02/18 15:30start,2025-02-18 06:30:00,2025,Other
AtCoder,adt_medium_20250218_2,AtCoder Daily Training MEDIUM 2025/02/18 17:30start,2025-02-18 08:30:00,2025,Other
AtCoder,adt_medium_20250218_3,AtCoder Daily Training MEDIUM 2025/02/18 19:30start,2025-02-18 10:30:00,2025,Other
AtCoder,adt_medium_20250219_1,AtCoder Daily Training MEDIUM 2025/02/19 16:00start,2025-02-19 07:00:00,2025,Other
AtCoder,adt_medium_20250219_2,AtCoder Daily Training MEDIUM 2025/02/19 18:00start,2025-02-19 09:00:00,2025,Other
AtCoder,adt_medium_20250219_3,AtCoder Daily Training MEDIUM 2025/02/19 20:00start,2025-02-19 11:00:00,2025,Other
AtCoder,adt_medium_20250220_1,AtCoder Daily Training MEDIUM 2025/02/20 16:30start,2025-02-20 07:30:00,2025,Other
AtCoder,adt_medium_20250220_2,AtCoder Daily Training MEDIUM 2025/02/20 18:30start,2025-02-20 09:30:00,2025,Other
AtCoder,adt_medium_20250220_3,AtCoder Daily Training MEDIUM 2025/02/20 20:30start,2025-02-20 11:30:00,2025,Other
AtCoder,adt_medium_20250225_1,AtCoder Daily Training MEDIUM 2025/02/25 15:30start,2025-02-25 06:30:00,2025,Other
AtCoder,adt_medium_20250225_2,AtCoder Daily Training MEDIUM 2025/02/25 17:30start,2025-02-25 08:30:00,2025,Other
AtCoder,adt_medium_20250225_3,AtCoder Daily Training MEDIUM 2025/02/25 19:30start,2025-02-25 10:30:00,2025,Other
AtCoder,adt_medium_20250226_1,AtCoder Daily Training MEDIUM 2025/02/26 16:00start,2025-02-26 07:00:00,2025,Other
AtCoder,adt_medium_20250226_2,AtCoder Daily Training MEDIUM 2025/02/26 18:00start,2025-02-26 09:00:00,2025,Other
AtCoder,adt_medium_20250226_3,AtCoder Daily Training MEDIUM 2025/02/26 20:00start,2025-02-26 11:00:00,2025,Other
AtCoder,adt_medium_20250227_1,AtCoder Daily Training MEDIUM 2025/02/27 16:30start,2025-02-27 07:30:00,2025,Other
AtCoder,adt_medium_20250227_2,AtCoder Daily Training MEDIUM 2025/02/27 18:30start,2025-02-27 09:30:00,2025,Other
AtCoder,adt_medium_20250227_3,AtCoder Daily Training MEDIUM 2025/02/27 20:30start,2025-02-27 11:30:00,2025,Other
AtCoder,adt_medium_20250304_1,AtCoder Daily Training MEDIUM 2025/03/04 15:30start,2025-03-04 06:30:00,2025,Other
AtCoder,adt_medium_20250304_2,AtCoder Daily Training MEDIUM 2025/03/04 17:30start,2025-03-04 08:30:00,2025,Other
AtCoder,adt_medium_20250304_3,AtCoder Daily Training MEDIUM 2025/03/04 19:30start,2025-03-04 10:30:00,2025,Other
AtCoder,adt_medium_20250305_1,AtCoder Daily Training MEDIUM 2025/03/05 16:00start,2025-03-05 07:00:00,2025,Other
AtCoder,adt_medium_20250305_2,AtCoder Daily Training MEDIUM 2025/03/05 18:00start,2025-03-05 09:00:00,2025,Other
AtCoder,adt_medium_20250305_3,AtCoder Daily Training MEDIUM 2025/03/05 20:00start,2025-03-05 11:00:00,2025,Other
AtCoder,adt_medium_20250306_1,AtCoder Daily Training MEDIUM 2025/03/06 16:30start,2025-03-06 07:30:00,2025,Other
AtCoder,adt_medium_20250306_2,AtCoder Daily Training MEDIUM 2025/03/06 18:30start,2025-03-06 09:30:00,2025,Other
AtCoder,adt_medium_20250306_3,AtCoder Daily Training MEDIUM 2025/03/06 20:30start,2025-03-06 11:30:00,2025,Other
AtCoder,adt_medium_20250311_1,AtCoder Daily Training MEDIUM 2025/03/11 15:30start,2025-03-11 06:30:00,2025,Other
AtCoder,adt_medium_20250311_2,AtCoder Daily Training MEDIUM 2025/03/11 17:30start,2025-03-11 08:30:00,2025,Other
AtCoder,adt_medium_20250311_3,AtCoder Daily Training MEDIUM 2025/03/11 19:30start,2025-03-11 10:30:00,2025,Other
AtCoder,adt_medium_20250312_1,AtCoder Daily Training MEDIUM 2025/03/12 16:00start,2025-03-12 07:00:00,2025,Other
AtCoder,adt_medium_20250312_2,AtCoder Daily Training MEDIUM 2025/03/12 18:00start,2025-03-12 09:00:00,2025,Other
AtCoder,adt_medium_20250312_3,AtCoder Daily Training MEDIUM 2025/03/12 20:00start,2025-03-12 11:00:00,2025,Other
AtCoder,adt_medium_20250313_1,AtCoder Daily Training MEDIUM 2025/03/13 16:30start,2025-03-13 07:30:00,2025,Other
AtCoder,adt_medium_20250313_2,AtCoder Daily Training MEDIUM 2025/03/13 18:30start,2025-03-13 09:30:00,2025,Other
AtCoder,adt_medium_20250313_3,AtCoder Daily Training MEDIUM 2025/03/13 20:30start,2025-03-13 11:30:00,2025,Other
AtCoder,adt_medium_20250318_1,AtCoder Daily Training MEDIUM 2025/03/18 15:30start,2025-03-18 06:30:00,2025,Other
AtCoder,adt_medium_20250318_2,AtCoder Daily Training MEDIUM 2025/03/18 17:30start,2025-03-18 08:30:00,2025,Other
AtCoder,adt_medium_20250318_3,AtCoder Daily Training MEDIUM 2025/03/18 19:30start,2025-03-18 10:30:00,2025,Other
AtCoder,adt_medium_20250319_1,AtCoder Daily Training MEDIUM 2025/03/19 16:00start,2025-03-19 07:00:00,2025,Other
AtCoder,adt_medium_20250319_2,AtCoder Daily Training MEDIUM 2025/03/19 18:00start,2025-03-19 09:00:00,2025,Other
AtCoder,adt_medium_20250319_3,AtCoder Daily Training MEDIUM 2025/03/19 20:00start,2025-03-19 11:00:00,2025,Other
AtCoder,adt_medium_20250320_1,AtCoder Daily Training MEDIUM 2025/03/20 16:30start,2025-03-20 07:30:00,2025,Other
AtCoder,adt_medium_20250320_2,AtCoder Daily Training MEDIUM 2025/03/20 18:30start,2025-03-20 09:30:00,2025,Other
AtCoder,adt_medium_20250320_3,AtCoder Daily Training MEDIUM 2025/03/20 20:30start,2025-03-20 11:30:00,2025,Other
AtCoder,adt_medium_20250325_1,AtCoder Daily Training MEDIUM 2025/03/25 15:30start,2025-03-25 06:30:00,2025,Other
AtCoder,adt_medium_20250325_2,AtCoder Daily Training MEDIUM 2025/03/25 17:30start,2025-03-25 08:30:00,2025,Other
AtCoder,adt_medium_20250325_3,AtCoder Daily Training MEDIUM 2025/03/25 19:30start,2025-03-25 10:30:00,2025,Other
AtCoder,adt_medium_20250326_1,AtCoder Daily Training MEDIUM 2025/03/26 16:00start,2025-03-26 07:00:00,2025,Other
AtCoder,adt_medium_20250326_2,AtCoder Daily Training MEDIUM 2025/03/26 18:00start,2025-03-26 09:00:00,2025,Other
AtCoder,adt_medium_20250326_3,AtCoder Daily Training MEDIUM 2025/03/26 20:00start,2025-03-26 11:00:00,2025,Other
AtCoder,adt_medium_20250327_1,AtCoder Daily Training MEDIUM 2025/03/27 16:30start,2025-03-27 07:30:00,2025,Other
AtCoder,adt_medium_20250327_2,AtCoder Daily Training MEDIUM 2025/03/27 18:30start,2025-03-27 09:30:00,2025,Other
AtCoder,adt_medium_20250327_3,AtCoder Daily Training MEDIUM 2025/03/27 20:30start,2025-03-27 11:30:00,2025,Other
AtCoder,adt_medium_20250401_1,AtCoder Daily Training MEDIUM 2025/04/01 15:30start,2025-04-01 06:30:00,2025,Other
AtCoder,adt_medium_20250401_2,AtCoder Daily Training MEDIUM 2025/04/01 17:30start,2025-04-01 08:30:00,2025,Other
AtCoder,adt_medium_20250401_3,AtCoder Daily Training MEDIUM 2025/04/01 19:30start,2025-04-01 10:30:00,2025,Other
AtCoder,adt_medium_20250402_1,AtCoder Daily Training MEDIUM 2025/04/02 16:00start,2025-04-02 07:00:00,2025,Other
AtCoder,adt_medium_20250402_2,AtCoder Daily Training MEDIUM 2025/04/02 18:00start,2025-04-02 09:00:00,2025,Other
AtCoder,adt_medium_20250402_3,AtCoder Daily Training MEDIUM 2025/04/02 20:00start,2025-04-02 11:00:00,2025,Other
AtCoder,adt_medium_20250403_1,AtCoder Daily Training MEDIUM 2025/04/03 16:30start,2025-04-03 07:30:00,2025,Other
AtCoder,adt_medium_20250403_2,AtCoder Daily Training MEDIUM 2025/04/03 18:30start,2025-04-03 09:30:00,2025,Other
AtCoder,adt_medium_20250403_3,AtCoder Daily Training MEDIUM 2025/04/03 20:30start,2025-04-03 11:30:00,2025,Other
AtCoder,adt_medium_20250408_1,AtCoder Daily Training MEDIUM 2025/04/08 15:30start,2025-04-08 06:30:00,2025,Other
AtCoder,adt_medium_20250408_2,AtCoder Daily Training MEDIUM 2025/04/08 17:30start,2025-04-08 08:30:00,2025,Other
AtCoder,adt_medium_20250408_3,AtCoder Daily Training MEDIUM 2025/04/08 19:30start,2025-04-08 10:30:00,2025,Other
AtCoder,adt_medium_20250409_1,AtCoder Daily Training MEDIUM 2025/04/09 16:00start,2025-04-09 07:00:00,2025,Other
AtCoder,adt_medium_20250409_2,AtCoder Daily Training MEDIUM 2025/04/09 18:00start,2025-04-09 09:00:00,2025,Other
AtCoder,adt_medium_20250409_3,AtCoder Daily Training MEDIUM 2025/04/09 20:00start,2025-04-09 11:00:00,2025,Other
AtCoder,adt_medium_20250410_1,AtCoder Daily Training MEDIUM 2025/04/10 16:30start,2025-04-10 07:30:00,2025,Other
AtCoder,adt_medium_20250410_2,AtCoder Daily Training MEDIUM 2025/04/10 18:30start,2025-04-10 09:30:00,2025,Other
AtCoder,adt_medium_20250410_3,AtCoder Daily Training MEDIUM 2025/04/10 20:30start,2025-04-10 11:30:00,2025,Other
AtCoder,adt_medium_20250415_1,AtCoder Daily Training MEDIUM 2025/04/15 15:30start,2025-04-15 06:30:00,2025,Other
AtCoder,adt_medium_20250415_2,AtCoder Daily Training MEDIUM 2025/04/15 17:30start,2025-04-15 08:30:00,2025,Other
AtCoder,adt_medium_20250415_3,AtCoder Daily Training MEDIUM 2025/04/15 19:30start,2025-04-15 10:30:00,2025,Other
AtCoder,adt_medium_20250416_1,AtCoder Daily Training MEDIUM 2025/04/16 16:00start,2025-04-16 07:00:00,2025,Other
AtCoder,adt_medium_20250416_2,AtCoder Daily Training MEDIUM 2025/04/16 18:00start,2025-04-16 09:00:00,2025,Other
AtCoder,adt_medium_20250416_3,AtCoder Daily Training MEDIUM 2025/04/16 20:00start,2025-04-16 11:00:00,2025,Other
AtCoder,adt_medium_20250417_1,AtCoder Daily Training MEDIUM 2025/04/17 16:30start,2025-04-17 07:30:00,2025,Other
AtCoder,adt_medium_20250417_2,AtCoder Daily Training MEDIUM 2025/04/17 18:30start,2025-04-17 09:30:00,2025,Other
AtCoder,adt_medium_20250417_3,AtCoder Daily Training MEDIUM 2025/04/17 20:30start,2025-04-17 11:30:00,2025,Other
AtCoder,adt_medium_20250422_1,AtCoder Daily Training MEDIUM 2025/04/22 15:30start,2025-04-22 06:30:00,2025,Other
AtCoder,adt_medium_20250422_2,AtCoder Daily Training MEDIUM 2025/04/22 17:30start,2025-04-22 08:30:00,2025,Other
AtCoder,adt_medium_20250422_3,AtCoder Daily Training MEDIUM 2025/04/22 19:30start,2025-04-22 10:30:00,2025,Other
AtCoder,adt_medium_20250423_1,AtCoder Daily Training MEDIUM 2025/04/23 16:00start,2025-04-23 07:00:00,2025,Other
AtCoder,adt_medium_20250423_2,AtCoder Daily Training MEDIUM 2025/04/23 18:00start,2025-04-23 09:00:00,2025,Other
AtCoder,adt_medium_20250423_3,AtCoder Daily Training MEDIUM 2025/04/23 20:00start,2025-04-23 11:00:00,2025,Other
AtCoder,adt_medium_20250424_1,AtCoder Daily Training MEDIUM 2025/04/24 16:30start,2025-04-24 07:30:00,2025,Other
AtCoder,adt_medium_20250424_2,AtCoder Daily Training MEDIUM 2025/04/24 18:30start,2025-04-24 09:30:00,2025,Other
AtCoder,adt_medium_20250424_3,AtCoder Daily Training MEDIUM 2025/04/24 20:30start,2025-04-24 11:30:00,2025,Other
AtCoder,adt_medium_20250429_1,AtCoder Daily Training MEDIUM 2025/04/29 15:30start,2025-04-29 06:30:00,2025,Other
AtCoder,adt_medium_20250429_2,AtCoder Daily Training MEDIUM 2025/04/29 17:30start,2025-04-29 08:30:00,2025,Other
AtCoder,adt_medium_20250429_3,AtCoder Daily Training MEDIUM 2025/04/29 19:30start,2025-04-29 10:30:00,2025,Other
AtCoder,adt_medium_20250430_1,AtCoder Daily Training MEDIUM 2025/04/30 16:00start,2025-04-30 07:00:00,2025,Other
AtCoder,adt_medium_20250430_2,AtCoder Daily Training MEDIUM 2025/04/30 18:00start,2025-04-30 09:00:00,2025,Other
AtCoder,adt_medium_20250430_3,AtCoder Daily Training MEDIUM 2025/04/30 20:00start,2025-04-30 11:00:00,2025,Other
AtCoder,adt_medium_20250501_1,AtCoder Daily Training MEDIUM 2025/05/01 16:30start,2025-05-01 07:30:00,2025,Other
AtCoder,adt_medium_20250501_2,AtCoder Daily Training MEDIUM 2025/05/01 18:30start,2025-05-01 09:30:00,2025,Other
AtCoder,adt_medium_20250501_3,AtCoder Daily Training MEDIUM 2025/05/01 20:30start,2025-05-01 11:30:00,2025,Other
AtCoder,adt_medium_20250506_1,AtCoder Daily Training MEDIUM 2025/05/06 15:30start,2025-05-06 06:30:00,2025,Other
AtCoder,adt_medium_20250506_2,AtCoder Daily Training MEDIUM 2025/05/06 17:30start,2025-05-06 08:30:00,2025,Other
AtCoder,adt_medium_20250506_3,AtCoder Daily Training MEDIUM 2025/05/06 19:30start,2025-05-06 10:30:00,2025,Other
AtCoder,adt_medium_20250507_1,AtCoder Daily Training MEDIUM 2025/05/07 16:00start,2025-05-07 07:00:00,2025,Other
AtCoder,adt_medium_20250507_2,AtCoder Daily Training MEDIUM 2025/05/07 18:00start,2025-05-07 09:00:00,2025,Other
AtCoder,adt_medium_20250507_3,AtCoder Daily Training MEDIUM 2025/05/07 20:00start,2025-05-07 11:00:00,2025,Other
AtCoder,adt_medium_20250508_1,AtCoder Daily Training MEDIUM 2025/05/08 16:30start,2025-05-08 07:30:00,2025,Other
AtCoder,adt_medium_20250508_2,AtCoder Daily Training MEDIUM 2025/05/08 18:30start,2025-05-08 09:30:00,2025,Other
AtCoder,adt_medium_20250508_3,AtCoder Daily Training MEDIUM 2025/05/08 20:30start,2025-05-08 11:30:00,2025,Other
AtCoder,adt_medium_20250513_1,AtCoder Daily Training MEDIUM 2025/05/13 15:30start,2025-05-13 06:30:00,2025,Other
AtCoder,adt_medium_20250513_2,AtCoder Daily Training MEDIUM 2025/05/13 17:30start,2025-05-13 08:30:00,2025,Other
AtCoder,adt_medium_20250513_3,AtCoder Daily Training MEDIUM 2025/05/13 19:30start,2025-05-13 10:30:00,2025,Other
AtCoder,adt_medium_20250514_1,AtCoder Daily Training MEDIUM 2025/05/14 16:00start,2025-05-14 07:00:00,2025,Other
AtCoder,adt_medium_20250514_2,AtCoder Daily Training MEDIUM 2025/05/14 18:00start,2025-05-14 09:00:00,2025,Other
AtCoder,adt_medium_20250514_3,AtCoder Daily Training MEDIUM 2025/05/14 20:00start,2025-05-14 11:00:00,2025,Other
AtCoder,adt_medium_20250515_1,AtCoder Daily Training MEDIUM 2025/05/15 16:30start,2025-05-15 07:30:00,2025,Other
AtCoder,adt_medium_20250515_2,AtCoder Daily Training MEDIUM 2025/05/15 18:30start,2025-05-15 09:30:00,2025,Other
AtCoder,adt_medium_20250515_3,AtCoder Daily Training MEDIUM 2025/05/15 20:30start,2025-05-15 11:30:00,2025,Other
AtCoder,adt_medium_20250520_1,AtCoder Daily Training MEDIUM 2025/05/20 15:30start,2025-05-20 06:30:00,2025,Other
AtCoder,adt_medium_20250520_2,AtCoder Daily Training MEDIUM 2025/05/20 17:30start,2025-05-20 08:30:00,2025,Other
AtCoder,adt_medium_20250520_3,AtCoder Daily Training MEDIUM 2025/05/20 19:30start,2025-05-20 10:30:00,2025,Other
AtCoder,adt_medium_20250521_1,AtCoder Daily Training MEDIUM 2025/05/21 16:00start,2025-05-21 07:00:00,2025,Other
AtCoder,adt_medium_20250521_2,AtCoder Daily Training MEDIUM 2025/05/21 18:00start,2025-05-21 09:00:00,2025,Other
AtCoder,adt_medium_20250521_3,AtCoder Daily Training MEDIUM 2025/05/21 20:00start,2025-05-21 11:00:00,2025,Other
AtCoder,adt_medium_20250522_1,AtCoder Daily Training MEDIUM 2025/05/22 16:30start,2025-05-22 07:30:00,2025,Other
AtCoder,adt_medium_20250522_2,AtCoder Daily Training MEDIUM 2025/05/22 18:30start,2025-05-22 09:30:00,2025,Other
AtCoder,adt_medium_20250522_3,AtCoder Daily Training MEDIUM 2025/05/22 20:30start,2025-05-22 11:30:00,2025,Other
AtCoder,adt_medium_20250527_1,AtCoder Daily Training MEDIUM 2025/05/27 15:30start,2025-05-27 06:30:00,2025,Other
AtCoder,adt_medium_20250527_2,AtCoder Daily Training MEDIUM 2025/05/27 17:30start,2025-05-27 08:30:00,2025,Other
AtCoder,adt_medium_20250527_3,AtCoder Daily Training MEDIUM 2025/05/27 19:30start,2025-05-27 10:30:00,2025,Other
AtCoder,adt_medium_20250528_1,AtCoder Daily Training MEDIUM 2025/05/28 16:00start,2025-05-28 07:00:00,2025,Other
AtCoder,adt_medium_20250528_2,AtCoder Daily Training MEDIUM 2025/05/28 18:00start,2025-05-28 09:00:00,2025,Other
AtCoder,adt_medium_20250528_3,AtCoder Daily Training MEDIUM 2025/05/28 20:00start,2025-05-28 11:00:00,2025,Other
AtCoder,adt_medium_20250529_1,AtCoder Daily Training MEDIUM 2025/05/29 16:30start,2025-05-29 07:30:00,2025,Other
AtCoder,adt_medium_20250529_2,AtCoder Daily Training MEDIUM 2025/05/29 18:30start,2025-05-29 09:30:00,2025,Other
AtCoder,adt_medium_20250529_3,AtCoder Daily Training MEDIUM 2025/05/29 20:30start,2025-05-29 11:30:00,2025,Other
AtCoder,adt_medium_20250603_1,AtCoder Daily Training MEDIUM 2025/06/03 15:30start,2025-06-03 06:30:00,2025,Other
AtCoder,adt_medium_20250603_2,AtCoder Daily Training MEDIUM 2025/06/03 17:30start,2025-06-03 08:30:00,2025,Other
AtCoder,adt_medium_20250603_3,AtCoder Daily Training MEDIUM 2025/06/03 19:30start,2025-06-03 10:30:00,2025,Other
AtCoder,adt_medium_20250604_1,AtCoder Daily Training MEDIUM 2025/06/04 16:00start,2025-06-04 07:00:00,2025,Other
AtCoder,adt_medium_20250604_2,AtCoder Daily Training MEDIUM 2025/06/04 18:00start,2025-06-04 09:00:00,2025,Other
AtCoder,adt_medium_20250604_3,AtCoder Daily Training MEDIUM 2025/06/04 20:00start,2025-06-04 11:00:00,2025,Other
AtCoder,adt_medium_20250605_1,AtCoder Daily Training MEDIUM 2025/06/05 16:30start,2025-06-05 07:30:00,2025,Other
AtCoder,adt_medium_20250605_2,AtCoder Daily Training MEDIUM 2025/06/05 18:30start,2025-06-05 09:30:00,2025,Other
AtCoder,adt_medium_20250605_3,AtCoder Daily Training MEDIUM 2025/06/05 20:30start,2025-06-05 11:30:00,2025,Other
AtCoder,adt_medium_20250610_1,AtCoder Daily Training MEDIUM 2025/06/10 15:30start,2025-06-10 06:30:00,2025,Other
AtCoder,adt_medium_20250610_2,AtCoder Daily Training MEDIUM 2025/06/10 17:30start,2025-06-10 08:30:00,2025,Other
AtCoder,adt_medium_20250610_3,AtCoder Daily Training MEDIUM 2025/06/10 19:30start,2025-06-10 10:30:00,2025,Other
AtCoder,adt_medium_20250611_1,AtCoder Daily Training MEDIUM 2025/06/11 16:00start,2025-06-11 07:00:00,2025,Other
AtCoder,adt_medium_20250611_2,AtCoder Daily Training MEDIUM 2025/06/11 18:00start,2025-06-11 09:00:00,2025,Other
AtCoder,adt_medium_20250611_3,AtCoder Daily Training MEDIUM 2025/06/11 20:00start,2025-06-11 11:00:00,2025,Other
AtCoder,adt_medium_20250612_1,AtCoder Daily Training MEDIUM 2025/06/12 16:30start,2025-06-12 07:30:00,2025,Other
AtCoder,adt_medium_20250612_2,AtCoder Daily Training MEDIUM 2025/06/12 18:30start,2025-06-12 09:30:00,2025,Other
AtCoder,adt_medium_20250612_3,AtCoder Daily Training MEDIUM 2025/06/12 20:30start,2025-06-12 11:30:00,2025,Other
AtCoder,adt_medium_20250617_1,AtCoder Daily Training MEDIUM 2025/06/17 15:30start,2025-06-17 06:30:00,2025,Other
AtCoder,adt_medium_20250617_2,AtCoder Daily Training MEDIUM 2025/06/17 17:30start,2025-06-17 08:30:00,2025,Other
AtCoder,adt_medium_20250617_3,AtCoder Daily Training MEDIUM 2025/06/17 19:30start,2025-06-17 10:30:00,2025,Other
AtCoder,adt_medium_20250618_1,AtCoder Daily Training MEDIUM 2025/06/18 16:00start,2025-06-18 07:00:00,2025,Other
AtCoder,adt_medium_20250618_2,AtCoder Daily Training MEDIUM 2025/06/18 18:00start,2025-06-18 09:00:00,2025,Other
AtCoder,adt_medium_20250618_3,AtCoder Daily Training MEDIUM 2025/06/18 20:00start,2025-06-18 11:00:00,2025,Other
AtCoder,adt_medium_20250619_1,AtCoder Daily Training MEDIUM 2025/06/19 16:30start,2025-06-19 07:30:00,2025,Other
AtCoder,adt_medium_20250619_2,AtCoder Daily Training MEDIUM 2025/06/19 18:30start,2025-06-19 09:30:00,2025,Other
AtCoder,adt_medium_20250619_3,AtCoder Daily Training MEDIUM 2025/06/19 20:30start,2025-06-19 11:30:00,2025,Other
AtCoder,adt_medium_20250624_1,AtCoder Daily Training MEDIUM 2025/06/24 15:30start,2025-06-24 06:30:00,2025,Other
AtCoder,adt_medium_20250624_2,AtCoder Daily Training MEDIUM 2025/06/24 17:30start,2025-06-24 08:30:00,2025,Other
AtCoder,adt_medium_20250624_3,AtCoder Daily Training MEDIUM 2025/06/24 19:30start,2025-06-24 10:30:00,2025,Other
AtCoder,adt_medium_20250625_1,AtCoder Daily Training MEDIUM 2025/06/25 16:00start,2025-06-25 07:00:00,2025,Other
AtCoder,adt_medium_20250625_2,AtCoder Daily Training MEDIUM 2025/06/25 18:00start,2025-06-25 09:00:00,2025,Other
AtCoder,adt_medium_20250625_3,AtCoder Daily Training MEDIUM 2025/06/25 20:00start,2025-06-25 11:00:00,2025,Other
AtCoder,adt_medium_20250626_1,AtCoder Daily Training MEDIUM 2025/06/26 16:30start,2025-06-26 07:30:00,2025,Other
AtCoder,adt_medium_20250626_2,AtCoder Daily Training MEDIUM 2025/06/26 18:30start,2025-06-26 09:30:00,2025,Other
AtCoder,adt_medium_20250626_3,AtCoder Daily Training MEDIUM 2025/06/26 20:30start,2025-06-26 11:30:00,2025,Other
AtCoder,adt_medium_20250701_1,AtCoder Daily Training MEDIUM 2025/07/01 15:30start,2025-07-01 06:30:00,2025,Other
AtCoder,adt_medium_20250701_2,AtCoder Daily Training MEDIUM 2025/07/01 17:30start,2025-07-01 08:30:00,2025,Other
AtCoder,adt_medium_20250701_3,AtCoder Daily Training MEDIUM 2025/07/01 19:30start,2025-07-01 10:30:00,2025,Other
AtCoder,adt_medium_20250702_1,AtCoder Daily Training MEDIUM 2025/07/02 16:00start,2025-07-02 07:00:00,2025,Other
AtCoder,adt_medium_20250702_2,AtCoder Daily Training MEDIUM 2025/07/02 18:00start,2025-07-02 09:00:00,2025,Other
AtCoder,adt_medium_20250702_3,AtCoder Daily Training MEDIUM 2025/07/02 20:00start,2025-07-02 11:00:00,2025,Other
AtCoder,adt_medium_20250703_1,AtCoder Daily Training MEDIUM 2025/07/03 16:30start,2025-07-03 07:30:00,2025,Other
AtCoder,adt_medium_20250703_2,AtCoder Daily Training MEDIUM 2025/07/03 18:30start,2025-07-03 09:30:00,2025,Other
AtCoder,adt_medium_20250703_3,AtCoder Daily Training MEDIUM 2025/07/03 20:30start,2025-07-03 11:30:00,2025,Other
AtCoder,adt_medium_20250708_1,AtCoder Daily Training MEDIUM 2025/07/08 15:30start,2025-07-08 06:30:00,2025,Other
AtCoder,adt_medium_20250708_2,AtCoder Daily Training MEDIUM 2025/07/08 17:30start,2025-07-08 08:30:00,2025,Other
AtCoder,adt_medium_20250708_3,AtCoder Daily Training MEDIUM 2025/07/08 19:30start,2025-07-08 10:30:00,2025,Other
AtCoder,adt_medium_20250709_1,AtCoder Daily Training MEDIUM 2025/07/09 16:00start,2025-07-09 07:00:00,2025,Other
AtCoder,adt_medium_20250709_2,AtCoder Daily Training MEDIUM 2025/07/09 18:00start,2025-07-09 09:00:00,2025,Other
AtCoder,adt_medium_20250709_3,AtCoder Daily Training MEDIUM 2025/07/09 20:00start,2025-07-09 11:00:00,2025,Other
AtCoder,adt_medium_20250710_1,AtCoder Daily Training MEDIUM 2025/07/10 16:30start,2025-07-10 07:30:00,2025,Other
AtCoder,adt_medium_20250710_2,AtCoder Daily Training MEDIUM 2025/07/10 18:30start,2025-07-10 09:30:00,2025,Other
AtCoder,adt_medium_20250710_3,AtCoder Daily Training MEDIUM 2025/07/10 20:30start,2025-07-10 11:30:00,2025,Other
AtCoder,adt_medium_20250715_1,AtCoder Daily Training MEDIUM 2025/07/15 15:30start,2025-07-15 06:30:00,2025,Other
AtCoder,adt_medium_20250715_2,AtCoder Daily Training MEDIUM 2025/07/15 17:30start,2025-07-15 08:30:00,2025,Other
AtCoder,adt_medium_20250715_3,AtCoder Daily Training MEDIUM 2025/07/15 19:30start,2025-07-15 10:30:00,2025,Other
AtCoder,adt_medium_20250716_1,AtCoder Daily Training MEDIUM 2025/07/16 16:00start,2025-07-16 07:00:00,2025,Other
AtCoder,adt_medium_20250716_2,AtCoder Daily Training MEDIUM 2025/07/16 18:00start,2025-07-16 09:00:00,2025,Other
AtCoder,adt_medium_20250716_3,AtCoder Daily Training MEDIUM 2025/07/16 20:00start,2025-07-16 11:00:00,2025,Other
AtCoder,adt_medium_20250717_1,AtCoder Daily Training MEDIUM 2025/07/17 16:30start,2025-07-17 07:30:00,2025,Other
AtCoder,adt_medium_20250717_2,AtCoder Daily Training MEDIUM 2025/07/17 18:30start,2025-07-17 09:30:00,2025,Other
AtCoder,adt_medium_20250717_3,AtCoder Daily Training MEDIUM 2025/07/17 20:30start,2025-07-17 11:30:00,2025,Other
AtCoder,adt_medium_20250722_1,AtCoder Daily Training MEDIUM 2025/07/22 15:30start,2025-07-22 06:30:00,2025,Other
AtCoder,adt_medium_20250722_2,AtCoder Daily Training MEDIUM 2025/07/22 17:30start,2025-07-22 08:30:00,2025,Other
AtCoder,adt_medium_20250722_3,AtCoder Daily Training MEDIUM 2025/07/22 19:30start,2025-07-22 10:30:00,2025,Other
AtCoder,adt_medium_20250723_1,AtCoder Daily Training MEDIUM 2025/07/23 16:00start,2025-07-23 07:00:00,2025,Other
AtCoder,adt_medium_20250723_2,AtCoder Daily Training MEDIUM 2025/07/23 18:00start,2025-07-23 09:00:00,2025,Other
AtCoder,adt_medium_20250723_3,AtCoder Daily Training MEDIUM 2025/07/23 20:00start,2025-07-23 11:00:00,2025,Other
AtCoder,adt_medium_20250724_1,AtCoder Daily Training MEDIUM 2025/07/24 16:30start,2025-07-24 07:30:00,2025,Other
AtCoder,adt_medium_20250724_2,AtCoder Daily Training MEDIUM 2025/07/24 18:30start,2025-07-24 09:30:00,2025,Other
AtCoder,adt_medium_20250724_3,AtCoder Daily Training MEDIUM 2025/07/24 20:30start,2025-07-24 11:30:00,2025,Other
AtCoder,adt_medium_20250729_1,AtCoder Daily Training MEDIUM 2025/07/29 15:30start,2025-07-29 06:30:00,2025,Other
AtCoder,adt_medium_20250729_2,AtCoder Daily Training MEDIUM 2025/07/29 17:30start,2025-07-29 08:30:00,2025,Other
AtCoder,adt_medium_20250729_3,AtCoder Daily Training MEDIUM 2025/07/29 19:30start,2025-07-29 10:30:00,2025,Other
AtCoder,adt_medium_20250730_1,AtCoder Daily Training MEDIUM 2025/07/30 16:00start,2025-07-30 07:00:00,2025,Other
AtCoder,adt_medium_20250730_2,AtCoder Daily Training MEDIUM 2025/07/30 18:00start,2025-07-30 09:00:00,2025,Other
AtCoder,adt_medium_20250730_3,AtCoder Daily Training MEDIUM 2025/07/30 20:00start,2025-07-30 11:00:00,2025,Other
AtCoder,adt_medium_20250731_1,AtCoder Daily Training MEDIUM 2025/07/31 16:30start,2025-07-31 07:30:00,2025,Other
AtCoder,adt_medium_20250731_2,AtCoder Daily Training MEDIUM 2025/07/31 18:30start,2025-07-31 09:30:00,2025,Other
AtCoder,adt_medium_20250731_3,AtCoder Daily Training MEDIUM 2025/07/31 20:30start,2025-07-31 11:30:00,2025,Other
AtCoder,adt_medium_20250805_1,AtCoder Daily Training MEDIUM 2025/08/05 15:30start,2025-08-05 06:30:00,2025,Other
AtCoder,adt_medium_20250805_2,AtCoder Daily Training MEDIUM 2025/08/05 17:30start,2025-08-05 08:30:00,2025,Other
AtCoder,adt_medium_20250805_3,AtCoder Daily Training MEDIUM 2025/08/05 19:30start,2025-08-05 10:30:00,2025,Other
AtCoder,adt_medium_20250806_1,AtCoder Daily Training MEDIUM 2025/08/06 16:00start,2025-08-06 07:00:00,2025,Other
AtCoder,adt_medium_20250806_2,AtCoder Daily Training MEDIUM 2025/08/06 18:00start,2025-08-06 09:00:00,2025,Other
AtCoder,adt_medium_20250806_3,AtCoder Daily Training MEDIUM 2025/08/06 20:00start,2025-08-06 11:00:00,2025,Other
AtCoder,adt_medium_20250807_1,AtCoder Daily Training MEDIUM 2025/08/07 16:30start,2025-08-07 07:30:00,2025,Other
AtCoder,adt_medium_20250807_2,AtCoder Daily Training MEDIUM 2025/08/07 18:30start,2025-08-07 09:30:00,2025,Other
AtCoder,adt_medium_20250807_3,AtCoder Daily Training MEDIUM 2025/08/07 20:30start,2025-08-07 11:30:00,2025,Other
AtCoder,adt_medium_20250812_1,AtCoder Daily Training MEDIUM 2025/08/12 15:30start,2025-08-12 06:30:00,2025,Other
AtCoder,adt_medium_20250812_2,AtCoder Daily Training MEDIUM 2025/08/12 17:30start,2025-08-12 08:30:00,2025,Other
AtCoder,adt_medium_20250812_3,AtCoder Daily Training MEDIUM 2025/08/12 19:30start,2025-08-12 10:30:00,2025,Other
AtCoder,adt_medium_20250813_1,AtCoder Daily Training MEDIUM 2025/08/13 16:00start,2025-08-13 07:00:00,2025,Other
AtCoder,adt_medium_20250813_2,AtCoder Daily Training MEDIUM 2025/08/13 18:00start,2025-08-13 09:00:00,2025,Other
AtCoder,adt_medium_20250813_3,AtCoder Daily Training MEDIUM 2025/08/13 20:00start,2025-08-13 11:00:00,2025,Other
AtCoder,adt_medium_20250814_1,AtCoder Daily Training MEDIUM 2025/08/14 16:30start,2025-08-14 07:30:00,2025,Other
AtCoder,adt_medium_20250814_2,AtCoder Daily Training MEDIUM 2025/08/14 18:30start,2025-08-14 09:30:00,2025,Other
AtCoder,adt_medium_20250814_3,AtCoder Daily Training MEDIUM 2025/08/14 20:30start,2025-08-14 11:30:00,2025,Other
AtCoder,adt_medium_20250819_1,AtCoder Daily Training MEDIUM 2025/08/19 15:30start,2025-08-19 06:30:00,2025,Other
AtCoder,adt_medium_20250819_2,AtCoder Daily Training MEDIUM 2025/08/19 17:30start,2025-08-19 08:30:00,2025,Other
AtCoder,adt_medium_20250819_3,AtCoder Daily Training MEDIUM 2025/08/19 19:30start,2025-08-19 10:30:00,2025,Other
AtCoder,adt_medium_20250820_1,AtCoder Daily Training MEDIUM 2025/08/20 16:00start,2025-08-20 07:00:00,2025,Other
AtCoder,adt_medium_20250820_2,AtCoder Daily Training MEDIUM 2025/08/20 18:00start,2025-08-20 09:00:00,2025,Other
AtCoder,adt_medium_20250820_3,AtCoder Daily Training MEDIUM 2025/08/20 20:00start,2025-08-20 11:00:00,2025,Other
AtCoder,adt_medium_20250821_1,AtCoder Daily Training MEDIUM 2025/08/21 16:30start,2025-08-21 07:30:00,2025,Other
AtCoder,adt_medium_20250821_2,AtCoder Daily Training MEDIUM 2025/08/21 18:30start,2025-08-21 09:30:00,2025,Other
AtCoder,adt_medium_20250821_3,AtCoder Daily Training MEDIUM 2025/08/21 20:30start,2025-08-21 11:30:00,2025,Other
AtCoder,adt_medium_20250826_1,AtCoder Daily Training MEDIUM 2025/08/26 15:30start,2025-08-26 06:30:00,2025,Other
AtCoder,adt_medium_20250826_2,AtCoder Daily Training MEDIUM 2025/08/26 17:30start,2025-08-26 08:30:00,2025,Other
AtCoder,adt_medium_20250826_3,AtCoder Daily Training MEDIUM 2025/08/26 19:30start,2025-08-26 10:30:00,2025,Other
AtCoder,adt_medium_20250827_1,AtCoder Daily Training MEDIUM 2025/08/27 16:00start,2025-08-27 07:00:00,2025,Other
AtCoder,adt_medium_20250827_2,AtCoder Daily Training MEDIUM 2025/08/27 18:00start,2025-08-27 09:00:00,2025,Other
AtCoder,adt_medium_20250827_3,AtCoder Daily Training MEDIUM 2025/08/27 20:00start,2025-08-27 11:00:00,2025,Other
AtCoder,adt_medium_20250828_1,AtCoder Daily Training MEDIUM 2025/08/28 16:30start,2025-08-28 07:30:00,2025,Other
AtCoder,adt_medium_20250828_2,AtCoder Daily Training MEDIUM 2025/08/28 18:30start,2025-08-28 09:30:00,2025,Other
AtCoder,adt_medium_20250828_3,AtCoder Daily Training MEDIUM 2025/08/28 20:30start,2025-08-28 11:30:00,2025,Other
AtCoder,adt_medium_20250902_1,AtCoder Daily Training MEDIUM 2025/09/02 15:30start,2025-09-02 06:30:00,2025,Other
AtCoder,adt_medium_20250902_2,AtCoder Daily Training MEDIUM 2025/09/02 17:30start,2025-09-02 08:30:00,2025,Other
AtCoder,adt_medium_20250902_3,AtCoder Daily Training MEDIUM 2025/09/02 19:30start,2025-09-02 10:30:00,2025,Other
AtCoder,adt_medium_20250903_1,AtCoder Daily Training MEDIUM 2025/09/03 16:00start,2025-09-03 07:00:00,2025,Other
AtCoder,adt_medium_20250903_2,AtCoder Daily Training MEDIUM 2025/09/03 18:00start,2025-09-03 09:00:00,2025,Other
AtCoder,adt_medium_20250903_3,AtCoder Daily Training MEDIUM 2025/09/03 20:00start,2025-09-03 11:00:00,2025,Other
AtCoder,adt_medium_20250904_1,AtCoder Daily Training MEDIUM 2025/09/04 16:30start,2025-09-04 07:30:00,2025,Other
AtCoder,adt_medium_20250904_2,AtCoder Daily Training MEDIUM 2025/09/04 18:30start,2025-09-04 09:30:00,2025,Other
AtCoder,adt_medium_20250904_3,AtCoder Daily Training MEDIUM 2025/09/04 20:30start,2025-09-04 11:30:00,2025,Other
AtCoder,adt_medium_20250909_1,AtCoder Daily Training MEDIUM 2025/09/09 15:30start,2025-09-09 06:30:00,2025,Other
AtCoder,adt_medium_20250909_2,AtCoder Daily Training MEDIUM 2025/09/09 17:30start,2025-09-09 08:30:00,2025,Other
AtCoder,adt_medium_20250909_3,AtCoder Daily Training MEDIUM 2025/09/09 19:30start,2025-09-09 10:30:00,2025,Other
AtCoder,adt_medium_20250910_1,AtCoder Daily Training MEDIUM 2025/09/10 16:00start,2025-09-10 07:00:00,2025,Other
AtCoder,adt_medium_20250910_2,AtCoder Daily Training MEDIUM 2025/09/10 18:00start,2025-09-10 09:00:00,2025,Other
AtCoder,adt_medium_20250910_3,AtCoder Daily Training MEDIUM 2025/09/10 20:00start,2025-09-10 11:00:00,2025,Other
AtCoder,adt_medium_20250911_1,AtCoder Daily Training MEDIUM 2025/09/11 16:30start,2025-09-11 07:30:00,2025,Other
AtCoder,adt_medium_20250911_2,AtCoder Daily Training MEDIUM 2025/09/11 18:30start,2025-09-11 09:30:00,2025,Other
AtCoder,adt_medium_20250911_3,AtCoder Daily Training MEDIUM 2025/09/11 20:30start,2025-09-11 11:30:00,2025,Other
AtCoder,adt_medium_20250916_1,AtCoder Daily Training MEDIUM 2025/09/16 15:30start,2025-09-16 06:30:00,2025,Other
AtCoder,adt_medium_20250916_2,AtCoder Daily Training MEDIUM 2025/09/16 17:30start,2025-09-16 08:30:00,2025,Other
AtCoder,adt_medium_20250916_3,AtCoder Daily Training MEDIUM 2025/09/16 19:30start,2025-09-16 10:30:00,2025,Other
AtCoder,adt_medium_20250917_1,AtCoder Daily Training MEDIUM 2025/09/17 16:00start,2025-09-17 07:00:00,2025,Other
AtCoder,adt_medium_20250917_2,AtCoder Daily Training MEDIUM 2025/09/17 18:00start,2025-09-17 09:00:00,2025,Other
AtCoder,adt_medium_20250917_3,AtCoder Daily Training MEDIUM 2025/09/17 20:00start,2025-09-17 11:00:00,2025,Other
AtCoder,adt_medium_20250918_1,AtCoder Daily Training MEDIUM 2025/09/18 16:30start,2025-09-18 07:30:00,2025,Other
AtCoder,adt_medium_20250918_2,AtCoder Daily Training MEDIUM 2025/09/18 18:30start,2025-09-18 09:30:00,2025,Other
AtCoder,adt_medium_20250918_3,AtCoder Daily Training MEDIUM 2025/09/18 20:30start,2025-09-18 11:30:00,2025,Other
AtCoder,adt_medium_20250923_1,AtCoder Daily Training MEDIUM 2025/09/23 15:30start,2025-09-23 06:30:00,2025,Other
AtCoder,adt_medium_20250923_2,AtCoder Daily Training MEDIUM 2025/09/23 17:30start,2025-09-23 08:30:00,2025,Other
AtCoder,adt_medium_20250923_3,AtCoder Daily Training MEDIUM 2025/09/23 19:30start,2025-09-23 10:30:00,2025,Other
AtCoder,adt_medium_20250924_1,AtCoder Daily Training MEDIUM 2025/09/24 16:00start,2025-09-24 07:00:00,2025,Other
AtCoder,adt_medium_20250924_2,AtCoder Daily Training MEDIUM 2025/09/24 18:00start,2025-09-24 09:00:00,2025,Other
AtCoder,adt_medium_20250924_3,AtCoder Daily Training MEDIUM 2025/09/24 20:00start,2025-09-24 11:00:00,2025,Other
AtCoder,adt_medium_20250925_1,AtCoder Daily Training MEDIUM 2025/09/25 16:30start,2025-09-25 07:30:00,2025,Other
AtCoder,adt_medium_20250925_2,AtCoder Daily Training MEDIUM 2025/09/25 18:30start,2025-09-25 09:30:00,2025,Other
AtCoder,adt_medium_20250925_3,AtCoder Daily Training MEDIUM 2025/09/25 20:30start,2025-09-25 11:30:00,2025,Other
AtCoder,adt_medium_20250930_1,AtCoder Daily Training MEDIUM 2025/09/30 15:30start,2025-09-30 06:30:00,2025,Other
AtCoder,adt_medium_20250930_2,AtCoder Daily Training MEDIUM 2025/09/30 17:30start,2025-09-30 08:30:00,2025,Other
AtCoder,adt_medium_20250930_3,AtCoder Daily Training MEDIUM 2025/09/30 19:30start,2025-09-30 10:30:00,2025,Other
AtCoder,adt_medium_20251001_1,AtCoder Daily Training MEDIUM 2025/10/01 16:00start,2025-10-01 07:00:00,2025,Other
AtCoder,adt_medium_20251001_2,AtCoder Daily Training MEDIUM 2025/10/01 18:00start,2025-10-01 09:00:00,2025,Other
AtCoder,adt_medium_20251001_3,AtCoder Daily Training MEDIUM 2025/10/01 20:00start,2025-10-01 11:00:00,2025,Other
AtCoder,adt_medium_20251002_1,AtCoder Daily Training MEDIUM 2025/10/02 16:30start,2025-10-02 07:30:00,2025,Other
AtCoder,adt_medium_20251002_2,AtCoder Daily Training MEDIUM 2025/10/02 18:30start,2025-10-02 09:30:00,2025,Other
AtCoder,adt_medium_20251002_3,AtCoder Daily Training MEDIUM 2025/10/02 20:30start,2025-10-02 11:30:00,2025,Other
AtCoder,adt_medium_20251007_1,AtCoder Daily Training MEDIUM 2025/10/07 15:30start,2025-10-07 06:30:00,2025,Other
AtCoder,adt_medium_20251007_2,AtCoder Daily Training MEDIUM 2025/10/07 17:30start,2025-10-07 08:30:00,2025,Other
AtCoder,adt_medium_20251007_3,AtCoder Daily Training MEDIUM 2025/10/07 19:30start,2025-10-07 10:30:00,2025,Other
AtCoder,adt_medium_20251008_1,AtCoder Daily Training MEDIUM 2025/10/08 16:00start,2025-10-08 07:00:00,2025,Other
AtCoder,adt_medium_20251008_2,AtCoder Daily Training MEDIUM 2025/10/08 18:00start,2025-10-08 09:00:00,2025,Other
AtCoder,adt_medium_20251008_3,AtCoder Daily Training MEDIUM 2025/10/08 20:00start,2025-10-08 11:00:00,2025,Other
AtCoder,adt_medium_20251009_1,AtCoder Daily Training MEDIUM 2025/10/09 16:30start,2025-10-09 07:30:00,2025,Other
AtCoder,adt_medium_20251009_2,AtCoder Daily Training MEDIUM 2025/10/09 18:30start,2025-10-09 09:30:00,2025,Other
AtCoder,adt_medium_20251009_3,AtCoder Daily Training MEDIUM 2025/10/09 20:30start,2025-10-09 11:30:00,2025,Other
AtCoder,adt_medium_20251014_1,AtCoder Daily Training MEDIUM 2025/10/14 15:30start,2025-10-14 06:30:00,2025,Other
AtCoder,adt_medium_20251014_2,AtCoder Daily Training MEDIUM 2025/10/14 17:30start,2025-10-14 08:30:00,2025,Other
AtCoder,adt_medium_20251014_3,AtCoder Daily Training MEDIUM 2025/10/14 19:30start,2025-10-14 10:30:00,2025,Other
AtCoder,adt_medium_20251015_1,AtCoder Daily Training MEDIUM 2025/10/15 16:00start,2025-10-15 07:00:00,2025,Other
AtCoder,adt_medium_20251015_2,AtCoder Daily Training MEDIUM 2025/10/15 18:00start,2025-10-15 09:00:00,2025,Other
AtCoder,adt_medium_20251015_3,AtCoder Daily Training MEDIUM 2025/10/15 20:00start,2025-10-15 11:00:00,2025,Other
AtCoder,adt_medium_20251016_1,AtCoder Daily Training MEDIUM 2025/10/16 16:30start,2025-10-16 07:30:00,2025,Other
AtCoder,adt_medium_20251016_2,AtCoder Daily Training MEDIUM 2025/10/16 18:30start,2025-10-16 09:30:00,2025,Other
AtCoder,adt_medium_20251016_3,AtCoder Daily Training MEDIUM 2025/10/16 20:30start,2025-10-16 11:30:00,2025,Other
AtCoder,adt_medium_20251021_1,AtCoder Daily Training MEDIUM 2025/10/21 15:30start,2025-10-21 06:30:00,2025,Other
AtCoder,adt_medium_20251021_2,AtCoder Daily Training MEDIUM 2025/10/21 17:30start,2025-10-21 08:30:00,2025,Other
AtCoder,adt_medium_20251021_3,AtCoder Daily Training MEDIUM 2025/10/21 19:30start,2025-10-21 10:30:00,2025,Other
AtCoder,adt_medium_20251022_1,AtCoder Daily Training MEDIUM 2025/10/22 16:00start,2025-10-22 07:00:00,2025,Other
AtCoder,adt_medium_20251022_2,AtCoder Daily Training MEDIUM 2025/10/22 18:00start,2025-10-22 09:00:00,2025,Other
AtCoder,adt_medium_20251022_3,AtCoder Daily Training MEDIUM 2025/10/22 20:00start,2025-10-22 11:00:00,2025,Other
AtCoder,adt_medium_20251023_1,AtCoder Daily Training MEDIUM 2025/10/23 16:30start,2025-10-23 07:30:00,2025,Other
AtCoder,adt_medium_20251023_2,AtCoder Daily Training MEDIUM 2025/10/23 18:30start,2025-10-23 09:30:00,2025,Other
AtCoder,adt_medium_20251023_3,AtCoder Daily Training MEDIUM 2025/10/23 20:30start,2025-10-23 11:30:00,2025,Other
AtCoder,adt_medium_20251028_1,AtCoder Daily Training MEDIUM 2025/10/28 15:30start,2025-10-28 06:30:00,2025,Other
AtCoder,adt_medium_20251028_2,AtCoder Daily Training MEDIUM 2025/10/28 17:30start,2025-10-28 08:30:00,2025,Other
AtCoder,adt_medium_20251028_3,AtCoder Daily Training MEDIUM 2025/10/28 19:30start,2025-10-28 10:30:00,2025,Other
AtCoder,adt_medium_20251029_1,AtCoder Daily Training MEDIUM 2025/10/29 16:00start,2025-10-29 07:00:00,2025,Other
AtCoder,adt_medium_20251029_2,AtCoder Daily Training MEDIUM 2025/10/29 18:00start,2025-10-29 09:00:00,2025,Other
AtCoder,adt_medium_20251029_3,AtCoder Daily Training MEDIUM 2025/10/29 20:00start,2025-10-29 11:00:00,2025,Other
AtCoder,adt_medium_20251030_1,AtCoder Daily Training MEDIUM 2025/10/30 16:30start,2025-10-30 07:30:00,2025,Other
AtCoder,adt_medium_20251030_2,AtCoder Daily Training MEDIUM 2025/10/30 18:30start,2025-10-30 09:30:00,2025,Other
AtCoder,adt_medium_20251030_3,AtCoder Daily Training MEDIUM 2025/10/30 20:30start,2025-10-30 11:30:00,2025,Other
AtCoder,adt_medium_20251104_1,AtCoder Daily Training MEDIUM 2025/11/04 15:30start,2025-11-04 06:30:00,2025,Other
AtCoder,adt_medium_20251104_2,AtCoder Daily Training MEDIUM 2025/11/04 17:30start,2025-11-04 08:30:00,2025,Other
AtCoder,adt_medium_20251104_3,AtCoder Daily Training MEDIUM 2025/11/04 19:30start,2025-11-04 10:30:00,2025,Other
AtCoder,adt_medium_20251105_1,AtCoder Daily Training MEDIUM 2025/11/05 16:00start,2025-11-05 07:00:00,2025,Other
AtCoder,adt_medium_20251105_2,AtCoder Daily Training MEDIUM 2025/11/05 18:00start,2025-11-05 09:00:00,2025,Other
AtCoder,adt_medium_20251105_3,AtCoder Daily Training MEDIUM 2025/11/05 20:00start,2025-11-05 11:00:00,2025,Other
AtCoder,adt_medium_20251106_1,AtCoder Daily Training MEDIUM 2025/11/06 16:30start,2025-11-06 07:30:00,2025,Other
AtCoder,adt_medium_20251106_2,AtCoder Daily Training MEDIUM 2025/11/06 18:30start,2025-11-06 09:30:00,2025,Other
AtCoder,adt_medium_20251106_3,AtCoder Daily Training MEDIUM 2025/11/06 20:30start,2025-11-06 11:30:00,2025,Other
AtCoder,adt_medium_20251111_1,AtCoder Daily Training MEDIUM 2025/11/11 15:30start,2025-11-11 06:30:00,2025,Other
AtCoder,adt_medium_20251111_2,AtCoder Daily Training MEDIUM 2025/11/11 17:30start,2025-11-11 08:30:00,2025,Other
AtCoder,adt_medium_20251111_3,AtCoder Daily Training MEDIUM 2025/11/11 19:30start,2025-11-11 10:30:00,2025,Other
AtCoder,adt_medium_20251112_1,AtCoder Daily Training MEDIUM 2025/11/12 16:00start,2025-11-12 07:00:00,2025,Other
AtCoder,adt_medium_20251112_2,AtCoder Daily Training MEDIUM 2025/11/12 18:00start,2025-11-12 09:00:00,2025,Other
AtCoder,adt_medium_20251112_3,AtCoder Daily Training MEDIUM 2025/11/12 20:00start,2025-11-12 11:00:00,2025,Other
AtCoder,adt_medium_20251113_1,AtCoder Daily Training MEDIUM 2025/11/13 16:30start,2025-11-13 07:30:00,2025,Other
AtCoder,adt_medium_20251113_2,AtCoder Daily Training MEDIUM 2025/11/13 18:30start,2025-11-13 09:30:00,2025,Other
AtCoder,adt_medium_20251113_3,AtCoder Daily Training MEDIUM 2025/11/13 20:30start,2025-11-13 11:30:00,2025,Other
AtCoder,adt_medium_20251118_1,AtCoder Daily Training MEDIUM 2025/11/18 15:30start,2025-11-18 06:30:00,2025,Other
AtCoder,adt_medium_20251118_2,AtCoder Daily Training MEDIUM 2025/11/18 17:30start,2025-11-18 08:30:00,2025,Other
AtCoder,adt_medium_20251118_3,AtCoder Daily Training MEDIUM 2025/11/18 19:30start,2025-11-18 10:30:00,2025,Other
AtCoder,adt_medium_20251119_1,AtCoder Daily Training MEDIUM 2025/11/19 16:00start,2025-11-19 07:00:00,2025,Other
AtCoder,adt_medium_20251119_2,AtCoder Daily Training MEDIUM 2025/11/19 18:00start,2025-11-19 09:00:00,2025,Other
AtCoder,adt_medium_20251119_3,AtCoder Daily Training MEDIUM 2025/11/19 20:00start,2025-11-19 11:00:00,2025,Other
AtCoder,adt_medium_20251120_1,AtCoder Daily Training MEDIUM 2025/11/20 16:30start,2025-11-20 07:30:00,2025,Other
AtCoder,adt_medium_20251120_2,AtCoder Daily Training MEDIUM 2025/11/20 18:30start,2025-11-20 09:30:00,2025,Other
AtCoder,adt_medium_20251120_3,AtCoder Daily Training MEDIUM 2025/11/20 20:30start,2025-11-20 11:30:00,2025,Other
AtCoder,adt_medium_20251125_1,AtCoder Daily Training MEDIUM 2025/11/25 15:30start,2025-11-25 06:30:00,2025,Other
AtCoder,adt_medium_20251125_2,AtCoder Daily Training MEDIUM 2025/11/25 17:30start,2025-11-25 08:30:00,2025,Other
AtCoder,adt_medium_20251125_3,AtCoder Daily Training MEDIUM 2025/11/25 19:30start,2025-11-25 10:30:00,2025,Other
AtCoder,adt_medium_20251126_1,AtCoder Daily Training MEDIUM 2025/11/26 16:00start,2025-11-26 07:00:00,2025,Other
AtCoder,adt_medium_20251126_2,AtCoder Daily Training MEDIUM 2025/11/26 18:00start,2025-11-26 09:00:00,2025,Other
AtCoder,adt_medium_20251126_3,AtCoder Daily Training MEDIUM 2025/11/26 20:00start,2025-11-26 11:00:00,2025,Other
AtCoder,adt_medium_20251127_1,AtCoder Daily Training MEDIUM 2025/11/27 16:30start,2025-11-27 07:30:00,2025,Other
AtCoder,adt_medium_20251127_2,AtCoder Daily Training MEDIUM 2025/11/27 18:30start,2025-11-27 09:30:00,2025,Other
AtCoder,adt_medium_20251127_3,AtCoder Daily Training MEDIUM 2025/11/27 20:30start,2025-11-27 11:30:00,2025,Other
AtCoder,adt_medium_20251202_1,AtCoder Daily Training MEDIUM 2025/12/02 15:30start,2025-12-02 06:30:00,2025,Other
AtCoder,adt_medium_20251202_2,AtCoder Daily Training MEDIUM 2025/12/02 17:30start,2025-12-02 08:30:00,2025,Other
AtCoder,adt_medium_20251202_3,AtCoder Daily Training MEDIUM 2025/12/02 19:30start,2025-12-02 10:30:00,2025,Other
AtCoder,adt_medium_20251203_1,AtCoder Daily Training MEDIUM 2025/12/03 16:00start,2025-12-03 07:00:00,2025,Other
AtCoder,adt_medium_20251203_2,AtCoder Daily Training MEDIUM 2025/12/03 18:00start,2025-12-03 09:00:00,2025,Other
AtCoder,adt_medium_20251203_3,AtCoder Daily Training MEDIUM 2025/12/03 20:00start,2025-12-03 11:00:00,2025,Other
AtCoder,adt_medium_20251204_1,AtCoder Daily Training MEDIUM 2025/12/04 16:30start,2025-12-04 07:30:00,2025,Other
AtCoder,adt_medium_20251204_2,AtCoder Daily Training MEDIUM 2025/12/04 18:30start,2025-12-04 09:30:00,2025,Other
AtCoder,adt_medium_20251204_3,AtCoder Daily Training MEDIUM 2025/12/04 20:30start,2025-12-04 11:30:00,2025,Other
AtCoder,adt_medium_20251209_1,AtCoder Daily Training MEDIUM 2025/12/09 15:30start,2025-12-09 06:30:00,2025,Other
AtCoder,adt_medium_20251209_2,AtCoder Daily Training MEDIUM 2025/12/09 17:30start,2025-12-09 08:30:00,2025,Other
AtCoder,adt_medium_20251209_3,AtCoder Daily Training MEDIUM 2025/12/09 19:30start,2025-12-09 10:30:00,2025,Other
AtCoder,adt_medium_20251210_1,AtCoder Daily Training MEDIUM 2025/12/10 16:00start,2025-12-10 07:00:00,2025,Other
AtCoder,adt_medium_20251210_2,AtCoder Daily Training MEDIUM 2025/12/10 18:00start,2025-12-10 09:00:00,2025,Other
AtCoder,adt_medium_20251210_3,AtCoder Daily Training MEDIUM 2025/12/10 20:00start,2025-12-10 11:00:00,2025,Other
AtCoder,adt_medium_20251211_1,AtCoder Daily Training MEDIUM 2025/12/11 16:30start,2025-12-11 07:30:00,2025,Other
AtCoder,adt_medium_20251211_2,AtCoder Daily Training MEDIUM 2025/12/11 18:30start,2025-12-11 09:30:00,2025,Other
AtCoder,adt_medium_20251211_3,AtCoder Daily Training MEDIUM 2025/12/11 20:30start,2025-12-11 11:30:00,2025,Other
AtCoder,adt_medium_20251216_1,AtCoder Daily Training MEDIUM 2025/12/16 15:30start,2025-12-16 06:30:00,2025,Other
AtCoder,adt_medium_20251216_2,AtCoder Daily Training MEDIUM 2025/12/16 17:30start,2025-12-16 08:30:00,2025,Other
AtCoder,adt_medium_20251216_3,AtCoder Daily Training MEDIUM 2025/12/16 19:30start,2025-12-16 10:30:00,2025,Other
AtCoder,adt_medium_20251217_1,AtCoder Daily Training MEDIUM 2025/12/17 16:00start,2025-12-17 07:00:00,2025,Other
AtCoder,adt_medium_20251217_2,AtCoder Daily Training MEDIUM 2025/12/17 18:00start,2025-12-17 09:00:00,2025,Other
AtCoder,adt_medium_20251217_3,AtCoder Daily Training MEDIUM 2025/12/17 20:00start,2025-12-17 11:00:00,2025,Other
AtCoder,adt_medium_20251218_1,AtCoder Daily Training MEDIUM 2025/12/18 16:30start,2025-12-18 07:30:00,2025,Other
AtCoder,adt_medium_20251218_2,AtCoder Daily Training MEDIUM 2025/12/18 18:30start,2025-12-18 09:30:00,2025,Other
AtCoder,adt_medium_20251218_3,AtCoder Daily Training MEDIUM 2025/12/18 20:30start,2025-12-18 11:30:00,2025,Other
AtCoder,adt_medium_20251223_1,AtCoder Daily Training MEDIUM 2025/12/23 15:30start,2025-12-23 06:30:00,2025,Other
AtCoder,adt_medium_20251223_2,AtCoder Daily Training MEDIUM 2025/12/23 17:30start,2025-12-23 08:30:00,2025,Other
AtCoder,adt_medium_20251223_3,AtCoder Daily Training MEDIUM 2025/12/23 19:30start,2025-12-23 10:30:00,2025,Other
AtCoder,adt_medium_20251224_1,AtCoder Daily Training MEDIUM 2025/12/24 16:00start,2025-12-24 07:00:00,2025,Other
AtCoder,adt_medium_20251224_2,AtCoder Daily Training MEDIUM 2025/12/24 18:00start,2025-12-24 09:00:00,2025,Other
AtCoder,adt_medium_20251224_3,AtCoder Daily Training MEDIUM 2025/12/24 20:00start,2025-12-24 11:00:00,2025,Other
AtCoder,adt_medium_20251225_1,AtCoder Daily Training MEDIUM 2025/12/25 16:30start,2025-12-25 07:30:00,2025,Other
AtCoder,adt_medium_20251225_2,AtCoder Daily Training MEDIUM 2025/12/25 18:30start,2025-12-25 09:30:00,2025,Other
AtCoder,adt_medium_20251225_3,AtCoder Daily Training MEDIUM 2025/12/25 20:30start,2025-12-25 11:30:00,2025,Other
AtCoder,adt_medium_20251230_1,AtCoder Daily Training MEDIUM 2025/12/30 15:30start,2025-12-30 06:30:00,2025,Other
AtCoder,adt_medium_20251230_2,AtCoder Daily Training MEDIUM 2025/12/30 17:30start,2025-12-30 08:30:00,2025,Other
AtCoder,adt_medium_20251230_3,AtCoder Daily Training MEDIUM 2025/12/30 19:30start,2025-12-30 10:30:00,2025,Other
AtCoder,adt_medium_20251231_1,AtCoder Daily Training MEDIUM 2025/12/31 16:00start,2025-12-31 07:00:00,2025,Other
AtCoder,adt_medium_20251231_2,AtCoder Daily Training MEDIUM 2025/12/31 18:00start,2025-12-31 09:00:00,2025,Other
AtCoder,adt_medium_20251231_3,AtCoder Daily Training MEDIUM 2025/12/31 20:00start,2025-12-31 11:00:00,2025,Other
AtCoder,adt_medium_20260101_1,AtCoder Daily Training MEDIUM 2026/01/01 16:30start,2026-01-01 07:30:00,2026,Other
AtCoder,adt_medium_20260101_2,AtCoder Daily Training MEDIUM 2026/01/01 18:30start,2026-01-01 09:30:00,2026,Other
AtCoder,adt_medium_20260101_3,AtCoder Daily Training MEDIUM 2026/01/01 20:30start,2026-01-01 11:30:00,2026,Other
AtCoder,adt_medium_20260106_1,AtCoder Daily Training MEDIUM 2026/01/06 15:30start,2026-01-06 06:30:00,2026,Other
AtCoder,adt_medium_20260106_2,AtCoder Daily Training MEDIUM 2026/01/06 17:30start,2026-01-06 08:30:00,2026,Other
AtCoder,adt_medium_20260106_3,AtCoder Daily Training MEDIUM 2026/01/06 19:30start,2026-01-06 10:30:00,2026,Other
AtCoder,adt_medium_20260107_1,AtCoder Daily Training MEDIUM 2026/01/07 16:00start,2026-01-07 07:00:00,2026,Other
AtCoder,adt_medium_20260107_2,AtCoder Daily Training MEDIUM 2026/01/07 18:00start,2026-01-07 09:00:00,2026,Other
AtCoder,adt_medium_20260107_3,AtCoder Daily Training MEDIUM 2026/01/07 20:00start,2026-01-07 11:00:00,2026,Other
AtCoder,adt_medium_20260108_1,AtCoder Daily Training MEDIUM 2026/01/08 16:30start,2026-01-08 07:30:00,2026,Other
AtCoder,adt_medium_20260108_2,AtCoder Daily Training MEDIUM 2026/01/08 18:30start,2026-01-08 09:30:00,2026,Other
AtCoder,adt_medium_20260108_3,AtCoder Daily Training MEDIUM 2026/01/08 20:30start,2026-01-08 11:30:00,2026,Other
AtCoder,adt_medium_20260113_1,AtCoder Daily Training MEDIUM 2026/01/13 15:30start,2026-01-13 06:30:00,2026,Other
AtCoder,adt_medium_20260113_2,AtCoder Daily Training MEDIUM 2026/01/13 17:30start,2026-01-13 08:30:00,2026,Other
AtCoder,adt_medium_20260113_3,AtCoder Daily Training MEDIUM 2026/01/13 19:30start,2026-01-13 10:30:00,2026,Other
AtCoder,adt_medium_20260114_1,AtCoder Daily Training MEDIUM 2026/01/14 16:00start,2026-01-14 07:00:00,2026,Other
AtCoder,adt_medium_20260114_2,AtCoder Daily Training MEDIUM 2026/01/14 18:00start,2026-01-14 09:00:00,2026,Other
AtCoder,adt_medium_20260114_3,AtCoder Daily Training MEDIUM 2026/01/14 20:00start,2026-01-14 11:00:00,2026,Other
AtCoder,adt_medium_20260115_1,AtCoder Daily Training MEDIUM 2026/01/15 16:30start,2026-01-15 07:30:00,2026,Other
AtCoder,adt_medium_20260115_2,AtCoder Daily Training MEDIUM 2026/01/15 18:30start,2026-01-15 09:30:00,2026,Other
AtCoder,adt_medium_20260115_3,AtCoder Daily Training MEDIUM 2026/01/15 20:30start,2026-01-15 11:30:00,2026,Other
AtCoder,adt_medium_20260120_1,AtCoder Daily Training MEDIUM 2026/01/20 15:30start,2026-01-20 06:30:00,2026,Other
AtCoder,adt_medium_20260120_2,AtCoder Daily Training MEDIUM 2026/01/20 17:30start,2026-01-20 08:30:00,2026,Other
AtCoder,adt_medium_20260120_3,AtCoder Daily Training MEDIUM 2026/01/20 19:30start,2026-01-20 10:30:00,2026,Other
AtCoder,adt_medium_20260121_1,AtCoder Daily Training MEDIUM 2026/01/21 16:00start,2026-01-21 07:00:00,2026,Other
AtCoder,adt_medium_20260121_2,AtCoder Daily Training MEDIUM 2026/01/21 18:00start,2026-01-21 09:00:00,2026,Other
AtCoder,adt_medium_20260121_3,AtCoder Daily Training MEDIUM 2026/01/21 20:00start,2026-01-21 11:00:00,2026,Other
AtCoder,adt_medium_20260122_1,AtCoder Daily Training MEDIUM 2026/01/22 16:30start,2026-01-22 07:30:00,2026,Other
AtCoder,adt_medium_20260122_2,AtCoder Daily Training MEDIUM 2026/01/22 18:30start,2026-01-22 09:30:00,2026,Other
AtCoder,adt_medium_20260122_3,AtCoder Daily Training MEDIUM 2026/01/22 20:30start,2026-01-22 11:30:00,2026,Other
AtCoder,adt_medium_20260127_1,AtCoder Daily Training MEDIUM 2026/01/27 15:30start,2026-01-27 06:30:00,2026,Other
AtCoder,adt_medium_20260127_2,AtCoder Daily Training MEDIUM 2026/01/27 17:30start,2026-01-27 08:30:00,2026,Other
AtCoder,adt_medium_20260127_3,AtCoder Daily Training MEDIUM 2026/01/27 19:30start,2026-01-27 10:30:00,2026,Other
AtCoder,adt_medium_20260128_1,AtCoder Daily Training MEDIUM 2026/01/28 16:00start,2026-01-28 07:00:00,2026,Other
AtCoder,adt_medium_20260128_2,AtCoder Daily Training MEDIUM 2026/01/28 18:00start,2026-01-28 09:00:00,2026,Other
AtCoder,adt_medium_20260128_3,AtCoder Daily Training MEDIUM 2026/01/28 20:00start,2026-01-28 11:00:00,2026,Other
AtCoder,adt_medium_20260129_1,AtCoder Daily Training MEDIUM 2026/01/29 16:30start,2026-01-29 07:30:00,2026,Other
AtCoder,adt_medium_20260129_2,AtCoder Daily Training MEDIUM 2026/01/29 18:30start,2026-01-29 09:30:00,2026,Other
AtCoder,adt_medium_20260129_3,AtCoder Daily Training MEDIUM 2026/01/29 20:30start,2026-01-29 11:30:00,2026,Other
AtCoder,adt_medium_20260203_1,AtCoder Daily Training MEDIUM 2026/02/03 15:30start,2026-02-03 06:30:00,2026,Other
AtCoder,adt_medium_20260203_2,AtCoder Daily Training MEDIUM 2026/02/03 17:30start,2026-02-03 08:30:00,2026,Other
AtCoder,adt_medium_20260203_3,AtCoder Daily Training MEDIUM 2026/02/03 19:30start,2026-02-03 10:30:00,2026,Other
AtCoder,adt_medium_20260204_1,AtCoder Daily Training MEDIUM 2026/02/04 16:00start,2026-02-04 07:00:00,2026,Other
AtCoder,adt_medium_20260204_2,AtCoder Daily Training MEDIUM 2026/02/04 18:00start,2026-02-04 09:00:00,2026,Other
AtCoder,adt_medium_20260204_3,AtCoder Daily Training MEDIUM 2026/02/04 20:00start,2026-02-04 11:00:00,2026,Other
AtCoder,adt_medium_20260205_1,AtCoder Daily Training MEDIUM 2026/02/05 16:30start,2026-02-05 07:30:00,2026,Other
AtCoder,adt_medium_20260205_2,AtCoder Daily Training MEDIUM 2026/02/05 18:30start,2026-02-05 09:30:00,2026,Other
AtCoder,adt_medium_20260205_3,AtCoder Daily Training MEDIUM 2026/02/05 20:30start,2026-02-05 11:30:00,2026,Other
AtCoder,agc001,AtCoder Grand Contest 001,2016-07-16 12:00:00,2016,AGC
AtCoder,agc002,AtCoder Grand Contest 002,2016-07-31 12:00:00,2016,AGC
AtCoder,agc003,AtCoder Grand Contest 003,2016-08-21 12:00:00,2016,AGC
AtCoder,agc004,AtCoder Grand Contest 004,2016-09-04 12:00:00,2016,AGC
AtCoder,agc005,AtCoder Grand Contest 005,2016-10-01 12:00:00,2016,AGC
AtCoder,agc006,AtCoder Grand Contest 006,2016-10-29 12:00:00,2016,AGC
AtCoder,agc007,AtCoder Grand Contest 007,2016-11-12 12:00:00,2016,AGC
AtCoder,agc008,AtCoder Grand Contest 008,2016-12-25 12:00:00,2016,AGC
AtCoder,agc009,AtCoder Grand Contest 009,2017-01-22 12:00:00,2017,AGC
AtCoder,agc010,AtCoder Grand Contest 010,2017-02-04 12:00:00,2017,AGC
AtCoder,agc011,AtCoder Grand Contest 011,2017-03-12 12:00:00,2017,AGC
AtCoder,agc012,AtCoder Grand Contest 012,2017-04-01 12:00:00,2017,AGC
AtCoder,agc013,AtCoder Grand Contest 013,2017-04-15 12:00:00,2017,AGC
AtCoder,agc014,AtCoder Grand Contest 014,2017-05-06 12:00:00,2017,AGC
AtCoder,agc015,AtCoder Grand Contest 015,2017-05-27 12:00:00,2017,AGC
AtCoder,agc016,AtCoder Grand Contest 016,2017-06-18 12:00:00,2017,AGC
AtCoder,agc017,AtCoder Grand Contest 017,2017-07-09 12:00:00,2017,AGC
AtCoder,agc018,AtCoder Grand Contest 018,2017-07-23 12:00:00,2017,AGC
AtCoder,agc019,AtCoder Grand Contest 019,2017-08-26 12:00:00,2017,AGC
AtCoder,agc020,AtCoder Grand Contest 020,2018-01-14 12:00:00,2018,AGC
AtCoder,agc021,AtCoder Grand Contest 021,2018-02-24 12:00:00,2018,AGC
AtCoder,agc022,AtCoder Grand Contest 022,2018-03-31 15:00:00,2018,AGC
AtCoder,agc023,AtCoder Grand Contest 023,2018-04-28 12:00:00,2018,AGC
AtCoder,agc024,AtCoder Grand Contest 024,2018-05-20 12:00:00,2018,AGC
AtCoder,agc025,AtCoder Grand Contest 025,2018-06-03 12:00:00,2018,AGC
AtCoder,agc026,AtCoder Grand Contest 026,2018-07-14 12:00:00,2018,AGC
AtCoder,agc027,AtCoder Grand Contest 027,2018-09-15 12:00:00,2018,AGC
AtCoder,agc028,AtCoder Grand Contest 028,2018-10-13 12:00:00,2018,AGC
AtCoder,agc029,AtCoder Grand Contest 029,2018-12-15 12:00:00,2018,AGC
AtCoder,agc030,AtCoder Grand Contest 030,2018-12-29 12:00:00,2018,AGC
AtCoder,agc031,AtCoder Grand Contest 031,2019-03-16 12:00:00,2019,AGC
AtCoder,agc032,AtCoder Grand Contest 032,2019-03-23 13:00:00,2019,AGC
AtCoder,agc033,AtCoder Grand Contest 033,2019-05-04 12:00:00,2019,AGC
AtCoder,agc034,AtCoder Grand Contest 034,2019-06-02 12:00:00,2019,AGC
AtCoder,agc035,AtCoder Grand Contest 035,2019-07-14 12:30:00,2019,AGC
AtCoder,agc036,AtCoder Grand Contest 036,2019-07-21 12:00:00,2019,AGC
AtCoder,agc037,AtCoder Grand Contest 037,2019-08-17 12:00:00,2019,AGC
AtCoder,agc038,AtCoder Grand Contest 038,2019-09-21 12:00:00,2019,AGC
AtCoder,agc039,AtCoder Grand Contest 039,2019-10-05 12:00:00,2019,AGC
AtCoder,agc040,AtCoder Grand Contest 040,2019-11-03 15:00:00,2019,AGC
AtCoder,agc041,AtCoder Grand Contest 041,2019-12-28 12:00:00,2019,AGC
AtCoder,agc043,AtCoder Grand Contest 043,2020-03-21 12:00:00,2020,AGC
AtCoder,agc044,AtCoder Grand Contest 044,2020-05-23 12:00:00,2020,AGC
AtCoder,agc045,AtCoder Grand Contest 045,2020-06-07 12:00:00,2020,AGC
AtCoder,agc046,AtCoder Grand Contest 046,2020-06-20 12:00:00,2020,AGC
AtCoder,agc047,AtCoder Grand Contest 047,2020-08-09 12:00:00,2020,AGC
AtCoder,agc048,AtCoder Grand Contest 048,2020-10-18 12:00:00,2020,AGC
AtCoder,agc049,AtCoder Grand Contest 049,2020-11-14 12:00:00,2020,AGC
AtCoder,agc050,AtCoder Grand Contest 050 (Good Bye rng_58 Day 1),2020-12-26 12:00:00,2020,AGC
AtCoder,agc051,AtCoder Grand Contest 051 (Good Bye rng_58 Day 2),2020-12-27 12:00:00,2020,AGC
AtCoder,agc052,AtCoder Grand Contest 052,2021-03-07 12:00:00,2021,AGC
AtCoder,agc053,AtCoder Grand Contest 053,2021-04-10 12:00:00,2021,AGC
AtCoder,agc054,AtCoder Grand Contest 054,2021-06-27 12:00:00,2021,AGC
AtCoder,agc055,AtCoder Grand Contest 055,2021-10-31 12:00:00,2021,AGC
AtCoder,agc056,AtCoder Grand Contest 056,2021-12-04 12:00:00,2021,AGC
AtCoder,agc057,AtCoder Grand Contest 057,2022-05-07 12:00:00,2022,AGC
AtCoder,agc058,AtCoder Grand Contest 058,2022-08-14 12:10:00,2022,AGC
AtCoder,agc059,AtCoder Grand Contest 059,2022-12-04 12:00:00,2022,AGC
AtCoder,agc060,AtCoder Grand Contest 060,2022-12-25 12:00:00,2022,AGC
AtCoder,agc061,AtCoder Grand Contest 061,2023-02-12 12:00:00,2023,AGC
AtCoder,agc062,AtCoder Grand Contest 062,2023-05-21 12:00:00,2023,AGC
AtCoder,agc063,AtCoder Grand Contest 063,2023-07-30 12:00:00,2023,AGC
AtCoder,agc064,AtCoder Grand Contest 064,2023-08-13 12:00:00,2023,AGC
AtCoder,agc065,AtCoder Grand Contest 065,2023-12-17 12:00:00,2023,AGC
AtCoder,agc066,AtCoder Grand Contest 066,2024-03-31 12:00:00,2024,AGC
AtCoder,agc067,AtCoder Grand Contest 067,2024-08-18 12:00:00,2024,AGC
AtCoder,agc068,AtCoder Grand Contest 068,2024-09-29 12:00:00,2024,AGC
AtCoder,agc069,AtCoder Grand Contest 069,2024-11-24 12:00:00,2024,AGC
AtCoder,agc070,AtCoder Grand Contest 070,2024-12-29 12:00:00,2024,AGC
AtCoder,agc071,AtCoder Grand Contest 071,2025-03-30 12:00:00,2025,AGC
AtCoder,agc072,AtCoder Grand Contest 072,2025-04-20 12:00:00,2025,AGC
AtCoder,agc073,AtCoder Grand Contest 073,2025-09-28 12:00:00,2025,AGC
AtCoder,agc074,AtCoder Grand Contest 074,2025-10-26 12:00:00,2025,AGC
AtCoder,agc075,AtCoder Grand Contest 075,2025-12-21 12:00:00,2025,AGC
AtCoder,agc076,AtCoder Grand Contest 076,2025-12-28 12:00:00,2025,AGC
AtCoder,agc077,AtCoder Grand Contest 077,2026-03-29 12:00:00,2026,AGC
AtCoder,ahc001,AtCoder Heuristic Contest 001,2021-03-06 03:00:00,2021,AHC
AtCoder,ahc002,AtCoder Heuristic Contest 002,2021-04-25 10:00:00,2021,AHC
AtCoder,ahc003,AtCoder Heuristic Contest 003,2021-05-22 03:00:00,2021,AHC
AtCoder,ahc004,AtCoder Heuristic Contest 004,2021-06-26 04:00:00,2021,AHC
AtCoder,ahc005,AtCoder Heuristic Contest 005,2021-08-07 07:00:00,2021,AHC
AtCoder,ahc006,京セラプログラミングコンテスト（AtCoder Heuristic Contest 006）,2021-11-14 07:00:00,2021,AHC
AtCoder,ahc007,THIRD プログラミングコンテスト 2021 （AtCoder Heuristic Contest 007）,2021-12-12 07:00:00,2021,AHC
AtCoder,ahc008,MC Digital プログラミングコンテスト2022（AtCoder Heuristic Contest 008）,2022-02-12 03:00:00,2022,AHC
AtCoder,ahc009,モノグサ プログラミングコンテスト2022（AtCoder Heuristic Contest 009）,2022-03-26 06:00:00,2022,AHC
AtCoder,ahc010,ALGO ARTIS プログラミングコンテスト2022（AtCoder Heuristic Contest 010）,2022-04-24 06:00:00,2022,AHC
AtCoder,ahc011,AtCoder Heuristic Contest 011,2022-05-28 03:00:00,2022,AHC
AtCoder,ahc012,AtCoder Heuristic Contest 012,2022-07-03 06:00:00,2022,AHC
AtCoder,ahc013,RECRUIT 日本橋ハーフマラソン 2022夏（AtCoder Heuristic Contest 013）,2022-08-09 12:00:00,2022,AHC
AtCoder,ahc014,estie プログラミングコンテスト2022（AtCoder Heuristic Contest 014）,2022-09-17 06:00:00,2022,AHC
AtCoder,ahc015,トヨタ自動車 プログラミングコンテスト2022（AtCoder Heuristic Contest 015）,2022-10-30 06:00:00,2022,AHC
AtCoder,ahc016,HACK TO THE FUTURE 2023 予選（AtCoder Heuristic Contest 016）,2022-11-11 10:00:00,2022,AHC
AtCoder,ahc017,THIRD プログラミングコンテスト 2022 （AtCoder Heuristic Contest 017）,2023-01-28 03:00:00,2023,AHC
AtCoder,ahc018,RECRUIT 日本橋ハーフマラソン 2023冬（AtCoder Heuristic Contest 018）,2023-02-18 03:00:00,2023,AHC
AtCoder,ahc019,MC Digital プログラミングコンテスト2023（AtCoder Heuristic Contest 019）,2023-03-18 03:00:00,2023,AHC
AtCoder,ahc020,ALGO ARTIS プログラミングコンテスト2023（AtCoder Heuristic Contest 020）,2023-06-11 06:00:00,2023,AHC
AtCoder,ahc021,TOYOTA Programming Contest 2023 Summer（AtCoder Heuristic Contest 021）,2023-06-25 06:00:00,2023,AHC
AtCoder,ahc022,RECRUIT 日本橋ハーフマラソン 2023夏（AtCoder Heuristic Contest 022）,2023-08-11 03:00:00,2023,AHC
AtCoder,ahc023,第10回 Asprova プログラミングコンテスト（AtCoder Heuristic Contest 023）,2023-09-03 01:00:00,2023,AHC
AtCoder,ahc024,丸紅プログラミングコンテスト2023（AtCoder Heuristic Contest 024）,2023-09-24 06:00:00,2023,AHC
AtCoder,ahc025,AtCoder Heuristic Contest 025,2023-10-14 03:00:00,2023,AHC
AtCoder,ahc026,トヨタ自動車プログラミングコンテスト2023#6（AtCoder Heuristic Contest 026）,2023-11-05 06:00:00,2023,AHC
AtCoder,ahc027,HACK TO THE FUTURE 2024 （AtCoder Heuristic Contest 027）,2023-12-01 10:00:00,2023,AHC
AtCoder,ahc028,ALGO ARTIS プログラミングコンテスト2023 冬（AtCoder Heuristic Contest 028）,2024-01-13 06:00:00,2024,AHC
AtCoder,ahc029,RECRUIT 日本橋ハーフマラソン 2024冬（AtCoder Heuristic Contest 029）,2023-12-22 03:00:00,2023,AHC
AtCoder,ahc030,THIRD プログラミングコンテスト2023（AtCoder Heuristic Contest 030）,2024-02-09 10:00:00,2024,AHC
AtCoder,ahc031,MC Digital プログラミングコンテスト2024（AtCoder Heuristic Contest 031）,2024-03-22 10:00:00,2024,AHC
AtCoder,ahc032,AtCoder Heuristic Contest 032,2024-04-07 10:00:00,2024,AHC
AtCoder,ahc033,トヨタ自動車プログラミングコンテスト2024#5（AtCoder Heuristic Contest 033）,2024-05-17 10:00:00,2024,AHC
AtCoder,ahc034,トヨタ自動車プログラミングコンテスト2024#6（AtCoder Heuristic Contest 034）,2024-06-16 06:00:00,2024,AHC
AtCoder,ahc035,ALGO ARTIS プログラミングコンテスト2024 夏（AtCoder Heuristic Contest 035）,2024-07-21 06:00:00,2024,AHC
AtCoder,ahc036,RECRUIT 日本橋ハーフマラソン 2024夏（AtCoder Heuristic Contest 036）,2024-08-23 10:00:00,2024,AHC
AtCoder,ahc037,第11回 Asprova プログラミングコンテスト（AtCoder Heuristic Contest 037）,2024-09-15 10:00:00,2024,AHC
AtCoder,ahc038,トヨタ自動車プログラミングコンテスト2024#10（AtCoder Heuristic Contest 038）,2024-10-04 10:00:00,2024,AHC
AtCoder,ahc039,THIRD プログラミングコンテスト2024（AtCoder Heuristic Contest 039）,2024-11-10 06:00:00,2024,AHC
AtCoder,ahc040,HACK TO THE FUTURE 2025 （AtCoder Heuristic Contest 040）,2024-11-29 10:00:00,2024,AHC
AtCoder,ahc041,ALGO ARTIS プログラミングコンテスト2025 冬（AtCoder Heuristic Contest 041）,2025-01-19 06:00:00,2025,AHC
AtCoder,ahc042,AtCoder Heuristic Contest 042,2025-02-02 10:00:00,2025,AHC
AtCoder,ahc043,RECRUIT 日本橋ハーフマラソン 2025冬（AtCoder Heuristic Contest 043）,2025-02-14 10:00:00,2025,AHC
AtCoder,ahc044,AtCoder Heuristic Contest 044,2025-03-16 10:00:00,2025,AHC
AtCoder,ahc045,THIRD プログラミングコンテスト2025（AtCoder Heuristic Contest 045）,2025-03-28 10:00:00,2025,AHC
AtCoder,ahc046,BrainPad プログラミングコンテスト 2025 （AtCoder Heuristic Contest 046）,2025-04-26 06:00:00,2025,AHC
AtCoder,ahc047,トヨタ自動車プログラミングコンテスト2025#2（AtCoder Heuristic Contest 047）,2025-05-18 10:00:00,2025,AHC
AtCoder,ahc048,MC Digital プログラミングコンテスト2025（AtCoder Heuristic Contest 048）,2025-05-30 10:00:00,2025,AHC
AtCoder,ahc049,トヨタ自動車プログラミングコンテスト2025#3（AtCoder Heuristic Contest 049）,2025-06-21 06:00:00,2025,AHC
AtCoder,ahc050,AtCoder Heuristic Contest 050,2025-07-06 10:00:00,2025,AHC
AtCoder,ahc051,THIRD プログラミングコンテスト 2025 夏（AtCoder Heuristic Contest 051）,2025-08-01 10:00:00,2025,AHC
AtCoder,ahc052,AtCoder Heuristic Contest 052,2025-08-23 06:00:00,2025,AHC
AtCoder,ahc053,第12回 Asprova プログラミングコンテスト（AtCoder Heuristic Contest 053）,2025-09-13 10:00:00,2025,AHC
AtCoder,ahc054,ALGO ARTIS プログラミングコンテスト2025 夏（AtCoder Heuristic Contest 054）,2025-09-19 10:00:00,2025,AHC
AtCoder,ahc055,RECRUIT 日本橋ハーフマラソン 2025秋（AtCoder Heuristic Contest 055）,2025-10-19 10:00:00,2025,AHC
AtCoder,ahc056,HACK TO THE FUTURE 2026 （AtCoder Heuristic Contest 056）,2025-11-07 10:00:00,2025,AHC
AtCoder,ahc057,AtCoder Heuristic Contest 057,2025-11-29 06:00:00,2025,AHC
AtCoder,ahc058,ALGO ARTIS プログラミングコンテスト2025 師走（AtCoder Heuristic Contest 058）,2025-12-14 06:00:00,2025,AHC
AtCoder,ahc059,AtCoder Heuristic Contest 059,2026-01-10 06:00:00,2026,AHC
AtCoder,ahc060,RECRUIT 日本橋ハーフマラソン 2026冬（AtCoder Heuristic Contest 060）,2026-02-01 10:00:00,2026,AHC
AtCoder,ahc061,THIRD プログラミングコンテスト 2026 （AtCoder Heuristic Contest 061）,2026-02-13 10:00:00,2026,AHC
AtCoder,ahc062,ユニークビジョンプログラミングコンテスト2026 春（AtCoder Heuristic Contest 062）,2026-03-14 06:00:00,2026,AHC
AtCoder,ahc063,AtCoder Heuristic Contest 063,2026-04-03 10:00:00,2026,AHC
AtCoder,ahc064,JR西日本・ALGO ARTIS プログラミングコンテスト（AtCoder Heuristic Contest 064）,2026-04-26 06:00:00,2026,AHC
AtCoder,ahc065,AtCoder Heuristic Contest 065,2026-05-16 06:00:00,2026,AHC
AtCoder,ahc066,AtCoder Heuristic Contest 066,2026-05-29 11:00:00,2026,AHC
AtCoder,aising2019,エイシング プログラミング コンテスト 2019,2019-01-12 12:00:00,2019,Other
AtCoder,aising2020,エイシング プログラミング コンテスト 2020,2020-07-11 12:00:00,2020,Other
AtCoder,ajo2024-final,第一回 AtCoder Japan Open -決勝-,2024-12-14 01:00:00,2024,Other
AtCoder,ajo2025-final,第二回 AtCoder Japan Open -決勝-,2025-12-13 01:00:00,2025,Other
AtCoder,ajo2025-final-open,第二回 AtCoder Japan Open -決勝-（オープンコンテスト）,2025-12-13 01:00:00,2025,Other
AtCoder,apc001,AtCoder Petrozavodsk Contest 001,2018-02-03 14:00:00,2018,Other
AtCoder,arc001,AtCoder Regular Contest 001,2012-04-14 12:00:00,2012,ARC
AtCoder,arc002,AtCoder Regular Contest 002,2012-05-02 12:00:00,2012,ARC
AtCoder,arc003,AtCoder Regular Contest 003,2012-05-27 11:00:00,2012,ARC
AtCoder,arc004,AtCoder Regular Contest 004,2012-06-16 12:00:00,2012,ARC
AtCoder,arc005,AtCoder Regular Contest 005,2012-06-30 12:00:00,2012,ARC
AtCoder,arc006,AtCoder Regular Contest 006,2012-07-21 11:00:00,2012,ARC
AtCoder,arc007,AtCoder Regular Contest 007,2012-09-08 11:00:00,2012,ARC
AtCoder,arc008,AtCoder Regular Contest 008,2012-09-22 11:00:00,2012,ARC
AtCoder,arc009,AtCoder Regular Contest 009,2012-10-20 12:00:00,2012,ARC
AtCoder,arc010,AtCoder Regular Contest 010,2012-12-16 12:00:00,2012,ARC
AtCoder,arc011,AtCoder Regular Contest 011,2013-01-19 12:00:00,2013,ARC
AtCoder,arc012,AtCoder Regular Contest 012,2013-02-10 11:00:00,2013,ARC
AtCoder,arc013,AtCoder Regular Contest 013,2013-03-17 12:00:00,2013,ARC
AtCoder,arc014,AtCoder Regular Contest 014,2013-06-16 11:00:00,2013,ARC
AtCoder,arc015,AtCoder Regular Contest 015,2013-10-05 12:00:00,2013,ARC
AtCoder,arc016,AtCoder Regular Contest 016,2013-11-04 12:00:00,2013,ARC
AtCoder,arc017,AtCoder Regular Contest 017,2014-02-09 12:00:00,2014,ARC
AtCoder,arc018,AtCoder Regular Contest 018,2014-03-01 12:00:00,2014,ARC
AtCoder,arc019,AtCoder Regular Contest 019,2014-03-15 12:00:00,2014,ARC
AtCoder,arc020,AtCoder Regular Contest 020,2014-03-29 12:00:00,2014,ARC
AtCoder,arc021,AtCoder Regular Contest 021,2014-04-12 12:00:00,2014,ARC
AtCoder,arc022,AtCoder Regular Contest 022,2014-05-03 12:00:00,2014,ARC
AtCoder,arc023,AtCoder Regular Contest 023,2014-05-17 12:00:00,2014,ARC
AtCoder,arc024,AtCoder Regular Contest 024,2014-05-31 12:00:00,2014,ARC
AtCoder,arc025,AtCoder Regular Contest 025,2014-06-14 12:00:00,2014,ARC
AtCoder,arc026,AtCoder Regular Contest 026,2014-06-28 12:00:00,2014,ARC
AtCoder,arc027,AtCoder Regular Contest 027,2014-08-02 12:00:00,2014,ARC
AtCoder,arc028,AtCoder Regular Contest 028,2014-08-30 12:00:00,2014,ARC
AtCoder,arc029,AtCoder Regular Contest 029,2014-09-27 12:00:00,2014,ARC
AtCoder,arc030,AtCoder Regular Contest 030,2014-11-29 12:00:00,2014,ARC
AtCoder,arc031,AtCoder Regular Contest 031,2014-12-13 12:00:00,2014,ARC
AtCoder,arc032,AtCoder Regular Contest 032,2015-01-03 12:00:00,2015,ARC
AtCoder,arc033,AtCoder Regular Contest 033,2015-01-31 12:00:00,2015,ARC
AtCoder,arc034,AtCoder Regular Contest 034,2015-02-21 12:00:00,2015,ARC
AtCoder,arc035,AtCoder Regular Contest 035,2015-03-07 12:00:00,2015,ARC
AtCoder,arc036,AtCoder Regular Contest 036,2015-04-04 12:00:00,2015,ARC
AtCoder,arc037,AtCoder Regular Contest 037,2015-04-18 12:00:00,2015,ARC
AtCoder,arc038,AtCoder Regular Contest 038,2015-05-02 12:00:00,2015,ARC
AtCoder,arc039,AtCoder Regular Contest 039,2015-05-16 12:00:00,2015,ARC
AtCoder,arc040,AtCoder Regular Contest 040,2015-06-13 12:00:00,2015,ARC
AtCoder,arc041,AtCoder Regular Contest 041,2015-07-04 12:00:00,2015,ARC
AtCoder,arc042,AtCoder Regular Contest 042,2015-07-25 12:00:00,2015,ARC
AtCoder,arc043,AtCoder Regular Contest 043,2015-08-15 12:00:00,2015,ARC
AtCoder,arc044,AtCoder Regular Contest 044,2015-09-12 12:00:00,2015,ARC
AtCoder,arc045,AtCoder Regular Contest 045,2015-10-10 12:00:00,2015,ARC
AtCoder,arc046,AtCoder Regular Contest 046,2015-12-13 12:00:00,2015,ARC
AtCoder,arc047,AtCoder Regular Contest 047,2016-01-16 12:00:00,2016,ARC
AtCoder,arc048,AtCoder Regular Contest 048,2016-03-05 12:00:00,2016,ARC
AtCoder,arc049,AtCoder Regular Contest 049,2016-03-19 12:00:00,2016,ARC
AtCoder,arc050,AtCoder Regular Contest 050,2016-04-02 12:00:00,2016,ARC
AtCoder,arc051,AtCoder Regular Contest 051,2016-04-16 12:00:00,2016,ARC
AtCoder,arc052,AtCoder Regular Contest 052,2016-04-30 12:00:00,2016,ARC
AtCoder,arc053,AtCoder Regular Contest 053,2016-05-14 12:00:00,2016,ARC
AtCoder,arc054,AtCoder Regular Contest 054,2016-05-21 12:00:00,2016,ARC
AtCoder,arc055,AtCoder Regular Contest 055,2016-06-03 12:00:00,2016,ARC
AtCoder,arc056,AtCoder Regular Contest 056,2016-06-25 12:00:00,2016,ARC
AtCoder,arc057,AtCoder Regular Contest 057,2016-07-09 12:00:00,2016,ARC
AtCoder,arc058,AtCoder Regular Contest 058,2016-07-23 12:00:00,2016,ARC
AtCoder,arc059,AtCoder Regular Contest 059,2016-08-13 12:00:00,2016,ARC
AtCoder,arc060,AtCoder Regular Contest 060,2016-08-28 12:00:00,2016,ARC
AtCoder,arc061,AtCoder Regular Contest 061,2016-09-11 12:00:00,2016,ARC
AtCoder,arc062,AtCoder Regular Contest 062,2016-10-15 12:00:00,2016,ARC
AtCoder,arc063,AtCoder Regular Contest 063,2016-11-06 12:00:00,2016,ARC
AtCoder,arc064,AtCoder Regular Contest 064,2016-12-04 12:00:00,2016,ARC
AtCoder,arc065,AtCoder Regular Contest 065,2016-12-10 12:00:00,2016,ARC
AtCoder,arc066,AtCoder Regular Contest 066,2016-12-18 12:00:00,2016,ARC
AtCoder,arc067,AtCoder Regular Contest 067,2017-01-15 12:00:00,2017,ARC
AtCoder,arc068,AtCoder Regular Contest 068,2017-01-28 12:00:00,2017,ARC
AtCoder,arc069,AtCoder Regular Contest 069,2017-02-18 12:00:00,2017,ARC
AtCoder,arc070,AtCoder Regular Contest 070,2017-03-18 12:00:00,2017,ARC
AtCoder,arc071,AtCoder Regular Contest 071,2017-04-08 12:00:00,2017,ARC
AtCoder,arc072,AtCoder Regular Contest 072,2017-04-22 12:00:00,2017,ARC
AtCoder,arc073,AtCoder Regular Contest 073,2017-04-29 12:00:00,2017,ARC
AtCoder,arc074,AtCoder Regular Contest 074,2017-05-20 12:00:00,2017,ARC
AtCoder,arc075,AtCoder Regular Contest 075,2017-06-03 12:00:00,2017,ARC
AtCoder,arc076,AtCoder Regular Contest 076,2017-06-24 12:00:00,2017,ARC
AtCoder,arc077,AtCoder Regular Contest 077,2017-07-01 12:00:00,2017,ARC
AtCoder,arc078,AtCoder Regular Contest 078,2017-07-15 12:00:00,2017,ARC
AtCoder,arc079,AtCoder Regular Contest 079,2017-07-29 12:00:00,2017,ARC
AtCoder,arc080,AtCoder Regular Contest 080,2017-08-06 12:00:00,2017,ARC
AtCoder,arc081,AtCoder Regular Contest 081,2017-08-20 12:00:00,2017,ARC
AtCoder,arc082,AtCoder Regular Contest 082,2017-09-02 12:00:00,2017,ARC
AtCoder,arc083,AtCoder Regular Contest 083,2017-09-16 12:00:00,2017,ARC
AtCoder,arc084,AtCoder Regular Contest 084,2017-11-04 12:00:00,2017,ARC
AtCoder,arc085,AtCoder Regular Contest 085,2017-11-11 12:00:00,2017,ARC
AtCoder,arc086,AtCoder Regular Contest 086,2017-12-10 12:00:00,2017,ARC
AtCoder,arc087,AtCoder Regular Contest 087,2017-12-16 12:00:00,2017,ARC
AtCoder,arc088,AtCoder Regular Contest 088,2017-12-23 12:00:00,2017,ARC
AtCoder,arc089,AtCoder Regular Contest 089,2018-01-21 12:00:00,2018,ARC
AtCoder,arc090,AtCoder Regular Contest 090,2018-01-28 12:00:00,2018,ARC
AtCoder,arc091,AtCoder Regular Contest 091,2018-03-11 12:00:00,2018,ARC
AtCoder,arc092,AtCoder Regular Contest 092,2018-03-17 12:00:00,2018,ARC
AtCoder,arc093,AtCoder Regular Contest 093,2018-03-25 12:00:00,2018,ARC
AtCoder,arc094,AtCoder Regular Contest 094,2018-04-07 12:00:00,2018,ARC
AtCoder,arc095,AtCoder Regular Contest 095,2018-04-14 12:10:00,2018,ARC
AtCoder,arc096,AtCoder Regular Contest 096,2018-04-21 12:00:00,2018,ARC
AtCoder,arc097,AtCoder Regular Contest 097,2018-05-12 12:00:00,2018,ARC
AtCoder,arc098,AtCoder Regular Contest 098,2018-05-26 12:00:00,2018,ARC
AtCoder,arc099,AtCoder Regular Contest 099,2018-06-23 12:00:00,2018,ARC
AtCoder,arc100,AtCoder Regular Contest 100,2018-07-01 11:30:00,2018,ARC
AtCoder,arc101,AtCoder Regular Contest 101,2018-08-25 12:00:00,2018,ARC
AtCoder,arc102,AtCoder Regular Contest 102,2018-09-01 12:00:00,2018,ARC
AtCoder,arc103,AtCoder Regular Contest 103,2018-09-29 12:00:00,2018,ARC
AtCoder,arc104,AtCoder Regular Contest 104,2020-10-03 12:00:00,2020,ARC
AtCoder,arc105,AtCoder Regular Contest 105,2020-10-11 13:30:00,2020,ARC
AtCoder,arc106,AtCoder Regular Contest 106,2020-10-24 12:00:00,2020,ARC
AtCoder,arc107,AtCoder Regular Contest 107,2020-10-31 12:00:00,2020,ARC
AtCoder,arc108,AtCoder Regular Contest 108,2020-11-21 12:00:00,2020,ARC
AtCoder,arc109,AtCoder Regular Contest 109,2020-11-28 12:00:00,2020,ARC
AtCoder,arc110,鹿島建設プログラミングコンテスト2020 (AtCoder Regular Contest 110),2020-12-05 12:00:00,2020,ARC
AtCoder,arc111,AtCoder Regular Contest 111,2021-01-09 12:00:00,2021,ARC
AtCoder,arc112,AtCoder Regular Contest 112,2021-02-13 12:00:00,2021,ARC
AtCoder,arc113,AtCoder Regular Contest 113,2021-02-21 12:00:00,2021,ARC
AtCoder,arc114,AtCoder Regular Contest 114,2021-03-14 12:00:00,2021,ARC
AtCoder,arc115,AtCoder Regular Contest 115,2021-03-21 11:00:00,2021,ARC
AtCoder,arc116,AtCoder Regular Contest 116,2021-03-28 12:00:00,2021,ARC
AtCoder,arc117,AtCoder Regular Contest 117,2021-04-18 12:00:00,2021,ARC
AtCoder,arc118,AtCoder Regular Contest 118,2021-05-09 13:05:00,2021,ARC
AtCoder,arc119,AtCoder Regular Contest 119,2021-05-16 12:00:00,2021,ARC
AtCoder,arc120,AtCoder Regular Contest 120,2021-05-23 11:00:00,2021,ARC
AtCoder,arc121,NOMURA プログラミングコンテスト 2021 (AtCoder Regular Contest 121),2021-05-29 12:00:00,2021,ARC
AtCoder,arc122,東京海上日動 プログラミングコンテスト2021 (AtCoder Regular Contest 122),2021-06-12 12:00:00,2021,ARC
AtCoder,arc123,AtCoder Regular Contest 123,2021-07-18 12:00:00,2021,ARC
AtCoder,arc124,AtCoder Regular Contest 124,2021-07-25 12:00:00,2021,ARC
AtCoder,arc125,AtCoder Regular Contest 125,2021-08-22 12:00:00,2021,ARC
AtCoder,arc126,AtCoder Regular Contest 126,2021-09-19 13:00:00,2021,ARC
AtCoder,arc127,AtCoder Regular Contest 127,2021-09-25 11:00:00,2021,ARC
AtCoder,arc128,大和証券プログラミングコンテスト2021 (AtCoder Regular Contest 128),2021-10-16 12:00:00,2021,ARC
AtCoder,arc129,AtCoder Regular Contest 129,2021-11-21 12:00:00,2021,ARC
AtCoder,arc130,AtCoder Regular Contest 130,2021-11-28 12:00:00,2021,ARC
AtCoder,arc131,AtCoder Regular Contest 131,2021-12-05 12:00:00,2021,ARC
AtCoder,arc132,AtCoder Regular Contest 132,2021-12-26 12:00:00,2021,ARC
AtCoder,arc133,AtCoder Regular Contest 133,2022-01-22 12:00:00,2022,ARC
AtCoder,arc134,AtCoder Regular Contest 134,2022-01-29 12:00:00,2022,ARC
AtCoder,arc135,AtCoder Regular Contest 135,2022-02-13 12:00:00,2022,ARC
AtCoder,arc136,AtCoder Regular Contest 136,2022-02-27 12:00:00,2022,ARC
AtCoder,arc137,AtCoder Regular Contest 137,2022-03-19 12:00:00,2022,ARC
AtCoder,arc138,大和証券プログラミングコンテスト2022 Spring (AtCoder Regular Contest 138),2022-04-09 12:00:00,2022,ARC
AtCoder,arc139,AtCoder Regular Contest 139,2022-04-24 12:00:00,2022,ARC
AtCoder,arc140,AtCoder Regular Contest 140,2022-05-15 12:00:00,2022,ARC
AtCoder,arc141,AtCoder Regular Contest 141,2022-05-29 12:00:00,2022,ARC
AtCoder,arc142,AtCoder Regular Contest 142,2022-06-19 12:00:00,2022,ARC
AtCoder,arc143,AtCoder Regular Contest 143,2022-06-26 12:00:00,2022,ARC
AtCoder,arc144,AtCoder Regular Contest 144,2022-07-16 12:00:00,2022,ARC
AtCoder,arc145,AtCoder Regular Contest 145,2022-07-30 12:00:00,2022,ARC
AtCoder,arc146,AtCoder Regular Contest 146,2022-08-20 12:00:00,2022,ARC
AtCoder,arc147,AtCoder Regular Contest 147,2022-09-04 12:00:00,2022,ARC
AtCoder,arc148,AtCoder Regular Contest 148,2022-09-11 12:00:00,2022,ARC
AtCoder,arc149,AtCoder Regular Contest 149,2022-10-02 12:00:00,2022,ARC
AtCoder,arc150,AtCoder Regular Contest 150,2022-10-09 12:00:00,2022,ARC
AtCoder,arc151,AtCoder Regular Contest 151,2022-10-16 12:00:00,2022,ARC
AtCoder,arc152,AtCoder Regular Contest 152,2022-11-20 12:00:00,2022,ARC
AtCoder,arc153,AtCoder Regular Contest 153,2023-01-14 12:00:00,2023,ARC
AtCoder,arc154,AtCoder Regular Contest 154,2023-01-22 12:00:00,2023,ARC
AtCoder,arc155,AtCoder Regular Contest 155,2023-01-29 12:00:00,2023,ARC
AtCoder,arc156,AtCoder Regular Contest 156,2023-02-18 12:00:00,2023,ARC
AtCoder,arc157,AtCoder Regular Contest 157,2023-02-25 12:00:00,2023,ARC
AtCoder,arc158,AtCoder Regular Contest 158,2023-03-12 12:00:00,2023,ARC
AtCoder,arc159,AtCoder Regular Contest 159,2023-04-08 12:00:00,2023,ARC
AtCoder,arc160,AtCoder Regular Contest 160,2023-05-14 12:00:00,2023,ARC
AtCoder,arc161,AtCoder Regular Contest 161,2023-05-28 12:00:00,2023,ARC
AtCoder,arc162,AtCoder Regular Contest 162,2023-06-18 12:00:00,2023,ARC
AtCoder,arc163,AtCoder Regular Contest 163,2023-07-02 12:00:00,2023,ARC
AtCoder,arc164,AtCoder Regular Contest 164,2023-07-09 12:00:00,2023,ARC
AtCoder,arc165,AtCoder Regular Contest 165,2023-09-17 12:00:00,2023,ARC
AtCoder,arc166,AtCoder Regular Contest 166,2023-10-08 12:00:00,2023,ARC
AtCoder,arc167,AtCoder Regular Contest 167,2023-10-15 12:00:00,2023,ARC
AtCoder,arc168,ALGO ARTIS プログラミングコンテスト2023 秋 （AtCoder Regular Contest 168）,2023-11-19 12:00:00,2023,ARC
AtCoder,arc169,estie プログラミングコンテスト2023 （AtCoder Regular Contest 169）,2023-12-09 12:00:00,2023,ARC
AtCoder,arc170,AtCoder Regular Contest 170,2024-01-21 12:00:00,2024,ARC
AtCoder,arc171,AtCoder Regular Contest 171,2024-02-04 12:00:00,2024,ARC
AtCoder,arc172,AtCoder Regular Contest 172,2024-02-18 12:00:00,2024,ARC
AtCoder,arc173,AtCoder Regular Contest 173,2024-03-10 12:00:00,2024,ARC
AtCoder,arc174,AtCoder Regular Contest 174,2024-03-17 12:00:00,2024,ARC
AtCoder,arc175,AtCoder Regular Contest 175,2024-03-24 12:00:00,2024,ARC
AtCoder,arc176,AtCoder Regular Contest 176 （Sponsored by Mynavi）,2024-04-21 12:00:00,2024,ARC
AtCoder,arc177,AtCoder Regular Contest 177,2024-05-12 12:00:00,2024,ARC
AtCoder,arc178,AtCoder Regular Contest 178,2024-05-19 12:00:00,2024,ARC
AtCoder,arc179,AtCoder Regular Contest 179,2024-06-02 12:00:00,2024,ARC
AtCoder,arc180,第五回日本最強プログラマー学生選手権-予選-（AtCoder Regular Contest 180）,2024-06-29 12:00:00,2024,ARC
AtCoder,arc181,AtCoder Regular Contest 181,2024-08-04 12:00:00,2024,ARC
AtCoder,arc182,AtCoder Regular Contest 182,2024-08-11 12:00:00,2024,ARC
AtCoder,arc183,丸紅プログラミングコンテスト2024（AtCoder Regular Contest 183）,2024-08-25 12:00:00,2024,ARC
AtCoder,arc184,AtCoder Regular Contest 184,2024-09-22 12:00:00,2024,ARC
AtCoder,arc185,AtCoder Regular Contest 185,2024-10-13 12:00:00,2024,ARC
AtCoder,arc186,AtCoder Japan Open -予選-（AtCoder Regular Contest 186）,2024-10-27 12:00:00,2024,ARC
AtCoder,arc187,AtCoder Regular Contest 187,2024-11-17 12:00:00,2024,ARC
AtCoder,arc188,estie プログラミングコンテスト2024 （AtCoder Regular Contest 188）,2024-11-23 12:00:00,2024,ARC
AtCoder,arc189,AtCoder Regular Contest 189 (Div. 2),2024-12-08 12:00:00,2024,ARC
AtCoder,arc190,AtCoder Regular Contest 190 (Div. 1),2025-01-12 12:00:00,2025,ARC
AtCoder,arc191,AtCoder Regular Contest 191 (Div. 2),2025-01-26 12:00:00,2025,ARC
AtCoder,arc192,AtCoder Regular Contest 192 (Div. 2),2025-02-09 12:00:00,2025,ARC
AtCoder,arc193,AtCoder Regular Contest 193 (Div. 1),2025-02-23 12:00:00,2025,ARC
AtCoder,arc194,AtCoder Regular Contest 194 (Div. 2),2025-03-09 12:00:00,2025,ARC
AtCoder,arc195,AtCoder Regular Contest 195 (Div. 2),2025-03-23 12:00:00,2025,ARC
AtCoder,arc196,AtCoder Regular Contest 196 (Div. 1),2025-04-06 12:00:00,2025,ARC
AtCoder,arc197,AtCoder Regular Contest 197 (Div. 2),2025-05-04 12:00:00,2025,ARC
AtCoder,arc198,AtCoder Regular Contest 198 (Div. 2),2025-05-25 12:00:00,2025,ARC
AtCoder,arc199,AtCoder Regular Contest 199 (Div. 1),2025-06-01 12:00:00,2025,ARC
AtCoder,arc200,AtCoder Regular Contest 200 (Div. 2),2025-06-15 12:00:00,2025,ARC
AtCoder,arc201,第六回日本最強プログラマー学生選手権-予選-（AtCoder Regular Contest 201）,2025-06-22 12:00:00,2025,ARC
AtCoder,arc202,AtCoder Regular Contest 202 (Div. 1),2025-07-20 12:00:00,2025,ARC
AtCoder,arc203,AtCoder Regular Contest 203 (Div. 2),2025-08-03 12:00:00,2025,ARC
AtCoder,arc204,AtCoder Regular Contest 204 (Div. 1),2025-08-17 12:00:00,2025,ARC
AtCoder,arc205,AtCoder Regular Contest 205 (Div. 2),2025-09-06 12:00:00,2025,ARC
AtCoder,arc206,AtCoder Regular Contest 206 (Div. 2),2025-09-21 12:00:00,2025,ARC
AtCoder,arc207,第二回 AtCoder Japan Open -予選-  (AtCoder Regular Contest 207 (Div.1)),2025-10-05 12:00:00,2025,ARC
AtCoder,arc208,AtCoder Regular Contest 208 (Div. 2),2025-10-12 12:00:00,2025,ARC
AtCoder,arc209,AtCoder Regular Contest 209 (Div. 1),2025-11-09 12:00:00,2025,ARC
AtCoder,arc210,estie プログラミングコンテスト2025 （AtCoder Regular Contest 210）,2025-11-16 12:00:00,2025,ARC
AtCoder,arc211,AtCoder Regular Contest 211 (Div. 2),2025-11-30 12:00:00,2025,ARC
AtCoder,arc212,AtCoder Regular Contest 212 (Div. 2),2026-01-11 12:00:00,2026,ARC
AtCoder,arc213,AtCoder Regular Contest 213 (Div. 1),2026-01-25 12:00:00,2026,ARC
AtCoder,arc214,AtCoder Regular Contest 214,2026-02-08 12:00:00,2026,ARC
AtCoder,arc215,AtCoder Regular Contest 215,2026-02-22 12:00:00,2026,ARC
AtCoder,arc216,AtCoder Regular Contest++ 216,2026-03-22 12:00:00,2026,ARC
AtCoder,arc217,AtCoder Regular Contest 217,2026-04-05 12:00:00,2026,ARC
AtCoder,arc218,AtCoder Regular Contest 218,2026-05-03 12:00:00,2026,ARC
AtCoder,arc219,AtCoder Regular Contest-- 219,2026-05-10 12:00:00,2026,ARC
AtCoder,arc220,AtCoder Regular Contest++ 220,2026-05-17 12:00:00,2026,ARC
AtCoder,arc221,AtCoder Regular Contest++ 221,2026-05-31 12:00:00,2026,ARC
AtCoder,arc222,第七回日本最強プログラマー学生選手権-予選-（AtCoder Regular Contest 222）,2026-06-14 12:00:00,2026,ARC
AtCoder,asprocon2,2nd Asprova Programming Contest,2018-12-23 15:00:00,2018,Other
AtCoder,asprocon3,第3回 Asprova プログラミングコンテスト,2019-04-26 01:00:00,2019,Other
AtCoder,asprocon4,第4回 Asprova プログラミングコンテスト,2019-08-23 01:00:00,2019,Other
AtCoder,asprocon5,第5回 Asprova プログラミングコンテスト,2019-12-30 01:00:00,2019,Other
AtCoder,asprocon6,第6回 Asprova プログラミングコンテスト,2020-04-30 01:00:00,2020,Other
AtCoder,asprocon7,第7回 Asprova プログラミングコンテスト,2021-08-08 01:00:00,2021,Other
AtCoder,asprocon8,第8回 Asprova プログラミングコンテスト,2022-03-06 01:00:00,2022,Other
AtCoder,asprocon9,第9回 Asprova プログラミングコンテスト,2022-08-28 01:00:00,2022,Other
AtCoder,atc001,AtCoder Typical Contest 001,2015-06-06 12:00:00,2015,Other
AtCoder,atc002,AtCoder Typical Contest 002,2016-04-10 12:00:00,2016,Other
AtCoder,atcoder11live,あーだこーだー特別配信 創立11周年記念 企業対抗 Team Battle,2023-06-20 11:30:00,2023,Other
AtCoder,atcoder12live,AtCoder 創立12周年記念 企業対抗 Team Battle,2024-06-12 11:40:00,2024,Other
AtCoder,atcoder13live,AtCoder 創立13周年記念 企業対抗 Team Battle,2025-06-20 11:00:00,2025,Other
AtCoder,autumn_fest,Autumn Fest 2012,2012-10-21 04:00:00,2012,Other
AtCoder,awc0001,AtCoder Weekday Contest 0001 Beta,2026-02-09 11:00:00,2026,Other
AtCoder,awc0002,AtCoder Weekday Contest 0002 Beta,2026-02-10 11:00:00,2026,Other
AtCoder,awc0003,AtCoder Weekday Contest 0003 Beta,2026-02-11 11:00:00,2026,Other
AtCoder,awc0004,AtCoder Weekday Contest 0004 Beta,2026-02-12 11:00:00,2026,Other
AtCoder,awc0005,AtCoder Weekday Contest 0005 Beta,2026-02-13 11:00:00,2026,Other
AtCoder,awc0006,AtCoder Weekday Contest 0006 Beta,2026-02-16 11:00:00,2026,Other
AtCoder,awc0007,AtCoder Weekday Contest 0007 Beta,2026-02-17 11:00:00,2026,Other
AtCoder,awc0008,AtCoder Weekday Contest 0008 Beta,2026-02-18 11:00:00,2026,Other
AtCoder,awc0009,AtCoder Weekday Contest 0009 Beta,2026-02-19 11:00:00,2026,Other
AtCoder,awc0010,AtCoder Weekday Contest 0010 Beta,2026-02-20 11:00:00,2026,Other
AtCoder,awc0011,AtCoder Weekday Contest 0011 Beta,2026-02-23 11:00:00,2026,Other
AtCoder,awc0012,AtCoder Weekday Contest 0012 Beta,2026-02-24 11:00:00,2026,Other
AtCoder,awc0013,AtCoder Weekday Contest 0013 Beta,2026-02-25 11:00:00,2026,Other
AtCoder,awc0014,AtCoder Weekday Contest 0014 Beta,2026-02-26 11:00:00,2026,Other
AtCoder,awc0015,AtCoder Weekday Contest 0015 Beta,2026-02-27 11:00:00,2026,Other
AtCoder,awc0016,AtCoder Weekday Contest 0016 Beta,2026-03-02 11:00:00,2026,Other
AtCoder,awc0017,AtCoder Weekday Contest 0017 Beta,2026-03-03 11:00:00,2026,Other
AtCoder,awc0018,AtCoder Weekday Contest 0018 Beta,2026-03-04 11:00:00,2026,Other
AtCoder,awc0019,AtCoder Weekday Contest 0019 Beta,2026-03-05 11:00:00,2026,Other
AtCoder,awc0020,AtCoder Weekday Contest 0020 Beta,2026-03-06 11:00:00,2026,Other
AtCoder,awc0021,AtCoder Weekday Contest 0021 Beta,2026-03-09 11:00:00,2026,Other
AtCoder,awc0022,AtCoder Weekday Contest 0022 Beta,2026-03-10 11:00:00,2026,Other
AtCoder,awc0023,AtCoder Weekday Contest 0023 Beta,2026-03-11 11:00:00,2026,Other
AtCoder,awc0024,AtCoder Weekday Contest 0024 Beta,2026-03-12 11:00:00,2026,Other
AtCoder,awc0025,AtCoder Weekday Contest 0025 Beta,2026-03-13 11:00:00,2026,Other
AtCoder,awc0026,AtCoder Weekday Contest 0026 Beta,2026-03-16 11:00:00,2026,Other
AtCoder,awc0027,AtCoder Weekday Contest 0027 Beta,2026-03-17 11:00:00,2026,Other
AtCoder,awc0028,AtCoder Weekday Contest 0028 Beta,2026-03-18 11:00:00,2026,Other
AtCoder,awc0029,AtCoder Weekday Contest 0029 Beta,2026-03-19 11:00:00,2026,Other
AtCoder,awc0030,AtCoder Weekday Contest 0030 Beta,2026-03-20 11:00:00,2026,Other
AtCoder,awc0031,AtCoder Weekday Contest 0031 Beta,2026-03-23 11:00:00,2026,Other
AtCoder,awc0032,AtCoder Weekday Contest 0032 Beta,2026-03-24 11:00:00,2026,Other
AtCoder,awc0033,AtCoder Weekday Contest 0033 Beta,2026-03-25 11:00:00,2026,Other
AtCoder,awc0034,AtCoder Weekday Contest 0034 Beta,2026-03-26 11:00:00,2026,Other
AtCoder,awc0035,AtCoder Weekday Contest 0035 Beta,2026-03-27 11:00:00,2026,Other
AtCoder,awc0036,AtCoder Weekday Contest 0036 Beta,2026-03-30 11:00:00,2026,Other
AtCoder,awc0037,AtCoder Weekday Contest 0037 Beta,2026-03-31 11:00:00,2026,Other
AtCoder,awc0038,AtCoder Weekday Contest 0038 Beta,2026-04-01 11:00:00,2026,Other
AtCoder,awc0039,AtCoder Weekday Contest 0039 Beta,2026-04-02 11:00:00,2026,Other
AtCoder,awc0040,AtCoder Weekday Contest 0040 Beta,2026-04-03 11:00:00,2026,Other
AtCoder,awc0041,AtCoder Weekday Contest 0041 Beta,2026-04-06 11:00:00,2026,Other
AtCoder,awc0042,AtCoder Weekday Contest 0042 Beta,2026-04-07 11:00:00,2026,Other
AtCoder,awc0043,AtCoder Weekday Contest 0043 Beta,2026-04-08 11:00:00,2026,Other
AtCoder,awc0044,AtCoder Weekday Contest 0044 Beta,2026-04-09 11:00:00,2026,Other
AtCoder,awc0045,AtCoder Weekday Contest 0045 Beta,2026-04-10 11:00:00,2026,Other
AtCoder,awc0046,AtCoder Weekday Contest 0046 Beta,2026-04-13 11:00:00,2026,Other
AtCoder,awc0047,AtCoder Weekday Contest 0047 Beta,2026-04-14 11:00:00,2026,Other
AtCoder,awc0048,AtCoder Weekday Contest 0048 Beta,2026-04-15 11:00:00,2026,Other
AtCoder,awc0049,AtCoder Weekday Contest 0049 Beta,2026-04-16 11:00:00,2026,Other
AtCoder,awc0050,AtCoder Weekday Contest 0050 Beta,2026-04-17 11:00:00,2026,Other
AtCoder,awc0051,AtCoder Weekday Contest 0051 Beta,2026-04-20 11:00:00,2026,Other
AtCoder,awc0052,AtCoder Weekday Contest 0052 Beta,2026-04-21 11:00:00,2026,Other
AtCoder,awc0053,AtCoder Weekday Contest 0053 Beta,2026-04-22 11:00:00,2026,Other
AtCoder,awc0054,AtCoder Weekday Contest 0054 Beta,2026-04-23 11:00:00,2026,Other
AtCoder,awc0055,AtCoder Weekday Contest 0055 Beta,2026-04-24 11:00:00,2026,Other
AtCoder,awc0056,AtCoder Weekday Contest 0056 Beta,2026-04-27 11:00:00,2026,Other
AtCoder,awc0057,AtCoder Weekday Contest 0057 Beta,2026-04-28 11:00:00,2026,Other
AtCoder,awc0058,AtCoder Weekday Contest 0058 Beta,2026-04-29 11:00:00,2026,Other
AtCoder,awc0059,AtCoder Weekday Contest 0059 Beta,2026-04-30 11:00:00,2026,Other
AtCoder,awc0060,AtCoder Weekday Contest 0060 Beta,2026-05-01 11:00:00,2026,Other
AtCoder,awc0061,AtCoder Weekday Contest 0061 Beta,2026-05-04 11:00:00,2026,Other
AtCoder,awc0062,AtCoder Weekday Contest 0062 Beta,2026-05-05 11:00:00,2026,Other
AtCoder,awc0063,AtCoder Weekday Contest 0063 Beta,2026-05-06 11:00:00,2026,Other
AtCoder,awc0064,AtCoder Weekday Contest 0064 Beta,2026-05-07 11:00:00,2026,Other
AtCoder,awc0065,AtCoder Weekday Contest 0065 Beta,2026-05-08 11:00:00,2026,Other
AtCoder,awc0066,AtCoder Weekday Contest 0066 Beta,2026-05-11 11:00:00,2026,Other
AtCoder,awc0067,AtCoder Weekday Contest 0067 Beta,2026-05-12 11:00:00,2026,Other
AtCoder,awc0068,AtCoder Weekday Contest 0068 Beta,2026-05-13 11:00:00,2026,Other
AtCoder,awc0069,AtCoder Weekday Contest 0069 Beta,2026-05-14 11:00:00,2026,Other
AtCoder,awc0070,AtCoder Weekday Contest 0070 Beta,2026-05-15 11:00:00,2026,Other
AtCoder,awc0071,AtCoder Weekday Contest 0071 Beta,2026-05-18 11:00:00,2026,Other
AtCoder,awc0072,AtCoder Weekday Contest 0072 Beta,2026-05-19 11:00:00,2026,Other
AtCoder,awc0073,AtCoder Weekday Contest 0073 Beta,2026-05-20 11:00:00,2026,Other
AtCoder,awc0074,AtCoder Weekday Contest 0074 Beta,2026-05-21 11:00:00,2026,Other
AtCoder,awc0075,AtCoder Weekday Contest 0075 Beta,2026-05-22 11:00:00,2026,Other
AtCoder,awc0076,AtCoder Weekday Contest 0076 Beta,2026-05-25 11:00:00,2026,Other
AtCoder,awc0077,AtCoder Weekday Contest 0077 Beta,2026-05-26 11:00:00,2026,Other
AtCoder,awc0078,AtCoder Weekday Contest 0078 Beta,2026-05-27 11:00:00,2026,Other
AtCoder,awc0079,AtCoder Weekday Contest 0079 Beta,2026-05-28 11:00:00,2026,Other
AtCoder,awc0080,AtCoder Weekday Contest 0080 Beta,2026-05-29 11:00:00,2026,Other
AtCoder,awc0081,AtCoder Weekday Contest 0081 Beta,2026-06-01 11:00:00,2026,Other
AtCoder,awc0082,AtCoder Weekday Contest 0082 Beta,2026-06-02 11:00:00,2026,Other
AtCoder,awc0083,AtCoder Weekday Contest 0083 Beta,2026-06-03 11:00:00,2026,Other
AtCoder,awc0084,AtCoder Weekday Contest 0084 Beta,2026-06-04 11:00:00,2026,Other
AtCoder,awc0085,AtCoder Weekday Contest 0085 Beta,2026-06-05 11:00:00,2026,Other
AtCoder,awc0086,AtCoder Weekday Contest 0086 Beta,2026-06-08 11:00:00,2026,Other
AtCoder,awc0087,AtCoder Weekday Contest 0087 Beta,2026-06-09 11:00:00,2026,Other
AtCoder,awc0088,AtCoder Weekday Contest 0088 Beta,2026-06-10 11:00:00,2026,Other
AtCoder,awc0089,AtCoder Weekday Contest 0089 Beta,2026-06-11 11:00:00,2026,Other
AtCoder,awc0090,AtCoder Weekday Contest 0090 Beta,2026-06-12 11:00:00,2026,Other
AtCoder,awc0091,AtCoder Weekday Contest 0091 Beta,2026-06-15 11:00:00,2026,Other
AtCoder,awc0092,AtCoder Weekday Contest 0092 Beta,2026-06-16 11:00:00,2026,Other
AtCoder,awc0093,AtCoder Weekday Contest 0093 Beta,2026-06-17 11:00:00,2026,Other
AtCoder,awtf2024,World Tour Finals 2024,2024-07-12 04:45:00,2024,Other
AtCoder,awtf2024-open,World Tour Finals 2024（Open Contest）,2024-07-12 04:45:00,2024,Other
AtCoder,awtf2025algo,World Tour Finals 2025 Algorithm,2025-07-17 03:00:00,2025,Other
AtCoder,awtf2025algo-open,World Tour Finals 2025 Algorithm（Open Contest）,2025-07-17 03:00:00,2025,Other
AtCoder,awtf2025heuristic,World Tour Finals 2025 Heuristic,2025-07-16 00:00:00,2025,Other
AtCoder,bcu30,BCU30 - Programming Battle,2017-03-11 05:35:00,2017,Other
AtCoder,bcu30-2018,プログラミングバトル 本戦 - BCU30,2018-04-21 09:55:00,2018,Other
AtCoder,bcu30-2018-qual,プログラミングバトル 予選 - BCU30,2018-04-21 05:15:00,2018,Other
AtCoder,bcu30-2019,プログラミングバトル 本戦 - BCU30,2019-07-06 09:45:00,2019,Other
AtCoder,bcu30-2019-qual,プログラミングバトル 予選 - BCU30,2019-07-06 05:15:00,2019,Other
AtCoder,birthday0410,お誕生日コンテスト,2014-02-02 04:00:00,2014,Other
AtCoder,bitflyer2018-final,codeFlyer （bitFlyer Programming Contest）本選,2018-06-30 04:40:00,2018,Other
AtCoder,bitflyer2018-final-open,codeFlyer （bitFlyer Programming Contest）オープンコンテスト,2018-06-30 04:40:00,2018,Other
AtCoder,bitflyer2018-qual,codeFlyer （bitFlyer Programming Contest）,2018-06-02 12:00:00,2018,Other
AtCoder,c-league2026-1,AtCoder 企業対抗リーグ 2026 第1戦,2026-05-22 11:00:00,2026,Other
AtCoder,c-league2026-1-open,AtCoder 企業対抗リーグ 2026 第1戦(オープンコンテスト),2026-05-22 11:00:00,2026,Other
AtCoder,caddi2018,CADDi 2018,2018-12-22 12:00:00,2018,Other
AtCoder,caddi2018b,CADDi 2018 for Beginners,2018-12-22 12:00:00,2018,Other
AtCoder,caddi2019,CADDi 2019,2019-03-23 04:00:00,2019,Other
AtCoder,cf16-exhibition,CODE FESTIVAL 2016 Exhibition,2016-11-26 10:40:00,2016,Other
AtCoder,cf16-exhibition-final,CODE FESTIVAL 2016 Grand Final,2016-11-28 03:00:00,2016,Other
AtCoder,cf16-exhibition-final-open,CODE FESTIVAL 2016 Grand Final(Parallel),2016-11-28 03:00:00,2016,Other
AtCoder,cf16-exhibition-open,CODE FESTIVAL 2016 Exhibition(Parallel),2016-11-26 10:40:00,2016,Other
AtCoder,cf16-final,CODE FESTIVAL 2016 Final,2016-11-26 03:30:00,2016,Other
AtCoder,cf16-final-open,CODE FESTIVAL 2016 Final (Parallel),2016-11-26 03:30:00,2016,Other
AtCoder,cf16-relay-open,CODE FESTIVAL 2016 Relay (Parallel),2016-11-27 05:25:00,2016,Other
AtCoder,cf16-tournament-round1-open,CODE FESTIVAL 2016 Elimination Tournament Round 1 (Parallel),2016-11-27 00:20:00,2016,Other
AtCoder,cf16-tournament-round2-open,CODE FESTIVAL 2016 Elimination Tournament Round 2 (Parallel),2016-11-27 01:10:00,2016,Other
AtCoder,cf16-tournament-round3-open,CODE FESTIVAL 2016 Tournament Round 3 (Parallel),2016-11-27 01:55:00,2016,Other
AtCoder,cf17-exhibition-open,CODE FESTIVAL 2017 Exhibition (Parallel),2017-11-25 10:45:00,2017,Other
AtCoder,cf17-final,CODE FESTIVAL 2017 Final,2017-11-25 03:30:00,2017,Other
AtCoder,cf17-final-open,CODE FESTIVAL 2017 Final (Parallel),2017-11-25 03:30:00,2017,Other
AtCoder,cf17-relay-open,Code Festival Team Relay (Parallel),2017-11-26 06:30:00,2017,Other
AtCoder,cf17-tournament-round1-open,CODE FESTIVAL 2017 Elimination Tournament Round 1 (Parallel),2017-11-26 01:20:00,2017,Other
AtCoder,cf17-tournament-round2-open,CODE FESTIVAL 2017 Elimination Tournament Round 2 (Parallel),2017-11-26 02:05:00,2017,Other
AtCoder,cf17-tournament-round3-open,CODE FESTIVAL 2017 Elimination Tournament Round 3 (Parallel),2017-11-26 02:50:00,2017,Other
AtCoder,cf18-relay-open,Code Festival Team Relay (Parallel),2018-11-17 09:10:00,2018,Other
AtCoder,chokudai001,Chokudai Contest 001,2016-03-20 04:00:00,2016,Other
AtCoder,chokudai002,Chokudai Contest 002,2016-11-03 11:00:00,2016,Other
AtCoder,chokudai003,Chokudai Contest 003,2017-02-19 04:00:00,2017,Other
AtCoder,chokudai004,Chokudai Contest 004,2019-08-31 12:00:00,2019,Other
AtCoder,chokudai005,Chokudai Contest 005,2020-09-27 12:00:00,2020,Other
AtCoder,chokudai_S001,Chokudai SpeedRun 001,2017-07-28 12:10:00,2017,Other
AtCoder,chokudai_S002,Chokudai SpeedRun 002,2019-05-25 05:00:00,2019,Other
AtCoder,code-festival-2014-china-open,code festival 2014 上海（オープンコンテスト）,2014-12-21 06:00:00,2014,Other
AtCoder,code-festival-2014-exhibition,CODE FESTIVAL 2014 エキシビション,2014-11-08 10:40:00,2014,Other
AtCoder,code-festival-2014-exhibition-open,CODE FESTIVAL 2014 エキシビション（オープン）,2014-11-08 10:40:00,2014,Other
AtCoder,code-festival-2014-final,CODE FESTIVAL 2014 決勝,2014-11-08 03:00:00,2014,Other
AtCoder,code-festival-2014-final-open,CODE FESTIVAL 2014 決勝（オープン）,2014-11-08 03:00:00,2014,Other
AtCoder,code-festival-2014-morning-easy,CODE FESTIVAL 2014 Easy,2014-11-09 00:00:00,2014,Other
AtCoder,code-festival-2014-morning-hard,CODE FESTIVAL 2014 Hard,2014-11-09 00:00:00,2014,Other
AtCoder,code-festival-2014-morning-middle,CODE FESTIVAL 2014 Middle,2014-11-09 00:00:00,2014,Other
AtCoder,code-festival-2014-quala,CODE FESTIVAL 2014 予選A,2014-09-20 12:00:00,2014,Other
AtCoder,code-festival-2014-qualb,CODE FESTIVAL 2014 予選B,2014-10-26 12:00:00,2014,Other
AtCoder,code-festival-2014-relay,CODE FESTIVAL 2014チーム対抗早解きリレー,2014-11-09 06:30:00,2014,Other
AtCoder,code-festival-2015-exhibition,CODE FESTIVAL 2015 エキシビション,2015-11-14 10:40:00,2015,Other
AtCoder,code-festival-2015-exhibition-open,CODE FESTIVAL 2015 エキシビション（オープンコンテスト）,2015-11-14 10:40:00,2015,Other
AtCoder,code-festival-2015-final-open,CODE FESTIVAL 2015 決勝（オープンコンテスト）,2015-11-14 03:45:00,2015,Other
AtCoder,code-festival-2015-morning-easy,CODE FESTIVAL 2015 あさぷろ Easy,2015-11-15 00:10:00,2015,Other
AtCoder,code-festival-2015-morning-hard,CODE FESTIVAL 2015 あさぷろ Hard,2015-11-15 00:10:00,2015,Other
AtCoder,code-festival-2015-morning-middle,CODE FESTIVAL 2015 あさぷろ Middle,2015-11-15 00:10:00,2015,Other
AtCoder,code-festival-2015-okinawa-open,CODE FESTIVAL 2015 OKINAWA OPEN,2015-12-20 04:00:00,2015,Other
AtCoder,code-festival-2015-quala,CODE FESTIVAL 2015 予選A,2015-09-26 12:00:00,2015,Other
AtCoder,code-festival-2015-qualb,CODE FESTIVAL 2015 予選B,2015-10-25 12:00:00,2015,Other
AtCoder,code-festival-2015-relay,CODE FESTIVAL2015チーム対抗早解きリレー,2015-11-15 05:15:00,2015,Other
AtCoder,code-festival-2016-quala,CODE FESTIVAL 2016 qual A,2016-09-24 12:00:00,2016,Other
AtCoder,code-festival-2016-qualb,CODE FESTIVAL 2016 qual B,2016-10-10 04:00:00,2016,Other
AtCoder,code-festival-2016-qualc,CODE FESTIVAL 2016 qual C,2016-10-23 12:00:00,2016,Other
AtCoder,code-festival-2017-quala,CODE FESTIVAL 2017 qual A,2017-09-23 12:00:00,2017,Other
AtCoder,code-festival-2017-qualb,CODE FESTIVAL 2017 qual B,2017-10-08 12:00:00,2017,Other
AtCoder,code-festival-2017-qualc,CODE FESTIVAL 2017 qual C,2017-10-22 12:00:00,2017,Other
AtCoder,code-festival-2018-final,CODE FESTIVAL 2018 Final,2018-11-17 00:30:00,2018,Other
AtCoder,code-festival-2018-final-open,CODE FESTIVAL 2018 Final (Parallel),2018-11-17 00:30:00,2018,Other
AtCoder,code-festival-2018-quala,CODE FESTIVAL 2018 qual A,2018-09-22 12:00:00,2018,Other
AtCoder,code-festival-2018-qualb,CODE FESTIVAL 2018 qual B,2018-10-14 12:00:00,2018,Other
AtCoder,code-formula-2014-final,Code Formula 2014 本選,2014-10-04 05:00:00,2014,Other
AtCoder,code-formula-2014-quala,Code Formula 2014 予選A,2014-08-20 11:00:00,2014,Other
AtCoder,code-formula-2014-qualb,Code Formula 2014 予選B,2014-08-28 11:00:00,2014,Other
AtCoder,code-thanks-festival-2014-a-open,code thanks festival 2014 A日程（オープンコンテスト）,2014-12-07 03:00:00,2014,Other
AtCoder,code-thanks-festival-2014-b-open,code thanks festival 2014 B日程（オープンコンテスト）,2014-12-14 03:00:00,2014,Other
AtCoder,code-thanks-festival-2015-open,CODE THANKS FESTIVAL 2015 オープンコンテスト,2015-12-05 03:00:00,2015,Other
AtCoder,code-thanks-festival-2017,CODE THANKS FESTIVAL 2017,2017-12-02 03:00:00,2017,Other
AtCoder,code-thanks-festival-2017-open,CODE THANKS FESTIVAL 2017(Parallel),2017-12-02 03:00:00,2017,Other
AtCoder,code-thanks-festival-2018,CODE THANKS FESTIVAL 2018,2018-11-25 03:00:00,2018,Other
AtCoder,code-thanks-festival-2018-open,CODE THANKS FESTIVAL 2018(Parallel),2018-11-25 03:00:00,2018,Other
AtCoder,codequeen2023-final-open,CodeQUEEN 2023 決勝（オープンコンテスト）,2023-08-06 04:30:00,2023,Other
AtCoder,codequeen2024-final-N9tn8QqD,CodeQUEEN 2024 決勝,2024-08-03 04:00:00,2024,Other
AtCoder,codequeen2025-final-Public,CodeQUEEN 2025 決勝,2025-08-02 04:00:00,2025,Other
AtCoder,colopl2018-final,COLOCON -Colopl programming contest 2018- Final,2018-01-20 04:10:00,2018,Other
AtCoder,colopl2018-final-open,COLOCON -Colopl programming contest 2018- Final（オープンコンテスト）,2018-01-20 04:10:00,2018,Other
AtCoder,colopl2018-qual,COLOCON -Colopl programming contest 2018-,2017-12-09 12:00:00,2017,Other
AtCoder,cpsco2019-s1,CPSCO2019 Session1,2019-05-04 04:00:00,2019,Other
AtCoder,cpsco2019-s2,CPSCO2019 Session2,2019-05-05 01:30:00,2019,Other
AtCoder,cpsco2019-s3,CPSCO2019 Session3,2019-05-05 05:00:00,2019,Other
AtCoder,cpsco2019-s4,CPSCO2019 Session4,2019-05-06 01:30:00,2019,Other
AtCoder,ddcc2016-final,DISCO presents ディスカバリーチャンネル コードコンテスト2016 本戦,2016-12-03 01:30:00,2016,Other
AtCoder,ddcc2016-qual,DISCO presents ディスカバリーチャンネル コードコンテスト2016 予選,2016-11-05 12:00:00,2016,Other
AtCoder,ddcc2017-final,DISCO presents ディスカバリーチャンネル コードコンテスト2017 本戦,2017-11-03 01:30:00,2017,Other
AtCoder,ddcc2017-qual,DISCO presents ディスカバリーチャンネル コードコンテスト2017 予選,2017-10-07 12:00:00,2017,Other
AtCoder,ddcc2019-final,DISCO presents ディスカバリーチャンネル コードコンテスト2019 本戦,2019-01-19 01:10:00,2019,Other
AtCoder,ddcc2019-machine,DISCO presents ディスカバリーチャンネル コードコンテスト2019 装置実装部門 本戦,2019-01-19 04:30:00,2019,Other
AtCoder,ddcc2019-qual,DISCO presents ディスカバリーチャンネル コードコンテスト2019 予選,2018-11-23 12:00:00,2018,Other
AtCoder,ddcc2020-final,DISCO presents ディスカバリーチャンネル コードコンテスト2020 本戦,2020-01-25 00:50:00,2020,Other
AtCoder,ddcc2020-qual,DISCO presents ディスカバリーチャンネル コードコンテスト2020 予選,2019-11-23 12:00:00,2019,Other
AtCoder,digitalarts2012,DigitalArts プログラミングコンテスト2012,2012-11-24 11:00:00,2012,Other
AtCoder,discovery2016-final,DISCO presents ディスカバリーチャンネル プログラミングコンテスト2016 本選,2016-02-20 01:30:00,2016,Other
AtCoder,discovery2016-qual,DISCO presents ディスカバリーチャンネル プログラミングコンテスト2016 予選,2016-01-30 12:00:00,2016,Other
AtCoder,diverta2019,diverta 2019 Programming Contest,2019-05-11 12:15:00,2019,Other
AtCoder,diverta2019-2,diverta 2019 Programming Contest 2,2019-06-15 12:00:00,2019,Other
AtCoder,donuts-2015,Donutsプロコンチャレンジ2015,2015-02-11 10:00:00,2015,Other
AtCoder,donuts-live2014,Donuts プロコンチャレンジ2014,2014-09-17 10:15:00,2014,Other
AtCoder,dp,Educational DP Contest / DP まとめコンテスト,2019-01-06 11:00:00,2019,Other
AtCoder,dwacon2017-honsen,第3回 ドワンゴからの挑戦状 本選(オープンコンテスト),2017-01-14 08:00:00,2017,Other
AtCoder,dwacon2017-prelims,第3回 ドワンゴからの挑戦状 予選,2016-12-17 11:00:00,2016,Other
AtCoder,dwacon2018-final,第4回 ドワンゴからの挑戦状 本選,2018-02-03 07:00:00,2018,Other
AtCoder,dwacon2018-final-open,第4回 ドワンゴからの挑戦状 本選(オープン),2018-02-03 07:30:00,2018,Other
AtCoder,dwacon2018-prelims,第4回 ドワンゴからの挑戦状 予選,2018-01-13 11:00:00,2018,Other
AtCoder,dwacon5th-final,第5回 ドワンゴからの挑戦状 本選,2018-12-23 07:00:00,2018,Other
AtCoder,dwacon5th-final-open,第5回 ドワンゴからの挑戦状 本選（オープンコンテスト）,2018-12-23 08:00:00,2018,Other
AtCoder,dwacon5th-prelims,第5回 ドワンゴからの挑戦状 予選,2018-11-24 11:00:00,2018,Other
AtCoder,dwacon6th-final,第6回 ドワンゴからの挑戦状 本選,2020-02-08 07:00:00,2020,Other
AtCoder,dwacon6th-final-open,第6回 ドワンゴからの挑戦状 本選（オープンコンテスト）,2020-02-08 08:00:00,2020,Other
AtCoder,dwacon6th-prelims,第6回 ドワンゴからの挑戦状 予選,2020-01-11 11:00:00,2020,Other
AtCoder,dwango2015-finals,dwangoプログラミングコンテスト,2015-02-14 07:00:00,2015,Other
AtCoder,dwango2015-honsen,dwangoプログラミングコンテスト,2015-02-14 08:00:00,2015,Other
AtCoder,dwango2015-prelims,dwangoプログラミングコンテスト,2015-01-24 11:00:00,2015,Other
AtCoder,dwango2016-finals,第2回 ドワンゴからの挑戦状 本選,2016-02-13 07:00:00,2016,Other
AtCoder,dwango2016-honsen,第2回 ドワンゴからの挑戦状 本選(オープンコンテスト),2016-02-13 08:00:00,2016,Other
AtCoder,dwango2016-prelims,第2回 ドワンゴからの挑戦状 予選,2016-01-23 11:00:00,2016,Other
AtCoder,editor-update-test,新エディタテストコンテスト,2023-08-25 09:00:00,2023,Other
AtCoder,exawizards2019,エクサウィザーズ 2019,2019-03-30 12:00:00,2019,Other
AtCoder,fps-24,FPS 24 題,2025-11-03 04:00:00,2025,Other
AtCoder,fuka5,ふか杯 5th Contest,2012-05-26 05:00:00,2012,Other
AtCoder,future-contest-2018-final,HACK TO THE FUTURE 2018 本選,2018-03-03 01:30:00,2018,Other
AtCoder,future-contest-2018-final-open,HACK TO THE FUTURE 2018 本選オープン,2018-03-03 01:30:00,2018,Other
AtCoder,future-contest-2018-qual,HACK TO THE FUTURE 2018予選,2018-02-17 05:00:00,2018,Other
AtCoder,future-contest-2019-final,HACK TO THE FUTURE 2019 本選,2018-12-01 01:30:00,2018,Other
AtCoder,future-contest-2019-final-open,HACK TO THE FUTURE 2019 本選オープン,2018-12-01 01:30:00,2018,Other
AtCoder,future-contest-2019-qual,HACK TO THE FUTURE 2019予選,2018-11-10 05:00:00,2018,Other
AtCoder,future-contest-2020-final,HACK TO THE FUTURE 2020 本選,2019-12-07 01:30:00,2019,Other
AtCoder,future-contest-2020-final-2,HACK TO THE FUTURE 2020 本選 2,2019-12-07 05:30:00,2019,Other
AtCoder,future-contest-2020-final-2-open,HACK TO THE FUTURE 2020 本選 2(オープンコンテスト),2019-12-07 05:30:00,2019,Other
AtCoder,future-contest-2020-final-open,HACK TO THE FUTURE 2020 本選(オープン),2019-12-07 01:30:00,2019,Other
AtCoder,future-contest-2020-qual,HACK TO THE FUTURE 2020予選,2019-11-02 05:00:00,2019,Other
AtCoder,future-contest-2021-final,HACK TO THE FUTURE 2021 本選,2020-12-12 01:30:00,2020,Other
AtCoder,future-contest-2021-final-open,HACK TO THE FUTURE 2021 本選 オープンコンテスト,2020-12-12 01:30:00,2020,Other
AtCoder,future-contest-2021-qual,HACK TO THE FUTURE 2021 予選,2020-11-07 05:00:00,2020,Other
AtCoder,future-contest-2022-final,HACK TO THE FUTURE 2022 本選,2021-12-18 01:30:00,2021,Other
AtCoder,future-contest-2022-final-open,HACK TO THE FUTURE 2022 本選 オープンコンテスト,2021-12-18 01:30:00,2021,Other
AtCoder,future-contest-2022-qual,HACK TO THE FUTURE 2022 予選,2021-11-03 10:00:00,2021,Other
AtCoder,future-contest-2023-final,HACK TO THE FUTURE 2023 本選,2022-12-10 01:30:00,2022,Other
AtCoder,future-contest-2023-final-open,HACK TO THE FUTURE 2023 本選 オープンコンテスト,2022-12-10 01:30:00,2022,Other
AtCoder,future-fif-digital-days,デジタルの日特別イベント「HACK TO THE FUTURE for Youth+」,2021-10-10 04:30:00,2021,Other
AtCoder,future-fif-digital-days-open,デジタルの日特別イベント「HACK TO THE FUTURE for Youth+」 open,2021-10-10 04:30:00,2021,Other
AtCoder,future-meets-you-contest-2018,Future Meets You Contest,2018-09-29 04:30:00,2018,Other
AtCoder,future-meets-you-contest-2018-open,Future Meets You Contest(Open),2018-09-29 04:30:00,2018,Other
AtCoder,genocon2021,ゲノコン2021   ー   DNA配列解析チャレンジ,2021-08-23 12:00:00,2021,Other
AtCoder,geocon2013,幾何コンテスト2013,2013-06-30 05:00:00,2013,Other
AtCoder,gigacode-2019,GigaCode 2019,2019-11-24 04:30:00,2019,Other
AtCoder,guildfes-2026-final,プログラミングバトル 本戦,2026-01-18 06:45:00,2026,Other
AtCoder,guildfes-2026-qual,プログラミングバトル 予選,2026-01-18 01:00:00,2026,Other
AtCoder,gwcontest2015,Golden Week Contest 2015,2015-05-05 04:00:00,2015,Other
AtCoder,hbpc2012,hasi's botsuneta programming contest,2012-06-10 11:00:00,2012,Other
AtCoder,hhkb2020,HHKB プログラミングコンテスト 2020,2020-10-10 12:00:00,2020,Other
AtCoder,highrate2025,AtCoder × Engineer Guild オンサイトコンテスト ～集結！高レート人材～,2025-11-01 04:10:00,2025,Other
AtCoder,highrate2025-parallel,AtCoder × Engineer Guild オンサイトコンテスト ～集結！高レート人材～（復習用）,2025-11-01 04:10:00,2025,Other
AtCoder,hitachi2020,日立製作所 社会システム事業部 プログラミングコンテスト2020,2020-03-08 12:00:00,2020,Other
AtCoder,hokudai-hitachi2017-1,Hokkaido Univ.& Hitachi 1st New-concept Computing Contest 2017,2017-11-14 15:00:00,2017,Other
AtCoder,hokudai-hitachi2017-2,Hokkaido Univ.& Hitachi 2nd New-concept Computing Contest 2017,2017-11-28 15:00:00,2017,Other
AtCoder,hokudai-hitachi2018,北大・日立新概念コンピューティングコンテスト2018,2019-02-13 15:00:00,2019,Other
AtCoder,hokudai-hitachi2019-1,Hitachi Hokudai Labo & Hokkaido University Contest 2019-1,2019-11-07 15:00:00,2019,Other
AtCoder,hokudai-hitachi2019-2,Hitachi Hokudai Labo & Hokkaido University Contest 2019-2,2019-11-28 15:00:00,2019,Other
AtCoder,hokudai-hitachi2020,Hitachi Hokudai Lab. & Hokkaido University Contest 2020,2020-12-16 15:00:00,2020,Other
AtCoder,hokudai-hitachi2021,Hitachi Hokudai Lab. & Hokkaido University Contest 2021,2021-11-12 15:00:00,2021,Other
AtCoder,hokudai-hitachi2022,Hitachi Hokudai Lab. & Hokkaido University Contest 2022,2022-12-22 15:00:00,2022,Other
AtCoder,ijpc2012-1,IOIer Japan Programming Contest #1,2012-05-20 04:00:00,2012,Other
AtCoder,ijpc2012-2,IOIer Japan Programming Contest #2,2012-06-24 04:00:00,2012,Other
AtCoder,ijpc2012-3,IOIer Japan Programming Contest #3,2012-07-22 04:00:00,2012,Other
AtCoder,ijpc2012pr,IOIer Japan Programming Contest Practice,2012-04-20 15:00:00,2012,Other
AtCoder,ijpc2015,IOIer Japan Programming Contest 2015,2015-10-18 04:30:00,2015,Other
AtCoder,ijpc2015-2,IOIer Japan Programming Contest 2015 ,2015-11-23 04:30:00,2015,Other
AtCoder,indeednow-finala-open,Indeedなう（オープンコンテスト）,2015-03-26 06:20:00,2015,Other
AtCoder,indeednow-finalb-open,Indeedなう（オープンコンテストB）,2015-03-31 06:20:00,2015,Other
AtCoder,indeednow-quala,Indeedなう（予選A）,2015-03-14 12:00:00,2015,Other
AtCoder,indeednow-qualb,Indeedなう（予選B）,2015-03-18 12:00:00,2015,Other
AtCoder,intro-heuristics,Introduction to Heuristics Contest,2020-06-28 12:00:00,2020,Other
AtCoder,iroha2019-day1,いろはちゃんコンテスト Day1,2019-04-30 04:00:00,2019,Other
AtCoder,iroha2019-day2,いろはちゃんコンテスト Day2,2019-05-01 04:00:00,2019,Other
AtCoder,iroha2019-day3,いろはちゃんコンテスト Day3,2019-05-02 04:00:00,2019,Other
AtCoder,iroha2019-day4,いろはちゃんコンテスト Day4,2019-05-03 10:00:00,2019,Other
AtCoder,jag2012autumn,JAG Practice Contest for ACM-ICPC Asia Regional 2012,2012-11-04 02:00:00,2012,Other
AtCoder,jag2013autumn,JAG Practice Contest for ACM-ICPC Asia Regional 2013,2013-11-10 02:00:00,2013,Other
AtCoder,jag2013summer-day2,Japan Alumni Group Summer Camp 2013 Day 2,2013-09-21 05:00:00,2013,Other
AtCoder,jag2013summer-day3,Japan Alumni Group Summer Camp 2013 Day 3,2013-09-22 01:00:00,2013,Other
AtCoder,jag2013summer-day4,Japan Alumni Group Summer Camp 2013 Day 4,2013-09-23 01:00:00,2013,Other
AtCoder,jag2013summer-warmingup,Japan Alumni Group Summer Camp 2013 Warming Up,2013-09-21 01:00:00,2013,Other
AtCoder,jag2014autumn,JAG Practice Contest for ACM-ICPC Asia Regional 2014,2014-09-14 02:00:00,2014,Other
AtCoder,jag2014summer-day2,Japan Alumni Group Summer Camp 2014 Day 2,2014-09-13 01:00:00,2014,Other
AtCoder,jag2014summer-day4,Japan Alumni Group Summer Camp 2014 Day 4,2014-09-15 01:00:00,2014,Other
AtCoder,jag2015autumn,JAG Practice Contest for ACM-ICPC Asia Regional 2015,2015-11-22 02:00:00,2015,Other
AtCoder,jag2015spring,Japan Alumni Group Spring Contest 2015,2015-04-19 04:30:00,2015,Other
AtCoder,jag2015summer-day2,Japan Alumni Group Summer Camp 2015 Day 2,2015-09-12 01:40:00,2015,Other
AtCoder,jag2015summer-day3,Japan Alumni Group Summer Camp 2015 Day 3,2015-09-13 01:00:00,2015,Other
AtCoder,jag2015summer-day4,Japan Alumni Group Summer Camp 2015 Day 4,2015-09-14 01:00:00,2015,Other
AtCoder,jag2016-domestic,JAG Contest 2016 Domestic,2016-04-24 05:00:00,2016,Other
AtCoder,jag2016autumn,JAG Practice Contest for ACM-ICPC Asia Regional 2016,2016-09-04 02:00:00,2016,Other
AtCoder,jag2017autumn,JAG Practice Contest for ACM-ICPC Asia Regional 2017,2017-11-19 04:00:00,2017,Other
AtCoder,jag2017summer-day1,Japan Alumni Group Summer Camp 2017 Day 1,2017-09-22 05:00:00,2017,Other
AtCoder,jag2017summer-day3,Japan Alumni Group Summer Camp 2017 Day 3,2017-09-24 01:00:00,2017,Other
AtCoder,jag2018summer-day2,Japan Alumni Group Summer Camp 2018 Day 2,2018-09-16 01:00:00,2018,Other
AtCoder,joi2010ho,第９回日本情報オリンピック 本選（過去問）,2010-02-14 01:00:00,2010,Other
AtCoder,joi2011ho,第１０回日本情報オリンピック 本選（過去問）,2011-02-13 01:00:00,2011,Other
AtCoder,joi2011yo,第１０回日本情報オリンピック 予選（過去問）,2010-12-19 04:00:00,2010,Other
AtCoder,joi2012ho,第１１回日本情報オリンピック 本選（過去問）,2012-02-12 01:00:00,2012,Other
AtCoder,joi2012yo,第１１回日本情報オリンピック 予選（過去問）,2011-12-18 04:00:00,2011,Other
AtCoder,joi2013ho,第１２回日本情報オリンピック 本選（オープンコンテスト）,2013-02-10 01:30:00,2013,Other
AtCoder,joi2013yo,第１２回日本情報オリンピック 予選（過去問）,2012-12-16 04:00:00,2012,Other
AtCoder,joi2014ho,第１３回日本情報オリンピック 本選（過去問）,2014-02-09 01:00:00,2014,Other
AtCoder,joi2014yo,第１３回日本情報オリンピック 予選（過去問）,2013-12-15 04:00:00,2013,Other
AtCoder,joi2015ho,第１４回日本情報オリンピック 本選（過去問）,2015-02-08 01:00:00,2015,Other
AtCoder,joi2015yo,第１４回日本情報オリンピック 予選（過去問）,2014-12-14 04:00:00,2014,Other
AtCoder,joi2016ho,第１５回日本情報オリンピック 本選（過去問）,2016-02-14 00:00:00,2016,Other
AtCoder,joi2016yo,第１５回日本情報オリンピック 予選（過去問）,2015-12-13 04:00:00,2015,Other
AtCoder,joi2017ho,第１６回日本情報オリンピック 本選（過去問）,2017-02-12 00:00:00,2017,Other
AtCoder,joi2017yo,第１６回日本情報オリンピック 予選（過去問）,2016-12-11 04:00:00,2016,Other
AtCoder,joi2018ho,JOI 2017/2018 本選 過去問,2018-02-11 00:00:00,2018,Other
AtCoder,joi2018yo,JOI 2017/2018 予選 過去問,2017-12-10 04:00:00,2017,Other
AtCoder,joi2019ho,JOI 2018/2019 本選 過去問,2019-02-10 00:00:00,2019,Other
AtCoder,joi2019yo,JOI 2018/2019 予選 過去問,2018-12-09 04:00:00,2018,Other
AtCoder,joi2020ho,JOI 2019/2020 本選 過去問,2020-02-09 00:00:00,2020,Other
AtCoder,joi2020yo1a,JOI 2019/2020 一次予選 (第1回) 過去問,2019-09-21 05:00:00,2019,Other
AtCoder,joi2020yo1b,JOI 2019/2020 一次予選 (第2回) 過去問,2019-10-27 05:00:00,2019,Other
AtCoder,joi2020yo1c,JOI 2019/2020 一次予選 (第3回) 過去問,2019-11-16 05:00:00,2019,Other
AtCoder,joi2020yo2,JOI 2019/2020 二次予選 過去問,2019-12-08 04:00:00,2019,Other
AtCoder,joi2021ho,JOI 2020/2021 本選 過去問,2021-02-14 01:00:00,2021,Other
AtCoder,joi2021yo1a,JOI 2020/2021 一次予選 (第1回) 過去問,2020-09-19 05:00:00,2020,Other
AtCoder,joi2021yo1b,JOI 2020/2021 一次予選 (第2回) 過去問,2020-10-18 05:00:00,2020,Other
AtCoder,joi2021yo1c,JOI 2020/2021 一次予選 (第3回) 過去問,2020-11-21 05:00:00,2020,Other
AtCoder,joi2021yo2,JOI 2020/2021 二次予選 過去問,2020-12-13 04:00:00,2020,Other
AtCoder,joi2022ho,JOI 2021/2022 本選 過去問,2022-02-13 00:00:00,2022,Other
AtCoder,joi2022yo1a,JOI 2021/2022 一次予選 (第1回) 過去問,2021-09-18 05:00:00,2021,Other
AtCoder,joi2022yo1b,JOI 2021/2022 一次予選 (第2回) 過去問,2021-10-17 05:00:00,2021,Other
AtCoder,joi2022yo1c,JOI 2021/2022 一次予選 (第3回) 過去問,2021-11-20 05:00:00,2021,Other
AtCoder,joi2022yo2,JOI 2021/2022 二次予選  過去問,2021-12-12 04:00:00,2021,Other
AtCoder,joi2023ho,JOI 2022/2023 本選 過去問,2023-02-12 04:00:00,2023,Other
AtCoder,joi2023yo1a,JOI 2022/2023 一次予選 (第1回) 過去問,2022-09-17 05:00:00,2022,Other
AtCoder,joi2023yo1b,JOI 2022/2023 一次予選 (第2回) 過去問,2022-10-16 05:00:00,2022,Other
AtCoder,joi2023yo1c,JOI 2022/2023 一次予選 (第3回) 過去問,2022-11-19 05:00:00,2022,Other
AtCoder,joi2023yo2,JOI 2022/2023 二次予選  過去問,2022-12-11 04:00:00,2022,Other
AtCoder,joi2024ho,JOI 2023/2024 本選 過去問,2024-02-04 04:00:00,2024,Other
AtCoder,joi2024yo1a,JOI 2023/2024 一次予選 (第1回) 過去問,2023-09-16 05:00:00,2023,Other
AtCoder,joi2024yo1b,JOI 2023/2024 一次予選 (第2回) 過去問,2023-10-15 05:00:00,2023,Other
AtCoder,joi2024yo1c,JOI 2023/2024 一次予選 (第3回) 過去問,2023-11-18 05:00:00,2023,Other
AtCoder,joi2024yo2,JOI 2023/2024 二次予選  過去問,2023-12-10 04:00:00,2023,Other
AtCoder,joi2025ho,JOI 2024/2025 本選 過去問,2025-02-02 04:00:00,2025,Other
AtCoder,joi2025yo1a,JOI 2024/2025 一次予選 (第1回) 過去問,2024-09-14 05:00:00,2024,Other
AtCoder,joi2025yo1b,JOI 2024/2025 一次予選 (第2回) 過去問,2024-10-13 05:00:00,2024,Other
AtCoder,joi2025yo1c,JOI 2024/2025 一次予選 (第3回) 過去問,2024-11-16 05:00:00,2024,Other
AtCoder,joi2025yo2,JOI 2024/2025 二次予選  過去問,2024-12-08 04:00:00,2024,Other
AtCoder,joi2026final,JOI 2025/2026 ファイナルステージ 過去問,2026-03-21 00:00:00,2026,Other
AtCoder,joi2026sf,JOI 2025/2026 セミファイナルステージ 過去問,2026-02-01 04:00:00,2026,Other
AtCoder,joi2026yo1a,JOI 2025/2026 一次予選 (第1回) 過去問,2025-09-13 05:00:00,2025,Other
AtCoder,joi2026yo1b,JOI 2025/2026 一次予選 (第2回) 過去問,2025-10-12 05:00:00,2025,Other
AtCoder,joi2026yo1c,JOI 2025/2026 一次予選 (第3回) 過去問,2025-11-15 05:00:00,2025,Other
AtCoder,joi2026yo2,JOI 2025/2026 二次予選  過去問,2025-12-07 04:00:00,2025,Other
AtCoder,joig2021-open,JOIG 2021 過去問,2021-04-25 04:00:00,2021,Other
AtCoder,joig2022-open,JOIG 2021/2022 本選 過去問,2022-01-23 04:00:00,2022,Other
AtCoder,joig2023-open,JOIG 2022/2023 本選 過去問,2023-01-22 04:00:00,2023,Other
AtCoder,joig2024-open,JOIG 2023/2024 本選 過去問,2024-01-21 04:00:00,2024,Other
AtCoder,joig2025-open,JOIG 2024/2025 本選 過去問,2025-01-12 04:00:00,2025,Other
AtCoder,joig2026final,JOIG 2025/2026 ファイナルステージ 過去問,2026-03-22 00:00:00,2026,Other
AtCoder,joigsc2022,JOIG 2021/2022 春合宿 過去問,2022-03-20 00:00:00,2022,Other
AtCoder,joigsp2023,JOIG 2022/2023 春季トレーニング 過去問,2023-03-20 00:00:00,2023,Other
AtCoder,joigsp2024,JOIG 2023/2024 春季トレーニング 過去問,2024-03-22 00:00:00,2024,Other
AtCoder,joigsp2025,JOIG 2024/2025 春季トレーニング 過去問,2025-03-22 00:00:00,2025,Other
AtCoder,joiopen2012,JOI Open Contest 2012,2012-09-17 04:00:00,2012,Other
AtCoder,joiopen2012b,JOI Open Contest 2012 B,2012-09-17 09:00:00,2012,Other
AtCoder,joiopen2012c,JOI Open Contest 2012 C,2012-09-17 15:00:00,2012,Other
AtCoder,joiopen2020,JOI Open Contest 2020 過去問,2020-09-06 04:00:00,2020,Other
AtCoder,joiopen2021,JOI Open Contest 2021 過去問,2021-06-06 04:00:00,2021,Other
AtCoder,joiopen2022,JOI Open Contest 2022 過去問,2022-07-03 04:00:00,2022,Other
AtCoder,joiopen2023,JOI Open Contest 2023 過去問,2023-08-05 04:00:00,2023,Other
AtCoder,joiopen2024,JOI Open Contest 2024 過去問,2024-06-16 04:00:00,2024,Other
AtCoder,joiopen2025,JOI Open Contest 2025 過去問,2025-06-15 04:00:00,2025,Other
AtCoder,joisc2010,2010年 日本情報オリンピック春合宿OJ,2010-03-20 00:30:00,2010,Other
AtCoder,joisc2011,JOI 2010-2011 日本代表選手選考会 (春合宿代替措置) 過去問,2011-04-23 05:00:00,2011,Other
AtCoder,joisc2012,2012年 日本情報オリンピック春合宿OJ,2012-03-20 00:00:00,2012,Other
AtCoder,joisc2013-day1,2013年 日本情報オリンピック春合宿 1日目,2013-03-20 00:30:00,2013,Other
AtCoder,joisc2013-day2,2013年 日本情報オリンピック春合宿 2日目,2013-03-21 00:30:00,2013,Other
AtCoder,joisc2013-day3,2013年 日本情報オリンピック春合宿 3日目,2013-03-22 00:30:00,2013,Other
AtCoder,joisc2013-day4,2013年 日本情報オリンピック春合宿 4日目,2013-03-23 00:30:00,2013,Other
AtCoder,joisc2014,JOI春合宿2014 オンラインジャッジ,2014-03-20 00:00:00,2014,Other
AtCoder,joisc2015,JOI春合宿2015 オンラインジャッジ,2015-03-20 00:00:00,2015,Other
AtCoder,joisc2016,JOI春合宿2016 オンラインジャッジ,2016-01-20 00:00:00,2016,Other
AtCoder,joisc2017,JOI春合宿2017 オンラインジャッジ,2017-03-20 00:00:00,2017,Other
AtCoder,joisc2018,JOI 2017/2018 春合宿 過去問,2018-03-20 00:00:00,2018,Other
AtCoder,joisc2019,JOI 2018/2019 春合宿 過去問,2019-03-20 00:00:00,2019,Other
AtCoder,joisc2020,JOI 2019/2020 春合宿 過去問,2020-03-20 00:00:00,2020,Other
AtCoder,joisc2021,JOI 2020/2021 春合宿 過去問,2021-03-20 00:00:00,2021,Other
AtCoder,joisc2022,JOI 2021/2022 春合宿 過去問,2022-03-20 00:00:00,2022,Other
AtCoder,joisp2023,JOI 2022/2023 春季トレーニング 過去問,2023-03-19 00:00:00,2023,Other
AtCoder,joisp2024,JOI 2023/2024 春季トレーニング 過去問,2024-03-21 00:00:00,2024,Other
AtCoder,joisp2025,JOI 2024/2025 春季トレーニング 過去問,2025-03-21 00:00:00,2025,Other
AtCoder,jrex2017,Japan Russia Exchange Programming Contest 2017,2017-01-21 06:30:00,2017,Other
AtCoder,jsc2019-final,第一回日本最強プログラマー学生選手権決勝,2019-09-29 03:45:00,2019,Other
AtCoder,jsc2019-final-open,第一回日本最強プログラマー学生選手権決勝(オープンコンテスト),2019-09-29 03:45:00,2019,Other
AtCoder,jsc2019-qual,第一回日本最強プログラマー学生選手権-予選-,2019-08-24 12:00:00,2019,Other
AtCoder,jsc2021,第二回日本最強プログラマー学生選手権,2021-04-17 07:10:00,2021,Other
AtCoder,jsc2022-final,第三回日本最強プログラマー学生選手権 -決勝-,2022-08-28 04:10:00,2022,Other
AtCoder,jsc2022-final-open,第三回日本最強プログラマー学生選手権 -決勝- (オープンコンテスト),2022-08-28 04:10:00,2022,Other
AtCoder,jsc2023-final,第四回日本最強プログラマー学生選手権 -決勝-,2023-09-30 04:10:00,2023,Other
AtCoder,jsc2024-final,第五回日本最強プログラマー学生選手権 -決勝-,2024-08-24 05:10:00,2024,Other
AtCoder,jsc2025-final,第六回日本最強プログラマー学生選手権 -決勝-,2025-08-24 05:10:00,2025,Other
AtCoder,jsc2025advance-final,日本最強プログラマー学生選手権～Advance～,2025-09-07 04:10:00,2025,Other
AtCoder,judge-update-202004,Judge System Update Test Contest 202004,2020-04-05 12:00:00,2020,Other
AtCoder,k2pc-easy,Kyuride Kagamiz Programming Contest (Easy),2012-08-17 11:00:00,2012,Other
AtCoder,k2pc-hard,Kyuride Kagamiz Programming Contest (Hard),2012-08-17 11:00:00,2012,Other
AtCoder,k4pc,KyurideKagamizProgrammingContest(Remixed by ryunosuKe & Kensuke),2014-11-15 04:00:00,2014,Other
AtCoder,keyence2019,キーエンス プログラミング コンテスト 2019,2019-01-13 12:00:00,2019,Other
AtCoder,keyence2020,キーエンス プログラミング コンテスト 2020,2020-01-18 12:00:00,2020,Other
AtCoder,keyence2021,キーエンス プログラミング コンテスト 2021,2021-01-16 12:00:00,2021,Other
AtCoder,kupc2012,京都大学プログラミングコンテスト2012,2012-07-01 04:00:00,2012,Other
AtCoder,kupc2012pr,京都大学プログラミングコンテスト2012 practice,2012-06-29 04:00:00,2012,Other
AtCoder,kupc2013,京都大学プログラミングコンテスト2013,2013-07-06 04:00:00,2013,Other
AtCoder,kupc2014,京都大学プログラミングコンテスト2014,2014-07-05 04:00:00,2014,Other
AtCoder,kupc2015,京都大学プログラミングコンテスト2015,2015-10-24 04:20:00,2015,Other
AtCoder,kupc2016,Kyoto University Programming Contest 2016,2016-10-02 04:00:00,2016,Other
AtCoder,kupc2017,Kyoto University Programming Contest 2017,2017-10-01 04:00:00,2017,Other
AtCoder,kupc2018,Kyoto University Programming Contest 2018,2018-09-30 04:00:00,2018,Other
AtCoder,kupc2019,Kyoto University Programming Contest 2019,2019-10-13 04:00:00,2019,Other
AtCoder,kupc2020,京都大学プログラミングコンテスト 2020,2020-10-10 04:00:00,2020,Other
AtCoder,kupc2021,京都大学プログラミングコンテスト 2021,2021-10-31 04:00:00,2021,Other
AtCoder,kupc2024,KUPC 2024,2025-01-05 04:00:00,2025,Other
AtCoder,kuronekoyamato-contest2019,ヤマト運輸プログラミングコンテスト2019,2019-08-03 01:00:00,2019,Other
AtCoder,language-test-ver1,Language Test ver1 ,2013-09-07 13:00:00,2013,Other
AtCoder,loadchecking,負荷チェックコンテスト,2022-02-13 10:00:00,2022,Other
AtCoder,m-solutions2019,M-SOLUTIONS プロコンオープン,2019-06-01 12:00:00,2019,Other
AtCoder,m-solutions2020,M-SOLUTIONS プロコンオープン 2020,2020-07-25 12:00:00,2020,Other
AtCoder,masters-qual,第一回マスターズ選手権-予選-,2024-03-03 04:00:00,2024,Other
AtCoder,masters2024-final,第一回マスターズ選手権 -決勝-,2024-04-20 02:10:00,2024,Other
AtCoder,masters2024-final-open,第一回マスターズ選手権-決勝-(オープンコンテスト),2024-04-20 02:10:00,2024,Other
AtCoder,masters2025-final,第二回マスターズ選手権 -決勝-,2025-04-19 02:10:00,2025,Other
AtCoder,masters2025-final-open,第二回マスターズ選手権-決勝-(オープンコンテスト),2025-04-19 02:10:00,2025,Other
AtCoder,masters2025-qual,第二回マスターズ選手権-予選-,2025-03-02 04:00:00,2025,Other
AtCoder,masters2026-final,第三回マスターズ選手権 -決勝-,2026-04-18 02:40:00,2026,Other
AtCoder,masters2026-final-open,第三回マスターズ選手権-決勝-(オープンコンテスト),2026-04-18 02:40:00,2026,Other
AtCoder,masters2026-qual,第三回マスターズ選手権-予選-,2026-03-01 04:00:00,2026,Other
AtCoder,maximum-cup-2013,Maximum-Cup 2013,2013-11-16 04:00:00,2013,Other
AtCoder,maximum-cup-2018,Maximum-Cup 2018,2018-04-07 05:00:00,2018,Other
AtCoder,maximum-cup-2023,Maximum-Cup 2023,2023-08-26 04:00:00,2023,Other
AtCoder,monamieHB2021,えびまのお誕生日コンテスト 2021 Day 1,2021-04-20 12:00:00,2021,Other
AtCoder,mujin-pc-2016,MUJIN プログラミングチャレンジ Programming Challenge,2016-02-27 12:00:00,2016,Other
AtCoder,mujin-pc-2017,Mujin Programming Challenge 2017,2017-02-25 12:00:00,2017,Other
AtCoder,mujin-pc-2018,Mujin Programming Challenge 2018,2018-08-04 12:00:00,2018,Other
AtCoder,nadafes2022_day1,灘校文化祭コンテスト 2022 Day1,2022-05-03 04:00:00,2022,Other
AtCoder,nadafes2022_day2,灘校文化祭コンテスト 2022 Day2,2022-05-04 04:00:00,2022,Other
AtCoder,ndpc,Next DP Contest,2026-05-05 04:00:00,2026,Other
AtCoder,newjudge-2308-algorithm,新ジャッジテストコンテスト -Algorithm-,2023-08-06 11:00:00,2023,Other
AtCoder,newjudge-2308-heuristic,新ジャッジテストコンテスト -Heuristic-,2023-08-06 13:00:00,2023,Other
AtCoder,nikkei2019-2-final,第二回全国統一プログラミング王決定戦本戦,2019-12-15 04:15:00,2019,Other
AtCoder,nikkei2019-2-qual,第二回全国統一プログラミング王決定戦予選,2019-11-09 12:00:00,2019,Other
AtCoder,nikkei2019-ex,全国統一プログラミング王決定戦 エキシビジョン,2019-02-17 08:22:00,2019,Other
AtCoder,nikkei2019-final,全国統一プログラミング王決定戦本戦,2019-02-17 03:45:00,2019,Other
AtCoder,nikkei2019-qual,全国統一プログラミング王決定戦予選,2019-01-27 12:00:00,2019,Other
AtCoder,njpc2017,NJPC2017,2017-01-29 05:00:00,2017,Other
AtCoder,nomura2020,NOMURA プログラミングコンテスト 2020,2020-05-30 12:00:00,2020,Other
AtCoder,npcapc_2024,NPCAPC 2024,2024-06-22 04:00:00,2024,Other
AtCoder,nupc2024,NUPC 2024,2025-03-29 04:00:00,2025,Other
AtCoder,oidashi,TPC追いコン,2016-02-28 07:01:12,2016,Other
AtCoder,otemae2019,大手前プロコン 2019,2019-08-02 09:00:00,2019,Other
AtCoder,oupc2023-day1,OUPC 2023 Day1 : 大阪大学セット,2024-01-06 04:00:00,2024,Other
AtCoder,pakencamp-2018-day2,パ研合宿コンペティション 2日目,2018-12-24 04:05:00,2018,Other
AtCoder,pakencamp-2018-day3,パ研合宿コンペティション 3日目,2018-12-25 00:35:00,2018,Other
AtCoder,pakencamp-2019-day2,パ研合宿2019　第2日「Marathon」,2019-12-25 06:00:00,2019,Other
AtCoder,pakencamp-2019-day3,パ研合宿2019　第3日「パ研杯2019」,2019-12-26 03:50:00,2019,Other
AtCoder,pakencamp-2019-day4,パ研合宿2019　第4日「Teamwork」,2019-12-27 04:30:00,2019,Other
AtCoder,pakencamp-2020-day1,パ研合宿2020　第1日「SpeedRun」,2021-01-06 01:30:00,2021,Other
AtCoder,pakencamp-2020-day2,パ研合宿2020　第2日「パ研杯2020」,2021-01-07 04:00:00,2021,Other
AtCoder,pakencamp-2021-day2,パ研合宿2021　第2日「SpeedRun」,2022-03-28 00:00:00,2022,Other
AtCoder,pakencamp-2021-day3,パ研合宿2021　第3日「パ研杯」,2022-03-29 06:00:00,2022,Other
AtCoder,pakencamp-2022-day1,パ研合宿2022　第1日「Jikka」,2023-03-27 06:00:00,2023,Other
AtCoder,pakencamp-2022-day2,パ研合宿2022　第2日「パ研杯」,2023-03-28 04:30:00,2023,Other
AtCoder,pakencamp-2022-day3,パ研合宿2022　第3日「teamwork」,2023-03-29 04:30:00,2023,Other
AtCoder,pakencamp-2023-day1,パ研合宿2023　第1日「SpeedRun」,2024-03-26 05:30:00,2024,Other
AtCoder,pakencamp-2023-day2,パ研合宿2023　第2日「パ研杯」,2024-03-27 04:30:00,2024,Other
AtCoder,pakencamp-2023-day3,パ研合宿2023　第3日「Teamwork」,2024-03-28 04:30:00,2024,Other
AtCoder,pakencamp-2024-day1,パ研合宿2024　第1日「SpeedRun」,2025-03-30 05:00:00,2025,Other
AtCoder,pakencamp-2024-day2,パ研合宿2024　第2日「パ研杯」,2025-03-31 03:30:00,2025,Other
AtCoder,pakencamp-2024-day3-1,パ研合宿2024　第3日「Teamwork」,2025-04-01 04:00:00,2025,Other
AtCoder,pakencamp-2024-day3-2,パ研合宿2024　第3日「Teamwork(for beginners)」,2025-04-01 04:00:00,2025,Other
AtCoder,pakencamp-2025-day1,パ研合宿2025　第1日「SpeedRun」,2026-03-26 05:00:00,2026,Other
AtCoder,pakencamp-2025-day2,パ研合宿2025　第2日「パ研杯」,2026-03-27 05:30:00,2026,Other
AtCoder,pakencamp-2025-day3,パ研合宿2025　第3日「Teamwork」,2026-03-28 05:00:00,2026,Other
AtCoder,panasonic2020,パナソニックプログラミングコンテスト2020,2020-03-14 12:00:00,2020,Other
AtCoder,past15-open,第15回 アルゴリズム実技検定(過去問),2023-06-03 05:00:00,2023,Other
AtCoder,past16-open,第16回 アルゴリズム実技検定(過去問),2023-09-02 04:00:00,2023,Other
AtCoder,past17-open,第17回 アルゴリズム実技検定(過去問),2023-12-02 04:00:00,2023,Other
AtCoder,past18-open,第18回 アルゴリズム実技検定(過去問),2024-03-02 04:00:00,2024,Other
AtCoder,past19-open,第19回 アルゴリズム実技検定(過去問),2024-06-01 04:00:00,2024,Other
AtCoder,past20-open,第20回 アルゴリズム実技検定(過去問),2024-09-07 04:00:00,2024,Other
AtCoder,past201912-open,第一回 アルゴリズム実技検定 過去問,2019-12-14 04:00:00,2019,Other
AtCoder,past202004-open,第二回 アルゴリズム実技検定 過去問,2020-04-18 04:00:00,2020,Other
AtCoder,past202005-open,第三回 アルゴリズム実技検定 過去問,2020-05-23 04:00:00,2020,Other
AtCoder,past202010-open,第四回 アルゴリズム実技検定 過去問,2020-10-25 04:00:00,2020,Other
AtCoder,past202012-open,第五回 アルゴリズム実技検定 過去問,2020-12-13 09:00:00,2020,Other
AtCoder,past202104-open,第六回 アルゴリズム実技検定 過去問,2021-04-10 04:00:00,2021,Other
AtCoder,past202107-open,第七回 アルゴリズム実技検定 過去問,2021-07-03 04:00:00,2021,Other
AtCoder,past202109-open,第八回 アルゴリズム実技検定 過去問,2021-09-18 04:00:00,2021,Other
AtCoder,past202112-open,第九回 アルゴリズム実技検定 過去問,2021-12-11 04:00:00,2021,Other
AtCoder,past202203-open,第10回 アルゴリズム実技検定 過去問,2022-03-05 04:00:00,2022,Other
AtCoder,past202206-open,第11回 アルゴリズム実技検定 過去問,2022-06-04 04:00:00,2022,Other
AtCoder,past202209-open,第12回 アルゴリズム実技検定 過去問,2022-09-03 04:00:00,2022,Other
AtCoder,past202212-open,第13回 アルゴリズム実技検定 過去問,2022-12-03 04:00:00,2022,Other
AtCoder,past202303-open,第14回 アルゴリズム実技検定 過去問,2023-03-04 04:00:00,2023,Other
AtCoder,past21-open,第21回 アルゴリズム実技検定(過去問),2024-12-07 04:00:00,2024,Other
AtCoder,past22-open,第22回 アルゴリズム実技検定(過去問),2025-03-01 04:00:00,2025,Other
AtCoder,past23-open,第23回 アルゴリズム実技検定(過去問),2025-06-07 04:00:00,2025,Other
AtCoder,qupc2014,九州大学プログラミングコンテスト2014,2014-03-28 03:00:00,2014,Other
AtCoder,qupc2018,九州大学プログラミングコンテスト2018,2018-10-20 04:30:00,2018,Other
AtCoder,rcl-contest-2020-final,第4回 RECRUIT 日本橋ハーフマラソン 本戦,2020-03-07 05:00:00,2020,Other
AtCoder,rcl-contest-2020-final-open,第4回 RECRUIT 日本橋ハーフマラソン 本戦（オープンコンテスト）,2020-03-07 05:00:00,2020,Other
AtCoder,rcl-contest-2020-qual,第4回 RECRUIT 日本橋ハーフマラソン 予選,2020-02-15 10:00:00,2020,Other
AtCoder,rcl-contest-2021,RECRUIT 日本橋ハーフマラソン 2021,2021-08-28 05:00:00,2021,Other
AtCoder,rcl-contest-2021-long,RECRUIT 日本橋ハーフマラソン 2021〜増刊号〜,2021-09-05 09:00:00,2021,Other
AtCoder,rco-contest-2017-final,RCO presents 日本橋ハーフマラソン 本戦,2017-03-20 05:00:00,2017,Other
AtCoder,rco-contest-2017-final-open,RCO presents 日本橋ハーフマラソン 本戦 (オープン),2017-03-20 05:00:00,2017,Other
AtCoder,rco-contest-2017-qual,RCO presents 日本橋ハーフマラソン 予選,2017-03-04 11:00:00,2017,Other
AtCoder,rco-contest-2018-final,第2回 RCO日本橋ハーフマラソン 本戦,2018-03-10 05:00:00,2018,Other
AtCoder,rco-contest-2018-final-open,第2回 RCO日本橋ハーフマラソン 本戦  (オープン),2018-03-10 05:00:00,2018,Other
AtCoder,rco-contest-2018-qual,第2回 RCO日本橋ハーフマラソン 予選,2018-02-11 10:00:00,2018,Other
AtCoder,rco-contest-2019-final,第3回 RCO日本橋ハーフマラソン 本戦,2019-03-02 05:00:00,2019,Other
AtCoder,rco-contest-2019-final-open,第3回 RCO日本橋ハーフマラソン 本戦 (オープン),2019-03-02 05:00:00,2019,Other
AtCoder,rco-contest-2019-qual,第3回 RCO日本橋ハーフマラソン 予選,2019-02-11 10:00:00,2019,Other
AtCoder,s8pc-1,square869120Contest #1,2016-01-24 11:00:00,2016,Other
AtCoder,s8pc-2,square869120Contest #2,2016-04-23 11:00:00,2016,Other
AtCoder,s8pc-3,square869120Contest #3,2016-11-20 11:15:00,2016,Other
AtCoder,s8pc-4,square869120Contest #4,2017-04-09 11:00:00,2017,Other
AtCoder,s8pc-5,square869120Contest #5,2018-04-15 11:00:00,2018,Other
AtCoder,s8pc-6,square869120Contest #6,2019-04-14 11:00:00,2019,Other
AtCoder,scpc2026-div1,SCPC 2026 Div.1,2026-05-16 04:00:00,2026,Other
AtCoder,scpc2026-div2,SCPC 2026 Div.2,2026-05-16 04:00:00,2026,Other
AtCoder,scpc2026-div3,SCPC 2026 Div.3,2026-05-16 04:30:00,2026,Other
AtCoder,snuke21,すぬけのお誕生日コンテスト,2015-07-04 05:00:00,2015,Other
AtCoder,soundhound2018,SoundHound Inc. Programming Contest 2018 (春),2018-01-27 12:00:00,2018,Other
AtCoder,soundhound2018-summer-final, SoundHound Programming Contest 2018 Masters Tournament 本戦,2018-07-28 06:00:00,2018,Other
AtCoder,soundhound2018-summer-final-open,SoundHound Programming Contest 2018 Masters Tournament 本戦 (Open),2018-07-28 06:00:00,2018,Other
AtCoder,soundhound2018-summer-qual,SoundHound Inc. Programming Contest 2018 -Masters Tournament-,2018-07-07 12:00:00,2018,Other
AtCoder,stage0-2021,STAGE:0 競技プログラミング高校生大会 powered by AtCoder,2021-08-07 07:00:00,2021,Other
AtCoder,stpc2025_1,東京科学大学プログラミングコンテスト2025 (Div. 1),2025-11-08 04:00:00,2025,Other
AtCoder,stpc2025_2,東京科学大学プログラミングコンテスト2025 (Div. 2),2025-11-08 04:00:00,2025,Other
AtCoder,sumitrust2019,三井住友信託銀行プログラミングコンテスト2019,2019-12-01 12:00:00,2019,Other
AtCoder,summerfes2018-div1,Summer Festival Contest 2018 (Division 1),2018-08-25 05:30:00,2018,Other
AtCoder,summerfes2018-div2,Summer Festival Contest 2018 (Division 2),2018-08-25 05:30:00,2018,Other
AtCoder,tdpc,Typical DP Contest,2013-08-31 11:00:00,2013,Other
AtCoder,tenka1-2012-final,天下一プログラマーコンテスト2012 決勝,2012-09-15 05:00:00,2012,Other
AtCoder,tenka1-2012-qualA,天下一プログラマーコンテスト2012 予選A,2012-08-03 12:00:00,2012,Other
AtCoder,tenka1-2012-qualB,天下一プログラマーコンテスト2012 予選B,2012-08-18 01:00:00,2012,Other
AtCoder,tenka1-2012-qualC,天下一プログラマーコンテスト2012 予選C,2012-08-29 09:00:00,2012,Other
AtCoder,tenka1-2013-final,天下一プログラマーコンテスト2013 決勝,2013-09-14 05:00:00,2013,Other
AtCoder,tenka1-2013-quala,天下一プログラマーコンテスト2013予選A,2013-08-03 11:00:00,2013,Other
AtCoder,tenka1-2013-qualb,天下一プログラマーコンテスト2013予選B,2013-08-23 09:00:00,2013,Other
AtCoder,tenka1-2014-final,天下一プログラマーコンテスト2014 本戦,2014-09-06 05:00:00,2014,Other
AtCoder,tenka1-2014-final-open,天下一プログラマーコンテスト2014本戦（オープンコンテスト）,2014-09-06 05:00:00,2014,Other
AtCoder,tenka1-2014-quala,天下一プログラマーコンテスト2014予選A,2014-08-09 12:00:00,2014,Other
AtCoder,tenka1-2014-qualb,天下一プログラマーコンテスト2014予選B,2014-08-23 12:00:00,2014,Other
AtCoder,tenka1-2015-final,天下一プログラマーコンテスト2015本戦,2015-09-05 05:00:00,2015,Other
AtCoder,tenka1-2015-final-open,天下一プログラマーコンテスト2015本戦（オープンコンテスト）,2015-09-05 05:00:00,2015,Other
AtCoder,tenka1-2015-quala,天下一プログラマーコンテスト2015予選A,2015-08-01 12:00:00,2015,Other
AtCoder,tenka1-2015-qualb,天下一プログラマーコンテスト2015予選B,2015-08-22 12:00:00,2015,Other
AtCoder,tenka1-2016-final,天下一プログラマーコンテスト2016本戦,2016-09-10 05:00:00,2016,Other
AtCoder,tenka1-2016-final-open,天下一プログラマーコンテスト2016本戦（オープンコンテスト）,2016-09-10 05:00:00,2016,Other
AtCoder,tenka1-2016-quala,天下一プログラマーコンテスト2016予選A,2016-07-30 12:00:00,2016,Other
AtCoder,tenka1-2016-qualb,天下一プログラマーコンテスト2016予選B,2016-08-27 12:00:00,2016,Other
AtCoder,tenka1-2017,Tenka1 Programmer Contest,2017-09-30 12:00:00,2017,Other
AtCoder,tenka1-2017-beginner,Tenka1 Programmer Beginner Contest,2017-09-30 12:00:00,2017,Other
AtCoder,tenka1-2018,Tenka1 Programmer Contest,2018-10-27 12:00:00,2018,Other
AtCoder,tenka1-2018-beginner,Tenka1 Programmer Beginner Contest,2018-10-27 12:00:00,2018,Other
AtCoder,tenka1-2019,Tenka1 Programmer Contest 2019,2019-04-20 12:00:00,2019,Other
AtCoder,tenka1-2019-beginner,Tenka1 Programmer Beginner Contest 2019,2019-04-20 12:00:00,2019,Other
AtCoder,tkppc,技術室奥プログラミングコンテスト,2015-08-08 04:00:00,2015,Other
AtCoder,tkppc2,技術室奥プログラミングコンテスト#2,2016-08-07 04:00:00,2016,Other
AtCoder,tkppc3,技術室奥プログラミングコンテスト #3,2018-07-14 04:00:00,2018,Other
AtCoder,tkppc4-1,技術室奥プログラミングコンテスト#4 Day1,2019-07-27 04:00:00,2019,Other
AtCoder,tkppc4-2,技術室奥プログラミングコンテスト#4 Day2,2019-07-28 04:00:00,2019,Other
AtCoder,tkppc6-1,技術室奥プログラミングコンテスト#6 Day1,2021-08-22 04:00:00,2021,Other
AtCoder,tkppc6-2,技術室奥プログラミングコンテスト#6 Day2,2021-08-29 04:00:00,2021,Other
AtCoder,tokiomarine2020,東京海上日動 プログラミングコンテスト2020,2020-06-13 12:00:00,2020,Other
AtCoder,toyota-hc-2023spring,トヨタ自動車 実課題プログラミングコンテスト 2023 Spring,2023-03-05 04:00:00,2023,Other
AtCoder,toyota2023spring-final,Toyota Programming Contest 2023 Spring Final,2023-03-18 01:10:00,2023,Other
AtCoder,toyota2023spring-final-open,Toyota Programming Contest 2023 Spring Final（Open Contest）,2023-03-18 01:10:00,2023,Other
AtCoder,toyota2023summer-final,TOYOTA Programming Contest 2023 Summer final,2023-08-27 01:15:00,2023,Other
AtCoder,toyota2023summer-final-open,TOYOTA Programming Contest 2023 Summer final（Open Contest）,2023-08-27 01:15:00,2023,Other
AtCoder,tricky,トリッキー問題コンテスト,2013-12-05 12:00:00,2013,Other
AtCoder,ttpc2015,東京工業大学プログラミングコンテスト2015,2015-09-20 04:15:00,2015,Other
AtCoder,ttpc2019,東京工業大学プログラミングコンテスト2019,2019-08-31 04:05:00,2019,Other
AtCoder,ttpc2022,東京工業大学プログラミングコンテスト2022,2022-11-05 04:00:00,2022,Other
AtCoder,ttpc2023,東京工業大学プログラミングコンテスト2023,2023-10-14 04:00:00,2023,Other
AtCoder,ttpc2024_1,東京工業大学プログラミングコンテスト2024 (Div. 1),2024-12-15 04:00:00,2024,Other
AtCoder,ttpc2024_2,東京工業大学プログラミングコンテスト2024 (Div. 2),2024-12-15 04:00:00,2024,Other
AtCoder,tupc2022,東北大学プログラミングコンテスト 2022,2023-03-04 04:00:00,2023,Other
AtCoder,tupc2023,東北大学プログラミングコンテスト 2023,2024-03-09 04:00:00,2024,Other
AtCoder,tupc2024,東北大学プログラミングコンテスト 2024,2025-03-23 02:00:00,2025,Other
AtCoder,ukuku09,ウクーニャたんお誕生日コンテスト,2018-07-07 05:00:00,2018,Other
AtCoder,utpc2011,UTPC 2011,2011-05-14 03:00:00,2011,Other
AtCoder,utpc2012,東京大学プログラミングコンテスト2012,2012-12-02 04:00:00,2012,Other
AtCoder,utpc2013,東京大学プログラミングコンテスト2013,2014-03-02 04:00:00,2014,Other
AtCoder,utpc2014,東京大学プログラミングコンテスト2014,2015-03-29 04:00:00,2015,Other
AtCoder,utpc2020,UTPC 2020,2021-03-27 04:00:00,2021,Other
AtCoder,utpc2021,UTPC 2021,2022-03-27 04:00:00,2022,Other
AtCoder,utpc2022,UTPC 2022,2023-03-25 04:00:00,2023,Other
AtCoder,utpc2023,UTPC 2023,2024-03-17 04:00:00,2024,Other
AtCoder,utpc2024,UTPC 2024,2025-03-08 04:00:00,2025,Other
AtCoder,utpc2025,UTPC 2025,2026-02-14 04:00:00,2026,Other
AtCoder,waipc-qual,World Artificial Intelligence Programming Contest日本国内最終予選,2026-03-15 03:00:00,2026,Other
AtCoder,wn2017_1,Weathernews Programming Competition,2017-12-15 03:00:00,2017,Other
AtCoder,wtf19,World Tour Finals 2019,2019-02-21 02:00:00,2019,Other
AtCoder,wtf19-open,World Tour Finals 2019 Open Contest,2019-02-23 14:00:00,2019,Other
AtCoder,wtf22-day1,World Tour Finals 2022 Day1,2023-09-08 04:00:00,2023,Other
AtCoder,wtf22-day1-open,World Tour Finals 2022 Day1（Open Contest）,2023-09-08 04:00:00,2023,Other
AtCoder,wtf22-day2,World Tour Finals 2022 Day2,2023-09-09 04:00:00,2023,Other
AtCoder,wtf22-day2-open,World Tour Finals 2022 Day2（Open Contest）,2023-09-09 04:00:00,2023,Other
AtCoder,wupc2012,WUPC 2012,2012-06-02 05:00:00,2012,Other
AtCoder,wupc2012-closed,WUPC2012 (Closed),2012-06-02 05:00:00,2012,Other
AtCoder,wupc2019,早稲田大学プログラミングコンテスト2019,2019-03-10 04:00:00,2019,Other
AtCoder,wupc2nd,第2回早稲田大学プログラミングコンテスト ,2012-12-08 05:00:00,2012,Other
AtCoder,xmascon16,Xmas Contest 2016 夜の部,2016-12-24 10:00:00,2016,Other
AtCoder,xmascon16midnight,Xmas Contest 2016 深夜の部,2016-12-24 13:00:00,2016,Other
AtCoder,xmascon16noon,Xmas Contest 2016 昼の部,2016-12-24 05:00:00,2016,Other
AtCoder,xmascon17,Xmas Contest 2017,2017-12-24 08:00:00,2017,Other
AtCoder,xmascon18,Xmas Contest 2018,2018-12-24 08:00:00,2018,Other
AtCoder,xmascon19,Xmas Contest 2019,2019-12-24 10:00:00,2019,Other
AtCoder,xmascon20,Xmas Contest 2020,2020-12-24 10:00:00,2020,Other
AtCoder,xmascon21,Xmas Contest 2021,2021-12-24 09:00:00,2021,Other
AtCoder,xmascon22,Xmas Contest 2022,2022-12-24 05:00:00,2022,Other
AtCoder,xmascon23,Xmas Contest 2023,2023-12-24 10:00:00,2023,Other
AtCoder,xmascon24,Xmas Contest 2024,2024-12-24 10:00:00,2024,Other
AtCoder,xmascon25,Xmas Contest 2025,2025-12-24 10:00:00,2025,Other
AtCoder,xmascontest2015,Xmas Contest 2015 夜の部,2015-12-24 10:00:00,2015,Other
AtCoder,xmascontest2015noon,Xmas Contest 2015 昼の部,2015-12-24 05:00:00,2015,Other
AtCoder,yahoo-procon2017-final,「みんなのプロコン」本選,2017-03-25 05:20:00,2017,Other
AtCoder,yahoo-procon2017-final-open,「みんなのプロコン」本選 オープンコンテスト,2017-03-25 05:20:00,2017,Other
AtCoder,yahoo-procon2017-qual,「みんなのプロコン」,2017-03-05 12:00:00,2017,Other
AtCoder,yahoo-procon2018-final,「みんなのプロコン 2018」決勝,2018-02-24 04:15:00,2018,Other
AtCoder,yahoo-procon2018-final-open,「みんなのプロコン 2018」決勝 オープンコンテスト,2018-02-24 04:15:00,2018,Other
AtCoder,yahoo-procon2018-qual,「みんなのプロコン 2018」,2018-02-10 12:00:00,2018,Other
AtCoder,yahoo-procon2019-final,「みんなのプロコン 2019」決勝,2019-02-23 04:50:00,2019,Other
AtCoder,yahoo-procon2019-final-open,「みんなのプロコン 2019」決勝 オープンコンテスト,2019-02-23 04:50:00,2019,Other
AtCoder,yahoo-procon2019-qual,「みんなのプロコン 2019」,2019-02-09 12:00:00,2019,Other
AtCoder,yuha-c83,YUHA presents C83 新刊 『競技プログラミング The Boss Rush!!!』,2012-12-28 04:00:00,2012,Other
AtCoder,yuha-c88,YUHA presents C88 謎解き×競技プログラミング 『ある勇者の物語』,2015-08-02 04:00:00,2015,Other
AtCoder,zone2021,ZONeエナジー プログラミングコンテスト  “HELLO SPACE”,2021-05-01 12:00:00,2021,Other
