platform,problem_id,title,difficulty_raw,difficulty_band,accepted_count,submission_count,acceptance_rate,contest_id,irt_users,is_experimental
AtCoder,1202Contest_a,A. DEGwer's Doctoral Dissertation,,Unknown,,,,DEGwer2023,,
AtCoder,1202Contest_b,B. vs. DEGwer,,Unknown,,,,DEGwer2023,,
AtCoder,1202Contest_c,C. binarydigit,,Unknown,,,,DEGwer2023,,
AtCoder,1202Contest_d,D. Coincidence,,Unknown,,,,DEGwer2023,,
AtCoder,1202Contest_e,E. Half Palindromes,,Unknown,,,,DEGwer2023,,
AtCoder,1202Contest_f,F. K-Medians Clustering,,Unknown,,,,DEGwer2023,,
AtCoder,1202Contest_g,G. Net of Net,,Unknown,,,,DEGwer2023,,
AtCoder,1202Contest_h,H. Incomplete Notes,,Unknown,,,,DEGwer2023,,
AtCoder,1202Contest_i,I. Convex Dombination,,Unknown,,,,DEGwer2023,,
AtCoder,1202Contest_j,J. Hated Number,,Unknown,,,,DEGwer2023,,
AtCoder,1202Contest_k,K. ± Beam,,Unknown,,,,DEGwer2023,,
AtCoder,APG4bPython_a,A. 1.00.はじめに,,Unknown,,,,APG4bPython,,
AtCoder,APG4bPython_ak,AP1. 付録1.コードテストの使い方,,Unknown,,,,APG4bPython,,
AtCoder,APG4bPython_al,AP2. 付録2.提出結果の見方,,Unknown,,,,APG4bPython,,
AtCoder,APG4bPython_b,B. 1.01.出力とコメント,,Unknown,,,,APG4bPython,,
AtCoder,APG4bPython_c,C. 1.02.プログラムの書き方とエラー,,Unknown,,,,APG4bPython,,
AtCoder,APG4bPython_cj,EX13. 三人兄弟へのプレゼント,,Unknown,,,,APG4bPython,,
AtCoder,APG4bPython_ck,EX12. 最速のランナーを見つけよう,,Unknown,,,,APG4bPython,,
AtCoder,APG4bPython_cl,EX11. 足したり引いたり,,Unknown,,,,APG4bPython,,
AtCoder,APG4bPython_cm,EX10. 平均との差,,Unknown,,,,APG4bPython,,
AtCoder,APG4bPython_cn,EX9. 電卓をつくろう2,,Unknown,,,,APG4bPython,,
AtCoder,APG4bPython_co,EX8. たくさんのA足すB問題,,Unknown,,,,APG4bPython,,
AtCoder,APG4bPython_cp,EX7. bool値パズル,,Unknown,,,,APG4bPython,,
AtCoder,APG4bPython_cq,EX6. 電卓をつくろう,,Unknown,,,,APG4bPython,,
AtCoder,APG4bPython_cr,EX5. A足すB問題,,Unknown,,,,APG4bPython,,
AtCoder,APG4bPython_cs,EX4. ◯年は何秒？,,Unknown,,,,APG4bPython,,
AtCoder,APG4bPython_ct,EX3.  計算問題,,Unknown,,,,APG4bPython,,
AtCoder,APG4bPython_cu,EX2. エラーの修正,,Unknown,,,,APG4bPython,,
AtCoder,APG4bPython_cv,EX1. コードテストと出力の練習,,Unknown,,,,APG4bPython,,
AtCoder,APG4bPython_d,D. 1.03.四則演算と優先順位,,Unknown,,,,APG4bPython,,
AtCoder,APG4bPython_e,E. 1.04.変数と型,,Unknown,,,,APG4bPython,,
AtCoder,APG4bPython_f,F. 1.05.入力,,Unknown,,,,APG4bPython,,
AtCoder,APG4bPython_g,G. 1.06.if文・比較演算子・論理演算子,,Unknown,,,,APG4bPython,,
AtCoder,APG4bPython_h,H. 1.07.論理式の値とbool型,,Unknown,,,,APG4bPython,,
AtCoder,APG4bPython_i,I. 1.08.while文,,Unknown,,,,APG4bPython,,
AtCoder,APG4bPython_j,J. 1.09.for文・break・continue,,Unknown,,,,APG4bPython,,
AtCoder,APG4bPython_k,K. 1.10.リスト,,Unknown,,,,APG4bPython,,
AtCoder,APG4bPython_l,L. 1.11.文字列,,Unknown,,,,APG4bPython,,
AtCoder,APG4bPython_m,M. 1.12.組み込み関数,,Unknown,,,,APG4bPython,,
AtCoder,APG4bPython_n,N. 1.13.関数,,Unknown,,,,APG4bPython,,
AtCoder,APG4b_a,A. 1.00.はじめに,,Unknown,,,,APG4b,,
AtCoder,APG4b_aa,AA. 3.03.STLのコンテナ,,Unknown,,,,APG4b,,
AtCoder,APG4b_ab,AB. 3.04.構造体,,Unknown,,,,APG4b,,
AtCoder,APG4b_ac,AC. 3.05.ビット演算,,Unknown,,,,APG4b,,
AtCoder,APG4b_ad,AD. 3.06.その他の機能,,Unknown,,,,APG4b,,
AtCoder,APG4b_ae,AE. 4.00.第4章について,,Unknown,,,,APG4b,,
AtCoder,APG4b_af,AF. 4.01.includeディレクティブ,,Unknown,,,,APG4b,,
AtCoder,APG4b_ag,AG. 4.02.名前空間,,Unknown,,,,APG4b,,
AtCoder,APG4b_ah,AH. 4.03.テンプレート,,Unknown,,,,APG4b,,
AtCoder,APG4b_ai,AI. 4.04.イテレータ,,Unknown,,,,APG4b,,
AtCoder,APG4b_aj,AJ. 4.05.ポインタ,,Unknown,,,,APG4b,,
AtCoder,APG4b_ak,AP1. 付録1.コードテストの使い方,,Unknown,,,,APG4b,,
AtCoder,APG4b_al,AP2. 付録2.提出結果の見方,,Unknown,,,,APG4b,,
AtCoder,APG4b_am,AP3. 付録3.コンパイルエラー集,,Unknown,,,,APG4b,,
AtCoder,APG4b_an,AP4. 付録4.ループの裏技repマクロ,,Unknown,,,,APG4b,,
AtCoder,APG4b_b,B. 1.01.出力とコメント,,Unknown,,,,APG4b,,
AtCoder,APG4b_bw,EX26. 3.06,,Unknown,,,,APG4b,,
AtCoder,APG4b_bx,EX25. 3.05,,Unknown,,,,APG4b,,
AtCoder,APG4b_by,EX24. 3.04,,Unknown,,,,APG4b,,
AtCoder,APG4b_bz,EX23. 3.03,,Unknown,,,,APG4b,,
AtCoder,APG4b_c,C. 1.02.プログラムの書き方とエラー,,Unknown,,,,APG4b,,
AtCoder,APG4b_ca,EX22. 3.02,,Unknown,,,,APG4b,,
AtCoder,APG4b_cb,EX21. 2.06,,Unknown,,,,APG4b,,
AtCoder,APG4b_cc,EX20. 2.05,,Unknown,,,,APG4b,,
AtCoder,APG4b_cd,EX19. 2.04,,Unknown,,,,APG4b,,
AtCoder,APG4b_ce,EX18. 2.03,,Unknown,,,,APG4b,,
AtCoder,APG4b_cf,EX17. 2.02,,Unknown,,,,APG4b,,
AtCoder,APG4b_cg,EX16. 2.01,,Unknown,,,,APG4b,,
AtCoder,APG4b_ch,EX15. 1.15,,Unknown,,,,APG4b,,
AtCoder,APG4b_ci,EX14. 1.14,,Unknown,,,,APG4b,,
AtCoder,APG4b_cj,EX13. 1.13,,Unknown,,,,APG4b,,
AtCoder,APG4b_ck,EX12. 1.12,,Unknown,,,,APG4b,,
AtCoder,APG4b_cl,EX11. 1.11,,Unknown,,,,APG4b,,
AtCoder,APG4b_cm,EX10. 1.10,,Unknown,,,,APG4b,,
AtCoder,APG4b_cn,EX9. 1.09,,Unknown,,,,APG4b,,
AtCoder,APG4b_co,EX8. 1.08,,Unknown,,,,APG4b,,
AtCoder,APG4b_cp,EX7. 1.07,,Unknown,,,,APG4b,,
AtCoder,APG4b_cq,EX6. 1.06,,Unknown,,,,APG4b,,
AtCoder,APG4b_cr,EX5. 1.05,,Unknown,,,,APG4b,,
AtCoder,APG4b_cs,EX4. 1.04,,Unknown,,,,APG4b,,
AtCoder,APG4b_ct,EX3. 1.03,,Unknown,,,,APG4b,,
AtCoder,APG4b_cu,EX2. 1.02,,Unknown,,,,APG4b,,
AtCoder,APG4b_cv,EX1. 1.01,,Unknown,,,,APG4b,,
AtCoder,APG4b_d,D. 1.03.四則演算と優先順位,,Unknown,,,,APG4b,,
AtCoder,APG4b_e,E. 1.04.変数と型,,Unknown,,,,APG4b,,
AtCoder,APG4b_f,F. 1.05.実行順序と入力,,Unknown,,,,APG4b,,
AtCoder,APG4b_g,G. 1.06.if文・比較演算子・論理演算子,,Unknown,,,,APG4b,,
AtCoder,APG4b_h,H. 1.07.条件式の結果とbool型,,Unknown,,,,APG4b,,
AtCoder,APG4b_i,I. 1.08.変数のスコープ,,Unknown,,,,APG4b,,
AtCoder,APG4b_j,J. 1.09.複合代入演算子,,Unknown,,,,APG4b,,
AtCoder,APG4b_k,K. 1.10.while文,,Unknown,,,,APG4b,,
AtCoder,APG4b_l,L. 1.11.for文・break・continue,,Unknown,,,,APG4b,,
AtCoder,APG4b_m,M. 1.12.文字列と文字,,Unknown,,,,APG4b,,
AtCoder,APG4b_n,N. 1.13.配列,,Unknown,,,,APG4b,,
AtCoder,APG4b_o,O. 1.14.STLの関数,,Unknown,,,,APG4b,,
AtCoder,APG4b_p,P. 1.15.関数,,Unknown,,,,APG4b,,
AtCoder,APG4b_q,Q. 2.00.第2章について,,Unknown,,,,APG4b,,
AtCoder,APG4b_r,R. 2.01.ループの書き方と範囲for文,,Unknown,,,,APG4b,,
AtCoder,APG4b_s,S. 2.02.多重ループ,,Unknown,,,,APG4b,,
AtCoder,APG4b_t,T. 2.03.多次元配列,,Unknown,,,,APG4b,,
AtCoder,APG4b_u,U. 2.04.参照,,Unknown,,,,APG4b,,
AtCoder,APG4b_v,V. 2.05.再帰関数,,Unknown,,,,APG4b,,
AtCoder,APG4b_w,W. 2.06.計算量,,Unknown,,,,APG4b,,
AtCoder,APG4b_x,X. 3.00.第3章について,,Unknown,,,,APG4b,,
AtCoder,APG4b_y,Y. 3.01.数値型,,Unknown,,,,APG4b,,
AtCoder,APG4b_z,Z. 3.02.pair／tupleとauto,,Unknown,,,,APG4b,,
AtCoder,KeioPC2025_a,A. I Love MST Problem,,Unknown,,,,KeioPC2025,,
AtCoder,KeioPC2025_b,B. Cumulative Sum Minimization,,Unknown,,,,KeioPC2025,,
AtCoder,KeioPC2025_c,C. Addictive Addition,,Unknown,,,,KeioPC2025,,
AtCoder,KeioPC2025_d,D. Can I Press Them All?,,Unknown,,,,KeioPC2025,,
AtCoder,KeioPC2025_e,E. Reversed Number Sum,,Unknown,,,,KeioPC2025,,
AtCoder,KeioPC2025_f,F. Dislike 321,,Unknown,,,,KeioPC2025,,
AtCoder,KeioPC2025_g,G. Treasure Collection,,Unknown,,,,KeioPC2025,,
AtCoder,KeioPC2025_h,H. Takosan Takusan,,Unknown,,,,KeioPC2025,,
AtCoder,KeioPC2025_i,I. Odd Even Partition,,Unknown,,,,KeioPC2025,,
AtCoder,KeioPC2025_j,J. Moving Pieces on Namori,,Unknown,,,,KeioPC2025,,
AtCoder,KeioPC2025_k,K. Loaded Dice,,Unknown,,,,KeioPC2025,,
AtCoder,KeioPC2025_l,L. Many Max Streak Problems,,Unknown,,,,KeioPC2025,,
AtCoder,KeioPC2025_m,M. Popcount MST,,Unknown,,,,KeioPC2025,,
AtCoder,KeioPC2025_n,N. Times Table Sum,,Unknown,,,,KeioPC2025,,
AtCoder,KeioPC2025_o,O. Three Constraints,,Unknown,,,,KeioPC2025,,
AtCoder,KeioPC2025_p,P. Making Arithmetic Progression,,Unknown,,,,KeioPC2025,,
AtCoder,KeioPC2025_q,Q. Colorful Wristbands,,Unknown,,,,KeioPC2025,,
AtCoder,KeioPC2025_r,R. Many Strings,,Unknown,,,,KeioPC2025,,
AtCoder,abc001_1,A. 積雪深差,-305.0,Easy,,,,abc001,222.0,True
AtCoder,abc001_2,B. 視程の通報,520.0,Easy,,,,abc001,222.0,True
AtCoder,abc001_3,C. 風力観測,1189.0,Medium,,,,abc001,222.0,True
AtCoder,abc001_4,D. 感雨時刻の整理,1565.0,Medium,,,,abc001,222.0,True
AtCoder,abc002_1,A. 正直者,124.0,Easy,,,,abc002,218.0,True
AtCoder,abc002_2,B. 罠,298.0,Easy,,,,abc002,218.0,True
AtCoder,abc002_3,C. 直訴,623.0,Easy,,,,abc002,218.0,True
AtCoder,abc002_4,D. 派閥,1418.0,Medium,,,,abc002,218.0,True
AtCoder,abc003_1,A. AtCoder社の給料,-613.0,Easy,,,,abc003,156.0,True
AtCoder,abc003_2,B. AtCoderトランプ,668.0,Easy,,,,abc003,156.0,True
AtCoder,abc003_3,C. AtCoderプログラミング講座,824.0,Medium,,,,abc003,156.0,True
AtCoder,abc003_4,D. AtCoder社の冬,2033.0,Hard,,,,abc003,156.0,True
AtCoder,abc004_1,A. 流行,-406.0,Easy,,,,abc004,218.0,True
AtCoder,abc004_2,B. 回転,367.0,Easy,,,,abc004,218.0,True
AtCoder,abc004_3,C. 入れ替え,685.0,Easy,,,,abc004,218.0,True
AtCoder,abc004_4,D. マーブル,1861.0,Medium,,,,abc004,218.0,True
AtCoder,abc005_1,A. おいしいたこ焼きの作り方,-231.0,Easy,,,,abc005,201.0,True
AtCoder,abc005_2,B. おいしいたこ焼きの食べ方,125.0,Easy,,,,abc005,201.0,True
AtCoder,abc005_3,C. おいしいたこ焼きの売り方,840.0,Medium,,,,abc005,201.0,True
AtCoder,abc005_4,D. おいしいたこ焼きの焼き方,1447.0,Medium,,,,abc005,201.0,True
AtCoder,abc006_1,A. 世界のFizzBuzz,-542.0,Easy,,,,abc006,268.0,True
AtCoder,abc006_2,B. トリボナッチ数列,813.0,Medium,,,,abc006,268.0,True
AtCoder,abc006_3,C. スフィンクスのなぞなぞ,1158.0,Medium,,,,abc006,268.0,True
AtCoder,abc006_4,D. トランプ挿入ソート,1696.0,Medium,,,,abc006,268.0,True
AtCoder,abc007_1,A. 植木算,-837.0,Easy,,,,abc007,244.0,True
AtCoder,abc007_2,B. 辞書式順序,195.0,Easy,,,,abc007,244.0,True
AtCoder,abc007_3,A. 幅優先探索,1024.0,Medium,,,,atc002,244.0,True
AtCoder,abc007_4,D. 禁止された数字,1718.0,Medium,,,,abc007,244.0,True
AtCoder,abc008_1,A. アルバム,-386.0,Easy,,,,abc008,288.0,True
AtCoder,abc008_2,B. 投票,601.0,Easy,,,,abc008,288.0,True
AtCoder,abc008_3,C. コイン,1836.0,Medium,,,,abc008,288.0,True
AtCoder,abc008_4,D. 金塊ゲーム,2203.0,Hard,,,,abc008,288.0,True
AtCoder,abc009_1,A. 引越し作業,-108.0,Easy,,,,abc009,282.0,True
AtCoder,abc009_2,B. 心配性な富豪、ファミリーレストランに行く。,361.0,Easy,,,,abc009,282.0,True
AtCoder,abc009_3,C. 辞書式順序ふたたび,1915.0,Medium,,,,abc009,282.0,True
AtCoder,abc009_4,D. 漸化式,2213.0,Hard,,,,abc009,282.0,True
AtCoder,abc010_1,A. ハンドルネーム,-262.0,Easy,,,,abc010,243.0,True
AtCoder,abc010_2,B. 花占い,229.0,Easy,,,,abc010,243.0,True
AtCoder,abc010_3,C. 浮気調査,615.0,Easy,,,,abc010,243.0,True
AtCoder,abc010_4,D. 浮気予防,1777.0,Medium,,,,abc010,243.0,True
AtCoder,abc011_1,A. 来月は何月？,-61.0,Easy,,,,abc011,314.0,True
AtCoder,abc011_2,B. 名前の確認,172.0,Easy,,,,abc011,314.0,True
AtCoder,abc011_3,C. 123引き算,810.0,Medium,,,,abc011,314.0,True
AtCoder,abc011_4,D. 大ジャンプ,1843.0,Medium,,,,abc011,314.0,True
AtCoder,abc012_1,A. スワップ,-48.0,Easy,,,,abc012,300.0,True
AtCoder,abc012_2,B. 入浴時間,245.0,Easy,,,,abc012,300.0,True
AtCoder,abc012_3,C. 九九足し算,284.0,Easy,,,,abc012,300.0,True
AtCoder,abc012_4,D. バスと避けられない運命,1166.0,Medium,,,,abc012,300.0,True
AtCoder,abc013_1,A. A,-191.0,Easy,,,,abc013,259.0,True
AtCoder,abc013_2,B. 錠,276.0,Easy,,,,abc013,259.0,True
AtCoder,abc013_3,C. 節制,1692.0,Medium,,,,abc013,259.0,True
AtCoder,abc013_4,D. 阿弥陀,1730.0,Medium,,,,abc013,259.0,True
AtCoder,abc014_1,A. けんしょう先生のお菓子配り,23.0,Easy,,,,abc014,229.0,True
AtCoder,abc014_2,B. 価格の合計,604.0,Easy,,,,abc014,229.0,True
AtCoder,abc014_3,C. AtColor,1276.0,Medium,,,,abc014,229.0,True
AtCoder,abc014_4,D. 閉路,1856.0,Medium,,,,abc014,229.0,True
AtCoder,abc015_1,A. 高橋くんの研修,-177.0,Easy,,,,abc015,290.0,True
AtCoder,abc015_2,B. 高橋くんの集計,123.0,Easy,,,,abc015,290.0,True
AtCoder,abc015_3,C. 高橋くんのバグ探し,912.0,Medium,,,,abc015,290.0,True
AtCoder,abc015_4,D. 高橋くんの苦悩,1388.0,Medium,,,,abc015,290.0,True
AtCoder,abc016_1,A. 12月6日,-138.0,Easy,,,,abc016,358.0,True
AtCoder,abc016_2,B. A±B Problem,-57.0,Easy,,,,abc016,358.0,True
AtCoder,abc016_3,C. 友達の友達,830.0,Medium,,,,abc016,358.0,True
AtCoder,abc016_4,D. 一刀両断,1305.0,Medium,,,,abc016,358.0,True
AtCoder,abc017_1,A. プロコン,-20.0,Easy,,,,abc017,289.0,True
AtCoder,abc017_2,B. choku語,547.0,Easy,,,,abc017,289.0,True
AtCoder,abc017_3,C. ハイスコア,1607.0,Medium,,,,abc017,289.0,True
AtCoder,abc017_4,D. サプリメント,1956.0,Medium,,,,abc017,289.0,True
AtCoder,abc018_1,A. 豆まき,157.0,Easy,,,,abc018,288.0,True
AtCoder,abc018_2,B. 文字列の反転,469.0,Easy,,,,abc018,288.0,True
AtCoder,abc018_3,C. 菱型カウント,1553.0,Medium,,,,abc018,288.0,True
AtCoder,abc018_4,D. バレンタインデー,1711.0,Medium,,,,abc018,288.0,True
AtCoder,abc019_1,A. 高橋くんと年齢,-22.0,Easy,,,,abc019,281.0,True
AtCoder,abc019_2,B. 高橋くんと文字列圧縮,534.0,Easy,,,,abc019,281.0,True
AtCoder,abc019_3,C. 高橋くんと魔法の箱,1129.0,Medium,,,,abc019,281.0,True
AtCoder,abc019_4,D. 高橋くんと木の直径,1378.0,Medium,,,,abc019,281.0,True
AtCoder,abc020_a,A. クイズ,-73.0,Easy,,,,abc020,252.0,True
AtCoder,abc020_b,B. 足し算,160.0,Easy,,,,abc020,252.0,True
AtCoder,abc020_c,C. 壁抜け,1477.0,Medium,,,,abc020,252.0,True
AtCoder,abc020_d,D. LCM Rush,2695.0,Hard,,,,abc020,252.0,True
AtCoder,abc021_a,A. 足し算,-256.0,Easy,,,,abc021,285.0,True
AtCoder,abc021_b,B. 嘘つきの高橋くん,391.0,Easy,,,,abc021,285.0,True
AtCoder,abc021_c,C. 正直者の高橋くん,1324.0,Medium,,,,abc021,285.0,True
AtCoder,abc021_d,D. 多重ループ,1704.0,Medium,,,,abc021,285.0,True
AtCoder,abc022_a,A. Best Body,373.0,Easy,,,,abc022,268.0,True
AtCoder,abc022_b,B. Bumble Bee,621.0,Easy,,,,abc022,268.0,True
AtCoder,abc022_c,C. Blue Bird,1505.0,Medium,,,,abc022,268.0,True
AtCoder,abc022_d,D. Big Bang,1857.0,Medium,,,,abc022,268.0,True
AtCoder,abc023_a,A. 加算王,-410.0,Easy,,,,abc023,307.0,True
AtCoder,abc023_b,B. 手芸王,570.0,Easy,,,,abc023,307.0,True
AtCoder,abc023_c,C. 収集王,1752.0,Medium,,,,abc023,307.0,True
AtCoder,abc023_d,D. 射撃王,1843.0,Medium,,,,abc023,307.0,True
AtCoder,abc024_a,A. 動物園,-5.0,Easy,,,,abc024,329.0,True
AtCoder,abc024_b,B. 自動ドア,365.0,Easy,,,,abc024,329.0,True
AtCoder,abc024_c,C. 民族大移動,1007.0,Medium,,,,abc024,329.0,True
AtCoder,abc024_d,D. 動的計画法,2050.0,Hard,,,,abc024,329.0,True
AtCoder,abc025_a,A. 25個の文字列,-15.0,Easy,,,,abc025,300.0,True
AtCoder,abc025_b,B. 双子とスイカ割り,358.0,Easy,,,,abc025,300.0,True
AtCoder,abc025_c,C. 双子と○×ゲーム,1640.0,Medium,,,,abc025,300.0,True
AtCoder,abc025_d,D. 25個の整数,3006.0,Hard,,,,abc025,300.0,True
AtCoder,abc026_a,A. 掛け算の最大値,-291.0,Easy,,,,abc026,367.0,True
AtCoder,abc026_b,B. N重丸,199.0,Easy,,,,abc026,367.0,True
AtCoder,abc026_c,C. 高橋君の給料,820.0,Medium,,,,abc026,367.0,True
AtCoder,abc026_d,D. 高橋君ボール1号,1406.0,Medium,,,,abc026,367.0,True
AtCoder,abc027_a,A. 長方形,96.0,Easy,,,,abc027,261.0,True
AtCoder,abc027_b,B. 島と橋,855.0,Medium,,,,abc027,261.0,True
AtCoder,abc027_c,C. 倍々ゲーム,1539.0,Medium,,,,abc027,261.0,True
AtCoder,abc027_d,D. ロボット,2088.0,Hard,,,,abc027,261.0,True
AtCoder,abc028_a,A. テスト評価,-139.0,Easy,,,,abc028,338.0,True
AtCoder,abc028_b,B. 文字数カウント,181.0,Easy,,,,abc028,338.0,True
AtCoder,abc028_c,C. 数を3つ選ぶマン,466.0,Easy,,,,abc028,338.0,True
AtCoder,abc028_d,D. 乱数生成,920.0,Medium,,,,abc028,338.0,True
AtCoder,abc029_a,A. 複数形,-473.0,Easy,,,,abc029,376.0,True
AtCoder,abc029_b,B. カキ,-75.0,Easy,,,,abc029,376.0,True
AtCoder,abc029_c,C. Brute-force Attack,584.0,Easy,,,,abc029,376.0,True
AtCoder,abc029_d,D. 1,1393.0,Medium,,,,abc029,376.0,True
AtCoder,abc030_a,A. 勝率計算,-39.0,Easy,,,,abc030,350.0,True
AtCoder,abc030_b,B. 時計盤,698.0,Easy,,,,abc030,350.0,True
AtCoder,abc030_c,C. 飛行機乗り,1000.0,Medium,,,,abc030,350.0,True
AtCoder,abc030_d,D. へんてこ辞書,1586.0,Medium,,,,abc030,350.0,True
AtCoder,abc031_a,A. ゲーム,-209.0,Easy,,,,abc031,342.0,True
AtCoder,abc031_b,B. 運動管理,192.0,Easy,,,,abc031,342.0,True
AtCoder,abc031_c,C. 数列ゲーム,1106.0,Medium,,,,abc031,342.0,True
AtCoder,abc031_d,D. 語呂合わせ,1688.0,Medium,,,,abc031,342.0,True
AtCoder,abc032_a,A. 高橋君と青木君の好きな数,171.0,Easy,,,,abc032,296.0,True
AtCoder,abc032_b,B. 高橋君とパスワード,672.0,Easy,,,,abc032,296.0,True
AtCoder,abc032_c,C. 列,1244.0,Medium,,,,abc032,296.0,True
AtCoder,abc032_d,D. ナップサック問題,1731.0,Medium,,,,abc032,296.0,True
AtCoder,abc033_a,A. 暗証番号,-326.0,Easy,,,,abc033,348.0,True
AtCoder,abc033_b,B. 町の合併,279.0,Easy,,,,abc033,348.0,True
AtCoder,abc033_c,C. 数式の書き換え,755.0,Easy,,,,abc033,348.0,True
AtCoder,abc033_d,D. 三角形の分類,2248.0,Hard,,,,abc033,348.0,True
AtCoder,abc034_a,A. テスト,-227.0,Easy,,,,abc034,339.0,True
AtCoder,abc034_b,B. ペア,-65.0,Easy,,,,abc034,339.0,True
AtCoder,abc034_c,C. 経路,1440.0,Medium,,,,abc034,339.0,True
AtCoder,abc034_d,D. 食塩水,1549.0,Medium,,,,abc034,339.0,True
AtCoder,abc035_a,A. テレビ,59.0,Easy,,,,abc035,380.0,True
AtCoder,abc035_b,B. ドローン,804.0,Medium,,,,abc035,380.0,True
AtCoder,abc035_c,C. オセロ,1096.0,Medium,,,,abc035,380.0,True
AtCoder,abc035_d,D. トレジャーハント,1591.0,Medium,,,,abc035,380.0,True
AtCoder,abc036_a,A. お茶,-374.0,Easy,,,,abc036,429.0,True
AtCoder,abc036_b,B. 回転,324.0,Easy,,,,abc036,429.0,True
AtCoder,abc036_c,C. 座圧,956.0,Medium,,,,abc036,429.0,True
AtCoder,abc036_d,D. 塗り絵,1602.0,Medium,,,,abc036,429.0,True
AtCoder,abc037_a,A. 饅頭,-225.0,Easy,,,,abc037,506.0,True
AtCoder,abc037_b,B. 編集,192.0,Easy,,,,abc037,506.0,True
AtCoder,abc037_c,C. 総和,915.0,Medium,,,,abc037,506.0,True
AtCoder,abc037_d,D. 経路,1377.0,Medium,,,,abc037,506.0,True
AtCoder,abc038_a,A. お茶,-145.0,Easy,,,,abc038,531.0,True
AtCoder,abc038_b,B. ディスプレイ,-31.0,Easy,,,,abc038,531.0,True
AtCoder,abc038_c,C. 単調増加,894.0,Medium,,,,abc038,531.0,True
AtCoder,abc038_d,D. プレゼント,1804.0,Medium,,,,abc038,531.0,True
AtCoder,abc039_a,A. 高橋直体,-358.0,Easy,,,,abc039,529.0,True
AtCoder,abc039_b,B. エージェント高橋君,-54.0,Easy,,,,abc039,529.0,True
AtCoder,abc039_c,C. ピアニスト高橋君,524.0,Easy,,,,abc039,529.0,True
AtCoder,abc039_d,D. 画像処理高橋君,1039.0,Medium,,,,abc039,529.0,True
AtCoder,abc040_a,A. 赤赤赤赤青,-186.0,Easy,,,,abc040,540.0,True
AtCoder,abc040_b,B. □□□□□,640.0,Easy,,,,abc040,540.0,True
AtCoder,abc040_c,C. 柱柱柱柱柱,896.0,Medium,,,,abc040,540.0,True
AtCoder,abc040_d,D. 道路の老朽化対策について,1656.0,Medium,,,,abc040,540.0,True
AtCoder,abc041_a,A. 添字,-238.0,Easy,,,,abc041,517.0,True
AtCoder,abc041_b,B. 直方体,385.0,Easy,,,,abc041,517.0,True
AtCoder,abc041_c,C. 背の順,629.0,Easy,,,,abc041,517.0,True
AtCoder,abc041_d,D. 徒競走,1670.0,Medium,,,,abc041,517.0,True
AtCoder,abc042_a,A. Iroha and Haiku (ABC Edition),-201.0,Easy,,,,abc042,236.0,False
AtCoder,abc042_b,B. Iroha Loves Strings (ABC Edition),616.0,Easy,,,,abc042,236.0,False
AtCoder,abc043_a,A. Children and Candies (ABC Edit),-272.0,Easy,,,,abc043,201.0,False
AtCoder,abc043_b,B. Unhappy Hacking (ABC Edit),512.0,Easy,,,,abc043,201.0,False
AtCoder,abc044_a,A. Tak and Hotels (ABC Edit),-334.0,Easy,,,,abc044,216.0,False
AtCoder,abc044_b,B. Beautiful Strings,243.0,Easy,,,,abc044,216.0,False
AtCoder,abc045_a,A. Trapezoids,-687.0,Easy,,,,abc045,255.0,False
AtCoder,abc045_b,B. Card Game for Three (ABC Edit),635.0,Easy,,,,abc045,255.0,False
AtCoder,abc046_a,A. AtCoDeer and Paint Cans,-112.0,Easy,,,,abc046,254.0,False
AtCoder,abc046_b,B. Painting Balls with AtCoDeer,633.0,Easy,,,,abc046,254.0,False
AtCoder,abc047_a,A. Fighting over Candies,-115.0,Easy,,,,abc047,252.0,False
AtCoder,abc047_b,B. Snuke's Coloring 2 (ABC Edit),726.0,Easy,,,,abc047,252.0,False
AtCoder,abc048_a,A. AtCoder *** Contest,-401.0,Easy,,,,abc048,207.0,False
AtCoder,abc048_b,B. Between a and b ...,861.0,Medium,,,,abc048,207.0,False
AtCoder,abc049_a,A. UOIAUAI,,Unknown,,,,abc049,,False
AtCoder,abc049_b,B. Thin,219.0,Easy,,,,abc049,198.0,False
AtCoder,abc050_a,A. Addition and Subtraction Easy,-284.0,Easy,,,,abc050,187.0,False
AtCoder,abc050_b,B. Contest with Drinks Easy,187.0,Easy,,,,abc050,187.0,False
AtCoder,abc051_a,A. Haiku,-359.0,Easy,,,,abc051,307.0,False
AtCoder,abc051_b,B. Sum of Three Integers,784.0,Easy,,,,abc051,307.0,False
AtCoder,abc051_c,C. Back and Forth,968.0,Medium,,,,abc051,497.0,False
AtCoder,abc051_d,D. Candidates of No Shortest Paths,1566.0,Medium,,,,abc051,497.0,False
AtCoder,abc052_a,A. Two Rectangles,-600.0,Easy,,,,abc052,234.0,False
AtCoder,abc052_b,B. Increment Decrement,24.0,Easy,,,,abc052,234.0,False
AtCoder,abc053_a,A. ABC/ARC,-510.0,Easy,,,,abc053,248.0,False
AtCoder,abc053_b,B. A to Z String,44.0,Easy,,,,abc053,248.0,False
AtCoder,abc054_a,A. One Card Poker,-141.0,Easy,,,,abc054,394.0,False
AtCoder,abc054_b,B. Template Matching,893.0,Medium,,,,abc054,394.0,False
AtCoder,abc054_c,C. One-stroke Path,1244.0,Medium,,,,abc054,606.0,False
AtCoder,abc054_d,D. Mixing Experiment,1655.0,Medium,,,,abc054,606.0,False
AtCoder,abc055_a,A. Restaurant,-736.0,Easy,,,,abc055,295.0,False
AtCoder,abc055_b,B. Training Camp,326.0,Easy,,,,abc055,295.0,False
AtCoder,abc056_a,A. HonestOrDishonest,-372.0,Easy,,,,abc056,259.0,False
AtCoder,abc056_b,B. NarrowRectanglesEasy,-92.0,Easy,,,,abc056,259.0,False
AtCoder,abc057_a,A. Remaining Time,-777.0,Easy,,,,abc057,372.0,False
AtCoder,abc057_b,B. Checkpoints,434.0,Easy,,,,abc057,372.0,False
AtCoder,abc057_c,C. Digits in Multiplication,904.0,Medium,,,,abc057,569.0,False
AtCoder,abc057_d,D. Maximum Average Sets,1658.0,Medium,,,,abc057,569.0,False
AtCoder,abc058_a,A. ι⊥l,-473.0,Easy,,,,abc058,321.0,False
AtCoder,abc058_b,B. ∵∴∵,155.0,Easy,,,,abc058,321.0,False
AtCoder,abc059_a,A. Three-letter acronym,-257.0,Easy,,,,abc059,337.0,False
AtCoder,abc059_b,B. Comparison,158.0,Easy,,,,abc059,337.0,False
AtCoder,abc060_a,A. Shiritori,-376.0,Easy,,,,abc060,330.0,False
AtCoder,abc060_b,B. Choose Integers,503.0,Easy,,,,abc060,330.0,False
AtCoder,abc061_a,A. Between Two Integers,-229.0,Easy,,,,abc061,525.0,False
AtCoder,abc061_b,B. Counting Roads,108.0,Easy,,,,abc061,525.0,False
AtCoder,abc061_c,C. Big Array,808.0,Medium,,,,abc061,738.0,False
AtCoder,abc061_d,D. Score Attack,1838.0,Medium,,,,abc061,738.0,False
AtCoder,abc062_a,A. Grouping,-257.0,Easy,,,,abc062,428.0,False
AtCoder,abc062_b,B. Picture Frame,99.0,Easy,,,,abc062,428.0,False
AtCoder,abc063_a,A. Restricted,-762.0,Easy,,,,abc063,443.0,False
AtCoder,abc063_b,B. Varied,-140.0,Easy,,,,abc063,443.0,False
AtCoder,abc064_a,A. RGB Cards,-482.0,Easy,,,,abc064,711.0,False
AtCoder,abc064_b,B. Traveling AtCoDeer Problem,-155.0,Easy,,,,abc064,711.0,False
AtCoder,abc064_c,C. Colorful Leaderboard,559.0,Easy,,,,abc064,971.0,False
AtCoder,abc064_d,D. Insertion,969.0,Medium,,,,abc064,971.0,False
AtCoder,abc065_a,A. Expired?,-4.0,Easy,,,,abc065,470.0,False
AtCoder,abc065_b,B. Trained?,459.0,Easy,,,,abc065,470.0,False
AtCoder,abc066_a,A. ringring,-405.0,Easy,,,,abc066,495.0,False
AtCoder,abc066_b,B. ss,384.0,Easy,,,,abc066,495.0,False
AtCoder,abc067_a,A. Sharing Cookies,-339.0,Easy,,,,abc067,518.0,False
AtCoder,abc067_b,B. Snake Toy,-158.0,Easy,,,,abc067,518.0,False
AtCoder,abc068_a,A. ABCxxx,-838.0,Easy,,,,abc068,526.0,False
AtCoder,abc068_b,B. Break Number,-118.0,Easy,,,,abc068,526.0,False
AtCoder,abc069_a,A. K-City,-470.0,Easy,,,,abc069,486.0,False
AtCoder,abc069_b,B. i18n,-317.0,Easy,,,,abc069,486.0,False
AtCoder,abc070_a,A. Palindromic Number,-646.0,Easy,,,,abc070,660.0,False
AtCoder,abc070_b,B. Two Switches,-93.0,Easy,,,,abc070,660.0,False
AtCoder,abc070_c,C. Multiple Clocks,697.0,Easy,,,,abc070,916.0,False
AtCoder,abc070_d,D. Transit Tree Path,1182.0,Medium,,,,abc070,916.0,False
AtCoder,abc071_a,A. Meal Delivery,-610.0,Easy,,,,abc071,532.0,False
AtCoder,abc071_b,B. Not Found,115.0,Easy,,,,abc071,532.0,False
AtCoder,abc072_a,A. Sandglass2,-654.0,Easy,,,,abc072,489.0,False
AtCoder,abc072_b,B. OddString,-297.0,Easy,,,,abc072,489.0,False
AtCoder,abc073_a,A. September 9,-458.0,Easy,,,,abc073,770.0,False
AtCoder,abc073_b,B. Theater,-179.0,Easy,,,,abc073,770.0,False
AtCoder,abc073_c,C. Write and Erase,454.0,Easy,,,,abc073,1051.0,False
AtCoder,abc073_d,D. joisino's travel,1345.0,Medium,,,,abc073,1051.0,False
AtCoder,abc074_a,A. Bichrome Cells,-1025.0,Easy,,,,abc074,557.0,False
AtCoder,abc074_b,B. Collecting Balls (Easy Version),32.0,Easy,,,,abc074,557.0,False
AtCoder,abc075_a,A. One out of Three,-506.0,Easy,,,,abc075,655.0,False
AtCoder,abc075_b,B. Minesweeper,368.0,Easy,,,,abc075,655.0,False
AtCoder,abc075_c,C. Bridge,1067.0,Medium,,,,abc075,927.0,False
AtCoder,abc075_d,D. Axis-Parallel Rectangle,1470.0,Medium,,,,abc075,927.0,False
AtCoder,abc076_a,A. Rating Goal,-452.0,Easy,,,,abc076,685.0,False
AtCoder,abc076_b,B. Addition and Multiplication,-137.0,Easy,,,,abc076,685.0,False
AtCoder,abc076_c,C. Dubious Document 2,846.0,Medium,,,,abc076,959.0,False
AtCoder,abc076_d,D. AtCoder Express,1884.0,Medium,,,,abc076,959.0,False
AtCoder,abc077_a,A. Rotation,-228.0,Easy,,,,abc077,580.0,False
AtCoder,abc077_b,B. Around Square,-117.0,Easy,,,,abc077,580.0,False
AtCoder,abc078_a,A. HEX,-528.0,Easy,,,,abc078,635.0,False
AtCoder,abc078_b,B. ISU,-334.0,Easy,,,,abc078,635.0,False
AtCoder,abc079_a,A. Good Integer,-145.0,Easy,,,,abc079,828.0,False
AtCoder,abc079_b,B. Lucas Number,50.0,Easy,,,,abc079,828.0,False
AtCoder,abc079_c,C. Train Ticket,331.0,Easy,,,,abc079,1096.0,False
AtCoder,abc079_d,D. Wall,949.0,Medium,,,,abc079,1096.0,False
AtCoder,abc080_a,A. Parking,-824.0,Easy,,,,abc080,621.0,False
AtCoder,abc080_b,B. Harshad Number,-205.0,Easy,,,,abc080,621.0,False
AtCoder,abc080_c,C. Shopping Street,1130.0,Medium,,,,abc080,830.0,False
AtCoder,abc080_d,D. Recording,1383.0,Medium,,,,abc080,830.0,False
AtCoder,abc081_a,A. Placing Marbles,-418.0,Easy,,,,abc081,490.0,False
AtCoder,abc081_b,B. Shift only,-12.0,Easy,,,,abc081,490.0,False
AtCoder,abc082_a,A. Round Up the Mean,-413.0,Easy,,,,abc082,521.0,False
AtCoder,abc082_b,B. Two Anagrams,497.0,Easy,,,,abc082,521.0,False
AtCoder,abc083_a,A. Libra,-984.0,Easy,,,,abc083,553.0,False
AtCoder,abc083_b,B. Some Sums,62.0,Easy,,,,abc083,553.0,False
AtCoder,abc084_a,A. New Year,-968.0,Easy,,,,abc084,684.0,False
AtCoder,abc084_b,B. Postal Code,-6.0,Easy,,,,abc084,684.0,False
AtCoder,abc084_c,C. Special Trains,908.0,Medium,,,,abc084,932.0,False
AtCoder,abc084_d,D. 2017-like Number,980.0,Medium,,,,abc084,932.0,False
AtCoder,abc085_a,A. Already 2018,-465.0,Easy,,,,abc085,721.0,False
AtCoder,abc085_b,B. Kagami Mochi,-106.0,Easy,,,,abc085,721.0,False
AtCoder,abc085_c,C. Otoshidama,584.0,Easy,,,,abc085,998.0,False
AtCoder,abc085_d,D. Katana Thrower,954.0,Medium,,,,abc085,998.0,False
AtCoder,abc086_a,A. Product,-864.0,Easy,,,,abc086,702.0,False
AtCoder,abc086_b,B. 1 21,-146.0,Easy,,,,abc086,702.0,False
AtCoder,abc087_a,A. Buying Sweets,-812.0,Easy,,,,abc087,769.0,False
AtCoder,abc087_b,B. Coins,161.0,Easy,,,,abc087,769.0,False
AtCoder,abc088_a,A. Infinite Coins,-535.0,Easy,,,,abc088,638.0,False
AtCoder,abc088_b,B. Card Game for Two,-182.0,Easy,,,,abc088,638.0,False
AtCoder,abc088_c,C. Takahashi's Information,477.0,Easy,,,,abc088,895.0,False
AtCoder,abc088_d,D. Grid Repainting,999.0,Medium,,,,abc088,895.0,False
AtCoder,abc089_a,A. Grouping 2,-515.0,Easy,,,,abc089,750.0,False
AtCoder,abc089_b,B. Hina Arare,-187.0,Easy,,,,abc089,750.0,False
AtCoder,abc089_c,C. March,642.0,Easy,,,,abc089,988.0,False
AtCoder,abc089_d,D. Practical Skill Test,1220.0,Medium,,,,abc089,988.0,False
AtCoder,abc090_a,A. Diagonal String,-454.0,Easy,,,,abc090,728.0,False
AtCoder,abc090_b,B. Palindromic Numbers,8.0,Easy,,,,abc090,728.0,False
AtCoder,abc091_a,A. Two Coins,-746.0,Easy,,,,abc091,832.0,False
AtCoder,abc091_b,B. Two Colors Card Game,310.0,Easy,,,,abc091,832.0,False
AtCoder,abc092_a,A. Traveling Budget,-827.0,Easy,,,,abc092,900.0,False
AtCoder,abc092_b,B. Chocolate,-149.0,Easy,,,,abc092,900.0,False
AtCoder,abc093_a,A. abc of ABC,-452.0,Easy,,,,abc093,895.0,False
AtCoder,abc093_b,B. Small and Large Integers,27.0,Easy,,,,abc093,895.0,False
AtCoder,abc094_a,A. Cats and Dogs,-452.0,Easy,,,,abc094,919.0,False
AtCoder,abc094_b,B. Toll Gates,-56.0,Easy,,,,abc094,919.0,False
AtCoder,abc095_a,A. Something on It,-766.0,Easy,,,,abc095,1009.0,False
AtCoder,abc095_b,B. Bitter Alchemy,-234.0,Easy,,,,abc095,1009.0,False
AtCoder,abc096_a,A. Day of Takahashi,-222.0,Easy,,,,abc096,1249.0,False
AtCoder,abc096_b,B. Maximum Sum,-207.0,Easy,,,,abc096,1249.0,False
AtCoder,abc096_c,C. Grid Repainting 2,407.0,Easy,,,,abc096,1518.0,False
AtCoder,abc096_d,"D. Five, Five Everywhere",1226.0,Medium,,,,abc096,1518.0,False
AtCoder,abc097_a,A. Colorful Transceivers,-429.0,Easy,,,,abc097,1064.0,False
AtCoder,abc097_b,B. Exponential,207.0,Easy,,,,abc097,1064.0,False
AtCoder,abc098_a,A. Add Sub Mul,-614.0,Easy,,,,abc098,1065.0,False
AtCoder,abc098_b,B. Cut and Count,358.0,Easy,,,,abc098,1065.0,False
AtCoder,abc099_a,A. ABD,-714.0,Easy,,,,abc099,1433.0,False
AtCoder,abc099_b,B. Stone Monument,-46.0,Easy,,,,abc099,1433.0,False
AtCoder,abc099_c,C. Strange Bank,1101.0,Medium,,,,abc099,1725.0,False
AtCoder,abc099_d,D. Good Grid,1345.0,Medium,,,,abc099,1725.0,False
AtCoder,abc100_a,A. Happy Birthday!,-382.0,Easy,,,,abc100,1705.0,False
AtCoder,abc100_b,B. Ringo's Favorite Numbers,376.0,Easy,,,,abc100,1705.0,False
AtCoder,abc100_c,C. *3 or /2,320.0,Easy,,,,abc100,2099.0,False
AtCoder,abc100_d,D. Patisserie ABC,1331.0,Medium,,,,abc100,2099.0,False
AtCoder,abc101_a,A. Eating Symbols Easy,-545.0,Easy,,,,abc101,1449.0,False
AtCoder,abc101_b,B. Digit Sums,-227.0,Easy,,,,abc101,1449.0,False
AtCoder,abc102_a,A. Multiple of 2 and N,-690.0,Easy,,,,abc102,1354.0,False
AtCoder,abc102_b,B. Maximum Difference,-328.0,Easy,,,,abc102,1354.0,False
AtCoder,abc103_a,A. Task Scheduling Problem,-324.0,Easy,,,,abc103,1545.0,False
AtCoder,abc103_b,B. String Rotation,110.0,Easy,,,,abc103,1545.0,False
AtCoder,abc103_c,C. Modulo Summation,451.0,Easy,,,,abc103,1893.0,False
AtCoder,abc103_d,D. Islands War,1278.0,Medium,,,,abc103,1893.0,False
AtCoder,abc104_a,A. Rated for Me,-743.0,Easy,,,,abc104,1433.0,False
AtCoder,abc104_b,B. AcCepted,188.0,Easy,,,,abc104,1433.0,False
AtCoder,abc104_c,C. All Green,1393.0,Medium,,,,abc104,1744.0,False
AtCoder,abc104_d,D. We Love ABC,1739.0,Medium,,,,abc104,1744.0,False
AtCoder,abc105_a,A. AtCoder Crackers,,Unknown,,,,abc105,,False
AtCoder,abc105_b,B. Cakes and Donuts,,Unknown,,,,abc105,,False
AtCoder,abc105_c,C. Base -2 Number,1204.0,Medium,,,,abc105,1539.0,False
AtCoder,abc105_d,D. Candy Distribution,1458.0,Medium,,,,abc105,1539.0,False
AtCoder,abc106_a,A. Garden,-744.0,Easy,,,,abc106,1400.0,False
AtCoder,abc106_b,B. 105,-75.0,Easy,,,,abc106,1400.0,False
AtCoder,abc106_c,C. To Infinity,441.0,Easy,,,,abc106,1686.0,False
AtCoder,abc106_d,D. AtCoder Express 2,1319.0,Medium,,,,abc106,1686.0,False
AtCoder,abc107_a,A. Train,-913.0,Easy,,,,abc107,1311.0,False
AtCoder,abc107_b,B. Grid Compression,448.0,Easy,,,,abc107,1311.0,False
AtCoder,abc108_a,A. Pair,-703.0,Easy,,,,abc108,1262.0,False
AtCoder,abc108_b,B. Ruined Square,310.0,Easy,,,,abc108,1262.0,False
AtCoder,abc109_a,A. ABC333,-779.0,Easy,,,,abc109,1656.0,False
AtCoder,abc109_b,B. Shiritori,93.0,Easy,,,,abc109,1656.0,False
AtCoder,abc109_c,C. Skip,542.0,Easy,,,,abc109,2020.0,False
AtCoder,abc109_d,D. Make Them Even,1172.0,Medium,,,,abc109,2020.0,False
AtCoder,abc110_a,A. Maximize the Formula,,Unknown,,,,abc110,,False
AtCoder,abc110_b,B. 1 Dimensional World's Tale,,Unknown,,,,abc110,,False
AtCoder,abc110_c,C. String Transformation,949.0,Medium,,,,abc110,1595.0,False
AtCoder,abc110_d,D. Factorization,1695.0,Medium,,,,abc110,1595.0,False
AtCoder,abc111_a,A. AtCoder Beginner Contest 999,-627.0,Easy,,,,abc111,1279.0,False
AtCoder,abc111_b,B. AtCoder Beginner Contest 111,-370.0,Easy,,,,abc111,1279.0,False
AtCoder,abc112_a,A. Programming Education,-687.0,Easy,,,,abc112,1665.0,False
AtCoder,abc112_b,B. Time Limit Exceeded,-175.0,Easy,,,,abc112,1665.0,False
AtCoder,abc112_c,C. Pyramid,1147.0,Medium,,,,abc112,2024.0,False
AtCoder,abc112_d,D. Partition,1025.0,Medium,,,,abc112,2024.0,False
AtCoder,abc113_a,A. Discount Fare,-910.0,Easy,,,,abc113,1662.0,False
AtCoder,abc113_b,B. Palace,144.0,Easy,,,,abc113,1662.0,False
AtCoder,abc113_c,C. ID,878.0,Medium,,,,abc113,2025.0,False
AtCoder,abc113_d,D. Number of Amidakuji,1597.0,Medium,,,,abc113,2025.0,False
AtCoder,abc114_a,A. 753,-636.0,Easy,,,,abc114,1214.0,False
AtCoder,abc114_b,B. 754,2.0,Easy,,,,abc114,1214.0,False
AtCoder,abc114_c,C. 755,1045.0,Medium,,,,abc114,1519.0,False
AtCoder,abc114_d,D. 756,1337.0,Medium,,,,abc114,1519.0,False
AtCoder,abc115_a,A. Christmas Eve Eve Eve,-832.0,Easy,,,,abc115,1381.0,False
AtCoder,abc115_b,B. Christmas Eve Eve,-430.0,Easy,,,,abc115,1381.0,False
AtCoder,abc115_c,C. Christmas Eve,273.0,Easy,,,,abc115,1733.0,False
AtCoder,abc115_d,D. Christmas,1088.0,Medium,,,,abc115,1733.0,False
AtCoder,abc116_a,A. Right Triangle,-1030.0,Easy,,,,abc116,1151.0,False
AtCoder,abc116_b,B. Collatz Problem,-55.0,Easy,,,,abc116,1151.0,False
AtCoder,abc116_c,C. Grand Garden,542.0,Easy,,,,abc116,1432.0,False
AtCoder,abc116_d,D. Various Sushi,1712.0,Medium,,,,abc116,1432.0,False
AtCoder,abc117_a,A. Entrance Examination,-940.0,Easy,,,,abc117,1867.0,False
AtCoder,abc117_b,B. Polygon,-475.0,Easy,,,,abc117,1867.0,False
AtCoder,abc117_c,C. Streamline,612.0,Easy,,,,abc117,2332.0,False
AtCoder,abc117_d,D. XXOR,1423.0,Medium,,,,abc117,2332.0,False
AtCoder,abc118_a,A. B +/- A,-869.0,Easy,,,,abc118,2008.0,False
AtCoder,abc118_b,B. Foods Loved by Everyone,3.0,Easy,,,,abc118,2008.0,False
AtCoder,abc118_c,C. Monsters Battle Royale,646.0,Easy,,,,abc118,2442.0,False
AtCoder,abc118_d,D. Match Matching,1657.0,Medium,,,,abc118,2442.0,False
AtCoder,abc119_a,A. Still TBD,-417.0,Easy,,,,abc119,1962.0,False
AtCoder,abc119_b,B. Digital Gifts,-292.0,Easy,,,,abc119,1962.0,False
AtCoder,abc119_c,C. Synthetic Kadomatsu,1346.0,Medium,,,,abc119,2420.0,False
AtCoder,abc119_d,D. Lazy Faith,1346.0,Medium,,,,abc119,2420.0,False
AtCoder,abc120_a,A. Favorite Sound,-930.0,Easy,,,,abc120,2361.0,False
AtCoder,abc120_b,B. K-th Common Divisor,-168.0,Easy,,,,abc120,2361.0,False
AtCoder,abc120_c,C. Unification,372.0,Easy,,,,abc120,2901.0,False
AtCoder,abc120_d,D. Decayed Bridges,1355.0,Medium,,,,abc120,2901.0,False
AtCoder,abc121_a,A. White Cells,-831.0,Easy,,,,abc121,2287.0,False
AtCoder,abc121_b,B. Can you solve this?,-245.0,Easy,,,,abc121,2287.0,False
AtCoder,abc121_c,C. Energy Drink Collector,358.0,Easy,,,,abc121,2847.0,False
AtCoder,abc121_d,D. XOR World,1164.0,Medium,,,,abc121,2847.0,False
AtCoder,abc122_a,A. Double Helix,-794.0,Easy,,,,abc122,2192.0,False
AtCoder,abc122_b,B. ATCoder,-122.0,Easy,,,,abc122,2192.0,False
AtCoder,abc122_c,C. GeT AC,700.0,Easy,,,,abc122,2614.0,False
AtCoder,abc122_d,D. We Like AGC,1533.0,Medium,,,,abc122,2614.0,False
AtCoder,abc123_a,A. Five Antennas,-628.0,Easy,,,,abc123,2997.0,False
AtCoder,abc123_b,B. Five Dishes,1.0,Easy,,,,abc123,2997.0,False
AtCoder,abc123_c,C. Five Transportations,643.0,Easy,,,,abc123,3394.0,False
AtCoder,abc123_d,D. Cake 123,1489.0,Medium,,,,abc123,3394.0,False
AtCoder,abc124_a,A. Buttons,-1015.0,Easy,,,,abc124,3366.0,False
AtCoder,abc124_b,B. Great Ocean View,-313.0,Easy,,,,abc124,3366.0,False
AtCoder,abc124_c,C. Coloring Colorfully,34.0,Easy,,,,abc124,3891.0,False
AtCoder,abc124_d,D. Handstand,1138.0,Medium,,,,abc124,3891.0,False
AtCoder,abc125_a,A. Biscuit Generator,-832.0,Easy,,,,abc125,3469.0,False
AtCoder,abc125_b,B. Resale,-353.0,Easy,,,,abc125,3469.0,False
AtCoder,abc125_c,C. GCD on Blackboard,1197.0,Medium,,,,abc125,4052.0,False
AtCoder,abc125_d,D. Flipping Signs,833.0,Medium,,,,abc125,4052.0,False
AtCoder,abc126_a,A. Changing a Character,,Unknown,,,,abc126,,False
AtCoder,abc126_b,B. YYMM or MMYY,,Unknown,,,,abc126,,False
AtCoder,abc126_c,C. Dice and Coin,638.0,Easy,,,,abc126,4082.0,False
AtCoder,abc126_d,D. Even Relation,1279.0,Medium,,,,abc126,4082.0,False
AtCoder,abc126_e,E. 1 or 2,1340.0,Medium,,,,abc126,4082.0,False
AtCoder,abc126_f,F. XOR Matching,1770.0,Medium,,,,abc126,4082.0,False
AtCoder,abc127_a,A. Ferris Wheel,-912.0,Easy,,,,abc127,4018.0,False
AtCoder,abc127_b,B. Algae,-688.0,Easy,,,,abc127,4018.0,False
AtCoder,abc127_c,C. Prison,194.0,Easy,,,,abc127,4106.0,False
AtCoder,abc127_d,D. Integer Cards,887.0,Medium,,,,abc127,4106.0,False
AtCoder,abc127_e,E. Cell Distance,1938.0,Medium,,,,abc127,4106.0,False
AtCoder,abc127_f,F. Absolute Minima,2003.0,Hard,,,,abc127,4106.0,False
AtCoder,abc128_a,A. Apple Pie,-1004.0,Easy,,,,abc128,4604.0,False
AtCoder,abc128_b,B. Guidebook,347.0,Easy,,,,abc128,4604.0,False
AtCoder,abc128_c,C. Switches,805.0,Medium,,,,abc128,4714.0,False
AtCoder,abc128_d,D. equeue,1354.0,Medium,,,,abc128,4714.0,False
AtCoder,abc128_e,E. Roadwork,1840.0,Medium,,,,abc128,4714.0,False
AtCoder,abc128_f,F. Frog Jump,2464.0,Hard,,,,abc128,4714.0,False
AtCoder,abc129_a,A. Airplane,-727.0,Easy,,,,abc129,4033.0,False
AtCoder,abc129_b,B. Balance,-182.0,Easy,,,,abc129,4033.0,False
AtCoder,abc129_c,C. Typical Stairs,796.0,Easy,,,,abc129,4116.0,False
AtCoder,abc129_d,D. Lamp,1103.0,Medium,,,,abc129,4116.0,False
AtCoder,abc129_e,E. Sum Equals Xor,1547.0,Medium,,,,abc129,4116.0,False
AtCoder,abc129_f,F. Takahashi's Basics in Education and Learning,2621.0,Hard,,,,abc129,4116.0,False
AtCoder,abc130_a,A. Rounding,-977.0,Easy,,,,abc130,4484.0,False
AtCoder,abc130_b,B. Bounding,-300.0,Easy,,,,abc130,4484.0,False
AtCoder,abc130_c,C. Rectangle Cutting,626.0,Easy,,,,abc130,4571.0,False
AtCoder,abc130_d,D. Enough Array,865.0,Medium,,,,abc130,4571.0,False
AtCoder,abc130_e,E. Common Subsequence,1676.0,Medium,,,,abc130,4571.0,False
AtCoder,abc130_f,F. Minimum Bounding Box,2240.0,Hard,,,,abc130,4571.0,False
AtCoder,abc131_a,A. Security,-742.0,Easy,,,,abc131,4503.0,False
AtCoder,abc131_b,B. Bite Eating,-183.0,Easy,,,,abc131,4503.0,False
AtCoder,abc131_c,C. Anti-Division,518.0,Easy,,,,abc131,4595.0,False
AtCoder,abc131_d,D. Megalomania,588.0,Easy,,,,abc131,4595.0,False
AtCoder,abc131_e,E. Friendships,1433.0,Medium,,,,abc131,4595.0,False
AtCoder,abc131_f,F. Must Be Rectangular!,1937.0,Medium,,,,abc131,4595.0,False
AtCoder,abc132_a,A. Fifty-Fifty,-483.0,Easy,,,,abc132,4264.0,False
AtCoder,abc132_b,B. Ordinary Number,-423.0,Easy,,,,abc132,4264.0,False
AtCoder,abc132_c,C. Divide the Problems,-99.0,Easy,,,,abc132,4370.0,False
AtCoder,abc132_d,D. Blue and Red Balls,1167.0,Medium,,,,abc132,4370.0,False
AtCoder,abc132_e,E. Hopscotch Addict,1625.0,Medium,,,,abc132,4370.0,False
AtCoder,abc132_f,F. Small Products,2143.0,Hard,,,,abc132,4370.0,False
AtCoder,abc133_a,A. T or T,-1009.0,Easy,,,,abc133,4588.0,False
AtCoder,abc133_b,B. Good Distance,47.0,Easy,,,,abc133,4588.0,False
AtCoder,abc133_c,C. Remainder Minimization 2019,592.0,Easy,,,,abc133,4689.0,False
AtCoder,abc133_d,D. Rain Flows into Dams,938.0,Medium,,,,abc133,4689.0,False
AtCoder,abc133_e,E. Virus Tree 2,1505.0,Medium,,,,abc133,4689.0,False
AtCoder,abc133_f,F. Colorful Tree,2330.0,Hard,,,,abc133,4689.0,False
AtCoder,abc134_a,A. Dodecagon,-1059.0,Easy,,,,abc134,4154.0,False
AtCoder,abc134_b,B. Golden Apple,-455.0,Easy,,,,abc134,4154.0,False
AtCoder,abc134_c,C. Exception Handling,-31.0,Easy,,,,abc134,4248.0,False
AtCoder,abc134_d,D. Preparing Boxes,926.0,Medium,,,,abc134,4248.0,False
AtCoder,abc134_e,E. Sequence Decomposing,1320.0,Medium,,,,abc134,4248.0,False
AtCoder,abc134_f,F. Permutation Oddness,2532.0,Hard,,,,abc134,4248.0,False
AtCoder,abc135_a,A. Harmony,-593.0,Easy,,,,abc135,3975.0,False
AtCoder,abc135_b,B. 0 or 1 Swap,-195.0,Easy,,,,abc135,3975.0,False
AtCoder,abc135_c,C. City Savers,323.0,Easy,,,,abc135,4074.0,False
AtCoder,abc135_d,D. Digits Parade,1334.0,Medium,,,,abc135,4074.0,False
AtCoder,abc135_e,E. Golf,2665.0,Hard,,,,abc135,4074.0,False
AtCoder,abc135_f,F. Strings of Eternity,2388.0,Hard,,,,abc135,4074.0,False
AtCoder,abc136_a,A. Transfer,-880.0,Easy,,,,abc136,4293.0,False
AtCoder,abc136_b,B. Uneven Numbers,-267.0,Easy,,,,abc136,4293.0,False
AtCoder,abc136_c,C. Build Stairs,295.0,Easy,,,,abc136,4391.0,False
AtCoder,abc136_d,D. Gathering Children,794.0,Easy,,,,abc136,4391.0,False
AtCoder,abc136_e,E. Max GCD,1670.0,Medium,,,,abc136,4391.0,False
AtCoder,abc136_f,F. Enclosed Points,2334.0,Hard,,,,abc136,4391.0,False
AtCoder,abc137_a,A. +-x,-825.0,Easy,,,,abc137,4374.0,False
AtCoder,abc137_b,B. One Clue,-561.0,Easy,,,,abc137,4374.0,False
AtCoder,abc137_c,C. Green Bin,597.0,Easy,,,,abc137,4481.0,False
AtCoder,abc137_d,D. Summer Vacation,1313.0,Medium,,,,abc137,4481.0,False
AtCoder,abc137_e,E. Coins Respawn,1740.0,Medium,,,,abc137,4481.0,False
AtCoder,abc137_f,F. Polynomial Construction,2402.0,Hard,,,,abc137,4481.0,False
AtCoder,abc138_a,A. Red or Not,-848.0,Easy,,,,abc138,4554.0,False
AtCoder,abc138_b,B. Resistors in Parallel,-364.0,Easy,,,,abc138,4554.0,False
AtCoder,abc138_c,C. Alchemist,-96.0,Easy,,,,abc138,4647.0,False
AtCoder,abc138_d,D. Ki,920.0,Medium,,,,abc138,4647.0,False
AtCoder,abc138_e,E. Strings of Impurity,1257.0,Medium,,,,abc138,4647.0,False
AtCoder,abc138_f,F. Coincidence,2431.0,Hard,,,,abc138,4647.0,False
AtCoder,abc139_a,A. Tenki,-789.0,Easy,,,,abc139,4889.0,False
AtCoder,abc139_b,B. Power Socket,-71.0,Easy,,,,abc139,4889.0,False
AtCoder,abc139_c,C. Lower,13.0,Easy,,,,abc139,4994.0,False
AtCoder,abc139_d,D. ModSum,354.0,Easy,,,,abc139,4994.0,False
AtCoder,abc139_e,E. League,1528.0,Medium,,,,abc139,4994.0,False
AtCoder,abc139_f,F. Engines,2034.0,Hard,,,,abc139,4994.0,False
AtCoder,abc140_a,A. Password,-958.0,Easy,,,,abc140,4736.0,False
AtCoder,abc140_b,B. Buffet,-249.0,Easy,,,,abc140,4736.0,False
AtCoder,abc140_c,C. Maximal Value,39.0,Easy,,,,abc140,4847.0,False
AtCoder,abc140_d,D. Face Produces Unhappiness,1074.0,Medium,,,,abc140,4847.0,False
AtCoder,abc140_e,E. Second Sum,1873.0,Medium,,,,abc140,4847.0,False
AtCoder,abc140_f,F. Many Slimes,2105.0,Hard,,,,abc140,4847.0,False
AtCoder,abc141_a,A. Weather Prediction ,-891.0,Easy,,,,abc141,4549.0,False
AtCoder,abc141_b,B. Tap Dance,-424.0,Easy,,,,abc141,4549.0,False
AtCoder,abc141_c,C. Attack Survival,-35.0,Easy,,,,abc141,4649.0,False
AtCoder,abc141_d,D. Powerful Discount Tickets,823.0,Medium,,,,abc141,4649.0,False
AtCoder,abc141_e,E. Who Says a Pun?,1459.0,Medium,,,,abc141,4649.0,False
AtCoder,abc141_f,F. Xor Sum 3,2342.0,Hard,,,,abc141,4649.0,False
AtCoder,abc142_a,A. Odds of Oddness,-658.0,Easy,,,,abc142,4572.0,False
AtCoder,abc142_b,B. Roller Coaster,-592.0,Easy,,,,abc142,4572.0,False
AtCoder,abc142_c,C. Go to School,-90.0,Easy,,,,abc142,4669.0,False
AtCoder,abc142_d,D. Disjoint Set of Common Divisors,827.0,Medium,,,,abc142,4669.0,False
AtCoder,abc142_e,E. Get Everything,1397.0,Medium,,,,abc142,4669.0,False
AtCoder,abc142_f,F. Pure,1919.0,Medium,,,,abc142,4669.0,False
AtCoder,abc143_a,A. Curtain,-903.0,Easy,,,,abc143,4228.0,False
AtCoder,abc143_b,B. TAKOYAKI FESTIVAL 2019,-514.0,Easy,,,,abc143,4228.0,False
AtCoder,abc143_c,C. Slimes,-322.0,Easy,,,,abc143,4338.0,False
AtCoder,abc143_d,D. Triangles,686.0,Easy,,,,abc143,4338.0,False
AtCoder,abc143_e,E. Travel by Car,1695.0,Medium,,,,abc143,4338.0,False
AtCoder,abc143_f,F. Distinct Numbers,2277.0,Hard,,,,abc143,4338.0,False
AtCoder,abc144_a,A. 9x9,-913.0,Easy,,,,abc144,4791.0,False
AtCoder,abc144_b,B. 81,-597.0,Easy,,,,abc144,4791.0,False
AtCoder,abc144_c,C. Walk on Multiplication Table,311.0,Easy,,,,abc144,4903.0,False
AtCoder,abc144_d,D. Water Bottle,714.0,Easy,,,,abc144,4903.0,False
AtCoder,abc144_e,E. Gluttony,1449.0,Medium,,,,abc144,4903.0,False
AtCoder,abc144_f,F. Fork in the Road,2189.0,Hard,,,,abc144,4903.0,False
AtCoder,abc145_a,A. Circle,-1000.0,Easy,,,,abc145,4560.0,False
AtCoder,abc145_b,B. Echo,-436.0,Easy,,,,abc145,4560.0,False
AtCoder,abc145_c,C. Average Length,335.0,Easy,,,,abc145,4670.0,False
AtCoder,abc145_d,D. Knight,1009.0,Medium,,,,abc145,4670.0,False
AtCoder,abc145_e,E. All-you-can-eat,1528.0,Medium,,,,abc145,4670.0,False
AtCoder,abc145_f,F. Laminate,2116.0,Hard,,,,abc145,4670.0,False
AtCoder,abc146_a,A. Can't Wait for Holiday,-805.0,Easy,,,,abc146,4472.0,False
AtCoder,abc146_b,B. ROT N,-265.0,Easy,,,,abc146,4472.0,False
AtCoder,abc146_c,C. Buy an Integer,741.0,Easy,,,,abc146,4587.0,False
AtCoder,abc146_d,D. Coloring Edges on Tree,1192.0,Medium,,,,abc146,4587.0,False
AtCoder,abc146_e,E. Rem of Sum is Num,1762.0,Medium,,,,abc146,4587.0,False
AtCoder,abc146_f,F. Sugoroku,1545.0,Medium,,,,abc146,4587.0,False
AtCoder,abc147_a,A. Blackjack,-966.0,Easy,,,,abc147,4582.0,False
AtCoder,abc147_b,B. Palindrome-philia,-481.0,Easy,,,,abc147,4582.0,False
AtCoder,abc147_c,C. HonestOrUnkind2,977.0,Medium,,,,abc147,4703.0,False
AtCoder,abc147_d,D. Xor Sum 4,1205.0,Medium,,,,abc147,4703.0,False
AtCoder,abc147_e,E. Balanced Path,1713.0,Medium,,,,abc147,4703.0,False
AtCoder,abc147_f,F. Sum Difference,2393.0,Hard,,,,abc147,4703.0,False
AtCoder,abc148_a,A. Round One,-1054.0,Easy,,,,abc148,4526.0,False
AtCoder,abc148_b,B. Strings with the Same Length,-640.0,Easy,,,,abc148,4526.0,False
AtCoder,abc148_c,C. Snack,-341.0,Easy,,,,abc148,4648.0,False
AtCoder,abc148_d,D. Brick Break,85.0,Easy,,,,abc148,4648.0,False
AtCoder,abc148_e,E. Double Factorial,818.0,Medium,,,,abc148,4648.0,False
AtCoder,abc148_f,F. Playing Tag on Tree,1457.0,Medium,,,,abc148,4648.0,False
AtCoder,abc149_a,A. Strings,,Unknown,,,,abc149,,False
AtCoder,abc149_b,B. Greedy Takahashi,,Unknown,,,,abc149,,False
AtCoder,abc149_c,C. Next Prime,62.0,Easy,,,,abc149,3250.0,False
AtCoder,abc149_d,D. Prediction and Restriction,719.0,Easy,,,,abc149,3250.0,False
AtCoder,abc149_e,E. Handshake,1905.0,Medium,,,,abc149,3250.0,False
AtCoder,abc149_f,F. Surrounded Nodes,2208.0,Hard,,,,abc149,3250.0,False
AtCoder,abc150_a,A. 500 Yen Coins,,Unknown,,,,abc150,,False
AtCoder,abc150_b,B. Count ABC,,Unknown,,,,abc150,,False
AtCoder,abc150_c,C. Count Order,422.0,Easy,,,,abc150,3504.0,False
AtCoder,abc150_d,D. Semi Common Multiple,1534.0,Medium,,,,abc150,3504.0,False
AtCoder,abc150_e,E. Change a Little Bit,1851.0,Medium,,,,abc150,3504.0,False
AtCoder,abc150_f,F. Xor Shift,2281.0,Hard,,,,abc150,3504.0,False
AtCoder,abc151_a,A. Next Alphabet,-966.0,Easy,,,,abc151,4856.0,False
AtCoder,abc151_b,B. Achieve the Goal,-525.0,Easy,,,,abc151,4856.0,False
AtCoder,abc151_c,C. Welcome to AtCoder,327.0,Easy,,,,abc151,4985.0,False
AtCoder,abc151_d,D. Maze Master,959.0,Medium,,,,abc151,4985.0,False
AtCoder,abc151_e,E. Max-Min Sums,1344.0,Medium,,,,abc151,4985.0,False
AtCoder,abc151_f,F. Enclose All,1671.0,Medium,,,,abc151,4985.0,False
AtCoder,abc152_a,A. AC or WA,-1089.0,Easy,,,,abc152,5174.0,False
AtCoder,abc152_b,B. Comparing Strings,-705.0,Easy,,,,abc152,5174.0,False
AtCoder,abc152_c,C. Low Elements,59.0,Easy,,,,abc152,5295.0,False
AtCoder,abc152_d,D. Handstand 2,1045.0,Medium,,,,abc152,5295.0,False
AtCoder,abc152_e,E. Flatten,1348.0,Medium,,,,abc152,5295.0,False
AtCoder,abc152_f,F. Tree and Constraints,1965.0,Medium,,,,abc152,5295.0,False
AtCoder,abc153_a,A. Serval vs Monster,-940.0,Easy,,,,abc153,5306.0,False
AtCoder,abc153_b,B. Common Raccoon vs Monster,-670.0,Easy,,,,abc153,5306.0,False
AtCoder,abc153_c,C. Fennec vs Monster,-305.0,Easy,,,,abc153,5456.0,False
AtCoder,abc153_d,D. Caracal vs Monster,-52.0,Easy,,,,abc153,5456.0,False
AtCoder,abc153_e,E. Crested Ibis vs Monster,1015.0,Medium,,,,abc153,5456.0,False
AtCoder,abc153_f,F. Silver Fox vs Monster,1393.0,Medium,,,,abc153,5456.0,False
AtCoder,abc154_a,A. Remaining Balls,-937.0,Easy,,,,abc154,5263.0,False
AtCoder,abc154_b,B. I miss you...,-915.0,Easy,,,,abc154,5263.0,False
AtCoder,abc154_c,C. Distinct or Not,-333.0,Easy,,,,abc154,5392.0,False
AtCoder,abc154_d,D. Dice in Line,485.0,Easy,,,,abc154,5392.0,False
AtCoder,abc154_e,E. Almost Everywhere Zero,1298.0,Medium,,,,abc154,5392.0,False
AtCoder,abc154_f,F. Many Many Paths,1775.0,Medium,,,,abc154,5392.0,False
AtCoder,abc155_a,A. Poor,-951.0,Easy,,,,abc155,5831.0,False
AtCoder,abc155_b,"B. Papers, Please",-629.0,Easy,,,,abc155,5831.0,False
AtCoder,abc155_c,C. Poll,189.0,Easy,,,,abc155,5971.0,False
AtCoder,abc155_d,D. Pairs,1845.0,Medium,,,,abc155,5971.0,False
AtCoder,abc155_e,E. Payment,1569.0,Medium,,,,abc155,5971.0,False
AtCoder,abc155_f,F. Perils in Parallel,2738.0,Hard,,,,abc155,5971.0,False
AtCoder,abc156_a,A. Beginner,-1194.0,Easy,,,,abc156,5021.0,False
AtCoder,abc156_b,B. Digits,-466.0,Easy,,,,abc156,5021.0,False
AtCoder,abc156_c,C. Rally,-221.0,Easy,,,,abc156,5181.0,False
AtCoder,abc156_d,D. Bouquet,1014.0,Medium,,,,abc156,5181.0,False
AtCoder,abc156_e,E. Roaming,1514.0,Medium,,,,abc156,5181.0,False
AtCoder,abc156_f,F. Modularness,2150.0,Hard,,,,abc156,5181.0,False
AtCoder,abc157_a,A. Duplex Printing,-1070.0,Easy,,,,abc157,5818.0,False
AtCoder,abc157_b,B. Bingo,-128.0,Easy,,,,abc157,5818.0,False
AtCoder,abc157_c,C. Guess The Number,456.0,Easy,,,,abc157,5940.0,False
AtCoder,abc157_d,D. Friend Suggestions,1208.0,Medium,,,,abc157,5940.0,False
AtCoder,abc157_e,E. Simple String Queries,1443.0,Medium,,,,abc157,5940.0,False
AtCoder,abc157_f,F. Yakiniku Optimization Problem,2525.0,Hard,,,,abc157,5940.0,False
AtCoder,abc158_a,A. Station and Bus,-895.0,Easy,,,,abc158,6258.0,False
AtCoder,abc158_b,B. Count Balls,-72.0,Easy,,,,abc158,6258.0,False
AtCoder,abc158_c,C. Tax Increase,66.0,Easy,,,,abc158,6430.0,False
AtCoder,abc158_d,D. String Formation,610.0,Easy,,,,abc158,6430.0,False
AtCoder,abc158_e,E. Divisible Substring,1866.0,Medium,,,,abc158,6430.0,False
AtCoder,abc158_f,F. Removing Robots,2067.0,Hard,,,,abc158,6430.0,False
AtCoder,abc159_a,A. The Number of Even Pairs,-612.0,Easy,,,,abc159,7301.0,False
AtCoder,abc159_b,B. String Palindrome,-190.0,Easy,,,,abc159,7301.0,False
AtCoder,abc159_c,C. Maximum Volume,-104.0,Easy,,,,abc159,7464.0,False
AtCoder,abc159_d,D. Banned K,496.0,Easy,,,,abc159,7464.0,False
AtCoder,abc159_e,E. Dividing Chocolate,1450.0,Medium,,,,abc159,7464.0,False
AtCoder,abc159_f,F. Knapsack for All Segments,1876.0,Medium,,,,abc159,7464.0,False
AtCoder,abc160_a,A. Coffee,-986.0,Easy,,,,abc160,8304.0,False
AtCoder,abc160_b,B. Golden Coins,-811.0,Easy,,,,abc160,8304.0,False
AtCoder,abc160_c,C. Traveling Salesman around Lake,62.0,Easy,,,,abc160,8500.0,False
AtCoder,abc160_d,D. Line++,879.0,Medium,,,,abc160,8500.0,False
AtCoder,abc160_e,E. Red and Green Apples,1036.0,Medium,,,,abc160,8500.0,False
AtCoder,abc160_f,F. Distributing Integers,2048.0,Hard,,,,abc160,8500.0,False
AtCoder,abc161_a,A. ABC Swap,-1083.0,Easy,,,,abc161,8525.0,False
AtCoder,abc161_b,B. Popular Vote,-148.0,Easy,,,,abc161,8525.0,False
AtCoder,abc161_c,C. Replacing Integer,4.0,Easy,,,,abc161,8723.0,False
AtCoder,abc161_d,D. Lunlun Number,991.0,Medium,,,,abc161,8723.0,False
AtCoder,abc161_e,E. Yutori,1760.0,Medium,,,,abc161,8723.0,False
AtCoder,abc161_f,F. Division or Subtraction,1528.0,Medium,,,,abc161,8723.0,False
AtCoder,abc162_a,A. Lucky 7,-778.0,Easy,,,,abc162,9164.0,False
AtCoder,abc162_b,B. FizzBuzz Sum,-504.0,Easy,,,,abc162,9164.0,False
AtCoder,abc162_c,C. Sum of gcd of Tuples (Easy),34.0,Easy,,,,abc162,9359.0,False
AtCoder,abc162_d,D. RGB Triplets,757.0,Easy,,,,abc162,9359.0,False
AtCoder,abc162_e,E. Sum of gcd of Tuples (Hard),1662.0,Medium,,,,abc162,9359.0,False
AtCoder,abc162_f,F. Select Half,1764.0,Medium,,,,abc162,9359.0,False
AtCoder,abc163_a,A. Circle Pond,,Unknown,,,,abc163,,False
AtCoder,abc163_b,B. Homework,,Unknown,,,,abc163,,False
AtCoder,abc163_c,C. management,125.0,Easy,,,,abc163,8871.0,False
AtCoder,abc163_d,D. Sum of Large Numbers,960.0,Medium,,,,abc163,8871.0,False
AtCoder,abc163_e,E. Active Infants,2037.0,Hard,,,,abc163,8871.0,False
AtCoder,abc163_f,F. path pass i,2470.0,Hard,,,,abc163,8871.0,False
AtCoder,abc164_a,A. Sheep and Wolves,-1160.0,Easy,,,,abc164,9201.0,False
AtCoder,abc164_b,B. Battle,-532.0,Easy,,,,abc164,9201.0,False
AtCoder,abc164_c,C. gacha,-241.0,Easy,,,,abc164,9389.0,False
AtCoder,abc164_d,D. Multiple of 2019,1232.0,Medium,,,,abc164,9389.0,False
AtCoder,abc164_e,E. Two Currencies,1877.0,Medium,,,,abc164,9389.0,False
AtCoder,abc164_f,F. I hate Matrix Construction,2683.0,Hard,,,,abc164,9389.0,False
AtCoder,abc165_a,A. We Love Golf,-708.0,Easy,,,,abc165,10214.0,False
AtCoder,abc165_b,B. 1%,-200.0,Easy,,,,abc165,10214.0,False
AtCoder,abc165_c,C. Many Requirements,1136.0,Medium,,,,abc165,10425.0,False
AtCoder,abc165_d,D. Floor Function,600.0,Easy,,,,abc165,10425.0,False
AtCoder,abc165_e,E. Rotation Matching,1620.0,Medium,,,,abc165,10425.0,False
AtCoder,abc165_f,F. LIS on Tree,1843.0,Medium,,,,abc165,10425.0,False
AtCoder,abc166_a,A. A?C,-1125.0,Easy,,,,abc166,10805.0,False
AtCoder,abc166_b,B. Trick or Treat,-224.0,Easy,,,,abc166,10805.0,False
AtCoder,abc166_c,C. Peaks,233.0,Easy,,,,abc166,11014.0,False
AtCoder,abc166_d,D. I hate Factorization,694.0,Easy,,,,abc166,11014.0,False
AtCoder,abc166_e,E. This Message Will Self-Destruct in 5s,1062.0,Medium,,,,abc166,11014.0,False
AtCoder,abc166_f,F. Three Variables Game,1668.0,Medium,,,,abc166,11014.0,False
AtCoder,abc167_a,A. Registration,-765.0,Easy,,,,abc167,10571.0,False
AtCoder,abc167_b,B. Easy Linear Programming,-379.0,Easy,,,,abc167,10571.0,False
AtCoder,abc167_c,C. Skill Up,595.0,Easy,,,,abc167,10763.0,False
AtCoder,abc167_d,D. Teleporter,754.0,Easy,,,,abc167,10763.0,False
AtCoder,abc167_e,E. Colorful Blocks,1442.0,Medium,,,,abc167,10763.0,False
AtCoder,abc167_f,F. Bracket Sequencing,1961.0,Medium,,,,abc167,10763.0,False
AtCoder,abc168_a,A. ∴ (Therefore),-997.0,Easy,,,,abc168,9695.0,False
AtCoder,abc168_b,B. ... (Triple Dots),-769.0,Easy,,,,abc168,9695.0,False
AtCoder,abc168_c,C. : (Colon),178.0,Easy,,,,abc168,9896.0,False
AtCoder,abc168_d,D. .. (Double Dots),804.0,Medium,,,,abc168,9896.0,False
AtCoder,abc168_e,E. ∙ (Bullet),1896.0,Medium,,,,abc168,9896.0,False
AtCoder,abc168_f,F. . (Single Dot),2478.0,Hard,,,,abc168,9896.0,False
AtCoder,abc169_a,A. Multiplication 1,-1205.0,Easy,,,,abc169,10024.0,False
AtCoder,abc169_b,B. Multiplication 2,349.0,Easy,,,,abc169,10024.0,False
AtCoder,abc169_c,C. Multiplication 3,597.0,Easy,,,,abc169,10220.0,False
AtCoder,abc169_d,D. Div Game,732.0,Easy,,,,abc169,10220.0,False
AtCoder,abc169_e,E. Count Median,1353.0,Medium,,,,abc169,10220.0,False
AtCoder,abc169_f,F. Knapsack for All Subsets,1698.0,Medium,,,,abc169,10220.0,False
AtCoder,abc170_a,A. Five Variables,-1143.0,Easy,,,,abc170,9436.0,False
AtCoder,abc170_b,B. Crane and Turtle,-414.0,Easy,,,,abc170,9436.0,False
AtCoder,abc170_c,C. Forbidden List,15.0,Easy,,,,abc170,9595.0,False
AtCoder,abc170_d,D. Not Divisible,1033.0,Medium,,,,abc170,9595.0,False
AtCoder,abc170_e,E. Smart Infants,1502.0,Medium,,,,abc170,9595.0,False
AtCoder,abc170_f,F. Pond Skater,1968.0,Medium,,,,abc170,9595.0,False
AtCoder,abc171_a,A. αlphabet,-1086.0,Easy,,,,abc171,9407.0,False
AtCoder,abc171_b,B. Mix Juice,-765.0,Easy,,,,abc171,9407.0,False
AtCoder,abc171_c,C. One Quadrillion and One Dalmatians,560.0,Easy,,,,abc171,9578.0,False
AtCoder,abc171_d,D. Replacing,498.0,Easy,,,,abc171,9578.0,False
AtCoder,abc171_e,E. Red Scarf,778.0,Easy,,,,abc171,9578.0,False
AtCoder,abc171_f,F. Strivore,1795.0,Medium,,,,abc171,9578.0,False
AtCoder,abc172_a,A. Calc,-1208.0,Easy,,,,abc172,9030.0,False
AtCoder,abc172_b,B. Minor Change,-779.0,Easy,,,,abc172,9030.0,False
AtCoder,abc172_c,C. Tsundoku,930.0,Medium,,,,abc172,9188.0,False
AtCoder,abc172_d,D. Sum of Divisors,963.0,Medium,,,,abc172,9188.0,False
AtCoder,abc172_e,E. NEQ,1880.0,Medium,,,,abc172,9188.0,False
AtCoder,abc172_f,F. Unfair Nim,2216.0,Hard,,,,abc172,9188.0,False
AtCoder,abc173_a,A. Payment,-1005.0,Easy,,,,abc173,9523.0,False
AtCoder,abc173_b,B. Judge Status Summary,-710.0,Easy,,,,abc173,9523.0,False
AtCoder,abc173_c,C. H and V,653.0,Easy,,,,abc173,9693.0,False
AtCoder,abc173_d,D. Chat in a Circle,720.0,Easy,,,,abc173,9693.0,False
AtCoder,abc173_e,E. Multiplication 4,1607.0,Medium,,,,abc173,9693.0,False
AtCoder,abc173_f,F. Intervals on Tree,1892.0,Medium,,,,abc173,9693.0,False
AtCoder,abc174_a,A. Air Conditioner,-1212.0,Easy,,,,abc174,8446.0,False
AtCoder,abc174_b,B. Distance ,-495.0,Easy,,,,abc174,8446.0,False
AtCoder,abc174_c,C. Repsept,902.0,Medium,,,,abc174,8651.0,False
AtCoder,abc174_d,D. Alter Altar,486.0,Easy,,,,abc174,8651.0,False
AtCoder,abc174_e,E. Logs,1227.0,Medium,,,,abc174,8651.0,False
AtCoder,abc174_f,F. Range Set Query,1495.0,Medium,,,,abc174,8651.0,False
AtCoder,abc175_a,A. Rainy Season,-746.0,Easy,,,,abc175,7596.0,False
AtCoder,abc175_b,B. Making Triangle,-51.0,Easy,,,,abc175,7596.0,False
AtCoder,abc175_c,C. Walking Takahashi,417.0,Easy,,,,abc175,7766.0,False
AtCoder,abc175_d,D. Moving Piece,1491.0,Medium,,,,abc175,7766.0,False
AtCoder,abc175_e,E. Picking Goods,1554.0,Medium,,,,abc175,7766.0,False
AtCoder,abc175_f,F. Making Palindrome,2512.0,Hard,,,,abc175,7766.0,False
AtCoder,abc176_a,A. Takoyaki,-857.0,Easy,,,,abc176,8244.0,False
AtCoder,abc176_b,B. Multiple of 9,-420.0,Easy,,,,abc176,8244.0,False
AtCoder,abc176_c,C. Step,-288.0,Easy,,,,abc176,8403.0,False
AtCoder,abc176_d,D. Wizard in Maze,1248.0,Medium,,,,abc176,8403.0,False
AtCoder,abc176_e,E. Bomber,1204.0,Medium,,,,abc176,8403.0,False
AtCoder,abc176_f,F. Brave CHAIN,2912.0,Hard,,,,abc176,8403.0,False
AtCoder,abc177_a,A. Don't be late,-857.0,Easy,,,,abc177,8490.0,False
AtCoder,abc177_b,B. Substring,108.0,Easy,,,,abc177,8490.0,False
AtCoder,abc177_c,C. Sum of product of pairs,386.0,Easy,,,,abc177,8679.0,False
AtCoder,abc177_d,D. Friends,732.0,Easy,,,,abc177,8679.0,False
AtCoder,abc177_e,E. Coprime,1057.0,Medium,,,,abc177,8679.0,False
AtCoder,abc177_f,F. I hate Shortest Path Problem,2291.0,Hard,,,,abc177,8679.0,False
AtCoder,abc178_a,A. Not,-1197.0,Easy,,,,abc178,8316.0,False
AtCoder,abc178_b,B. Product Max,-413.0,Easy,,,,abc178,8316.0,False
AtCoder,abc178_c,C. Ubiquity,653.0,Easy,,,,abc178,8515.0,False
AtCoder,abc178_d,D. Redistribution,875.0,Medium,,,,abc178,8515.0,False
AtCoder,abc178_e,E. Dist Max,1054.0,Medium,,,,abc178,8515.0,False
AtCoder,abc178_f,F. Contrast,1877.0,Medium,,,,abc178,8515.0,False
AtCoder,abc179_a,A. Plural Form,-926.0,Easy,,,,abc179,7927.0,False
AtCoder,abc179_b,B. Go to Jail,-563.0,Easy,,,,abc179,7927.0,False
AtCoder,abc179_c,C. A x B + C,261.0,Easy,,,,abc179,8117.0,False
AtCoder,abc179_d,D. Leaping Tak,1251.0,Medium,,,,abc179,8117.0,False
AtCoder,abc179_e,E. Sequence Sum,1175.0,Medium,,,,abc179,8117.0,False
AtCoder,abc179_f,F. Simplified Reversi,1713.0,Medium,,,,abc179,8117.0,False
AtCoder,abc180_a,A. box,-1169.0,Easy,,,,abc180,5206.0,False
AtCoder,abc180_b,B. Various distances,-54.0,Easy,,,,abc180,5206.0,False
AtCoder,abc180_c,C. Cream puff,-13.0,Easy,,,,abc180,5350.0,False
AtCoder,abc180_d,D. Takahashi Unevolved,752.0,Easy,,,,abc180,5350.0,False
AtCoder,abc180_e,E. Traveling Salesman among Aerial Cities,1256.0,Medium,,,,abc180,5350.0,False
AtCoder,abc180_f,F. Unbranched,2419.0,Hard,,,,abc180,5350.0,False
AtCoder,abc181_a,A. Heavy Rotation,-1179.0,Easy,,,,abc181,5779.0,False
AtCoder,abc181_b,B. Trapezoid Sum,-413.0,Easy,,,,abc181,5779.0,False
AtCoder,abc181_c,C. Collinearity,248.0,Easy,,,,abc181,5883.0,False
AtCoder,abc181_d,D. Hachi,600.0,Easy,,,,abc181,5883.0,False
AtCoder,abc181_e,E. Transformable Teacher,1193.0,Medium,,,,abc181,5883.0,False
AtCoder,abc181_f,F. Silver Woods,2009.0,Hard,,,,abc181,5883.0,False
AtCoder,abc182_a,A. twiblr,-1144.0,Easy,,,,abc182,6672.0,False
AtCoder,abc182_b,B. Almost GCD,-108.0,Easy,,,,abc182,6672.0,False
AtCoder,abc182_c,C. To 3,274.0,Easy,,,,abc182,6840.0,False
AtCoder,abc182_d,D. Wandering,701.0,Easy,,,,abc182,6840.0,False
AtCoder,abc182_e,E. Akari,1098.0,Medium,,,,abc182,6840.0,False
AtCoder,abc182_f,F. Valid payments,2121.0,Hard,,,,abc182,6840.0,False
AtCoder,abc183_a,A. ReLU,-1280.0,Easy,,,,abc183,6420.0,False
AtCoder,abc183_b,B. Billiards,-55.0,Easy,,,,abc183,6420.0,False
AtCoder,abc183_c,C. Travel,329.0,Easy,,,,abc183,6583.0,False
AtCoder,abc183_d,D. Water Heater,662.0,Easy,,,,abc183,6583.0,False
AtCoder,abc183_e,E. Queen on Grid,1288.0,Medium,,,,abc183,6583.0,False
AtCoder,abc183_f,F. Confluence,1586.0,Medium,,,,abc183,6583.0,False
AtCoder,abc184_a,A. Determinant,-1299.0,Easy,,,,abc184,7025.0,False
AtCoder,abc184_b,B. Quizzes,-797.0,Easy,,,,abc184,7025.0,False
AtCoder,abc184_c,C. Super Ryuma,782.0,Easy,,,,abc184,7242.0,False
AtCoder,abc184_d,D. increment of coins,1276.0,Medium,,,,abc184,7242.0,False
AtCoder,abc184_e,E. Third Avenue,1418.0,Medium,,,,abc184,7242.0,False
AtCoder,abc184_f,F. Programming Contest,1423.0,Medium,,,,abc184,7242.0,False
AtCoder,abc185_a,A. ABC Preparation,-1216.0,Easy,,,,abc185,6373.0,False
AtCoder,abc185_b,B. Smartphone Addiction,-183.0,Easy,,,,abc185,6373.0,False
AtCoder,abc185_c,C. Duodecim Ferra,373.0,Easy,,,,abc185,6560.0,False
AtCoder,abc185_d,D. Stamp,490.0,Easy,,,,abc185,6560.0,False
AtCoder,abc185_e,E. Sequence Matching,1468.0,Medium,,,,abc185,6560.0,False
AtCoder,abc185_f,F. Range Xor Query,1053.0,Medium,,,,abc185,6560.0,False
AtCoder,abc186_a,A. Brick,-1438.0,Easy,,,,abc186,5573.0,False
AtCoder,abc186_b,B. Blocks on Grid,-671.0,Easy,,,,abc186,5573.0,False
AtCoder,abc186_c,C. Unlucky 7,-45.0,Easy,,,,abc186,5796.0,False
AtCoder,abc186_d,D. Sum of difference,436.0,Easy,,,,abc186,5796.0,False
AtCoder,abc186_e,E. Throne,1461.0,Medium,,,,abc186,5796.0,False
AtCoder,abc186_f,F. Rook on Grid,1833.0,Medium,,,,abc186,5796.0,False
AtCoder,abc187_a,A. Large Digits,-1172.0,Easy,,,,abc187,6139.0,False
AtCoder,abc187_b,B. Gentle Pairs,-311.0,Easy,,,,abc187,6139.0,False
AtCoder,abc187_c,C. 1-SAT,137.0,Easy,,,,abc187,6338.0,False
AtCoder,abc187_d,D. Choose Me,650.0,Easy,,,,abc187,6338.0,False
AtCoder,abc187_e,E. Through Path,1358.0,Medium,,,,abc187,6338.0,False
AtCoder,abc187_f,F. Close Group,1895.0,Medium,,,,abc187,6338.0,False
AtCoder,abc188_a,A. Three-Point Shot,-1177.0,Easy,,,,abc188,6885.0,False
AtCoder,abc188_b,B. Orthogonality,-913.0,Easy,,,,abc188,6885.0,False
AtCoder,abc188_c,C. ABC Tournament,-83.0,Easy,,,,abc188,7089.0,False
AtCoder,abc188_d,D. Snuke Prime,933.0,Medium,,,,abc188,7089.0,False
AtCoder,abc188_e,E. Peddler,1170.0,Medium,,,,abc188,7089.0,False
AtCoder,abc188_f,F. +1-1x2,1865.0,Medium,,,,abc188,7089.0,False
AtCoder,abc189_a,A. Slot,-1145.0,Easy,,,,abc189,7519.0,False
AtCoder,abc189_b,B. Alcoholic,249.0,Easy,,,,abc189,7519.0,False
AtCoder,abc189_c,C. Mandarin Orange,565.0,Easy,,,,abc189,7721.0,False
AtCoder,abc189_d,D. Logical Expression,769.0,Easy,,,,abc189,7721.0,False
AtCoder,abc189_e,E. Rotate and Flip,1526.0,Medium,,,,abc189,7721.0,False
AtCoder,abc189_f,F. Sugoroku2,2154.0,Hard,,,,abc189,7721.0,False
AtCoder,abc190_a,A. Very Very Primitive Game,-954.0,Easy,,,,abc190,8034.0,False
AtCoder,abc190_b,B. Magic 3,-774.0,Easy,,,,abc190,8034.0,False
AtCoder,abc190_c,C. Bowls and Dishes,472.0,Easy,,,,abc190,8261.0,False
AtCoder,abc190_d,D. Staircase Sequences,722.0,Easy,,,,abc190,8261.0,False
AtCoder,abc190_e,E. Magical Ornament,1645.0,Medium,,,,abc190,8261.0,False
AtCoder,abc190_f,F. Shift and Inversions,1321.0,Medium,,,,abc190,8261.0,False
AtCoder,abc191_a,A. Vanishing Pitch,-717.0,Easy,,,,abc191,7692.0,False
AtCoder,abc191_b,B. Remove It,-791.0,Easy,,,,abc191,7692.0,False
AtCoder,abc191_c,C. Digital Graffiti,1063.0,Medium,,,,abc191,7939.0,False
AtCoder,abc191_d,D. Circle Lattice Points,1953.0,Medium,,,,abc191,7939.0,False
AtCoder,abc191_e,E. Come Back Quickly,1323.0,Medium,,,,abc191,7939.0,False
AtCoder,abc191_f,F. GCD or MIN,2333.0,Hard,,,,abc191,7939.0,False
AtCoder,abc192_a,A. Star,-1209.0,Easy,,,,abc192,7557.0,False
AtCoder,abc192_b,B. uNrEaDaBlE sTrInG,-748.0,Easy,,,,abc192,7557.0,False
AtCoder,abc192_c,C. Kaprekar Number,-135.0,Easy,,,,abc192,7832.0,False
AtCoder,abc192_d,D. Base n,1425.0,Medium,,,,abc192,7832.0,False
AtCoder,abc192_e,E. Train,1135.0,Medium,,,,abc192,7832.0,False
AtCoder,abc192_f,F. Potion,1783.0,Medium,,,,abc192,7832.0,False
AtCoder,abc193_a,A. Discount,-1117.0,Easy,,,,abc193,7027.0,False
AtCoder,abc193_b,B. Play Snuke,-552.0,Easy,,,,abc193,7027.0,False
AtCoder,abc193_c,C. Unexpressed,378.0,Easy,,,,abc193,7257.0,False
AtCoder,abc193_d,D. Poker,866.0,Medium,,,,abc193,7257.0,False
AtCoder,abc193_e,E. Oversleeping,1948.0,Medium,,,,abc193,7257.0,False
AtCoder,abc193_f,F. Zebraness,2475.0,Hard,,,,abc193,7257.0,False
AtCoder,abc194_a,A. I Scream,-925.0,Easy,,,,abc194,7078.0,False
AtCoder,abc194_b,B. Job Assignment,-138.0,Easy,,,,abc194,7078.0,False
AtCoder,abc194_c,C. Squared Error,386.0,Easy,,,,abc194,7293.0,False
AtCoder,abc194_d,D. Journey,1078.0,Medium,,,,abc194,7293.0,False
AtCoder,abc194_e,E. Mex Min,1088.0,Medium,,,,abc194,7293.0,False
AtCoder,abc194_f,F. Digits Paradise in Hexadecimal,2197.0,Hard,,,,abc194,7293.0,False
AtCoder,abc195_a,A. Health M Death,-1321.0,Easy,,,,abc195,6915.0,False
AtCoder,abc195_b,B. Many Oranges,483.0,Easy,,,,abc195,6915.0,False
AtCoder,abc195_c,C. Comma,235.0,Easy,,,,abc195,7143.0,False
AtCoder,abc195_d,D. Shipping Center,945.0,Medium,,,,abc195,7143.0,False
AtCoder,abc195_e,E. Lucky 7 Battle,1609.0,Medium,,,,abc195,7143.0,False
AtCoder,abc195_f,F. Coprime Present,2068.0,Hard,,,,abc195,7143.0,False
AtCoder,abc196_a,A. Difference Max,-1120.0,Easy,,,,abc196,7535.0,False
AtCoder,abc196_b,B. Round Down,-530.0,Easy,,,,abc196,7535.0,False
AtCoder,abc196_c,C. Doubled,202.0,Easy,,,,abc196,7758.0,False
AtCoder,abc196_d,D. Hanjo,1277.0,Medium,,,,abc196,7758.0,False
AtCoder,abc196_e,E. Filters,1650.0,Medium,,,,abc196,7758.0,False
AtCoder,abc196_f,F. Substring 2,2274.0,Hard,,,,abc196,7758.0,False
AtCoder,abc197_a,A. Rotate,-1263.0,Easy,,,,abc197,6844.0,False
AtCoder,abc197_b,B. Visibility,-170.0,Easy,,,,abc197,6844.0,False
AtCoder,abc197_c,C. ORXOR,809.0,Medium,,,,abc197,7050.0,False
AtCoder,abc197_d,D. Opposite,831.0,Medium,,,,abc197,7050.0,False
AtCoder,abc197_e,E. Traveler,1379.0,Medium,,,,abc197,7050.0,False
AtCoder,abc197_f,F. Construct a Palindrome,1945.0,Medium,,,,abc197,7050.0,False
AtCoder,abc198_a,A. Div,-1088.0,Easy,,,,abc198,6871.0,False
AtCoder,abc198_b,B. Palindrome with leading zeros,-369.0,Easy,,,,abc198,6871.0,False
AtCoder,abc198_c,C. Compass Walking,413.0,Easy,,,,abc198,7073.0,False
AtCoder,abc198_d,D. Send More Money,1224.0,Medium,,,,abc198,7073.0,False
AtCoder,abc198_e,E. Unique Color,1161.0,Medium,,,,abc198,7073.0,False
AtCoder,abc198_f,F. Cube,2769.0,Hard,,,,abc198,7073.0,False
AtCoder,abc199_a,A. Square Inequality,-1323.0,Easy,,,,abc199,7471.0,False
AtCoder,abc199_b,B. Intersection,-547.0,Easy,,,,abc199,7471.0,False
AtCoder,abc199_c,C. IPFL,436.0,Easy,,,,abc199,7697.0,False
AtCoder,abc199_d,D. RGB Coloring 2,1804.0,Medium,,,,abc199,7697.0,False
AtCoder,abc199_e,E. Permutation,1814.0,Medium,,,,abc199,7697.0,False
AtCoder,abc199_f,F. Graph Smoothing,2065.0,Hard,,,,abc199,7697.0,False
AtCoder,abc200_a,A. Century,-1321.0,Easy,,,,abc200,7484.0,False
AtCoder,abc200_b,B. 200th ABC-200,-804.0,Easy,,,,abc200,7484.0,False
AtCoder,abc200_c,C. Ringo's Favorite Numbers 2,138.0,Easy,,,,abc200,7764.0,False
AtCoder,abc200_d,D. Happy Birthday! 2,1217.0,Medium,,,,abc200,7764.0,False
AtCoder,abc200_e,E. Patisserie ABC 2,1955.0,Medium,,,,abc200,7764.0,False
AtCoder,abc200_f,F. Minflip Summation,2556.0,Hard,,,,abc200,7764.0,False
AtCoder,abc201_a,A. Tiny Arithmetic Sequence,-1000.0,Easy,,,,abc201,7672.0,False
AtCoder,abc201_b,B. Do you know the second highest mountain?,-614.0,Easy,,,,abc201,7672.0,False
AtCoder,abc201_c,C. Secret Number,439.0,Easy,,,,abc201,7930.0,False
AtCoder,abc201_d,D. Game in Momotetsu World,1317.0,Medium,,,,abc201,7930.0,False
AtCoder,abc201_e,E. Xor Distances,1694.0,Medium,,,,abc201,7930.0,False
AtCoder,abc201_f,F. Insertion Sort,2484.0,Hard,,,,abc201,7930.0,False
AtCoder,abc202_a,A. Three Dice,-1398.0,Easy,,,,abc202,7862.0,False
AtCoder,abc202_b,B. 180°,-884.0,Easy,,,,abc202,7862.0,False
AtCoder,abc202_c,C. Made Up,130.0,Easy,,,,abc202,8079.0,False
AtCoder,abc202_d,D. aab aba baa,966.0,Medium,,,,abc202,8079.0,False
AtCoder,abc202_e,E. Count Descendants,1638.0,Medium,,,,abc202,8079.0,False
AtCoder,abc202_f,F. Integer Convex Hull,2905.0,Hard,,,,abc202,8079.0,False
AtCoder,abc203_a,A. Chinchirorin,-1276.0,Easy,,,,abc203,7498.0,False
AtCoder,abc203_b,B. AtCoder Condominium,-997.0,Easy,,,,abc203,7498.0,False
AtCoder,abc203_c,C. Friends and Travel costs,54.0,Easy,,,,abc203,7708.0,False
AtCoder,abc203_d,D. Pond,1622.0,Medium,,,,abc203,7708.0,False
AtCoder,abc203_e,E. White Pawn,1750.0,Medium,,,,abc203,7708.0,False
AtCoder,abc203_f,F. Weed,2252.0,Hard,,,,abc203,7708.0,False
AtCoder,abc204_a,A. Rock-paper-scissors,-1213.0,Easy,,,,abc204,7833.0,False
AtCoder,abc204_b,B. Nuts,-1132.0,Easy,,,,abc204,7833.0,False
AtCoder,abc204_c,C. Tour,629.0,Easy,,,,abc204,8080.0,False
AtCoder,abc204_d,D. Cooking,832.0,Medium,,,,abc204,8080.0,False
AtCoder,abc204_e,E. Rush Hour 2,1710.0,Medium,,,,abc204,8080.0,False
AtCoder,abc204_f,F. Hanjo 2,2044.0,Hard,,,,abc204,8080.0,False
AtCoder,abc205_a,A. kcal,-1295.0,Easy,,,,abc205,7889.0,False
AtCoder,abc205_b,B. Permutation Check,-889.0,Easy,,,,abc205,7889.0,False
AtCoder,abc205_c,C. POW,-340.0,Easy,,,,abc205,8107.0,False
AtCoder,abc205_d,D. Kth Excluded,713.0,Easy,,,,abc205,8107.0,False
AtCoder,abc205_e,E. White and Black Balls,2025.0,Hard,,,,abc205,8107.0,False
AtCoder,abc205_f,F. Grid and Tokens,2088.0,Hard,,,,abc205,8107.0,False
AtCoder,abc206_a,A. Maxi-Buying,-1335.0,Easy,,,,abc206,8090.0,False
AtCoder,abc206_b,B. Savings,-946.0,Easy,,,,abc206,8090.0,False
AtCoder,abc206_c,C. Swappable,60.0,Easy,,,,abc206,8326.0,False
AtCoder,abc206_d,D. KAIBUNsyo,879.0,Medium,,,,abc206,8326.0,False
AtCoder,abc206_e,E. Divide Both,1745.0,Medium,,,,abc206,8326.0,False
AtCoder,abc206_f,F. Interval Game 2,2221.0,Hard,,,,abc206,8326.0,False
AtCoder,abc207_a,A. Repression,-1304.0,Easy,,,,abc207,7480.0,False
AtCoder,abc207_b,B. Hydrate,-161.0,Easy,,,,abc207,7480.0,False
AtCoder,abc207_c,C. Many Segments,397.0,Easy,,,,abc207,7706.0,False
AtCoder,abc207_d,D. Congruence Points,2074.0,Hard,,,,abc207,7706.0,False
AtCoder,abc207_e,E. Mod i,1820.0,Medium,,,,abc207,7706.0,False
AtCoder,abc207_f,F. Tree Patrolling,2398.0,Hard,,,,abc207,7706.0,False
AtCoder,abc208_a,A. Rolling Dice,-662.0,Easy,,,,abc208,7464.0,False
AtCoder,abc208_b,B. Factorial Yen Coin,-421.0,Easy,,,,abc208,7464.0,False
AtCoder,abc208_c,C. Fair Candy Distribution,-13.0,Easy,,,,abc208,7704.0,False
AtCoder,abc208_d,D. Shortest Path Queries 2,1190.0,Medium,,,,abc208,7704.0,False
AtCoder,abc208_e,E. Digit Products,2024.0,Hard,,,,abc208,7704.0,False
AtCoder,abc208_f,F. Cumulative Sum,2772.0,Hard,,,,abc208,7704.0,False
AtCoder,abc209_a,A. Counting,-1380.0,Easy,,,,abc209,7797.0,False
AtCoder,abc209_b,B. Can you buy them all?,-978.0,Easy,,,,abc209,7797.0,False
AtCoder,abc209_c,C. Not Equal,264.0,Easy,,,,abc209,8038.0,False
AtCoder,abc209_d,D. Collision,686.0,Easy,,,,abc209,8038.0,False
AtCoder,abc209_e,E. Shiritori,2153.0,Hard,,,,abc209,8038.0,False
AtCoder,abc209_f,F. Deforestation,2307.0,Hard,,,,abc209,8038.0,False
AtCoder,abc210_a,A. Cabbages,-813.0,Easy,,,,abc210,7766.0,False
AtCoder,abc210_b,B. Bouzu Mekuri,-756.0,Easy,,,,abc210,7766.0,False
AtCoder,abc210_c,C. Colorful Candies,357.0,Easy,,,,abc210,7995.0,False
AtCoder,abc210_d,D. National Railway,1507.0,Medium,,,,abc210,7995.0,False
AtCoder,abc210_e,E. Ring MST,1618.0,Medium,,,,abc210,7995.0,False
AtCoder,abc210_f,F. Coprime Solitaire,2632.0,Hard,,,,abc210,7995.0,False
AtCoder,abc211_a,A. Blood Pressure,-1262.0,Easy,,,,abc211,7561.0,False
AtCoder,abc211_b,B. Cycle Hit,-864.0,Easy,,,,abc211,7561.0,False
AtCoder,abc211_c,C. chokudai,559.0,Easy,,,,abc211,7785.0,False
AtCoder,abc211_d,D. Number of Shortest paths,755.0,Easy,,,,abc211,7785.0,False
AtCoder,abc211_e,E. Red Polyomino,1823.0,Medium,,,,abc211,7785.0,False
AtCoder,abc211_f,F. Rectilinear Polygons,2350.0,Hard,,,,abc211,7785.0,False
AtCoder,abc212_a,A. Alloy,-1351.0,Easy,,,,adt_all_20231206_2,7009.0,False
AtCoder,abc212_b,C. Weak Password,-330.0,Easy,,,,adt_all_20260615_2,7009.0,False
AtCoder,abc212_c,F. Min Difference,205.0,Easy,,,,adt_all_20231122_2,7241.0,False
AtCoder,abc212_d,G. Querying Multiset ,775.0,Easy,,,,adt_hard_20240307_2,7241.0,False
AtCoder,abc212_e,H. Safety Journey,1410.0,Medium,,,,adt_all_20231220_1,7241.0,False
AtCoder,abc212_f,I. Greedy Takahashi,2332.0,Hard,,,,adt_all_20240116_2,7241.0,False
AtCoder,abc212_g,G. Power Pair,2150.0,Hard,,,,abc212,7241.0,False
AtCoder,abc212_h,H. Nim Counting,2741.0,Hard,,,,abc212,7241.0,False
AtCoder,abc213_a,A. Bitwise Exclusive Or,-600.0,Easy,,,,adt_easy_20240201_1,7085.0,False
AtCoder,abc213_b,C. Booby Prize,-692.0,Easy,,,,adt_all_20231205_1,7085.0,False
AtCoder,abc213_c,E. Reorder Cards,481.0,Easy,,,,adt_all_20231128_1,7085.0,False
AtCoder,abc213_d,G. Takahashi Tour,710.0,Easy,,,,adt_medium_20240718_3,7085.0,False
AtCoder,abc213_e,H. Stronger Takahashi,1423.0,Medium,,,,adt_all_20231206_2,7085.0,False
AtCoder,abc213_f,I. Common Prefixes,2215.0,Hard,,,,adt_hard_20240124_2,7085.0,False
AtCoder,abc213_g,G. Connectivity 2,2663.0,Hard,,,,abc213,7085.0,False
AtCoder,abc213_h,H. Stroll,2806.0,Hard,,,,abc213,7085.0,False
AtCoder,abc214_a,A. New Generation ABC,-1424.0,Easy,,,,adt_all_20231205_1,7369.0,False
AtCoder,abc214_b,C. How many?,-405.0,Easy,,,,adt_easy_20231130_2,7369.0,False
AtCoder,abc214_c,F. Distribution,309.0,Easy,,,,adt_medium_20231123_2,7627.0,False
AtCoder,abc214_d,G. Sum of Maximum Weights,1341.0,Medium,,,,adt_medium_20231221_2,7627.0,False
AtCoder,abc214_e,H. Packing Under Range Regulations,1835.0,Medium,,,,adt_hard_20240403_3,7627.0,False
AtCoder,abc214_f,I. Substrings,1973.0,Medium,,,,adt_all_20240328_1,7627.0,False
AtCoder,abc214_g,G. Three Permutations,2893.0,Hard,,,,abc214,7627.0,False
AtCoder,abc214_h,H. Collecting,3138.0,Hard,,,,abc214,7627.0,False
AtCoder,abc215_a,A. Your First Judge,-1224.0,Easy,,,,adt_all_20231212_1,7483.0,False
AtCoder,abc215_b,C. log2(N),-307.0,Easy,,,,adt_all_20260617_2,7483.0,False
AtCoder,abc215_c,F. One More aab aba baa,76.0,Easy,,,,adt_all_20240109_1,7731.0,False
AtCoder,abc215_d,G. Coprime 2,736.0,Easy,,,,adt_medium_20231227_2,7731.0,False
AtCoder,abc215_e,H. Chain Contestant,1413.0,Medium,,,,adt_all_20231220_2,7731.0,False
AtCoder,abc215_f,I. Dist Max 2,1853.0,Medium,,,,adt_all_20231226_2,7731.0,False
AtCoder,abc215_g,G. Colorful Candies 2,2276.0,Hard,,,,abc215,7731.0,False
AtCoder,abc215_h,H. Cabbage Master,3101.0,Hard,,,,abc215,7731.0,False
AtCoder,abc216_a,A. Signed Difficulty,-860.0,Easy,,,,adt_easy_20240103_2,6538.0,False
AtCoder,abc216_b,D. Same Name,-537.0,Easy,,,,adt_medium_20240103_1,6538.0,False
AtCoder,abc216_c,F. Many Balls,-6.0,Easy,,,,adt_all_20231220_2,6784.0,False
AtCoder,abc216_d,G. Pair of Balls,1039.0,Medium,,,,adt_hard_20240522_2,6784.0,False
AtCoder,abc216_e,H. Amusement Park,1084.0,Medium,,,,adt_hard_20240529_2,6784.0,False
AtCoder,abc216_f,I. Max Sum Counting,1541.0,Medium,,,,adt_all_20240125_1,6784.0,False
AtCoder,abc216_g,G. 01Sequence,1963.0,Medium,,,,abc216,6784.0,False
AtCoder,abc216_h,H. Random Robots,3295.0,Hard,,,,abc216,6784.0,False
AtCoder,abc217_a,A. Lexicographic Order,-772.0,Easy,,,,adt_all_20231228_1,7490.0,False
AtCoder,abc217_b,C. AtCoder Quiz,-763.0,Easy,,,,adt_medium_20240111_2,7490.0,False
AtCoder,abc217_c,E. Inverse of Permutation,-439.0,Easy,,,,adt_all_20231205_1,7490.0,False
AtCoder,abc217_d,G. Cutting Woods,802.0,Medium,,,,adt_all_20240125_1,7490.0,False
AtCoder,abc217_e,H. Sorting Queries,986.0,Medium,,,,adt_all_20260617_1,7490.0,False
AtCoder,abc217_f,I. Make Pair,1954.0,Medium,,,,adt_all_20231228_2,7490.0,False
AtCoder,abc217_g,G. Groups,2047.0,Hard,,,,abc217,7490.0,False
AtCoder,abc217_h,H. Snuketoon,3112.0,Hard,,,,abc217,7490.0,False
AtCoder,abc218_a,B. Weather Forecast,-1219.0,Easy,,,,adt_easy_20231207_2,7723.0,False
AtCoder,abc218_b,C. qwerty,-929.0,Easy,,,,adt_all_20231121_1,7723.0,False
AtCoder,abc218_c,F. Shapes,1012.0,Medium,,,,adt_all_20231212_1,7981.0,False
AtCoder,abc218_d,G. Rectangles,715.0,Easy,,,,adt_medium_20240118_1,7981.0,False
AtCoder,abc218_e,H. Destruction,1004.0,Medium,,,,adt_all_20231129_2,7981.0,False
AtCoder,abc218_f,I. Blocked Roads,1753.0,Medium,,,,adt_hard_20240507_3,7981.0,False
AtCoder,abc218_g,G. Game on Tree 2,2217.0,Hard,,,,abc218,7981.0,False
AtCoder,abc218_h,H. Red and Blue Lamps,2805.0,Hard,,,,abc218,7981.0,False
AtCoder,abc219_a,A. AtCoder Quiz 2,-1257.0,Easy,,,,adt_all_20240110_1,6507.0,False
AtCoder,abc219_b,C. Maritozzo,-842.0,Easy,,,,adt_easy_20240320_1,6507.0,False
AtCoder,abc219_c,E. Neo-lexicographic Ordering,227.0,Easy,,,,adt_all_20240109_2,6763.0,False
AtCoder,abc219_d,G. Strange Lunchbox,1085.0,Medium,,,,adt_hard_20241128_2,6763.0,False
AtCoder,abc219_e,H. Moat,1690.0,Medium,,,,adt_all_20231121_2,6763.0,False
AtCoder,abc219_f,I. Cleaning Robot,2542.0,Hard,,,,adt_hard_20231226_1,6763.0,False
AtCoder,abc219_g,G. Propagation,2287.0,Hard,,,,abc219,6763.0,False
AtCoder,abc219_h,H. Candles,3297.0,Hard,,,,abc219,6763.0,False
AtCoder,abc220_a,A. Find Multiple,-933.0,Easy,,,,adt_all_20240104_2,6555.0,False
AtCoder,abc220_b,D. Base K,-370.0,Easy,,,,adt_all_20240104_1,6555.0,False
AtCoder,abc220_c,E. Long Sequence,-86.0,Easy,,,,adt_all_20231228_1,6777.0,False
AtCoder,abc220_d,G. FG operation,664.0,Easy,,,,adt_hard_20240612_2,6777.0,False
AtCoder,abc220_e,H. Distance on Large Perfect Binary Tree,1593.0,Medium,,,,adt_all_20240312_1,6777.0,False
AtCoder,abc220_f,I. Distance Sums 2,1304.0,Medium,,,,adt_hard_20240201_3,6777.0,False
AtCoder,abc220_g,G. Isosceles Trapezium,2439.0,Hard,,,,abc220,6777.0,False
AtCoder,abc220_h,H. Security Camera,3047.0,Hard,,,,abc220,6777.0,False
AtCoder,abc221_a,A. Seismic magnitude scales,-1081.0,Easy,,,,adt_all_20240103_1,7261.0,False
AtCoder,abc221_b,D. typo,-371.0,Easy,,,,adt_medium_20231123_1,7261.0,False
AtCoder,abc221_c,E. Select Mul,378.0,Easy,,,,adt_easy_20231220_1,7491.0,False
AtCoder,abc221_d,G. Online games,832.0,Medium,,,,adt_medium_20240104_2,7491.0,False
AtCoder,abc221_e,H. LEQ,1515.0,Medium,,,,adt_hard_20240213_2,7491.0,False
AtCoder,abc221_f,I. Diameter set,2093.0,Hard,,,,adt_hard_20240124_3,7491.0,False
AtCoder,abc221_g,G. Jumping sequence,2914.0,Hard,,,,abc221,7491.0,False
AtCoder,abc221_h,H. Count Multiset,2793.0,Hard,,,,abc221,7491.0,False
AtCoder,abc222_a,A. Four Digits,-1316.0,Easy,,,,adt_all_20231212_2,6415.0,False
AtCoder,abc222_b,C. Failing Grade,-1117.0,Easy,,,,adt_medium_20240103_1,6415.0,False
AtCoder,abc222_c,E. Swiss-System Tournament,366.0,Easy,,,,adt_hard_20240403_2,6638.0,False
AtCoder,abc222_d,G. Between Two Arrays,865.0,Medium,,,,adt_hard_20240718_2,6638.0,False
AtCoder,abc222_e,H. Red and Blue Tree,1491.0,Medium,,,,adt_all_20231207_1,6638.0,False
AtCoder,abc222_f,I. Expensive Expense,1934.0,Medium,,,,adt_all_20231219_1,6638.0,False
AtCoder,abc222_g,G. 222,2242.0,Hard,,,,abc222,6638.0,False
AtCoder,abc222_h,H. Beautiful Binary Tree,3477.0,Hard,,,,abc222,6638.0,False
AtCoder,abc223_a,A. Exact Price,-1257.0,Easy,,,,adt_easy_20231214_2,6009.0,False
AtCoder,abc223_b,C. String Shifting,-213.0,Easy,,,,adt_medium_20240118_1,6009.0,False
AtCoder,abc223_c,E. Doukasen,351.0,Easy,,,,adt_medium_20231221_2,6135.0,False
AtCoder,abc223_d,G. Restricted Permutation,1069.0,Medium,,,,adt_medium_20240117_1,6135.0,False
AtCoder,abc223_e,H. Placing Rectangles,1510.0,Medium,,,,adt_all_20231128_1,6135.0,False
AtCoder,abc223_f,I. Parenthesis Checking,1641.0,Medium,,,,adt_hard_20240118_3,6135.0,False
AtCoder,abc223_g,G. Vertex Deletion,2351.0,Hard,,,,abc223,6135.0,False
AtCoder,abc223_h,H. Xor Query,2771.0,Hard,,,,abc223,6135.0,False
AtCoder,abc224_a,A. Tires,-1263.0,Easy,,,,adt_all_20231213_2,5875.0,False
AtCoder,abc224_b,C. Mongeness,-237.0,Easy,,,,adt_medium_20231205_2,5875.0,False
AtCoder,abc224_c,F. Triangle?,286.0,Easy,,,,adt_medium_20231227_1,6082.0,False
AtCoder,abc224_d,G. 8 Puzzle on Graph,1376.0,Medium,,,,adt_medium_20240103_1,6082.0,False
AtCoder,abc224_e,H. Integers on Grid,1657.0,Medium,,,,adt_all_20231207_2,6082.0,False
AtCoder,abc224_f,I. Problem where +s Separate Digits,1733.0,Medium,,,,adt_all_20231123_2,6082.0,False
AtCoder,abc224_g,G. Roll or Increment,2374.0,Hard,,,,abc224,6082.0,False
AtCoder,abc224_h,H. Security Camera 2,2887.0,Hard,,,,abc224,6082.0,False
AtCoder,abc225_a,A. Distinct Strings,-994.0,Easy,,,,adt_all_20240102_2,5864.0,False
AtCoder,abc225_b,C. Star or Not,-345.0,Easy,,,,adt_easy_20240103_2,5864.0,False
AtCoder,abc225_c,E. Calendar Validator,318.0,Easy,,,,adt_easy_20240103_2,6116.0,False
AtCoder,abc225_d,G. Play Train,778.0,Easy,,,,adt_all_20240604_1,6116.0,False
AtCoder,abc225_e,H. 7,1678.0,Medium,,,,adt_all_20240523_1,6116.0,False
AtCoder,abc225_f,I. String Cards,2612.0,Hard,,,,adt_all_20231227_1,6116.0,False
AtCoder,abc225_g,G. X,2566.0,Hard,,,,abc225,6116.0,False
AtCoder,abc225_h,H. Social Distance 2,3061.0,Hard,,,,abc225,6116.0,False
AtCoder,abc226_a,A. Round decimals,-930.0,Easy,,,,adt_easy_20231227_2,5730.0,False
AtCoder,abc226_b,C. Counting Arrays,107.0,Easy,,,,adt_easy_20240118_3,5730.0,False
AtCoder,abc226_c,F. Martial artist,539.0,Easy,,,,adt_medium_20231220_1,5955.0,False
AtCoder,abc226_d,G. Teleportation,706.0,Easy,,,,adt_medium_20231212_2,5955.0,False
AtCoder,abc226_e,H. Just one,1327.0,Medium,,,,adt_all_20231214_1,5955.0,False
AtCoder,abc226_f,I. Score of Permutations,2086.0,Hard,,,,adt_hard_20240117_1,5955.0,False
AtCoder,abc226_g,G. The baggage,2373.0,Hard,,,,abc226,5955.0,False
AtCoder,abc226_h,H. Random Kth Max,2813.0,Hard,,,,abc226,5955.0,False
AtCoder,abc227_a,B. Last Card,-779.0,Easy,,,,adt_easy_20231213_1,3521.0,False
AtCoder,abc227_b,D. KEYENCE building,-634.0,Easy,,,,adt_easy_20260616_2,3521.0,False
AtCoder,abc227_c,F. ABC conjecture,692.0,Easy,,,,adt_medium_20231121_2,3521.0,False
AtCoder,abc227_d,G. Project Planning,1643.0,Medium,,,,adt_hard_20240326_2,3521.0,False
AtCoder,abc227_e,H. Swap,2377.0,Hard,,,,adt_all_20240103_2,3521.0,False
AtCoder,abc227_f,I. Treasure Hunting,2323.0,Hard,,,,adt_hard_20240312_3,3521.0,False
AtCoder,abc227_g,G. Divisors of Binomial Coefficient,2207.0,Hard,,,,abc227,3521.0,False
AtCoder,abc227_h,H. Eat Them All,3229.0,Hard,,,,abc227,3521.0,False
AtCoder,abc228_a,A. On and Off,-395.0,Easy,,,,adt_all_20231226_2,5537.0,False
AtCoder,abc228_b,D. Takahashi's Secret,-229.0,Easy,,,,adt_easy_20231123_2,5537.0,False
AtCoder,abc228_c,E. Final Day,149.0,Easy,,,,adt_medium_20240208_3,5834.0,False
AtCoder,abc228_d,G. Linear Probing,1035.0,Medium,,,,adt_medium_20231227_1,5834.0,False
AtCoder,abc228_e,H. Integer Sequence Fair,1579.0,Medium,,,,adt_all_20240109_2,5834.0,False
AtCoder,abc228_f,I. Stamp Game,2179.0,Hard,,,,adt_all_20231207_2,5834.0,False
AtCoder,abc228_g,G. Digits on Grid,2711.0,Hard,,,,abc228,5834.0,False
AtCoder,abc228_h,H. Histogram,2729.0,Hard,,,,abc228,5834.0,False
AtCoder,abc229_a,B. First Grid,-721.0,Easy,,,,adt_all_20231123_1,5370.0,False
AtCoder,abc229_b,C. Hard Calculation,-501.0,Easy,,,,adt_medium_20240307_3,5370.0,False
AtCoder,abc229_c,F. Cheese,45.0,Easy,,,,adt_all_20240215_1,5632.0,False
AtCoder,abc229_d,G. Longest X,745.0,Easy,,,,adt_all_20240130_1,5632.0,False
AtCoder,abc229_e,H. Graph Destruction,1015.0,Medium,,,,adt_hard_20241017_2,5632.0,False
AtCoder,abc229_f,I. Make Bipartite,1917.0,Medium,,,,adt_hard_20240402_3,5632.0,False
AtCoder,abc229_g,G. Longest Y,2121.0,Hard,,,,abc229,5632.0,False
AtCoder,abc229_h,H. Advance or Eat,3308.0,Hard,,,,abc229,5632.0,False
AtCoder,abc230_a,A. AtCoder Quiz 3,-1358.0,Easy,,,,adt_easy_20231130_2,4266.0,False
AtCoder,abc230_b,C. Triple Metre,-550.0,Easy,,,,adt_medium_20231207_1,4266.0,False
AtCoder,abc230_c,F. X drawing,566.0,Easy,,,,adt_all_20231219_1,5113.0,False
AtCoder,abc230_d,G. Destroyer Takahashi,963.0,Medium,,,,adt_all_20240104_1,5113.0,False
AtCoder,abc230_e,H. Fraction Floor Sum,969.0,Medium,,,,adt_all_20240117_2,5113.0,False
AtCoder,abc230_f,I. Predilection,2113.0,Hard,,,,adt_all_20231214_1,5113.0,False
AtCoder,abc230_g,G. GCD Permutation,2516.0,Hard,,,,abc230,5113.0,False
AtCoder,abc230_h,H. Bullion,3528.0,Hard,,,,abc230,5113.0,False
AtCoder,abc231_a,A. Water Pressure,-1422.0,Easy,,,,adt_easy_20231206_1,4728.0,False
AtCoder,abc231_b,C. Election,-535.0,Easy,,,,adt_all_20240109_2,4728.0,False
AtCoder,abc231_c,E. Counting 2,111.0,Easy,,,,adt_medium_20231228_2,5688.0,False
AtCoder,abc231_d,G. Neighbors,726.0,Easy,,,,adt_hard_20240228_2,5688.0,False
AtCoder,abc231_e,H. Minimal payments,1740.0,Medium,,,,adt_all_20240207_1,5688.0,False
AtCoder,abc231_f,I. Jealous Two,1580.0,Medium,,,,adt_all_20231214_2,5688.0,False
AtCoder,abc231_g,G. Balls in Boxes,2606.0,Hard,,,,abc231,5688.0,False
AtCoder,abc231_h,H. Minimum Coloring,2681.0,Hard,,,,abc231,5688.0,False
AtCoder,abc232_a,A. QQ solver,-1137.0,Easy,,,,adt_all_20231121_1,4471.0,False
AtCoder,abc232_b,D. Caesar Cipher,-234.0,Easy,,,,adt_medium_20231121_2,4471.0,False
AtCoder,abc232_c,F. Graph Isomorphism,685.0,Easy,,,,adt_medium_20240104_2,5231.0,False
AtCoder,abc232_d,G. Weak Takahashi,539.0,Easy,,,,adt_medium_20240103_2,5231.0,False
AtCoder,abc232_e,H. Rook Path,1380.0,Medium,,,,adt_all_20240104_2,5231.0,False
AtCoder,abc232_f,I. Simple Operations on Sequence,1857.0,Medium,,,,adt_hard_20240206_1,5231.0,False
AtCoder,abc232_g,G. Modulo Shortest Path,2550.0,Hard,,,,abc232,5231.0,False
AtCoder,abc232_h,H. King's Tour,2780.0,Hard,,,,abc232,5231.0,False
AtCoder,abc233_a,A. 10yen Stamp,-1110.0,Easy,,,,adt_all_20231220_2,4867.0,False
AtCoder,abc233_b,C. A Reverse,-748.0,Easy,,,,adt_easy_20231214_2,4867.0,False
AtCoder,abc233_c,F. Product,604.0,Easy,,,,adt_medium_20231207_1,5819.0,False
AtCoder,abc233_d,G. Count Interval,726.0,Easy,,,,adt_hard_20240409_2,5819.0,False
AtCoder,abc233_e,H. Σ[k=0..10^100]floor(X／10^k),969.0,Medium,,,,adt_all_20231213_1,5819.0,False
AtCoder,abc233_f,I. Swap and Sort,2038.0,Hard,,,,adt_all_20240312_1,5819.0,False
AtCoder,abc233_g,G. Strongest Takahashi,2438.0,Hard,,,,abc233,5819.0,False
AtCoder,abc233_h,Ex. Manhattan Christmas Tree ,2530.0,Hard,,,,abc233,5819.0,False
AtCoder,abc234_a,B. Weird Function,-1197.0,Easy,,,,adt_all_20231212_1,5158.0,False
AtCoder,abc234_b,C. Longest Segment,-464.0,Easy,,,,adt_all_20240102_2,5158.0,False
AtCoder,abc234_c,E. Happy New Year!,22.0,Easy,,,,adt_all_20240102_2,6006.0,False
AtCoder,abc234_d,G. Prefix K-th Max,503.0,Easy,,,,adt_all_20231219_1,6006.0,False
AtCoder,abc234_e,H. Arithmetic Number,899.0,Medium,,,,adt_all_20240125_1,6006.0,False
AtCoder,abc234_f,I. Reordering,1596.0,Medium,,,,adt_all_20240102_1,6006.0,False
AtCoder,abc234_g,G. Divide a Sequence,2306.0,Hard,,,,abc234,6006.0,False
AtCoder,abc234_h,Ex. Enumerate Pairs,2505.0,Hard,,,,abc234,6006.0,False
AtCoder,abc235_a,A. Rotate,-1104.0,Easy,,,,adt_all_20231221_1,5701.0,False
AtCoder,abc235_b,D. Climbing Takahashi,-806.0,Easy,,,,adt_easy_20240208_1,5701.0,False
AtCoder,abc235_c,F. The Kth Time Query,210.0,Easy,,,,adt_medium_20240103_1,6705.0,False
AtCoder,abc235_d,G. Multiply and Rotate,862.0,Medium,,,,adt_medium_20231123_2,6705.0,False
AtCoder,abc235_e,H. MST + 1,1304.0,Medium,,,,adt_all_20240214_1,6705.0,False
AtCoder,abc235_f,I. Variety of Digits,2129.0,Hard,,,,adt_all_20240409_1,6705.0,False
AtCoder,abc235_g,G. Gardens,2462.0,Hard,,,,abc235,6705.0,False
AtCoder,abc235_h,Ex. Painting Weighted Graph,2967.0,Hard,,,,abc235,6705.0,False
AtCoder,abc236_a,A. chukodai,-1207.0,Easy,,,,adt_all_20231228_2,6362.0,False
AtCoder,abc236_b,C. Who is missing?,-655.0,Easy,,,,adt_all_20231228_1,6362.0,False
AtCoder,abc236_c,E. Route Map,-245.0,Easy,,,,adt_easy_20231123_2,7381.0,False
AtCoder,abc236_d,G. Dance,1190.0,Medium,,,,adt_all_20231206_2,7381.0,False
AtCoder,abc236_e,H. Average and Median,1893.0,Medium,,,,adt_all_20231130_2,7381.0,False
AtCoder,abc236_f,I. Spices,1943.0,Medium,,,,adt_hard_20240222_3,7381.0,False
AtCoder,abc236_g,G. Good Vertices,2438.0,Hard,,,,abc236,7381.0,False
AtCoder,abc236_h,Ex. Distinct Multiples,2898.0,Hard,,,,abc236,7381.0,False
AtCoder,abc237_a,A. Not Overflow,-702.0,Easy,,,,adt_easy_20231207_2,6034.0,False
AtCoder,abc237_b,C. Matrix Transposition,-449.0,Easy,,,,adt_medium_20240104_2,6034.0,False
AtCoder,abc237_c,F. kasaka,239.0,Easy,,,,adt_all_20240104_1,6968.0,False
AtCoder,abc237_d,G. LR insertion,544.0,Easy,,,,adt_all_20240124_1,6968.0,False
AtCoder,abc237_e,H. Skiing,1208.0,Medium,,,,adt_all_20240124_1,6968.0,False
AtCoder,abc237_f,I. |LIS| = 3,1857.0,Medium,,,,adt_all_20241010_1,6968.0,False
AtCoder,abc237_g,G. Range Sort Query,2088.0,Hard,,,,abc237,6968.0,False
AtCoder,abc237_h,Ex. Hakata,2807.0,Hard,,,,abc237,6968.0,False
AtCoder,abc238_a,A. Exponential or Quadratic,-689.0,Easy,,,,adt_easy_20240131_1,6085.0,False
AtCoder,abc238_b,C. Pizza,88.0,Easy,,,,adt_easy_20240206_2,6085.0,False
AtCoder,abc238_c,F. digitnum,637.0,Easy,,,,adt_medium_20231228_2,7150.0,False
AtCoder,abc238_d,G. AND and SUM,921.0,Medium,,,,adt_medium_20231128_2,7150.0,False
AtCoder,abc238_e,H. Range Sums,1577.0,Medium,,,,adt_all_20231221_2,7150.0,False
AtCoder,abc238_f,I. Two Exams,2058.0,Hard,,,,adt_all_20240109_2,7150.0,False
AtCoder,abc238_g,G. Cubic?,2254.0,Hard,,,,abc238,7150.0,False
AtCoder,abc238_h,Ex. Removing People,3247.0,Hard,,,,abc238,7150.0,False
AtCoder,abc239_a,A. Horizon,-788.0,Easy,,,,adt_all_20231122_2,5854.0,False
AtCoder,abc239_b,C. Integer Division,-378.0,Easy,,,,adt_easy_20231122_1,5854.0,False
AtCoder,abc239_c,E. Knight Fork,119.0,Easy,,,,adt_easy_20231213_1,6806.0,False
AtCoder,abc239_d,G. Prime Sum Game,215.0,Easy,,,,adt_all_20240215_1,6806.0,False
AtCoder,abc239_e,H. Subtree K-th Max,1084.0,Medium,,,,adt_hard_20240424_3,6806.0,False
AtCoder,abc239_f,I. Construct Highway,1959.0,Medium,,,,adt_all_20240618_1,6806.0,False
AtCoder,abc239_g,G. Builder Takahashi,2215.0,Hard,,,,abc239,6806.0,False
AtCoder,abc239_h,Ex. Dice Product 2,2686.0,Hard,,,,abc239,6806.0,False
AtCoder,abc240_a,A. Edge Checker,-1214.0,Easy,,,,adt_all_20231130_1,5844.0,False
AtCoder,abc240_b,D. Count Distinct Integers,-819.0,Easy,,,,adt_all_20231129_2,5844.0,False
AtCoder,abc240_c,E. Jumping Takahashi,464.0,Easy,,,,adt_all_20260615_1,6738.0,False
AtCoder,abc240_d,G. Strange Balls,570.0,Easy,,,,adt_hard_20240201_2,6738.0,False
AtCoder,abc240_e,H. Ranges on Tree,1068.0,Medium,,,,adt_all_20240502_1,6738.0,False
AtCoder,abc240_f,I. Sum Sum Max,1589.0,Medium,,,,adt_all_20240109_1,6738.0,False
AtCoder,abc240_g,G. Teleporting Takahashi,2462.0,Hard,,,,abc240,6738.0,False
AtCoder,abc240_h,Ex. Sequence of Substrings,3184.0,Hard,,,,abc240,6738.0,False
AtCoder,abc241_a,B. Digit Machine,-923.0,Easy,,,,adt_easy_20231227_2,6659.0,False
AtCoder,abc241_b,C. Pasta,-503.0,Easy,,,,adt_easy_20240130_1,6659.0,False
AtCoder,abc241_c,F. Connect 6,664.0,Easy,,,,adt_all_20231129_2,7710.0,False
AtCoder,abc241_d,G. Sequence Query,1177.0,Medium,,,,adt_all_20260617_1,7710.0,False
AtCoder,abc241_e,H. Putting Candies,1248.0,Medium,,,,adt_hard_20240213_3,7710.0,False
AtCoder,abc241_f,I. Skate,1888.0,Medium,,,,adt_hard_20240815_2,7710.0,False
AtCoder,abc241_g,G. Round Robin,2422.0,Hard,,,,abc241,7710.0,False
AtCoder,abc241_h,Ex. Card Deck Score,2881.0,Hard,,,,abc241,7710.0,False
AtCoder,abc242_a,B. T-shirt,-555.0,Easy,,,,adt_all_20240109_1,6713.0,False
AtCoder,abc242_b,C. Minimize Ordering,-478.0,Easy,,,,adt_medium_20231227_1,6713.0,False
AtCoder,abc242_c,E. 1111gal password,512.0,Easy,,,,adt_easy_20240125_1,6713.0,False
AtCoder,abc242_d,G. ABC Transform,1286.0,Medium,,,,adt_all_20240118_2,6713.0,False
AtCoder,abc242_e,H. (∀x∀),1365.0,Medium,,,,adt_hard_20240808_3,6713.0,False
AtCoder,abc242_f,I. Black and White Rooks,2268.0,Hard,,,,adt_hard_20240130_3,6713.0,False
AtCoder,abc242_g,G. Range Pairing Query,1828.0,Medium,,,,abc242,6713.0,False
AtCoder,abc242_h,Ex. Random Painting,2835.0,Hard,,,,abc242,6713.0,False
AtCoder,abc243_a,B. Shampoo,-841.0,Easy,,,,adt_all_20231121_1,6412.0,False
AtCoder,abc243_b,C. Hit and Blow,-692.0,Easy,,,,adt_easy_20231206_1,6412.0,False
AtCoder,abc243_c,E. Collision 2,409.0,Easy,,,,adt_medium_20231123_1,7395.0,False
AtCoder,abc243_d,G. Moves on Binary Tree,758.0,Easy,,,,adt_hard_20240314_2,7395.0,False
AtCoder,abc243_e,H. Edge Deletion,1637.0,Medium,,,,adt_all_20240327_1,7395.0,False
AtCoder,abc243_f,I. Lottery,2125.0,Hard,,,,adt_hard_20240328_2,7395.0,False
AtCoder,abc243_g,G. Sqrt,2032.0,Hard,,,,abc243,7395.0,False
AtCoder,abc243_h,Ex. Builder Takahashi (Enhanced version),3884.0,Hard,,,,abc243,7395.0,False
AtCoder,abc244_a,A. Last Letter,-1271.0,Easy,,,,adt_easy_20231122_1,5107.0,False
AtCoder,abc244_b,C. Go Straight and Turn Right,-637.0,Easy,,,,adt_medium_20240110_1,5107.0,False
AtCoder,abc244_c,E. Yamanote Line Game,46.0,Easy,,,,adt_all_20231122_2,5912.0,False
AtCoder,abc244_d,G. Swap Hats,47.0,Easy,,,,adt_hard_20240207_2,5912.0,False
AtCoder,abc244_e,H. King Bombee,1125.0,Medium,,,,adt_all_20231219_2,5912.0,False
AtCoder,abc244_f,I. Shortest Good Path,1661.0,Medium,,,,adt_all_20231129_2,5912.0,False
AtCoder,abc244_g,G. Construct Good Path,2117.0,Hard,,,,abc244,5912.0,False
AtCoder,abc244_h,Ex. Linear Maximization,2878.0,Hard,,,,abc244,5912.0,False
AtCoder,abc245_a,A. Good morning,-716.0,Easy,,,,adt_easy_20240110_2,6248.0,False
AtCoder,abc245_b,D. Mex,-523.0,Easy,,,,adt_easy_20240116_3,6248.0,False
AtCoder,abc245_c,E. Choose Elements,403.0,Easy,,,,adt_all_20231213_2,7294.0,False
AtCoder,abc245_d,G. Polynomial division,815.0,Medium,,,,adt_all_20240214_1,7294.0,False
AtCoder,abc245_e,H. Wrapping Chocolate,1571.0,Medium,,,,adt_all_20231121_1,7294.0,False
AtCoder,abc245_f,I. Endless Walk,1451.0,Medium,,,,adt_all_20231130_1,7294.0,False
AtCoder,abc245_g,G. Foreign Friends,2270.0,Hard,,,,abc245,7294.0,False
AtCoder,abc245_h,Ex. Product Modulo 2,3057.0,Hard,,,,abc245,7294.0,False
AtCoder,abc246_a,A. Four Points,-670.0,Easy,,,,adt_all_20231221_2,6088.0,False
AtCoder,abc246_b,C. Get Closer,-250.0,Easy,,,,adt_easy_20231227_2,6088.0,False
AtCoder,abc246_c,F. Coupon,330.0,Easy,,,,adt_medium_20240102_1,7100.0,False
AtCoder,abc246_d,G. 2-variable Function,1148.0,Medium,,,,adt_all_20240409_1,7100.0,False
AtCoder,abc246_e,H. Bishop 2,1476.0,Medium,,,,adt_all_20240123_2,7100.0,False
AtCoder,abc246_f,I. typewriter,1677.0,Medium,,,,adt_hard_20240611_3,7100.0,False
AtCoder,abc246_g,G. Game on Tree 3,2313.0,Hard,,,,abc246,7100.0,False
AtCoder,abc246_h,Ex. 01? Queries,2677.0,Hard,,,,abc246,7100.0,False
AtCoder,abc247_a,A. Move Right,-944.0,Easy,,,,adt_easy_20231123_2,5965.0,False
AtCoder,abc247_b,C. Unique Nicknames,127.0,Easy,,,,adt_easy_20240117_3,5965.0,False
AtCoder,abc247_c,E. 1 2 1 3 1 2 1,5.0,Easy,,,,adt_medium_20240110_1,6819.0,False
AtCoder,abc247_d,G. Cylinder,468.0,Easy,,,,adt_all_20240109_1,6819.0,False
AtCoder,abc247_e,H. Max Min,1256.0,Medium,,,,adt_hard_20240123_1,6819.0,False
AtCoder,abc247_f,I. Cards,1697.0,Medium,,,,adt_hard_20240125_2,6819.0,False
AtCoder,abc247_g,G. Dream Team,2159.0,Hard,,,,abc247,6819.0,False
AtCoder,abc247_h,Ex. Rearranging Problem,2664.0,Hard,,,,abc247,6819.0,False
AtCoder,abc248_a,B. Lacked Number,-769.0,Easy,,,,adt_all_20240102_2,5871.0,False
AtCoder,abc248_b,C. Slimes,-511.0,Easy,,,,adt_all_20231129_2,5871.0,False
AtCoder,abc248_c,F. Dice Sum,787.0,Easy,,,,adt_medium_20231205_2,6826.0,False
AtCoder,abc248_d,G. Range Count Query,793.0,Easy,,,,adt_hard_20240131_2,6826.0,False
AtCoder,abc248_e,H. K-colinear Line,1292.0,Medium,,,,adt_all_20240104_1,6826.0,False
AtCoder,abc248_f,I. Keep Connect,1828.0,Medium,,,,adt_all_20231220_2,6826.0,False
AtCoder,abc248_g,G. GCD cost on the tree,2514.0,Hard,,,,abc248,6826.0,False
AtCoder,abc248_h,Ex. Beautiful Subsequences,2960.0,Hard,,,,abc248,6826.0,False
AtCoder,abc249_a,B. Jogging,-142.0,Easy,,,,adt_easy_20231214_2,5621.0,False
AtCoder,abc249_b,C. Perfect String,-459.0,Easy,,,,adt_all_20231220_2,5621.0,False
AtCoder,abc249_c,E. Just K,528.0,Easy,,,,adt_all_20231206_2,6423.0,False
AtCoder,abc249_d,G. Index Trio,983.0,Medium,,,,adt_all_20240305_1,6423.0,False
AtCoder,abc249_e,H. RLE,1970.0,Medium,,,,adt_hard_20240522_3,6423.0,False
AtCoder,abc249_f,I. Ignore Operations,1786.0,Medium,,,,adt_all_20231221_1,6423.0,False
AtCoder,abc249_g,G. Xor Cards,2756.0,Hard,,,,abc249,6423.0,False
AtCoder,abc249_h,Ex. Dye Color,3487.0,Hard,,,,abc249,6423.0,False
AtCoder,abc250_a,B. Adjacent Squares,-706.0,Easy,,,,adt_all_20240124_1,5325.0,False
AtCoder,abc250_b,D. Enlarged Checker Board,-119.0,Easy,,,,adt_easy_20240116_2,5325.0,False
AtCoder,abc250_c,E. Adjacent Swaps,517.0,Easy,,,,adt_easy_20231130_2,6045.0,False
AtCoder,abc250_d,G. 250-like Number,797.0,Easy,,,,adt_all_20231213_2,6045.0,False
AtCoder,abc250_e,H. Prefix Equality,1421.0,Medium,,,,adt_hard_20240606_2,6045.0,False
AtCoder,abc250_f,I. One Fourth,2044.0,Hard,,,,adt_all_20231219_2,6045.0,False
AtCoder,abc250_g,G. Stonks,2219.0,Hard,,,,abc250,6045.0,False
AtCoder,abc250_h,Ex. Trespassing Takahashi,2773.0,Hard,,,,abc250,6045.0,False
AtCoder,abc251_a,A. Six Characters,-1113.0,Easy,,,,adt_easy_20240206_2,5769.0,False
AtCoder,abc251_b,D. At Most 3 (Judge ver.),83.0,Easy,,,,adt_all_20240109_1,5769.0,False
AtCoder,abc251_c,F. Poem Online Judge,205.0,Easy,,,,adt_medium_20240208_3,6694.0,False
AtCoder,abc251_d,G. At Most 3 (Contestant ver.),1463.0,Medium,,,,adt_medium_20231130_2,6694.0,False
AtCoder,abc251_e,H. Takahashi and Animals,1227.0,Medium,,,,adt_all_20260615_2,6694.0,False
AtCoder,abc251_f,I. Two Spanning Trees,1703.0,Medium,,,,adt_all_20260617_2,6694.0,False
AtCoder,abc251_g,G. Intersection of Polygons,2468.0,Hard,,,,abc251,6694.0,False
AtCoder,abc251_h,Ex. Fill Triangle,3108.0,Hard,,,,abc251,6694.0,False
AtCoder,abc252_a,A. ASCII code,-1225.0,Easy,,,,adt_all_20231128_1,6434.0,False
AtCoder,abc252_b,D. Takahashi's Failure,-497.0,Easy,,,,adt_medium_20240117_1,6434.0,False
AtCoder,abc252_c,F. Slot Strategy,441.0,Easy,,,,adt_all_20231221_1,7424.0,False
AtCoder,abc252_d,G. Distinct Trio,884.0,Medium,,,,adt_medium_20240404_3,7424.0,False
AtCoder,abc252_e,H. Road Reduction,1294.0,Medium,,,,adt_all_20240111_1,7424.0,False
AtCoder,abc252_f,I. Bread,1609.0,Medium,,,,adt_all_20240222_1,7424.0,False
AtCoder,abc252_g,G. Pre-Order,2153.0,Hard,,,,abc252,7424.0,False
AtCoder,abc252_h,Ex. K-th beautiful Necklace,3015.0,Hard,,,,abc252,7424.0,False
AtCoder,abc253_a,A. Median?,-857.0,Easy,,,,adt_easy_20231129_1,6265.0,False
AtCoder,abc253_b,D. Distance Between Tokens,-378.0,Easy,,,,adt_all_20240109_2,6265.0,False
AtCoder,abc253_c,F. Max - Min Query,518.0,Easy,,,,adt_medium_20231130_2,7373.0,False
AtCoder,abc253_d,G. FizzBuzz Sum Hard,520.0,Easy,,,,adt_all_20240731_1,7373.0,False
AtCoder,abc253_e,H. Distance Sequence,1073.0,Medium,,,,adt_all_20231221_1,7373.0,False
AtCoder,abc253_f,I. Operations on a Matrix,1756.0,Medium,,,,adt_hard_20240213_2,7373.0,False
AtCoder,abc253_g,G. Swap Many Times,2051.0,Hard,,,,abc253,7373.0,False
AtCoder,abc253_h,Ex. We Love Forest,2758.0,Hard,,,,abc253,7373.0,False
AtCoder,abc254_a,A. Last Two Digits,-1194.0,Easy,,,,adt_all_20231121_2,6785.0,False
AtCoder,abc254_b,D. Practical Computing,-476.0,Easy,,,,adt_medium_20231226_1,6785.0,False
AtCoder,abc254_c,F. K Swap,536.0,Easy,,,,adt_medium_20231128_2,7787.0,False
AtCoder,abc254_d,G. Together Square,1191.0,Medium,,,,adt_medium_20231214_2,7787.0,False
AtCoder,abc254_e,H. Small d and k,1202.0,Medium,,,,adt_all_20231122_2,7787.0,False
AtCoder,abc254_f,I. Rectangle GCD,1764.0,Medium,,,,adt_hard_20240123_3,7787.0,False
AtCoder,abc254_g,G. Elevators,2890.0,Hard,,,,abc254,7787.0,False
AtCoder,abc254_h,Ex. Multiply or Divide by 2,2499.0,Hard,,,,abc254,7787.0,False
AtCoder,abc255_a,"B. You should output ARC, though this is ABC.",-983.0,Easy,,,,adt_all_20240111_2,6352.0,False
AtCoder,abc255_b,C. Light It Up,348.0,Easy,,,,adt_medium_20240215_3,6352.0,False
AtCoder,abc255_c,F. ±1 Operation 1 ,574.0,Easy,,,,adt_medium_20231123_1,6352.0,False
AtCoder,abc255_d,G. ±1 Operation 2,788.0,Easy,,,,adt_hard_20240425_2,6352.0,False
AtCoder,abc255_e,H. Lucky Numbers,1519.0,Medium,,,,adt_all_20240220_1,6352.0,False
AtCoder,abc255_f,I. Pre-order and In-order,1797.0,Medium,,,,adt_hard_20240305_2,6352.0,False
AtCoder,abc255_g,G. Constrained Nim,2734.0,Hard,,,,abc255,6352.0,False
AtCoder,abc255_h,Ex. Range Harvest Query,2430.0,Hard,,,,abc255,6352.0,False
AtCoder,abc256_a,B. 2^N,-1191.0,Easy,,,,adt_all_20231128_1,6088.0,False
AtCoder,abc256_b,D. Batters,-227.0,Easy,,,,adt_all_20231122_2,6088.0,False
AtCoder,abc256_c,F. Filling 3x3 array,541.0,Easy,,,,adt_medium_20240305_3,7049.0,False
AtCoder,abc256_d,G. Union of Interval,546.0,Easy,,,,adt_medium_20240403_3,7049.0,False
AtCoder,abc256_e,H. Takahashi's Anguish,1224.0,Medium,,,,adt_all_20231212_1,7049.0,False
AtCoder,abc256_f,I. Cumulative Cumulative Cumulative Sum,2067.0,Hard,,,,adt_all_20231130_2,7049.0,False
AtCoder,abc256_g,G. Black and White Stones,2250.0,Hard,,,,abc256,7049.0,False
AtCoder,abc256_h,Ex. I like Query Problem,2531.0,Hard,,,,abc256,7049.0,False
AtCoder,abc257_a,B. A to Z String 2,-754.0,Easy,,,,adt_easy_20231129_1,6015.0,False
AtCoder,abc257_b,D. 1D Pawn,-194.0,Easy,,,,adt_medium_20231128_2,6015.0,False
AtCoder,abc257_c,F. Robot Takahashi ,678.0,Easy,,,,adt_medium_20231227_2,6914.0,False
AtCoder,abc257_d,G. Jumping Takahashi 2,1203.0,Medium,,,,adt_all_20231121_1,6914.0,False
AtCoder,abc257_e,H. Addition and Multiplication 2,1385.0,Medium,,,,adt_hard_20240227_3,6914.0,False
AtCoder,abc257_f,I. Teleporter Setting ,1775.0,Medium,,,,adt_all_20240201_1,6914.0,False
AtCoder,abc257_g,G. Prefix Concatenation,2078.0,Hard,,,,abc257,6914.0,False
AtCoder,abc257_h,Ex. Dice Sum 2,3461.0,Hard,,,,abc257,6914.0,False
AtCoder,abc258_a,A. When?,-1060.0,Easy,,,,adt_all_20231205_2,6524.0,False
AtCoder,abc258_b,D. Number Box,511.0,Easy,,,,adt_all_20231205_1,6524.0,False
AtCoder,abc258_c,F. Rotation,419.0,Easy,,,,adt_all_20231121_1,7496.0,False
AtCoder,abc258_d,G. Trophy,687.0,Easy,,,,adt_all_20240208_1,7496.0,False
AtCoder,abc258_e,H. Packing Potatoes,1545.0,Medium,,,,adt_all_20231219_1,7496.0,False
AtCoder,abc258_f,I. Main Street,2306.0,Hard,,,,adt_all_20231121_2,7496.0,False
AtCoder,abc258_g,G. Triangle,1944.0,Medium,,,,abc258,7496.0,False
AtCoder,abc258_h,Ex. Odd Steps,2708.0,Hard,,,,abc258,7496.0,False
AtCoder,abc259_a,B. Growth Record,-582.0,Easy,,,,adt_all_20231206_2,6113.0,False
AtCoder,abc259_b,D. Counterclockwise Rotation,81.0,Easy,,,,adt_all_20231128_1,6113.0,False
AtCoder,abc259_c,E. XX to XXX,451.0,Easy,,,,adt_medium_20231212_2,6976.0,False
AtCoder,abc259_d,G. Circumferences,947.0,Medium,,,,adt_all_20231122_2,6976.0,False
AtCoder,abc259_e,H. LCM on Whiteboard,1370.0,Medium,,,,adt_all_20240201_1,6976.0,False
AtCoder,abc259_f,I. Select Edges,1961.0,Medium,,,,adt_all_20240229_1,6976.0,False
AtCoder,abc259_g,G. Grid Card Game,2428.0,Hard,,,,abc259,6976.0,False
AtCoder,abc259_h,Ex. Yet Another Path Counting,2406.0,Hard,,,,abc259,6976.0,False
AtCoder,abc260_a,A. A Unique Letter,-989.0,Easy,,,,adt_all_20231219_2,6007.0,False
AtCoder,abc260_b,C. Better Students Are Needed!,112.0,Easy,,,,adt_medium_20240125_3,6007.0,False
AtCoder,abc260_c,E. Changing Jewels,413.0,Easy,,,,adt_easy_20231227_2,6812.0,False
AtCoder,abc260_d,G. Draw Your Cards,1074.0,Medium,,,,adt_medium_20231129_1,6812.0,False
AtCoder,abc260_e,H. At Least One,1692.0,Medium,,,,adt_all_20231213_2,6812.0,False
AtCoder,abc260_f,I. Find 4-cycle,1995.0,Medium,,,,adt_all_20231122_1,6812.0,False
AtCoder,abc260_g,G. Scalene Triangle Area,2339.0,Hard,,,,abc260,6812.0,False
AtCoder,abc260_h,Ex. Colorfulness,3339.0,Hard,,,,abc260,6812.0,False
AtCoder,abc261_a,B. Intersection,-423.0,Easy,,,,adt_easy_20240206_1,6139.0,False
AtCoder,abc261_b,C. Tournament Result,-275.0,Easy,,,,adt_easy_20231220_1,6139.0,False
AtCoder,abc261_c,E. NewFolder(1),79.0,Easy,,,,adt_medium_20231219_2,7054.0,False
AtCoder,abc261_d,G. Flipping and Bonus,801.0,Medium,,,,adt_all_20240627_1,7054.0,False
AtCoder,abc261_e,H. Many Operations,1261.0,Medium,,,,adt_all_20240116_2,7054.0,False
AtCoder,abc261_f,I. Sorting Color Balls,1587.0,Medium,,,,adt_hard_20241205_3,7054.0,False
AtCoder,abc261_g,G. Replace,2803.0,Hard,,,,abc261,7054.0,False
AtCoder,abc261_h,Ex. Game on Graph,2531.0,Hard,,,,abc261,7054.0,False
AtCoder,abc262_a,A. World Cup,-1190.0,Easy,,,,adt_all_20240111_2,5368.0,False
AtCoder,abc262_b,D. Triangle (Easier),160.0,Easy,,,,adt_easy_20231130_2,5368.0,False
AtCoder,abc262_c,E. Min Max Pair,360.0,Easy,,,,adt_hard_20240215_2,6182.0,False
AtCoder,abc262_d,G. I Hate Non-integer Number,1213.0,Medium,,,,adt_medium_20231214_1,6182.0,False
AtCoder,abc262_e,H. Red and Blue Graph,1719.0,Medium,,,,adt_all_20240110_1,6182.0,False
AtCoder,abc262_f,I. Erase and Rotate,2334.0,Hard,,,,adt_all_20240220_1,6182.0,False
AtCoder,abc262_g,G. LIS with Stack,3114.0,Hard,,,,abc262,6182.0,False
AtCoder,abc262_h,Ex. Max Limited Sequence,2957.0,Hard,,,,abc262,6182.0,False
AtCoder,abc263_a,B. Full House,-679.0,Easy,,,,adt_easy_20240201_1,5640.0,False
AtCoder,abc263_b,D. Ancestor,-32.0,Easy,,,,adt_medium_20231219_2,5640.0,False
AtCoder,abc263_c,F. Monotonically Increasing,282.0,Easy,,,,adt_medium_20240214_3,6532.0,False
AtCoder,abc263_d,G. Left Right Operation,1016.0,Medium,,,,adt_medium_20231130_1,6532.0,False
AtCoder,abc263_e,H. Sugoroku 3,1659.0,Medium,,,,adt_all_20231228_1,6532.0,False
AtCoder,abc263_f,I. Tournament,2066.0,Hard,,,,adt_all_20231122_2,6532.0,False
AtCoder,abc263_g,G. Erasing Prime Pairs,2261.0,Hard,,,,abc263,6532.0,False
AtCoder,abc263_h,Ex. Intersection 2,3041.0,Hard,,,,abc263,6532.0,False
AtCoder,abc264_a,"A. ""atcoder"".substr()",-1180.0,Easy,,,,adt_easy_20240213_1,5678.0,False
AtCoder,abc264_b,D. Nice Grid,-391.0,Easy,,,,adt_easy_20240201_2,5678.0,False
AtCoder,abc264_c,F. Matrix Reducing,758.0,Easy,,,,adt_medium_20231206_1,6657.0,False
AtCoder,abc264_d,"G. ""redocta"".swap(i,i+1)",414.0,Easy,,,,adt_medium_20240221_3,6657.0,False
AtCoder,abc264_e,H. Blackout 2,1229.0,Medium,,,,adt_hard_20240207_3,6657.0,False
AtCoder,abc264_f,I. Monochromatic Path,1878.0,Medium,,,,adt_hard_20240131_2,6657.0,False
AtCoder,abc264_g,G. String Fair,2348.0,Hard,,,,abc264,6657.0,False
AtCoder,abc264_h,Ex. Perfect Binary Tree,2660.0,Hard,,,,abc264,6657.0,False
AtCoder,abc265_a,A. Apple,-841.0,Easy,,,,adt_easy_20260617_1,5580.0,False
AtCoder,abc265_b,D. Explore,13.0,Easy,,,,adt_all_20231220_2,5580.0,False
AtCoder,abc265_c,F. Belt Conveyor,146.0,Easy,,,,adt_hard_20240116_3,6365.0,False
AtCoder,abc265_d,G. Iroha and Haiku (New ABC Edition),727.0,Easy,,,,adt_medium_20240227_3,6365.0,False
AtCoder,abc265_e,H. Warp,1531.0,Medium,,,,adt_all_20240118_2,6365.0,False
AtCoder,abc265_f,I. Manhattan Cafe,2290.0,Hard,,,,adt_all_20240111_1,6365.0,False
AtCoder,abc265_g,G. 012 Inversion,2436.0,Hard,,,,abc265,6365.0,False
AtCoder,abc265_h,Ex. No-capture Lance Game,3319.0,Hard,,,,abc265,6365.0,False
AtCoder,abc266_a,A. Middle  Letter,-1129.0,Easy,,,,adt_easy_20240102_1,5834.0,False
AtCoder,abc266_b,D. Modulo Number,-176.0,Easy,,,,adt_all_20231221_1,5834.0,False
AtCoder,abc266_c,E. Convex Quadrilateral,516.0,Easy,,,,adt_hard_20240123_3,6803.0,False
AtCoder,abc266_d,G. Snuke Panic (1D),840.0,Medium,,,,adt_medium_20240125_3,6803.0,False
AtCoder,abc266_e,H. Throwing the Die,1227.0,Medium,,,,adt_hard_20240116_1,6803.0,False
AtCoder,abc266_f,I. Well-defined Path Queries on a Namori,1525.0,Medium,,,,adt_all_20240110_1,6803.0,False
AtCoder,abc266_g,G. Yet Another RGB Sequence,2045.0,Hard,,,,abc266,6803.0,False
AtCoder,abc266_h,Ex. Snuke Panic (2D),2865.0,Hard,,,,abc266,6803.0,False
AtCoder,abc267_a,A. Saturday,-984.0,Easy,,,,adt_all_20231219_1,6159.0,False
AtCoder,abc267_b,D. Split?,61.0,Easy,,,,adt_medium_20240110_1,6159.0,False
AtCoder,abc267_c,E. Index × A(Continuous ver.),524.0,Easy,,,,adt_easy_20231214_2,7205.0,False
AtCoder,abc267_d,G. Index × A(Not Continuous ver.),864.0,Medium,,,,adt_hard_20240725_2,7205.0,False
AtCoder,abc267_e,H. Erasing Vertices 2,1313.0,Medium,,,,adt_all_20240130_1,7205.0,False
AtCoder,abc267_f,I. Exactly K Steps,1939.0,Medium,,,,adt_all_20231212_2,7205.0,False
AtCoder,abc267_g,G. Increasing K Times,2561.0,Hard,,,,abc267,7205.0,False
AtCoder,abc267_h,Ex. Odd Sum,2422.0,Hard,,,,abc267,7205.0,False
AtCoder,abc268_a,B. Five Integers,-876.0,Easy,,,,adt_all_20231207_1,5575.0,False
AtCoder,abc268_b,D. Prefix?,-696.0,Easy,,,,adt_all_20240102_2,5575.0,False
AtCoder,abc268_c,F. Chinese Restaurant,676.0,Easy,,,,adt_medium_20231207_2,6433.0,False
AtCoder,abc268_d,G. Unique Username,1309.0,Medium,,,,adt_all_20240320_1,6433.0,False
AtCoder,abc268_e,H. Chinese Restaurant (Three-Star Version),1927.0,Medium,,,,adt_hard_20240131_2,6433.0,False
AtCoder,abc268_f,I. Best Concatenation,1807.0,Medium,,,,adt_all_20231206_1,6433.0,False
AtCoder,abc268_g,G. Random Student ID,2311.0,Hard,,,,abc268,6433.0,False
AtCoder,abc268_h,Ex. Taboo,2560.0,Hard,,,,abc268,6433.0,False
AtCoder,abc269_a,A. Anyway Takahashi,-1162.0,Easy,,,,adt_all_20231123_1,5404.0,False
AtCoder,abc269_b,C. Rectangle Detection,-308.0,Easy,,,,adt_medium_20231219_2,5404.0,False
AtCoder,abc269_c,E. Submask,384.0,Easy,,,,adt_easy_20240201_1,6313.0,False
AtCoder,abc269_d,G. Do use hexagon grid,612.0,Easy,,,,adt_hard_20240320_2,6313.0,False
AtCoder,abc269_e,H. Last Rook,1030.0,Medium,,,,adt_hard_20240710_2,6313.0,False
AtCoder,abc269_f,I. Numbered Checker,1601.0,Medium,,,,adt_hard_20240327_3,6313.0,False
AtCoder,abc269_g,G. Reversible Cards 2,2440.0,Hard,,,,abc269,6313.0,False
AtCoder,abc269_h,Ex. Antichain,3178.0,Hard,,,,abc269,6313.0,False
AtCoder,abc270_a,B. 1-2-4 Test,-473.0,Easy,,,,adt_all_20231228_2,5664.0,False
AtCoder,abc270_b,D. Hammer,-131.0,Easy,,,,adt_medium_20231207_1,5664.0,False
AtCoder,abc270_c,F. Simple path,625.0,Easy,,,,adt_medium_20240103_2,6569.0,False
AtCoder,abc270_d,G. Stones,1300.0,Medium,,,,adt_medium_20240321_3,6569.0,False
AtCoder,abc270_e,H. Apple Baskets on Circle,1211.0,Medium,,,,adt_all_20231227_1,6569.0,False
AtCoder,abc270_f,I. Transportation,1834.0,Medium,,,,adt_all_20240319_1,6569.0,False
AtCoder,abc270_g,G. Sequence in mod P,2220.0,Hard,,,,abc270,6569.0,False
AtCoder,abc270_h,Ex. add 1 ,3159.0,Hard,,,,abc270,6569.0,False
AtCoder,abc271_a,A. 484558,-662.0,Easy,,,,adt_all_20231128_2,5634.0,False
AtCoder,abc271_b,C. Maintain Multiple Sequences,-166.0,Easy,,,,adt_medium_20231228_2,5634.0,False
AtCoder,abc271_c,F. Manga,842.0,Medium,,,,adt_all_20231205_1,6540.0,False
AtCoder,abc271_d,G. Flip and Adjust,886.0,Medium,,,,adt_medium_20240620_3,6540.0,False
AtCoder,abc271_e,H. Subsequence Path,1402.0,Medium,,,,adt_hard_20240327_3,6540.0,False
AtCoder,abc271_f,I. XOR on Grid Path,1669.0,Medium,,,,adt_all_20231128_2,6540.0,False
AtCoder,abc271_g,G. Access Counter,2323.0,Hard,,,,abc271,6540.0,False
AtCoder,abc271_h,Ex. General General,2908.0,Hard,,,,abc271,6540.0,False
AtCoder,abc272_a,B. Integer Sum,-1186.0,Easy,,,,adt_all_20231212_2,5393.0,False
AtCoder,abc272_b,D. Everyone is Friends,-24.0,Easy,,,,adt_medium_20231228_2,5393.0,False
AtCoder,abc272_c,F. Max Even,51.0,Easy,,,,adt_medium_20231226_1,6291.0,False
AtCoder,abc272_d,G. Root M Leaper,804.0,Medium,,,,adt_medium_20231205_2,6291.0,False
AtCoder,abc272_e,H. Add and Mex,1434.0,Medium,,,,adt_all_20231123_2,6291.0,False
AtCoder,abc272_f,I. Two Strings,2238.0,Hard,,,,adt_all_20240515_1,6291.0,False
AtCoder,abc272_g,G. Yet Another mod M,2187.0,Hard,,,,abc272,6291.0,False
AtCoder,abc272_h,Ex. Flipping Coins 2,3740.0,Hard,,,,abc272,6291.0,False
AtCoder,abc273_a,B. A Recursive Function,-1038.0,Easy,,,,adt_all_20231205_1,5470.0,False
AtCoder,abc273_b,D. Broken Rounding,77.0,Easy,,,,adt_easy_20231129_1,5470.0,False
AtCoder,abc273_c,F. (K+1)-th Largest Number,369.0,Easy,,,,adt_all_20231226_2,6349.0,False
AtCoder,abc273_d,G. LRUD Instructions,1119.0,Medium,,,,adt_all_20260615_1,6349.0,False
AtCoder,abc273_e,H. Notebook,1624.0,Medium,,,,adt_hard_20240201_3,6349.0,False
AtCoder,abc273_f,I. Hammer 2,2277.0,Hard,,,,adt_hard_20240228_3,6349.0,False
AtCoder,abc273_g,G. Row Column Sums 2,2521.0,Hard,,,,abc273,6349.0,False
AtCoder,abc273_h,"Ex. Inv(0,1)ving Insert(1,0)n",3598.0,Hard,,,,abc273,6349.0,False
AtCoder,abc274_a,B. Batting Average,-738.0,Easy,,,,adt_easy_20240215_1,5470.0,False
AtCoder,abc274_b,D. Line Sensor,-449.0,Easy,,,,adt_easy_20240102_1,5470.0,False
AtCoder,abc274_c,E. Ameba,304.0,Easy,,,,adt_all_20240111_1,6450.0,False
AtCoder,abc274_d,G. Robot Arms 2,916.0,Medium,,,,adt_medium_20231213_1,6450.0,False
AtCoder,abc274_e,H. Booster,1520.0,Medium,,,,adt_hard_20240704_3,6450.0,False
AtCoder,abc274_f,I. Fishing,2212.0,Hard,,,,adt_all_20231220_1,6450.0,False
AtCoder,abc274_g,G. Security Camera 3,2340.0,Hard,,,,abc274,6450.0,False
AtCoder,abc274_h,Ex. XOR Sum of Arrays,3191.0,Hard,,,,abc274,6450.0,False
AtCoder,abc275_a,A. Find Takahashi,-929.0,Easy,,,,adt_easy_20240206_1,5194.0,False
AtCoder,abc275_b,D. ABC-DEF,-1.0,Easy,,,,adt_medium_20240125_3,5194.0,False
AtCoder,abc275_c,F. Counting Squares,760.0,Easy,,,,adt_medium_20231221_2,6002.0,False
AtCoder,abc275_d,G. Yet Another Recursive Function,606.0,Easy,,,,adt_all_20231212_1,6002.0,False
AtCoder,abc275_e,H. Sugoroku 4,1264.0,Medium,,,,adt_hard_20240125_2,6002.0,False
AtCoder,abc275_f,I. Erase Subarrays,1608.0,Medium,,,,adt_all_20240214_1,6002.0,False
AtCoder,abc275_g,G. Infinite Knapsack,2522.0,Hard,,,,abc275,6002.0,False
AtCoder,abc275_h,Ex. Monster,3210.0,Hard,,,,abc275,6002.0,False
AtCoder,abc276_a,B. Rightmost,-974.0,Easy,,,,adt_easy_20240118_3,5711.0,False
AtCoder,abc276_b,C. Adjacency List,-11.0,Easy,,,,adt_easy_20240110_2,5711.0,False
AtCoder,abc276_c,E. Previous Permutation,389.0,Easy,,,,adt_easy_20231122_1,6648.0,False
AtCoder,abc276_d,G. Divide by 2 or 3,645.0,Easy,,,,adt_hard_20240116_3,6648.0,False
AtCoder,abc276_e,H. Round Trip,1058.0,Medium,,,,adt_all_20240710_1,6648.0,False
AtCoder,abc276_f,I. Double Chance,1562.0,Medium,,,,adt_hard_20240214_2,6648.0,False
AtCoder,abc276_g,G. Count Sequences,2278.0,Hard,,,,abc276,6648.0,False
AtCoder,abc276_h,Ex. Construct a Matrix,3087.0,Hard,,,,abc276,6648.0,False
AtCoder,abc277_a,A. ^{-1},-1045.0,Easy,,,,adt_easy_20240130_2,5674.0,False
AtCoder,abc277_b,D. Playing Cards Validation,-362.0,Easy,,,,adt_easy_20240131_2,5674.0,False
AtCoder,abc277_c,F. Ladder Takahashi,540.0,Easy,,,,adt_medium_20231129_1,6645.0,False
AtCoder,abc277_d,G. Takahashi's Solitaire,873.0,Medium,,,,adt_medium_20231122_1,6645.0,False
AtCoder,abc277_e,H. Crystal Switches,1183.0,Medium,,,,adt_all_20240208_1,6645.0,False
AtCoder,abc277_f,I. Sorting a Matrix,2400.0,Hard,,,,adt_hard_20240710_2,6645.0,False
AtCoder,abc277_g,G. Random Walk to Millionaire,2491.0,Hard,,,,abc277,6645.0,False
AtCoder,abc277_h,Ex. Constrained Sums,2917.0,Hard,,,,abc277,6645.0,False
AtCoder,abc278_a,B. Shift,-872.0,Easy,,,,adt_all_20231214_1,5679.0,False
AtCoder,abc278_b,D. Misjudge the Time,-72.0,Easy,,,,adt_easy_20231220_1,5679.0,False
AtCoder,abc278_c,E. FF,320.0,Easy,,,,adt_medium_20231214_1,6578.0,False
AtCoder,abc278_d,G. All Assign Point Add,559.0,Easy,,,,adt_medium_20231220_1,6578.0,False
AtCoder,abc278_e,H. Grid Filling,996.0,Medium,,,,adt_all_20231129_1,6578.0,False
AtCoder,abc278_f,I. Shiritori,1452.0,Medium,,,,adt_all_20240118_2,6578.0,False
AtCoder,abc278_g,G. Generalized Subtraction Game,2533.0,Hard,,,,abc278,6578.0,False
AtCoder,abc278_h,Ex. make 1,3768.0,Hard,,,,abc278,6578.0,False
AtCoder,abc279_a,B. wwwvvvvvv,-1224.0,Easy,,,,adt_all_20231213_2,5252.0,False
AtCoder,abc279_b,C. LOOKUP,-533.0,Easy,,,,adt_easy_20240131_1,5252.0,False
AtCoder,abc279_c,E. RANDOM,246.0,Easy,,,,adt_medium_20240104_2,6146.0,False
AtCoder,abc279_d,G. Freefall,766.0,Easy,,,,adt_all_20231220_2,6146.0,False
AtCoder,abc279_e,H. Cheating Amidakuji,1390.0,Medium,,,,adt_all_20240723_1,6146.0,False
AtCoder,abc279_f,I. BOX,1777.0,Medium,,,,adt_all_20231213_1,6146.0,False
AtCoder,abc279_g,G. At Most 2 Colors,2431.0,Hard,,,,abc279,6146.0,False
AtCoder,abc279_h,Ex. Sum of Prod of Min,3279.0,Hard,,,,abc279,6146.0,False
AtCoder,abc280_a,B. Pawn on a Grid,-1011.0,Easy,,,,adt_all_20231130_1,5737.0,False
AtCoder,abc280_b,C. Inverse Prefix Sum,-769.0,Easy,,,,adt_all_20231221_1,5737.0,False
AtCoder,abc280_c,E. Extra Character,-333.0,Easy,,,,adt_all_20231220_2,6721.0,False
AtCoder,abc280_d,G. Factorial and Multiple,880.0,Medium,,,,adt_all_20240521_1,6721.0,False
AtCoder,abc280_e,H. Critical Hit,1251.0,Medium,,,,adt_hard_20240430_3,6721.0,False
AtCoder,abc280_f,I. Pay or Receive,1819.0,Medium,,,,adt_all_20240625_1,6721.0,False
AtCoder,abc280_g,G. Do Use Hexagon Grid 2,2842.0,Hard,,,,abc280,6721.0,False
AtCoder,abc280_h,Ex. Substring Sort,3307.0,Hard,,,,abc280,6721.0,False
AtCoder,abc281_a,B. Count Down,-1303.0,Easy,,,,adt_all_20240104_1,6056.0,False
AtCoder,abc281_b,C. Sandwich Number,-322.0,Easy,,,,adt_all_20231219_1,6056.0,False
AtCoder,abc281_c,E. Circular Playlist,-45.0,Easy,,,,adt_easy_20231206_1,7020.0,False
AtCoder,abc281_d,G. Max Multiple,1031.0,Medium,,,,adt_medium_20240319_3,7020.0,False
AtCoder,abc281_e,H. Least Elements ,1334.0,Medium,,,,adt_hard_20240305_3,7020.0,False
AtCoder,abc281_f,I. Xor Minimization,1714.0,Medium,,,,adt_hard_20240213_3,7020.0,False
AtCoder,abc281_g,G. Farthest City,2304.0,Hard,,,,abc281,7020.0,False
AtCoder,abc281_h,Ex. Alchemy,3180.0,Hard,,,,abc281,7020.0,False
AtCoder,abc282_a,B. Generalized ABC,-1239.0,Easy,,,,adt_easy_20240102_1,5665.0,False
AtCoder,abc282_b,C. Let's Get a Perfect Score,-284.0,Easy,,,,adt_all_20260616_1,5665.0,False
AtCoder,abc282_c,E. String Delimiter,-139.0,Easy,,,,adt_medium_20240103_1,6556.0,False
AtCoder,abc282_d,G. Make Bipartite 2,1154.0,Medium,,,,adt_medium_20240320_3,6556.0,False
AtCoder,abc282_e,H. Choose Two and Eat One,1604.0,Medium,,,,adt_hard_20240313_3,6556.0,False
AtCoder,abc282_f,I. Union of Two Sets,1734.0,Medium,,,,adt_all_20231128_1,6556.0,False
AtCoder,abc282_g,G. Similar Permutation,2412.0,Hard,,,,abc282,6556.0,False
AtCoder,abc282_h,Ex. Min + Sum,2621.0,Hard,,,,abc282,6556.0,False
AtCoder,abc283_a,B. Power,-1172.0,Easy,,,,adt_all_20231228_1,5438.0,False
AtCoder,abc283_b,C. First Query Problem,-578.0,Easy,,,,adt_easy_20231123_2,5438.0,False
AtCoder,abc283_c,E. Cash Register,-207.0,Easy,,,,adt_easy_20240102_1,6581.0,False
AtCoder,abc283_d,G. Scope,453.0,Easy,,,,adt_medium_20240423_3,6581.0,False
AtCoder,abc283_e,H. Don't Isolate Elements,1802.0,Medium,,,,adt_hard_20240201_2,6581.0,False
AtCoder,abc283_f,I. Permutation Distance,1771.0,Medium,,,,adt_all_20231207_1,6581.0,False
AtCoder,abc283_g,G. Partial Xor Enumeration,2173.0,Hard,,,,abc283,6581.0,False
AtCoder,abc283_h,Ex. Popcount Sum,2682.0,Hard,,,,abc283,6581.0,False
AtCoder,abc284_a,B. Sequence of Strings,-1072.0,Easy,,,,adt_easy_20240123_3,6056.0,False
AtCoder,abc284_b,C. Multi Test Cases,-936.0,Easy,,,,adt_all_20231128_1,6056.0,False
AtCoder,abc284_c,E. Count Connected Components,108.0,Easy,,,,adt_medium_20231227_1,7054.0,False
AtCoder,abc284_d,G. Happy New Year 2023 ,658.0,Easy,,,,adt_medium_20231123_1,7054.0,False
AtCoder,abc284_e,H. Count Simple Paths,1043.0,Medium,,,,adt_all_20240103_1,7054.0,False
AtCoder,abc284_f,I. ABCBAC,1575.0,Medium,,,,adt_all_20231228_1,7054.0,False
AtCoder,abc284_g,G. Only Once,2218.0,Hard,,,,abc284,7054.0,False
AtCoder,abc284_h,Ex. Count Unlabeled Graphs,3125.0,Hard,,,,abc284,7054.0,False
AtCoder,abc285_a,B. Edge Checker 2,-1022.0,Easy,,,,adt_all_20240104_2,5256.0,False
AtCoder,abc285_b,D. Longest Uncommon Prefix,-123.0,Easy,,,,adt_medium_20231221_2,5256.0,False
AtCoder,abc285_c,F. abc285_brutmhyhiizp,25.0,Easy,,,,adt_all_20240102_2,5911.0,False
AtCoder,abc285_d,G. Change Usernames,663.0,Easy,,,,adt_hard_20240130_2,5911.0,False
AtCoder,abc285_e,H. Work or Rest,1466.0,Medium,,,,adt_all_20231212_2,5911.0,False
AtCoder,abc285_f,I. Substring of Sorted String,1876.0,Medium,,,,adt_all_20231213_2,5911.0,False
AtCoder,abc285_g,G. Tatami,2566.0,Hard,,,,abc285,5911.0,False
AtCoder,abc285_h,Ex. Avoid Square Number,3192.0,Hard,,,,abc285,5911.0,False
AtCoder,abc286_a,A. Range Swap,-640.0,Easy,,,,adt_easy_20240229_2,5336.0,False
AtCoder,abc286_b,C. Cat,-605.0,Easy,,,,adt_medium_20231123_1,5336.0,False
AtCoder,abc286_c,F. Rotate and Palindrome,565.0,Easy,,,,adt_medium_20231130_1,6099.0,False
AtCoder,abc286_d,G. Money in Hand,607.0,Easy,,,,adt_all_20231221_1,6099.0,False
AtCoder,abc286_e,H. Souvenir,1128.0,Medium,,,,adt_hard_20240501_2,6099.0,False
AtCoder,abc286_f,I. Guess The Number 2,1841.0,Medium,,,,adt_all_20240717_1,6099.0,False
AtCoder,abc286_g,G. Unique Walk,2135.0,Hard,,,,abc286,6099.0,False
AtCoder,abc286_h,Ex. Don't Swim,2526.0,Hard,,,,abc286,6099.0,False
AtCoder,abc287_a,B. Majority,-1023.0,Easy,,,,adt_all_20231226_2,5938.0,False
AtCoder,abc287_b,D. Postal Card,-471.0,Easy,,,,adt_medium_20231205_2,5938.0,False
AtCoder,abc287_c,E. Path Graph?,466.0,Easy,,,,adt_medium_20231207_1,6920.0,False
AtCoder,abc287_d,G. Match or Not,796.0,Easy,,,,adt_all_20240220_1,6920.0,False
AtCoder,abc287_e,H. Karuta,1093.0,Medium,,,,adt_hard_20240423_2,6920.0,False
AtCoder,abc287_f,I. Components,2034.0,Hard,,,,adt_all_20240326_1,6920.0,False
AtCoder,abc287_g,G. Balance Update Query,2180.0,Hard,,,,abc287,6920.0,False
AtCoder,abc287_h,Ex. Directed Graph and Query,2639.0,Hard,,,,abc287,6920.0,False
AtCoder,abc288_a,B. Many A+B Problems,-1292.0,Easy,,,,adt_all_20231122_2,5996.0,False
AtCoder,abc288_b,C. Qualification Contest,-483.0,Easy,,,,adt_all_20231122_2,5996.0,False
AtCoder,abc288_c,F. Don’t be cycle,436.0,Easy,,,,adt_medium_20231219_2,7092.0,False
AtCoder,abc288_d,G. Range Add Query,1757.0,Medium,,,,adt_medium_20240102_1,7092.0,False
AtCoder,abc288_e,H. Wish List,2000.0,Hard,,,,adt_hard_20240515_2,7092.0,False
AtCoder,abc288_f,I. Integer Division,2024.0,Hard,,,,adt_all_20240130_1,7092.0,False
AtCoder,abc288_g,G. 3^N Minesweeper,2606.0,Hard,,,,abc288,7092.0,False
AtCoder,abc288_h,Ex. A Nameless Counting Problem,3282.0,Hard,,,,abc288,7092.0,False
AtCoder,abc289_a,B. flip,-952.0,Easy,,,,adt_easy_20231130_2,6252.0,False
AtCoder,abc289_b,D. V,169.0,Easy,,,,adt_easy_20240228_2,6252.0,False
AtCoder,abc289_c,F. Coverage,396.0,Easy,,,,adt_all_20240131_1,6252.0,False
AtCoder,abc289_d,G. Step Up Robot,551.0,Easy,,,,adt_hard_20240220_2,6252.0,False
AtCoder,abc289_e,H. Swap Places,1318.0,Medium,,,,adt_all_20240711_1,6252.0,False
AtCoder,abc289_f,I. Teleporter Takahashi,2100.0,Hard,,,,adt_all_20231205_2,6252.0,False
AtCoder,abc289_g,G. Shopping in AtCoder store,2109.0,Hard,,,,abc289,6252.0,False
AtCoder,abc289_h,Ex. Trio,3246.0,Hard,,,,abc289,6252.0,False
AtCoder,abc290_a,B. Contest Result,-1118.0,Easy,,,,adt_easy_20231123_2,5080.0,False
AtCoder,abc290_b,C. Qual B,-764.0,Easy,,,,adt_medium_20231121_2,5080.0,False
AtCoder,abc290_c,E. Max MEX,170.0,Easy,,,,adt_all_20231129_2,5870.0,False
AtCoder,abc290_d,G. Marking,1036.0,Medium,,,,adt_medium_20231207_2,5870.0,False
AtCoder,abc290_e,H. Make it Palindrome,1485.0,Medium,,,,adt_all_20231214_2,5870.0,False
AtCoder,abc290_f,I. Maximum Diameter,2300.0,Hard,,,,adt_all_20240111_2,5870.0,False
AtCoder,abc290_g,G. Edge Elimination,2407.0,Hard,,,,abc290,5870.0,False
AtCoder,abc290_h,Ex. Bow Meow Optimization,3569.0,Hard,,,,abc290,5870.0,False
AtCoder,abc291_a,B. camel Case,-1162.0,Easy,,,,adt_all_20231221_1,5560.0,False
AtCoder,abc291_b,D. Trimmed Mean,-606.0,Easy,,,,adt_all_20231226_2,5560.0,False
AtCoder,abc291_c,F. LRUD Instructions 2,97.0,Easy,,,,adt_all_20260615_2,6396.0,False
AtCoder,abc291_d,G. Flip Cards,720.0,Easy,,,,adt_medium_20240206_3,6396.0,False
AtCoder,abc291_e,H. Find Permutation,1069.0,Medium,,,,adt_all_20240102_1,6396.0,False
AtCoder,abc291_f,I. Teleporter and Closed off,1449.0,Medium,,,,adt_hard_20240215_3,6396.0,False
AtCoder,abc291_g,G. OR Sum,2176.0,Hard,,,,abc291,6396.0,False
AtCoder,abc291_h,Ex. Balanced Tree,2097.0,Hard,,,,abc291,6396.0,False
AtCoder,abc292_a,B. CAPS LOCK,-1207.0,Easy,,,,adt_easy_20231122_1,6058.0,False
AtCoder,abc292_b,D. Yellow and Red Card,-534.0,Easy,,,,adt_easy_20231206_1,6058.0,False
AtCoder,abc292_c,E. Four Variables,444.0,Easy,,,,adt_medium_20231128_2,7057.0,False
AtCoder,abc292_d,G. Unicyclic Components,579.0,Easy,,,,adt_medium_20231228_2,7057.0,False
AtCoder,abc292_e,H. Transitivity,1272.0,Medium,,,,adt_all_20240305_1,7057.0,False
AtCoder,abc292_f,I. Regular Triangle Inside a Rectangle,1522.0,Medium,,,,adt_all_20240104_1,7057.0,False
AtCoder,abc292_g,G. Count Strictly Increasing Sequences,2340.0,Hard,,,,abc292,7057.0,False
AtCoder,abc292_h,Ex. Rating Estimator,2248.0,Hard,,,,abc292,7057.0,False
AtCoder,abc293_a,B. Swap Odd and Even,-998.0,Easy,,,,adt_easy_20240110_2,6242.0,False
AtCoder,abc293_b,C. Call the ID Number,-328.0,Easy,,,,adt_all_20240111_1,6242.0,False
AtCoder,abc293_c,E. Make Takahashi Happy ,431.0,Easy,,,,adt_all_20231221_1,7305.0,False
AtCoder,abc293_d,G. Tying Rope,830.0,Medium,,,,adt_all_20240111_1,7305.0,False
AtCoder,abc293_e,H. Geometric Progression,1453.0,Medium,,,,adt_all_20231206_1,7305.0,False
AtCoder,abc293_f,I. Zero or One,2038.0,Hard,,,,adt_all_20240221_1,7305.0,False
AtCoder,abc293_g,G. Triple Index,1753.0,Medium,,,,abc293,7305.0,False
AtCoder,abc293_h,Ex. Optimal Path Decomposition,2831.0,Hard,,,,abc293,7305.0,False
AtCoder,abc294_a,B. Filter,-1166.0,Easy,,,,adt_all_20231219_2,5328.0,False
AtCoder,abc294_b,C. ASCII Art,-714.0,Easy,,,,adt_medium_20231130_1,5328.0,False
AtCoder,abc294_c,F. Merge Sequences,-59.0,Easy,,,,adt_all_20240116_2,6111.0,False
AtCoder,abc294_d,G. Bank,385.0,Easy,,,,adt_all_20240117_2,6111.0,False
AtCoder,abc294_e,H. 2xN Grid,792.0,Easy,,,,adt_all_20231205_2,6111.0,False
AtCoder,abc294_f,I. Sugar Water 2,1891.0,Medium,,,,adt_hard_20240118_1,6111.0,False
AtCoder,abc294_g,G. Distance Queries on a Tree,1702.0,Medium,,,,abc294,6111.0,False
AtCoder,abc294_h,Ex. K-Coloring,3058.0,Hard,,,,abc294,6111.0,False
AtCoder,abc295_a,B. Probably English,-921.0,Easy,,,,adt_easy_20231206_1,6236.0,False
AtCoder,abc295_b,D. Bombs,24.0,Easy,,,,adt_all_20231219_1,6236.0,False
AtCoder,abc295_c,E. Socks,-75.0,Easy,,,,adt_medium_20231226_1,7178.0,False
AtCoder,abc295_d,G.  Three Days Ago,939.0,Medium,,,,adt_medium_20231121_2,7178.0,False
AtCoder,abc295_e,H. Kth Number,2157.0,Hard,,,,adt_hard_20240207_2,7178.0,False
AtCoder,abc295_f,I. substr = S,2306.0,Hard,,,,adt_hard_20240320_3,7178.0,False
AtCoder,abc295_g,G. Minimum Reachable City ,2091.0,Hard,,,,abc295,7178.0,False
AtCoder,abc295_h,Ex. E or m,2728.0,Hard,,,,abc295,7178.0,False
AtCoder,abc296_a,B. Alternately,-937.0,Easy,,,,adt_easy_20240117_3,6022.0,False
AtCoder,abc296_b,C. Chessboard,-622.0,Easy,,,,adt_all_20231226_2,6022.0,False
AtCoder,abc296_c,E. Gap Existence,38.0,Easy,,,,adt_all_20240104_1,7066.0,False
AtCoder,abc296_d,G. M<=ab,999.0,Medium,,,,adt_medium_20240206_1,7066.0,False
AtCoder,abc296_e,H. Transition Game,1285.0,Medium,,,,adt_all_20231128_2,7066.0,False
AtCoder,abc296_f,I. Simultaneous Swap,1811.0,Medium,,,,adt_hard_20240130_2,7066.0,False
AtCoder,abc296_g,G. Polygon and Points,2241.0,Hard,,,,abc296,7066.0,False
AtCoder,abc296_h,Ex. Unite,2822.0,Hard,,,,abc296,7066.0,False
AtCoder,abc297_a,A. Double Click,-900.0,Easy,,,,adt_easy_20240116_1,5499.0,False
AtCoder,abc297_b,C. chess960,-455.0,Easy,,,,adt_medium_20231221_2,5499.0,False
AtCoder,abc297_c,E. PC on the Table,-172.0,Easy,,,,adt_all_20231121_1,6301.0,False
AtCoder,abc297_d,G. Count Subtractions,247.0,Easy,,,,adt_medium_20240116_1,6301.0,False
AtCoder,abc297_e,H. Kth Takoyaki Set,1176.0,Medium,,,,adt_all_20231130_1,6301.0,False
AtCoder,abc297_f,I. Minimum Bounding Box 2,1990.0,Medium,,,,adt_hard_20240125_3,6301.0,False
AtCoder,abc297_g,G. Constrained Nim 2,1834.0,Medium,,,,abc297,6301.0,False
AtCoder,abc297_h,Ex. Diff Adjacent,2855.0,Hard,,,,abc297,6301.0,False
AtCoder,abc298_a,B. Job Interview,,Unknown,,,,adt_all_20231128_2,,False
AtCoder,abc298_b,C. Coloring Matrix,,Unknown,,,,adt_easy_20231207_2,,False
AtCoder,abc298_c,F. Cards Query Problem,448.0,Easy,,,,adt_all_20231206_2,6574.0,False
AtCoder,abc298_d,G. Writing a Numeral,882.0,Medium,,,,adt_all_20240404_1,6574.0,False
AtCoder,abc298_e,H. Unfair Sugoroku,1300.0,Medium,,,,adt_hard_20240424_2,6574.0,False
AtCoder,abc298_f,I. Rook Score,1535.0,Medium,,,,adt_all_20231129_1,6574.0,False
AtCoder,abc298_g,G. Strawberry War,2405.0,Hard,,,,abc298,6574.0,False
AtCoder,abc298_h,Ex. Sum of Min of Length,2792.0,Hard,,,,abc298,6574.0,False
AtCoder,abc299_a,B. Treasure Chest,,Unknown,,,,adt_all_20231227_1,,False
AtCoder,abc299_b,C. Trick Taking,,Unknown,,,,adt_all_20231206_2,,False
AtCoder,abc299_c,E. Dango,104.0,Easy,,,,adt_medium_20240207_3,6203.0,False
AtCoder,abc299_d,G. Find by Query,684.0,Easy,,,,adt_all_20231205_1,6203.0,False
AtCoder,abc299_e,H. Nearest Black Vertex,1216.0,Medium,,,,adt_hard_20240214_3,6203.0,False
AtCoder,abc299_f,I. Square Subsequence,2349.0,Hard,,,,adt_hard_20240206_3,6203.0,False
AtCoder,abc299_g,G. Minimum Permutation,2066.0,Hard,,,,abc299,6203.0,False
AtCoder,abc299_h,Ex. Dice Sum Infinity,2984.0,Hard,,,,abc299,6203.0,False
AtCoder,abc300_a,B. N-choice question,-1147.0,Easy,,,,adt_all_20231220_2,5042.0,False
AtCoder,abc300_b,D. Same Map in the RPG World,350.0,Easy,,,,adt_all_20231121_1,5042.0,False
AtCoder,abc300_c,E. Cross,534.0,Easy,,,,adt_medium_20231205_2,5042.0,False
AtCoder,abc300_d,G. AABCC,908.0,Medium,,,,adt_all_20231228_1,5042.0,False
AtCoder,abc300_e,H. Dice Product 3,1354.0,Medium,,,,adt_hard_20240206_3,5042.0,False
AtCoder,abc300_f,I. More Holidays,1846.0,Medium,,,,adt_all_20240619_1,5042.0,False
AtCoder,abc300_g,G. P-smooth number,2343.0,Hard,,,,abc300,5042.0,False
AtCoder,abc300_h,Ex. Fibonacci: Revisited,3209.0,Hard,,,,abc300,5042.0,False
AtCoder,abc301_a,B. Overall Winner,-821.0,Easy,,,,adt_all_20231129_2,5872.0,False
AtCoder,abc301_b,C.  Fill the Gaps,-314.0,Easy,,,,adt_easy_20231129_1,5872.0,False
AtCoder,abc301_c,E. AtCoder Cards,379.0,Easy,,,,adt_all_20231226_2,6846.0,False
AtCoder,abc301_d,G. Bitmask,885.0,Medium,,,,adt_medium_20231207_1,6846.0,False
AtCoder,abc301_e,H. Pac-Takahashi ,1673.0,Medium,,,,adt_all_20240924_1,6846.0,False
AtCoder,abc301_f,I. Anti-DDoS,2548.0,Hard,,,,adt_all_20231212_1,6846.0,False
AtCoder,abc301_g,G. Worst Picture,3262.0,Hard,,,,abc301,6846.0,False
AtCoder,abc301_h,Ex. Difference of Distance,2898.0,Hard,,,,abc301,6846.0,False
AtCoder,abc302_a,B. Attack,-723.0,Easy,,,,adt_all_20231121_2,6109.0,False
AtCoder,abc302_b,D. Find snuke,349.0,Easy,,,,adt_all_20260615_1,6109.0,False
AtCoder,abc302_c,F. Almost Equal,469.0,Easy,,,,adt_all_20260616_1,7065.0,False
AtCoder,abc302_d,G. Impartial Gift,682.0,Easy,,,,adt_medium_20231206_1,7065.0,False
AtCoder,abc302_e,H. Isolation,988.0,Medium,,,,adt_hard_20240411_3,7065.0,False
AtCoder,abc302_f,I. Merge Set,1430.0,Medium,,,,adt_all_20231205_1,7065.0,False
AtCoder,abc302_g,G. Sort from 1 to 4,1891.0,Medium,,,,abc302,7065.0,False
AtCoder,abc302_h,Ex. Ball Collector,2407.0,Hard,,,,abc302,7065.0,False
AtCoder,abc303_a,B. Similar String,-763.0,Easy,,,,adt_easy_20240221_1,6311.0,False
AtCoder,abc303_b,D. Discord,-110.0,Easy,,,,adt_all_20231212_1,6311.0,False
AtCoder,abc303_c,E. Dash,417.0,Easy,,,,adt_easy_20231207_2,7323.0,False
AtCoder,abc303_d,G. Shift vs. CapsLock,778.0,Easy,,,,adt_medium_20240111_2,7323.0,False
AtCoder,abc303_e,H. A Gift From the Stars,1113.0,Medium,,,,adt_all_20240109_1,7323.0,False
AtCoder,abc303_f,I. Damage over Time,2381.0,Hard,,,,adt_hard_20240208_3,7323.0,False
AtCoder,abc303_g,G. Bags Game,2736.0,Hard,,,,abc303,7323.0,False
AtCoder,abc303_h,Ex. Constrained Tree Degree,2501.0,Hard,,,,abc303,7323.0,False
AtCoder,abc304_a,B. First Player,,Unknown,,,,adt_all_20231205_2,,False
AtCoder,abc304_b,C. Subscribers,,Unknown,,,,adt_medium_20231214_1,,False
AtCoder,abc304_c,F. Virus,365.0,Easy,,,,adt_all_20231228_1,6785.0,False
AtCoder,abc304_d,G. A Piece of Cake,1015.0,Medium,,,,adt_all_20240102_2,6785.0,False
AtCoder,abc304_e,H. Good Graph,971.0,Medium,,,,adt_hard_20240404_3,6785.0,False
AtCoder,abc304_f,I. Shift Table,1619.0,Medium,,,,adt_all_20240131_1,6785.0,False
AtCoder,abc304_g,G. Max of Medians,3177.0,Hard,,,,abc304,6785.0,False
AtCoder,abc304_h,Ex. Constrained Topological Sort,2642.0,Hard,,,,abc304,6785.0,False
AtCoder,abc305_a,A. Water Station,-1093.0,Easy,,,,adt_all_20231207_1,6006.0,False
AtCoder,abc305_b,D. ABCDEFG,-749.0,Easy,,,,adt_easy_20231227_2,6006.0,False
AtCoder,abc305_c,E. Snuke the Cookie Picker,30.0,Easy,,,,adt_medium_20231130_1,6966.0,False
AtCoder,abc305_d,G. Sleep Log,671.0,Easy,,,,adt_medium_20240214_3,6966.0,False
AtCoder,abc305_e,H. Art Gallery on Graph,1158.0,Medium,,,,adt_hard_20240222_3,6966.0,False
AtCoder,abc305_f,I. Dungeon Explore,1420.0,Medium,,,,adt_hard_20240522_3,6966.0,False
AtCoder,abc305_g,G. Banned Substrings,1989.0,Medium,,,,abc305,6966.0,False
AtCoder,abc305_h,Ex. Shojin,3344.0,Hard,,,,abc305,6966.0,False
AtCoder,abc306_a,B. Echo,,Unknown,,,,adt_easy_20240130_1,,False
AtCoder,abc306_b,C. Base 2,,Unknown,,,,adt_medium_20231128_2,,False
AtCoder,abc306_c,F. Centers,31.0,Easy,,,,adt_medium_20240111_2,7471.0,False
AtCoder,abc306_d,G. Poisonous Full-Course,596.0,Easy,,,,adt_all_20231128_1,7471.0,False
AtCoder,abc306_e,H. Best Performances,1268.0,Medium,,,,adt_all_20231205_1,7471.0,False
AtCoder,abc306_f,I. Merge Sets,1557.0,Medium,,,,adt_all_20240228_1,7471.0,False
AtCoder,abc306_g,G. Return to 1,2563.0,Hard,,,,abc306,7471.0,False
AtCoder,abc306_h,Ex. Balance Scale,3335.0,Hard,,,,abc306,7471.0,False
AtCoder,abc307_a,A. Weekly Records,-1088.0,Easy,,,,adt_easy_20260616_2,5886.0,False
AtCoder,abc307_b,C. racecar,-298.0,Easy,,,,adt_all_20240104_1,5886.0,False
AtCoder,abc307_c,F. Ideal Sheet,1307.0,Medium,,,,adt_medium_20231212_2,6833.0,False
AtCoder,abc307_d,G. Mismatched Parentheses,666.0,Easy,,,,adt_medium_20240208_3,6833.0,False
AtCoder,abc307_e,H. Distinct Adjacent,1240.0,Medium,,,,adt_all_20231123_1,6833.0,False
AtCoder,abc307_f,I. Virus 2,2139.0,Hard,,,,adt_hard_20240215_2,6833.0,False
AtCoder,abc307_g,G. Approximate Equalization,2330.0,Hard,,,,abc307,6833.0,False
AtCoder,abc307_h,Ex. Marquee,2754.0,Hard,,,,abc307,6833.0,False
AtCoder,abc308_a,B. New Scheme,-881.0,Easy,,,,adt_easy_20231220_1,6616.0,False
AtCoder,abc308_b,D. Default Price,-417.0,Easy,,,,adt_easy_20231207_2,6616.0,False
AtCoder,abc308_c,F. Standings,605.0,Easy,,,,adt_all_20231128_1,7690.0,False
AtCoder,abc308_d,G. Snuke Maze,619.0,Easy,,,,adt_medium_20240201_3,7690.0,False
AtCoder,abc308_e,H. MEX,1042.0,Medium,,,,adt_hard_20240221_2,7690.0,False
AtCoder,abc308_f,I. Vouchers,1284.0,Medium,,,,adt_all_20231121_1,7690.0,False
AtCoder,abc308_g,G. Minimum Xor Pair Query,2008.0,Hard,,,,abc308,7690.0,False
AtCoder,abc308_h,Ex. Make Q,2861.0,Hard,,,,abc308,7690.0,False
AtCoder,abc309_a,A. Nine,-756.0,Easy,,,,adt_all_20231214_1,6898.0,False
AtCoder,abc309_b,D. Rotate,-68.0,Easy,,,,adt_medium_20240104_2,6898.0,False
AtCoder,abc309_c,F. Medicine,344.0,Easy,,,,adt_all_20260615_1,7939.0,False
AtCoder,abc309_d,G. Add One Edge,621.0,Easy,,,,adt_medium_20240220_3,7939.0,False
AtCoder,abc309_e,H. Family and Insurance,957.0,Medium,,,,adt_all_20231228_2,7939.0,False
AtCoder,abc309_f,I. Box in Box,1619.0,Medium,,,,adt_all_20231206_2,7939.0,False
AtCoder,abc309_g,G. Ban Permutation,2372.0,Hard,,,,abc309,7939.0,False
AtCoder,abc309_h,Ex. Simple Path Counting Problem,3029.0,Hard,,,,abc309,7939.0,False
AtCoder,abc310_a,B. Order Something Else,-749.0,Easy,,,,adt_all_20231219_1,6786.0,False
AtCoder,abc310_b,C. Strictly Superior,171.0,Easy,,,,adt_easy_20260616_2,6786.0,False
AtCoder,abc310_c,E. Reversible,245.0,Easy,,,,adt_hard_20240206_2,7765.0,False
AtCoder,abc310_d,G. Peaceful Teams,1368.0,Medium,,,,adt_all_20240430_1,7765.0,False
AtCoder,abc310_e,H. NAND repeatedly,1261.0,Medium,,,,adt_all_20231226_2,7765.0,False
AtCoder,abc310_f,I. Make 10 Again,1938.0,Medium,,,,adt_hard_20240208_2,7765.0,False
AtCoder,abc310_g,G. Takahashi And Pass-The-Ball Game,2696.0,Hard,,,,abc310,7765.0,False
AtCoder,abc310_h,Ex. Negative Cost,3343.0,Hard,,,,abc310,7765.0,False
AtCoder,abc311_a,B. First ABC,-876.0,Easy,,,,adt_all_20240110_1,7442.0,False
AtCoder,abc311_b,C. Vacation Together,-312.0,Easy,,,,adt_all_20231213_2,7442.0,False
AtCoder,abc311_c,F. Find it!,448.0,Easy,,,,adt_all_20240222_1,9464.0,False
AtCoder,abc311_d,G. Grid Ice Floor,885.0,Medium,,,,adt_medium_20231226_1,9464.0,False
AtCoder,abc311_e,H. Defect-free Squares,1293.0,Medium,,,,adt_all_20240425_1,9464.0,False
AtCoder,abc311_f,I. Yet Another Grid Task,1984.0,Medium,,,,adt_hard_20240220_2,9464.0,False
AtCoder,abc311_g,G. One More Grid Task,2265.0,Hard,,,,abc311,9464.0,False
AtCoder,abc311_h,Ex. Many Illumination Plans,3605.0,Hard,,,,abc311,9464.0,False
AtCoder,abc312_a,A. Chord,-990.0,Easy,,,,adt_easy_20231220_1,6991.0,False
AtCoder,abc312_b,D. TaK Code,153.0,Easy,,,,adt_easy_20231122_1,6991.0,False
AtCoder,abc312_c,F. Invisible Hand,727.0,Easy,,,,adt_medium_20231214_2,8468.0,False
AtCoder,abc312_d,G. Count Bracket Sequences,964.0,Medium,,,,adt_medium_20240222_3,8468.0,False
AtCoder,abc312_e,H. Tangency of Cuboids ,2047.0,Hard,,,,adt_all_20240227_1,8468.0,False
AtCoder,abc312_f,I. Cans and Openers,1534.0,Medium,,,,adt_hard_20240307_2,8468.0,False
AtCoder,abc312_g,G. Avoid Straight Line,1819.0,Medium,,,,abc312,8468.0,False
AtCoder,abc312_h,Ex. snukesnuke,2477.0,Hard,,,,abc312,8468.0,False
AtCoder,abc313_a,B. To Be Saikyo,-524.0,Easy,,,,adt_all_20240109_2,6923.0,False
AtCoder,abc313_b,D. Who is Saikyo?,147.0,Easy,,,,adt_easy_20240103_2,6923.0,False
AtCoder,abc313_c,F. Approximate Equalization 2,681.0,Easy,,,,adt_hard_20240130_2,8464.0,False
AtCoder,abc313_d,G. Odd or Even,1630.0,Medium,,,,adt_medium_20240215_3,8464.0,False
AtCoder,abc313_e,H. Duplicate,1672.0,Medium,,,,adt_all_20260616_1,8464.0,False
AtCoder,abc313_f,I. Flip Machines,3100.0,Hard,,,,adt_all_20240103_1,8464.0,False
AtCoder,abc313_g,G. Redistribution of Piles,2454.0,Hard,,,,abc313,8464.0,False
AtCoder,abc313_h,Ex. Group Photo,3008.0,Hard,,,,abc313,8464.0,False
AtCoder,abc314_a,A. 3.14,-630.0,Easy,,,,adt_all_20260615_1,6748.0,False
AtCoder,abc314_b,D. Roulette,-34.0,Easy,,,,adt_medium_20231227_1,6748.0,False
AtCoder,abc314_c,E. Rotate Colored Subsequence,337.0,Easy,,,,adt_medium_20231121_2,8274.0,False
AtCoder,abc314_d,G. LOWER,585.0,Easy,,,,adt_all_20231226_2,8274.0,False
AtCoder,abc314_e,H. Roulettes,1722.0,Medium,,,,adt_hard_20240118_3,8274.0,False
AtCoder,abc314_f,I. A Certain Game,1736.0,Medium,,,,adt_hard_20240201_2,8274.0,False
AtCoder,abc314_g,G. Amulets,2301.0,Hard,,,,abc314,8274.0,False
AtCoder,abc314_h,Ex. Disk and Segments,2938.0,Hard,,,,abc314,8274.0,False
AtCoder,abc315_a,B. tcdr,-997.0,Easy,,,,adt_all_20240111_1,6654.0,False
AtCoder,abc315_b,C. The Middle Day,-470.0,Easy,,,,adt_medium_20231212_2,6654.0,False
AtCoder,abc315_c,E. Flavors,312.0,Easy,,,,adt_all_20231219_1,8572.0,False
AtCoder,abc315_d,G. Magical Cookies,1531.0,Medium,,,,adt_medium_20240207_3,8572.0,False
AtCoder,abc315_e,H. Prerequisites,921.0,Medium,,,,adt_all_20240102_2,8572.0,False
AtCoder,abc315_f,I. Shortcuts,1674.0,Medium,,,,adt_hard_20240806_2,8572.0,False
AtCoder,abc315_g,"G. Ai + Bj + Ck = X (1 <= i, j, k <= N)",2315.0,Hard,,,,abc315,8572.0,False
AtCoder,abc315_h,Ex. Typical Convolution Problem,2807.0,Hard,,,,abc315,8572.0,False
AtCoder,abc317_a,B. Potions,-942.0,Easy,,,,adt_all_20240103_1,6723.0,False
AtCoder,abc317_b,C. MissingNo.,-764.0,Easy,,,,adt_easy_20231213_1,6723.0,False
AtCoder,abc317_c,F. Remembering the Days,604.0,Easy,,,,adt_all_20260616_2,7974.0,False
AtCoder,abc317_d,G. President,929.0,Medium,,,,adt_all_20240109_2,7974.0,False
AtCoder,abc317_e,H. Avoid Eye Contact,1085.0,Medium,,,,adt_all_20231227_2,7974.0,False
AtCoder,abc317_f,I. Nim,2072.0,Hard,,,,adt_hard_20240220_3,7974.0,False
AtCoder,abc317_g,G. Rearranging,2649.0,Hard,,,,abc317,7974.0,False
AtCoder,abc317_h,Ex. Walk,3426.0,Hard,,,,abc317,7974.0,False
AtCoder,abc318_a,A. Full Moon,-934.0,Easy,,,,adt_all_20231129_2,8032.0,False
AtCoder,abc318_b,D. Overlapping sheets,-152.0,Easy,,,,adt_easy_20231214_2,8032.0,False
AtCoder,abc318_c,F. Blue Spring,400.0,Easy,,,,adt_all_20240109_2,10564.0,False
AtCoder,abc318_d,G. General Weighted Max Matching,1017.0,Medium,,,,adt_medium_20240305_3,10564.0,False
AtCoder,abc318_e,H. Sandwiches,1004.0,Medium,,,,adt_all_20240613_1,10564.0,False
AtCoder,abc318_f,I. Octopus,2009.0,Hard,,,,adt_hard_20240328_3,10564.0,False
AtCoder,abc318_g,G. Typical Path Problem,2260.0,Hard,,,,abc318,10564.0,False
AtCoder,abc318_h,Ex. Count Strong Test Cases,2785.0,Hard,,,,abc318,10564.0,False
AtCoder,abc319_a,A. Legendary Players,-1069.0,Easy,,,,adt_easy_20240117_1,8554.0,False
AtCoder,abc319_b,D. Measure,-299.0,Easy,,,,adt_easy_20240110_2,8554.0,False
AtCoder,abc319_c,F. False Hope,1111.0,Medium,,,,adt_all_20231213_2,10983.0,False
AtCoder,abc319_d,G. Minimum Width,631.0,Easy,,,,adt_all_20231129_2,10983.0,False
AtCoder,abc319_e,H. Bus Stops,1353.0,Medium,,,,adt_hard_20240514_2,10983.0,False
AtCoder,abc319_f,I. Fighter Takahashi,2480.0,Hard,,,,adt_all_20240104_2,10983.0,False
AtCoder,abc319_g,G. Counting Shortest Paths,2185.0,Hard,,,,abc319,10983.0,False
AtCoder,abc320_a,B. Leyland Number,-1061.0,Easy,,,,adt_easy_20240103_2,8006.0,False
AtCoder,abc320_b,D. Longest Palindrome,-225.0,Easy,,,,adt_easy_20231213_1,8006.0,False
AtCoder,abc320_c,F. Slot Strategy 2 (Easy),851.0,Medium,,,,adt_medium_20231213_1,10478.0,False
AtCoder,abc320_d,G. Relative Position,873.0,Medium,,,,adt_medium_20240110_1,10478.0,False
AtCoder,abc320_e,H. Somen Nagashi,1096.0,Medium,,,,adt_all_20240709_1,10478.0,False
AtCoder,abc320_f,I. Fuel Round Trip,2042.0,Hard,,,,adt_all_20240110_2,10478.0,False
AtCoder,abc320_g,G. Slot Strategy 2 (Hard),2575.0,Hard,,,,abc320,10478.0,False
AtCoder,abc321_a,B. 321-like Checker,-754.0,Easy,,,,adt_easy_20240312_2,8446.0,False
AtCoder,abc321_b,D. Cutoff,160.0,Easy,,,,adt_medium_20240111_2,8446.0,False
AtCoder,abc321_c,E. 321-like Searcher,591.0,Easy,,,,adt_easy_20240314_1,11118.0,False
AtCoder,abc321_d,G. Set Menu,806.0,Medium,,,,adt_hard_20240523_2,11118.0,False
AtCoder,abc321_e,H. Complete Binary Tree,1627.0,Medium,,,,adt_all_20240110_2,11118.0,False
AtCoder,abc321_f,I. #(subset sum = K) with Add and Erase ,1645.0,Medium,,,,adt_all_20240102_2,11118.0,False
AtCoder,abc321_g,G. Electric Circuit,2439.0,Hard,,,,abc321,11118.0,False
AtCoder,abc322_a,A. First ABC 2,-992.0,Easy,,,,adt_easy_20240201_3,8360.0,False
AtCoder,abc322_b,D. Prefix and Suffix,-398.0,Easy,,,,adt_medium_20231214_1,8360.0,False
AtCoder,abc322_c,F. Festival,-56.0,Easy,,,,adt_hard_20240118_3,10990.0,False
AtCoder,abc322_d,G. Polyomino,1310.0,Medium,,,,adt_medium_20240110_2,10990.0,False
AtCoder,abc322_e,H. Product Development,1193.0,Medium,,,,adt_hard_20240117_3,10990.0,False
AtCoder,abc322_f,I. Vacation Query,1806.0,Medium,,,,adt_all_20240103_2,10990.0,False
AtCoder,abc322_g,G. Two Kinds of Base,2876.0,Hard,,,,abc322,10990.0,False
AtCoder,abc323_a,B. Weak Beats,-921.0,Easy,,,,adt_easy_20240201_2,8553.0,False
AtCoder,abc323_b,D. Round-Robin Tournament,-267.0,Easy,,,,adt_all_20231213_2,8553.0,False
AtCoder,abc323_c,E. World Tour Finals,354.0,Easy,,,,adt_all_20240109_1,11410.0,False
AtCoder,abc323_d,G. Merge Slimes,852.0,Medium,,,,adt_all_20240313_1,11410.0,False
AtCoder,abc323_e,H. Playlist,1279.0,Medium,,,,adt_all_20240612_1,11410.0,False
AtCoder,abc323_f,I. Push and Carry,1532.0,Medium,,,,adt_all_20231227_2,11410.0,False
AtCoder,abc323_g,G. Inversion of Tree,3091.0,Hard,,,,abc323,11410.0,False
AtCoder,abc324_a,B. Same,-922.0,Easy,,,,adt_easy_20240118_2,7649.0,False
AtCoder,abc324_b,D. 3-smooth Numbers,-193.0,Easy,,,,adt_medium_20231212_2,7649.0,False
AtCoder,abc324_c,F. Error Correction,637.0,Easy,,,,adt_medium_20240110_1,9512.0,False
AtCoder,abc324_d,G. Square Permutation,895.0,Medium,,,,adt_all_20240201_1,9512.0,False
AtCoder,abc324_e,H. Joint Two Strings,1153.0,Medium,,,,adt_all_20260617_2,9512.0,False
AtCoder,abc324_f,I. Beautiful Path,1815.0,Medium,,,,adt_hard_20240116_1,9512.0,False
AtCoder,abc324_g,G. Generate Arrays,2501.0,Hard,,,,abc324,9512.0,False
AtCoder,abc325_a,B. Takahashi san,-1158.0,Easy,,,,adt_easy_20240312_3,6357.0,False
AtCoder,abc325_b,C. World Meeting,61.0,Easy,,,,adt_medium_20231226_1,6357.0,False
AtCoder,abc325_c,E. Sensors,400.0,Easy,,,,adt_hard_20240214_2,7318.0,False
AtCoder,abc325_d,G. Printing Machine,1367.0,Medium,,,,adt_hard_20240515_2,7318.0,False
AtCoder,abc325_e,"H. Our clients, please wait a moment",1093.0,Medium,,,,adt_all_20231122_1,7318.0,False
AtCoder,abc325_f,I. Sensor Optimization Dilemma ,1769.0,Medium,,,,adt_hard_20240403_3,7318.0,False
AtCoder,abc325_g,G. offence,2388.0,Hard,,,,abc325,7318.0,False
AtCoder,abc326_a,A. 2UP3DOWN,-665.0,Easy,,,,adt_easy_20240123_1,7412.0,False
AtCoder,abc326_b,C. 326-like Numbers,-503.0,Easy,,,,adt_easy_20240215_2,7412.0,False
AtCoder,abc326_c,E. Peak,274.0,Easy,,,,adt_medium_20240117_1,8702.0,False
AtCoder,abc326_d,G. ABC Puzzle,1371.0,Medium,,,,adt_all_20240522_1,8702.0,False
AtCoder,abc326_e,"H. Revenge of ""The Salary of AtCoder Inc.""",1363.0,Medium,,,,adt_hard_20240528_3,8702.0,False
AtCoder,abc326_f,I. Robot Rotation,1870.0,Medium,,,,adt_hard_20240404_3,8702.0,False
AtCoder,abc326_g,G. Unlock Achievement,2470.0,Hard,,,,abc326,8702.0,False
AtCoder,abc327_a,A. ab,-738.0,Easy,,,,adt_easy_20240125_2,7489.0,False
AtCoder,abc327_b,C. A^A,-54.0,Easy,,,,adt_easy_20240117_2,7489.0,False
AtCoder,abc327_c,E. Number Place,55.0,Easy,,,,adt_easy_20260617_1,8675.0,False
AtCoder,abc327_d,G. Good Tuple Problem,709.0,Easy,,,,adt_all_20240613_1,8675.0,False
AtCoder,abc327_e,H. Maximize Rating,1227.0,Medium,,,,adt_hard_20240124_3,8675.0,False
AtCoder,abc327_f,I. Apples,1624.0,Medium,,,,adt_hard_20240123_1,8675.0,False
AtCoder,abc327_g,G. Many Good Tuple Problems,2968.0,Hard,,,,abc327,8675.0,False
AtCoder,abc328_a,B. Not Too Hard,-1141.0,Easy,,,,adt_easy_20240123_1,7329.0,False
AtCoder,abc328_b,D. 11/11,-213.0,Easy,,,,adt_medium_20240116_1,7329.0,False
AtCoder,abc328_c,E. Consecutive,189.0,Easy,,,,adt_easy_20240118_2,8513.0,False
AtCoder,abc328_d,G. Take ABC,555.0,Easy,,,,adt_medium_20240515_3,8513.0,False
AtCoder,abc328_e,H. Modulo MST,1160.0,Medium,,,,adt_hard_20240220_2,8513.0,False
AtCoder,abc328_f,I. Good Set Query,1477.0,Medium,,,,adt_all_20260615_2,8513.0,False
AtCoder,abc328_g,G. Cut and Reorder,2193.0,Hard,,,,abc328,8513.0,False
AtCoder,abc329_a,A. Spread,-1120.0,Easy,,,,adt_all_20240124_1,7081.0,False
AtCoder,abc329_b,D. Next,-802.0,Easy,,,,adt_easy_20240118_2,7081.0,False
AtCoder,abc329_c,E. Count xxx,133.0,Easy,,,,adt_all_20240124_1,8200.0,False
AtCoder,abc329_d,G. Election Quick Report,232.0,Easy,,,,adt_all_20240131_1,8200.0,False
AtCoder,abc329_e,H. Stamp,1539.0,Medium,,,,adt_hard_20240206_2,8200.0,False
AtCoder,abc329_f,I. Colored Ball,1207.0,Medium,,,,adt_hard_20240117_3,8200.0,False
AtCoder,abc329_g,G. Delivery on Tree,2995.0,Hard,,,,abc329,8200.0,False
AtCoder,abc330_a,A. Counting Passes,-1185.0,Easy,,,,adt_easy_20240118_2,7107.0,False
AtCoder,abc330_b,C. Minimize Abs 1,-88.0,Easy,,,,adt_medium_20240201_3,7107.0,False
AtCoder,abc330_c,E. Minimize Abs 2,519.0,Easy,,,,adt_medium_20240118_1,8185.0,False
AtCoder,abc330_d,G. Counting Ls,569.0,Easy,,,,adt_medium_20240123_1,8185.0,False
AtCoder,abc330_e,H. Mex and Update,1004.0,Medium,,,,adt_hard_20240125_3,8185.0,False
AtCoder,abc330_f,I. Minimize Bounding  Square,1718.0,Medium,,,,adt_hard_20240306_2,8185.0,False
AtCoder,abc330_g,G. Inversion Squared,3455.0,Hard,,,,abc330,8185.0,False
AtCoder,abc331_a,A. Tomorrow,-704.0,Easy,,,,adt_easy_20240116_2,7333.0,False
AtCoder,abc331_b,D. Buy One Carton of Milk,85.0,Easy,,,,adt_easy_20240124_2,7333.0,False
AtCoder,abc331_c,F. Sum of Numbers Greater Than Me,268.0,Easy,,,,adt_hard_20240124_2,8458.0,False
AtCoder,abc331_d,G. Tile Pattern,1361.0,Medium,,,,adt_hard_20240821_2,8458.0,False
AtCoder,abc331_e,H. Set Meal,1018.0,Medium,,,,adt_hard_20240130_3,8458.0,False
AtCoder,abc331_f,I. Palindrome Query,1666.0,Medium,,,,adt_all_20240124_1,8458.0,False
AtCoder,abc331_g,G. Collect Them All,2668.0,Hard,,,,abc331,8458.0,False
AtCoder,abc332_a,B. Online Shopping,-1099.0,Easy,,,,adt_easy_20240125_3,6072.0,False
AtCoder,abc332_b,D. Glass and Mug,-265.0,Easy,,,,adt_easy_20240125_2,6072.0,False
AtCoder,abc332_c,E. T-shirts,36.0,Easy,,,,adt_easy_20240123_2,6872.0,False
AtCoder,abc332_d,G. Swapping Puzzle,1175.0,Medium,,,,adt_medium_20240409_3,6872.0,False
AtCoder,abc332_e,H. Lucky bag,1883.0,Medium,,,,adt_hard_20240502_2,6872.0,False
AtCoder,abc332_f,I. Random Update Query,1786.0,Medium,,,,adt_hard_20240529_3,6872.0,False
AtCoder,abc332_g,G. Not Too Many Balls,2775.0,Hard,,,,abc332,6872.0,False
AtCoder,abc333_a,B. Three Threes ,-1203.0,Easy,,,,adt_easy_20240124_3,8129.0,False
AtCoder,abc333_b,D. Pentagon,-202.0,Easy,,,,adt_all_20240124_1,8129.0,False
AtCoder,abc333_c,F. Repunit Trio,224.0,Easy,,,,adt_all_20240124_1,9800.0,False
AtCoder,abc333_d,G. Erase Leaves,704.0,Easy,,,,adt_medium_20240314_3,9800.0,False
AtCoder,abc333_e,H. Takahashi Quest,948.0,Medium,,,,adt_hard_20240215_2,9800.0,False
AtCoder,abc333_f,I. Bomb Game 2,1770.0,Medium,,,,adt_hard_20240501_2,9800.0,False
AtCoder,abc333_g,G. Nearest Fraction,2536.0,Hard,,,,abc333,9800.0,False
AtCoder,abc334_a,B. Christmas Present,-1092.0,Easy,,,,adt_easy_20240229_1,7493.0,False
AtCoder,abc334_b,C. Christmas Trees,479.0,Easy,,,,adt_easy_20240213_2,7493.0,False
AtCoder,abc334_c,E. Socks 2,1030.0,Medium,,,,adt_hard_20240201_2,8902.0,False
AtCoder,abc334_d,G. Reindeer and Sleigh,602.0,Easy,,,,adt_all_20260616_1,8902.0,False
AtCoder,abc334_e,H. Christmas Color Grid 1,1195.0,Medium,,,,adt_hard_20240222_2,8902.0,False
AtCoder,abc334_f,I. Christmas Present 2,1813.0,Medium,,,,adt_all_20240507_1,8902.0,False
AtCoder,abc334_g,G. Christmas Color Grid 2,2242.0,Hard,,,,abc334,8902.0,False
AtCoder,abc335_a,B. 202<s>3</s>,-1139.0,Easy,,,,adt_easy_20240327_1,7228.0,False
AtCoder,abc335_b,D. Tetrahedral Number,-416.0,Easy,,,,adt_easy_20240221_1,7228.0,False
AtCoder,abc335_c,E. Loong Tracking,452.0,Easy,,,,adt_easy_20240213_1,8520.0,False
AtCoder,abc335_d,G. Loong and Takahashi,431.0,Easy,,,,adt_hard_20240604_2,8520.0,False
AtCoder,abc335_e,H. Non-Decreasing Colorful Path,1540.0,Medium,,,,adt_hard_20240402_2,8520.0,False
AtCoder,abc335_f,I. Hop Sugoroku,1690.0,Medium,,,,adt_hard_20240222_2,8520.0,False
AtCoder,abc335_g,G. Discrete Logarithm Problems,2614.0,Hard,,,,abc335,8520.0,False
AtCoder,abc336_a,B. Long Loong,-1289.0,Easy,,,,adt_easy_20240222_1,6450.0,False
AtCoder,abc336_b,D. CTZ,-683.0,Easy,,,,adt_medium_20240307_3,6450.0,False
AtCoder,abc336_c,F. Even Digits,339.0,Easy,,,,adt_all_20240227_1,7312.0,False
AtCoder,abc336_d,G. Pyramid,991.0,Medium,,,,adt_medium_20240326_3,7312.0,False
AtCoder,abc336_e,H. Digit Sum Divisible,1538.0,Medium,,,,adt_hard_20240321_2,7312.0,False
AtCoder,abc336_f,I. Rotation Puzzle,2018.0,Hard,,,,adt_hard_20240404_2,7312.0,False
AtCoder,abc336_g,G. 16 Integers,3138.0,Hard,,,,abc336,7312.0,False
AtCoder,abc337_a,A. Scoreboard,-923.0,Easy,,,,adt_easy_20240306_1,8275.0,False
AtCoder,abc337_b,D. Extended ABC,-165.0,Easy,,,,adt_easy_20240313_2,8275.0,False
AtCoder,abc337_c,E. Lining Up 2,225.0,Easy,,,,adt_easy_20240229_1,9753.0,False
AtCoder,abc337_d,G. Cheating Gomoku Narabe,760.0,Easy,,,,adt_hard_20240328_2,9753.0,False
AtCoder,abc337_e,H. Bad Juice,1155.0,Medium,,,,adt_hard_20240605_2,9753.0,False
AtCoder,abc337_f,I. Usual Color Ball Problems,2386.0,Hard,,,,adt_hard_20240313_3,9753.0,False
AtCoder,abc337_g,G. Tree Inversion,2080.0,Hard,,,,abc337,9753.0,False
AtCoder,abc338_a,A. Capitalized?,-779.0,Easy,,,,adt_easy_20240307_2,7141.0,False
AtCoder,abc338_b,C. Frequency,-449.0,Easy,,,,adt_easy_20240328_2,7141.0,False
AtCoder,abc338_c,E. Leftover Recipes,513.0,Easy,,,,adt_hard_20240312_2,8219.0,False
AtCoder,abc338_d,G. Island Tour,1234.0,Medium,,,,adt_all_20240307_1,8219.0,False
AtCoder,abc338_e,H. Chords,1220.0,Medium,,,,adt_hard_20240507_3,8219.0,False
AtCoder,abc338_f,I. Negative Traveling Salesman,1835.0,Medium,,,,adt_hard_20240307_3,8219.0,False
AtCoder,abc338_g,G. evall,2573.0,Hard,,,,abc338,8219.0,False
AtCoder,abc339_a,B. TLD,-845.0,Easy,,,,adt_all_20260615_1,8182.0,False
AtCoder,abc339_b,C. Langton's Takahashi,126.0,Easy,,,,adt_easy_20240425_1,8182.0,False
AtCoder,abc339_c,E. Perfect Bus,66.0,Easy,,,,adt_easy_20240321_1,9687.0,False
AtCoder,abc339_d,G. Synchronized Players ,1276.0,Medium,,,,adt_all_20240501_1,9687.0,False
AtCoder,abc339_e,H. Smooth Subsequence,1109.0,Medium,,,,adt_hard_20240321_3,9687.0,False
AtCoder,abc339_f,I. Product Equality,1716.0,Medium,,,,adt_all_20240416_1,9687.0,False
AtCoder,abc339_g,G. Smaller Sum,1792.0,Medium,,,,abc339,9687.0,False
AtCoder,abc340_a,A. Arithmetic Progression,-1100.0,Easy,,,,adt_easy_20240327_1,6993.0,False
AtCoder,abc340_b,C. Append,-494.0,Easy,,,,adt_medium_20240403_3,6993.0,False
AtCoder,abc340_c,E. Divide and Divide,528.0,Easy,,,,adt_easy_20240326_1,8061.0,False
AtCoder,abc340_d,G. Super Takahashi Bros.,784.0,Easy,,,,adt_hard_20250409_3,8061.0,False
AtCoder,abc340_e,H. Mancala 2,1157.0,Medium,,,,adt_hard_20240627_3,8061.0,False
AtCoder,abc340_f,I. S = 1,1516.0,Medium,,,,adt_all_20240423_1,8061.0,False
AtCoder,abc340_g,G. Leaf Color,2401.0,Hard,,,,abc340,8061.0,False
AtCoder,abc341_a,B. Print 341,-1033.0,Easy,,,,adt_easy_20240418_1,8268.0,False
AtCoder,abc341_b,D. Foreign Exchange,42.0,Easy,,,,adt_easy_20240418_3,8268.0,False
AtCoder,abc341_c,E. Takahashi Gets Lost,406.0,Easy,,,,adt_easy_20240416_1,9891.0,False
AtCoder,abc341_d,G. Only one of two,829.0,Medium,,,,adt_medium_20240702_3,9891.0,False
AtCoder,abc341_e,H. Alternating String,1223.0,Medium,,,,adt_hard_20240326_2,9891.0,False
AtCoder,abc341_f,I. Breakdown,1604.0,Medium,,,,adt_hard_20240416_3,9891.0,False
AtCoder,abc341_g,G. Highest Ratio,2208.0,Hard,,,,abc341,9891.0,False
AtCoder,abc342_a,B. Yay!,-623.0,Easy,,,,adt_easy_20240430_3,7287.0,False
AtCoder,abc342_b,D. Which is ahead?,-378.0,Easy,,,,adt_easy_20240418_1,7287.0,False
AtCoder,abc342_c,E. Many Replacement,505.0,Easy,,,,adt_easy_20240411_1,8459.0,False
AtCoder,abc342_d,G. Square Pair,944.0,Medium,,,,adt_medium_20240710_3,8459.0,False
AtCoder,abc342_e,H. Last Train,1476.0,Medium,,,,adt_all_20240404_1,8459.0,False
AtCoder,abc342_f,I. Black Jack,2141.0,Hard,,,,adt_all_20260616_1,8459.0,False
AtCoder,abc342_g,G. Retroactive Range Chmax,2107.0,Hard,,,,abc342,8459.0,False
AtCoder,abc343_a,A. Wrong Answer,-960.0,Easy,,,,adt_easy_20240418_2,8823.0,False
AtCoder,abc343_b,C. Adjacency Matrix,-411.0,Easy,,,,adt_medium_20240523_3,8823.0,False
AtCoder,abc343_c,E. 343,160.0,Easy,,,,adt_easy_20260616_2,10385.0,False
AtCoder,abc343_d,G. Diversity of Scores,422.0,Easy,,,,adt_all_20240508_1,10385.0,False
AtCoder,abc343_e,H. 7x7x7,1802.0,Medium,,,,adt_all_20240808_1,10385.0,False
AtCoder,abc343_f,I. Second Largest Query,1370.0,Medium,,,,adt_hard_20240502_2,10385.0,False
AtCoder,abc343_g,G. Compress Strings,2114.0,Hard,,,,abc343,10385.0,False
AtCoder,abc344_a,B. Spoiler,-793.0,Easy,,,,adt_easy_20240515_2,8521.0,False
AtCoder,abc344_b,D. Delimiter,-456.0,Easy,,,,adt_easy_20240509_2,8521.0,False
AtCoder,abc344_c,E. A+B+C,131.0,Easy,,,,adt_easy_20240514_1,10125.0,False
AtCoder,abc344_d,G. String Bags,854.0,Medium,,,,adt_all_20260616_2,10125.0,False
AtCoder,abc344_e,H. Insert or Erase,973.0,Medium,,,,adt_hard_20240523_2,10125.0,False
AtCoder,abc344_f,I. Earn to Advance,1922.0,Medium,,,,adt_hard_20240424_2,10125.0,False
AtCoder,abc344_g,G. Points and Comparison,3032.0,Hard,,,,abc344,10125.0,False
AtCoder,abc345_a,A. Leftrightarrow,-515.0,Easy,,,,adt_easy_20240508_3,8128.0,False
AtCoder,abc345_b,D. Integer Division Returns,-191.0,Easy,,,,adt_easy_20240501_2,8128.0,False
AtCoder,abc345_c,E. One Time Swap,469.0,Easy,,,,adt_hard_20240523_2,9394.0,False
AtCoder,abc345_d,G. Tiling,1419.0,Medium,,,,adt_all_20240425_1,9394.0,False
AtCoder,abc345_e,H. Colorful Subsequence,2356.0,Hard,,,,adt_hard_20240814_3,9394.0,False
AtCoder,abc345_f,I. Many Lamps,2157.0,Hard,,,,adt_all_20241022_1,9394.0,False
AtCoder,abc345_g,G. Sugoroku 5,3343.0,Hard,,,,abc345,9394.0,False
AtCoder,abc346_a,A. Adjacent Product,-1074.0,Easy,,,,adt_all_20260615_2,8384.0,False
AtCoder,abc346_b,D. Piano,213.0,Easy,,,,adt_easy_20240502_1,8384.0,False
AtCoder,abc346_c,E. Σ,78.0,Easy,,,,adt_easy_20240814_1,9777.0,False
AtCoder,abc346_d,G. Gomamayo Sequence,845.0,Medium,,,,adt_all_20240822_1,9777.0,False
AtCoder,abc346_e,H. Paint,1053.0,Medium,,,,adt_hard_20240612_3,9777.0,False
AtCoder,abc346_f,I. SSttrriinngg in StringString,1840.0,Medium,,,,adt_hard_20241022_2,9777.0,False
AtCoder,abc346_g,G. Alone,2166.0,Hard,,,,abc346,9777.0,False
AtCoder,abc347_a,B. Divisible,-1026.0,Easy,,,,adt_easy_20240605_1,8568.0,False
AtCoder,abc347_b,C. Substring,-238.0,Easy,,,,adt_easy_20240516_1,8568.0,False
AtCoder,abc347_c,E. Ideal Holidays,926.0,Medium,,,,adt_medium_20240605_3,10061.0,False
AtCoder,abc347_d,G. Popcount and XOR,1041.0,Medium,,,,adt_hard_20240619_2,10061.0,False
AtCoder,abc347_e,H. Set Add Query,1166.0,Medium,,,,adt_hard_20240509_2,10061.0,False
AtCoder,abc347_f,I. Non-overlapping Squares,2179.0,Hard,,,,adt_all_20240702_1,10061.0,False
AtCoder,abc347_g,G. Grid Coloring 2,2876.0,Hard,,,,abc347,10061.0,False
AtCoder,abc348_a,A. Penalty Kick,-1088.0,Easy,,,,adt_easy_20240619_1,7748.0,False
AtCoder,abc348_b,C. Farthest Point,-251.0,Easy,,,,adt_easy_20240606_1,7748.0,False
AtCoder,abc348_c,F. Colorful Beans,23.0,Easy,,,,adt_all_20240521_1,8970.0,False
AtCoder,abc348_d,G. Medicines on Grid,1108.0,Medium,,,,adt_medium_20240516_3,8970.0,False
AtCoder,abc348_e,H. Minimize Sum of Distances,1347.0,Medium,,,,adt_hard_20240709_2,8970.0,False
AtCoder,abc348_f,I. Oddly Similar,1955.0,Medium,,,,adt_all_20240703_1,8970.0,False
AtCoder,abc348_g,G. Max (Sum - Max),2559.0,Hard,,,,abc348,8970.0,False
AtCoder,abc349_a,B. Zero Sum Game,-702.0,Easy,,,,adt_easy_20240627_2,8069.0,False
AtCoder,abc349_b,D. Commencement,-202.0,Easy,,,,adt_medium_20240522_3,8069.0,False
AtCoder,abc349_c,E. Airport Code,159.0,Easy,,,,adt_medium_20240528_3,9321.0,False
AtCoder,abc349_d,G. Divide Interval,832.0,Medium,,,,adt_all_20241217_1,9321.0,False
AtCoder,abc349_e,H. Weighted Tic-Tac-Toe,1464.0,Medium,,,,adt_all_20240919_1,9321.0,False
AtCoder,abc349_f,I. Subsequence LCM,2169.0,Hard,,,,adt_hard_20240612_2,9321.0,False
AtCoder,abc349_g,G. Palindrome Construction,2655.0,Hard,,,,abc349,9321.0,False
AtCoder,abc350_a,B. Past ABCs,-610.0,Easy,,,,adt_easy_20240528_2,8405.0,False
AtCoder,abc350_b,C. Dentist Aoki,-476.0,Easy,,,,adt_easy_20240528_1,8405.0,False
AtCoder,abc350_c,F. Sort,394.0,Easy,,,,adt_medium_20240709_3,9682.0,False
AtCoder,abc350_d,G. New Friends,773.0,Easy,,,,adt_hard_20240820_2,9682.0,False
AtCoder,abc350_e,H. Toward 0,1385.0,Medium,,,,adt_hard_20240822_3,9682.0,False
AtCoder,abc350_f,I. Transpose,1601.0,Medium,,,,adt_hard_20240723_2,9682.0,False
AtCoder,abc350_g,G. Mediator,2058.0,Hard,,,,abc350,9682.0,False
AtCoder,abc351_a,B. The bottom of the ninth,-1028.0,Easy,,,,adt_easy_20240613_2,8268.0,False
AtCoder,abc351_b,C. Spot the Difference,-585.0,Easy,,,,adt_medium_20240723_3,8268.0,False
AtCoder,abc351_c,E. Merge the balls,175.0,Easy,,,,adt_medium_20240604_3,9497.0,False
AtCoder,abc351_d,G. Grid and Magnet,974.0,Medium,,,,adt_medium_20240618_3,9497.0,False
AtCoder,abc351_e,H. Jump Distance Sum,1627.0,Medium,,,,adt_hard_20240703_3,9497.0,False
AtCoder,abc351_f,I. Double Sum,1253.0,Medium,,,,adt_all_20241008_1,9497.0,False
AtCoder,abc351_g,G. Hash on Tree,2920.0,Hard,,,,abc351,9497.0,False
AtCoder,abc352_a,B. AtCoder Line,-946.0,Easy,,,,adt_easy_20240618_2,8473.0,False
AtCoder,abc352_b,C. Typing,-394.0,Easy,,,,adt_easy_20240827_2,8473.0,False
AtCoder,abc352_c,E. Standing On The Shoulders,-32.0,Easy,,,,adt_medium_20240808_3,9774.0,False
AtCoder,abc352_d,G. Permutation Subsequence,714.0,Easy,,,,adt_hard_20240627_2,9774.0,False
AtCoder,abc352_e,H. Clique Connect,1030.0,Medium,,,,adt_hard_20240613_3,9774.0,False
AtCoder,abc352_f,I. Estimate Order,2052.0,Hard,,,,adt_hard_20240704_1,9774.0,False
AtCoder,abc352_g,G. Socks 3,2413.0,Hard,,,,abc352,9774.0,False
AtCoder,abc353_a,A. Buildings,-1018.0,Easy,,,,adt_easy_20240702_3,8840.0,False
AtCoder,abc353_b,C. AtCoder Amusement Park,-425.0,Easy,,,,adt_easy_20240709_2,8840.0,False
AtCoder,abc353_c,E. Sigma Problem,795.0,Easy,,,,adt_hard_20240730_2,10417.0,False
AtCoder,abc353_d,G. Another Sigma Problem ,844.0,Medium,,,,adt_all_20240619_1,10417.0,False
AtCoder,abc353_e,H. Yet Another Sigma Problem ,1217.0,Medium,,,,adt_hard_20240709_3,10417.0,False
AtCoder,abc353_f,I. Tile Distance,2201.0,Hard,,,,adt_hard_20240820_2,10417.0,False
AtCoder,abc353_g,G. Merchant Takahashi,1765.0,Medium,,,,abc353,10417.0,False
AtCoder,abc354_a,A. Exponential Plant,-770.0,Easy,,,,adt_easy_20240704_2,9207.0,False
AtCoder,abc354_b,D. AtCoder Janken 2,-403.0,Easy,,,,adt_easy_20240724_2,9207.0,False
AtCoder,abc354_c,E. AtCoder Magics,441.0,Easy,,,,adt_medium_20240828_3,10638.0,False
AtCoder,abc354_d,G. AtCoder Wallpaper,1259.0,Medium,,,,adt_hard_20240822_2,10638.0,False
AtCoder,abc354_e,H. Remove Pairs,1223.0,Medium,,,,adt_all_20240625_1,10638.0,False
AtCoder,abc354_f,I. Useless for LIS,1639.0,Medium,,,,adt_hard_20240703_3,10638.0,False
AtCoder,abc354_g,G. Select Strings,2665.0,Hard,,,,abc354,10638.0,False
AtCoder,abc355_a,A. Who Ate the Cake?,-988.0,Easy,,,,adt_easy_20240702_2,8646.0,False
AtCoder,abc355_b,C. Piano 2,-136.0,Easy,,,,adt_easy_20240702_1,8646.0,False
AtCoder,abc355_c,F. Bingo 2,317.0,Easy,,,,adt_medium_20240710_3,10215.0,False
AtCoder,abc355_d,G. Intersecting Intervals,735.0,Easy,,,,adt_medium_20240704_1,10215.0,False
AtCoder,abc355_e,H. Guess the Sum,2299.0,Hard,,,,adt_hard_20240910_3,10215.0,False
AtCoder,abc355_f,I. MST Query,1924.0,Medium,,,,adt_all_20260616_2,10215.0,False
AtCoder,abc355_g,G. Baseball,2991.0,Hard,,,,abc355,10215.0,False
AtCoder,abc356_a,A. Subsegment Reverse,-842.0,Easy,,,,adt_easy_20240926_2,9321.0,False
AtCoder,abc356_b,D. Nutrients,-517.0,Easy,,,,adt_easy_20240730_2,9321.0,False
AtCoder,abc356_c,E. Keys,568.0,Easy,,,,adt_all_20260615_2,10703.0,False
AtCoder,abc356_d,G. Masked Popcount,886.0,Medium,,,,adt_medium_20240801_3,10703.0,False
AtCoder,abc356_e,H. Max/Min,1506.0,Medium,,,,adt_all_20240718_1,10703.0,False
AtCoder,abc356_f,I. Distance Component Size Query,2152.0,Hard,,,,adt_hard_20241017_3,10703.0,False
AtCoder,abc356_g,G. Freestyle,3022.0,Hard,,,,abc356,10703.0,False
AtCoder,abc357_a,A. Sanitize Hands,-824.0,Easy,,,,adt_easy_20240717_1,8947.0,False
AtCoder,abc357_b,D. Uppercase and Lowercase,-687.0,Easy,,,,adt_easy_20240716_1,8947.0,False
AtCoder,abc357_c,F. Sierpinski carpet,370.0,Easy,,,,adt_medium_20240718_3,10409.0,False
AtCoder,abc357_d,G. 88888888,970.0,Medium,,,,adt_all_20240926_1,10409.0,False
AtCoder,abc357_e,H. Reachability in Functional Graph,1295.0,Medium,,,,adt_hard_20240828_2,10409.0,False
AtCoder,abc357_f,I. Two Sequence Queries,1793.0,Medium,,,,adt_hard_20241231_2,10409.0,False
AtCoder,abc357_g,G. Stair-like Grid,3159.0,Hard,,,,abc357,10409.0,False
AtCoder,abc358_a,A. Welcome to AtCoder Land,-1054.0,Easy,,,,adt_easy_20240808_3,8883.0,False
AtCoder,abc358_b,D. Ticket Counter,-490.0,Easy,,,,adt_easy_20240801_2,8883.0,False
AtCoder,abc358_c,F. Popcorn,247.0,Easy,,,,adt_medium_20240815_3,10385.0,False
AtCoder,abc358_d,G. Souvenirs,393.0,Easy,,,,adt_hard_20240910_2,10385.0,False
AtCoder,abc358_e,H. Alphabet Tiles,1397.0,Medium,,,,adt_all_20250204_3,10385.0,False
AtCoder,abc358_f,I. Easiest Maze,2098.0,Hard,,,,adt_all_20250121_3,10385.0,False
AtCoder,abc358_g,G. AtCoder Tour,1737.0,Medium,,,,abc358,10385.0,False
AtCoder,abc359_a,A. Count Takahashi,-1075.0,Easy,,,,adt_easy_20240821_1,8688.0,False
AtCoder,abc359_b,D. Couples,-678.0,Easy,,,,adt_easy_20240828_2,8688.0,False
AtCoder,abc359_c,F. Tile Distance 2,828.0,Medium,,,,adt_all_20240919_1,10126.0,False
AtCoder,abc359_d,G. Avoid K Palindrome,1381.0,Medium,,,,adt_all_20250109_1,10126.0,False
AtCoder,abc359_e,H. Water Tank,1275.0,Medium,,,,adt_all_20240822_1,10126.0,False
AtCoder,abc359_f,I. Tree Degree Optimization,1792.0,Medium,,,,adt_hard_20241031_3,10126.0,False
AtCoder,abc359_g,G. Sum of Tree Distance,2099.0,Hard,,,,abc359,10126.0,False
AtCoder,abc360_a,A. A Healthy Breakfast,-809.0,Easy,,,,adt_easy_20240807_2,2246.0,False
AtCoder,abc360_b,C. Vertical Reading,-255.0,Easy,,,,adt_all_20260615_1,2246.0,False
AtCoder,abc360_c,E. Move It,-559.0,Easy,,,,adt_hard_20240821_2,2246.0,False
AtCoder,abc360_d,G. Ghost Ants,32.0,Easy,,,,adt_all_20240820_1,2246.0,False
AtCoder,abc360_e,H. Random Swaps of Balls,1249.0,Medium,,,,adt_hard_20240904_2,2246.0,False
AtCoder,abc360_f,I. InterSections,2563.0,Hard,,,,adt_all_20241121_1,2246.0,False
AtCoder,abc360_g,G. Suitable Edit for LIS,1982.0,Medium,,,,abc360,2246.0,False
AtCoder,abc361_a,B. Insert,-910.0,Easy,,,,adt_easy_20240918_1,8388.0,False
AtCoder,abc361_b,C. Intersection of Cuboids,283.0,Easy,,,,adt_medium_20240815_3,8388.0,False
AtCoder,abc361_c,E. Make Them Narrow,337.0,Easy,,,,adt_medium_20240903_3,9779.0,False
AtCoder,abc361_d,G. Go Stone Puzzle,1202.0,Medium,,,,adt_medium_20240904_3,9779.0,False
AtCoder,abc361_e,H. Tree and Hamilton Path 2,1213.0,Medium,,,,adt_hard_20241217_3,9779.0,False
AtCoder,abc361_f,I. x = a^b,1606.0,Medium,,,,adt_hard_20241107_3,9779.0,False
AtCoder,abc361_g,G. Go Territory,2613.0,Hard,,,,abc361,9779.0,False
AtCoder,abc362_a,B. Buy a Pen,-1001.0,Easy,,,,adt_easy_20250109_2,8528.0,False
AtCoder,abc362_b,C. Right Triangle,-320.0,Easy,,,,adt_medium_20240828_3,8528.0,False
AtCoder,abc362_c,E. Sum = 0,521.0,Easy,,,,adt_easy_20241009_1,10126.0,False
AtCoder,abc362_d,G. Shortest Path 3,634.0,Easy,,,,adt_hard_20240827_2,10126.0,False
AtCoder,abc362_e,H. Count Arithmetic Subsequences,1225.0,Medium,,,,adt_hard_20241002_3,10126.0,False
AtCoder,abc362_f,I. Perfect Matching on a Tree,2186.0,Hard,,,,adt_hard_20240822_2,10126.0,False
AtCoder,abc362_g,G. Count Substring Query,1625.0,Medium,,,,abc362,10126.0,False
AtCoder,abc363_a,A. Piling Up,-1042.0,Easy,,,,adt_easy_20240919_2,8316.0,False
AtCoder,abc363_b,D. Japanese Cursed Doll,-616.0,Easy,,,,adt_easy_20240903_1,8316.0,False
AtCoder,abc363_c,F. Avoid K Palindrome 2,602.0,Easy,,,,adt_medium_20241003_3,9614.0,False
AtCoder,abc363_d,G. Palindromic Number,975.0,Medium,,,,adt_medium_20241231_3,9614.0,False
AtCoder,abc363_e,H. Sinking Land,1307.0,Medium,,,,adt_all_20241106_1,9614.0,False
AtCoder,abc363_f,I. Palindromic Expression,1913.0,Medium,,,,adt_all_20241127_1,9614.0,False
AtCoder,abc363_g,G. Dynamic Scheduling,3358.0,Hard,,,,abc363,9614.0,False
AtCoder,abc364_a,A. Glutton Takahashi,-648.0,Easy,,,,adt_easy_20241031_3,8128.0,False
AtCoder,abc364_b,D. Grid Walk,-248.0,Easy,,,,adt_easy_20241001_1,8128.0,False
AtCoder,abc364_c,E. Minimum Glutton,101.0,Easy,,,,adt_easy_20241212_1,9587.0,False
AtCoder,abc364_d,G. K-th Nearest,1136.0,Medium,,,,adt_all_20240904_1,9587.0,False
AtCoder,abc364_e,H. Maximum Glutton,1496.0,Medium,,,,adt_all_20240917_1,9587.0,False
AtCoder,abc364_f,I. Range Connect MST,1878.0,Medium,,,,adt_all_20240912_1,9587.0,False
AtCoder,abc364_g,G. Last Major City,2455.0,Hard,,,,abc364,9587.0,False
AtCoder,abc365_a,B. Leap Year,-1071.0,Easy,,,,adt_easy_20241001_2,8781.0,False
AtCoder,abc365_b,C. Second Best,-757.0,Easy,,,,adt_easy_20241231_1,8781.0,False
AtCoder,abc365_c,E. Transportation Expenses,241.0,Easy,,,,adt_easy_20241226_1,10397.0,False
AtCoder,abc365_d,G. AtCoder Janken 3,730.0,Easy,,,,adt_medium_20241126_3,10397.0,False
AtCoder,abc365_e,H. Xor Sigma Problem,1102.0,Medium,,,,adt_all_20250306_3,10397.0,False
AtCoder,abc365_f,I. Takahashi on Grid,2561.0,Hard,,,,adt_hard_20250205_2,10397.0,False
AtCoder,abc365_g,G. AtCoder Office,2254.0,Hard,,,,abc365,10397.0,False
AtCoder,abc366_a,A. Election 2,-790.0,Easy,,,,adt_easy_20241002_2,8489.0,False
AtCoder,abc366_b,D. Vertical Writing,80.0,Easy,,,,adt_medium_20241023_3,8489.0,False
AtCoder,abc366_c,F. Balls and Bag Query,80.0,Easy,,,,adt_medium_20241107_3,9920.0,False
AtCoder,abc366_d,G. Cuboid Sum Query,586.0,Easy,,,,adt_medium_20241002_3,9920.0,False
AtCoder,abc366_e,H. Manhattan Multifocal Ellipse,1515.0,Medium,,,,adt_hard_20241015_3,9920.0,False
AtCoder,abc366_f,I. Maximum Composition,1819.0,Medium,,,,adt_all_20250624_1,9920.0,False
AtCoder,abc366_g,G. XOR Neighbors,2409.0,Hard,,,,abc366,9920.0,False
AtCoder,abc367_a,A. Shout Everyday,-492.0,Easy,,,,adt_easy_20241001_1,8500.0,False
AtCoder,abc367_b,C. Cut .0,-488.0,Easy,,,,adt_medium_20241009_3,8500.0,False
AtCoder,abc367_c,F. Enumerate Sequences,186.0,Easy,,,,adt_all_20260617_1,9833.0,False
AtCoder,abc367_d,G. Pedometer,1037.0,Medium,,,,adt_all_20241128_1,9833.0,False
AtCoder,abc367_e,H. Permute K times,1370.0,Medium,,,,adt_all_20250220_3,9833.0,False
AtCoder,abc367_f,I. Rearrange Query,1540.0,Medium,,,,adt_hard_20250724_2,9833.0,False
AtCoder,abc367_g,G. Sum of (XOR^K or 0),3110.0,Hard,,,,abc367,9833.0,False
AtCoder,abc368_a,B. Cut,-791.0,Easy,,,,adt_easy_20250128_2,7888.0,False
AtCoder,abc368_b,C. Decrease 2 max elements,-384.0,Easy,,,,adt_easy_20241001_2,7888.0,False
AtCoder,abc368_c,E. Triple Attack,367.0,Easy,,,,adt_medium_20241023_3,9283.0,False
AtCoder,abc368_d,G. Minimum Steiner Tree,816.0,Medium,,,,adt_hard_20250311_2,9283.0,False
AtCoder,abc368_e,H. Train Delay,2140.0,Hard,,,,adt_hard_20250116_1,9283.0,False
AtCoder,abc368_f,I. Dividing Game,1180.0,Medium,,,,adt_hard_20241016_3,9283.0,False
AtCoder,abc368_g,G. Add and Multiply Queries,1841.0,Medium,,,,abc368,9283.0,False
AtCoder,abc369_a,B. 369,-665.0,Easy,,,,adt_easy_20250122_3,7864.0,False
AtCoder,abc369_b,C. Piano 3,-344.0,Easy,,,,adt_easy_20241009_1,7864.0,False
AtCoder,abc369_c,F. Count Arithmetic Subarrays,315.0,Easy,,,,adt_all_20241008_1,9132.0,False
AtCoder,abc369_d,G. Bonus EXP,621.0,Easy,,,,adt_hard_20250218_1,9132.0,False
AtCoder,abc369_e,H. Sightseeing Tour ,1301.0,Medium,,,,adt_hard_20241009_3,9132.0,False
AtCoder,abc369_f,I. Gather Coins,1618.0,Medium,,,,adt_all_20250107_1,9132.0,False
AtCoder,abc369_g,G. As far as possible,2055.0,Hard,,,,abc369,9132.0,False
AtCoder,abc370_a,B. Raise Both Hands,-1042.0,Easy,,,,adt_easy_20241024_3,8486.0,False
AtCoder,abc370_b,C. Binary Alchemy,-226.0,Easy,,,,adt_easy_20241114_1,8486.0,False
AtCoder,abc370_c,E. Word Ladder,176.0,Easy,,,,adt_hard_20241024_2,9998.0,False
AtCoder,abc370_d,G. Cross Explosion,1088.0,Medium,,,,adt_hard_20241226_2,9998.0,False
AtCoder,abc370_e,H. Avoid K Partition,1453.0,Medium,,,,adt_all_20241105_1,9998.0,False
AtCoder,abc370_f,I. Cake Division,2102.0,Hard,,,,adt_hard_20241212_2,9998.0,False
AtCoder,abc370_g,G. Divisible by 3,3428.0,Hard,,,,abc370,9998.0,False
AtCoder,abc371_a,B. Jiro,-584.0,Easy,,,,adt_easy_20241029_3,6662.0,False
AtCoder,abc371_b,D. Taro,-772.0,Easy,,,,adt_easy_20241023_2,6662.0,False
AtCoder,abc371_c,E. Make Isomorphic,849.0,Medium,,,,adt_easy_20241024_1,6662.0,False
AtCoder,abc371_d,G. 1D Country,408.0,Easy,,,,adt_hard_20241030_2,6662.0,False
AtCoder,abc371_e,H. I Hate Sigma Problems,981.0,Medium,,,,adt_hard_20241211_2,6662.0,False
AtCoder,abc371_f,I. Takahashi in Narrow Road,2109.0,Hard,,,,adt_all_20250304_3,6662.0,False
AtCoder,abc371_g,G. Lexicographically Smallest Permutation,2348.0,Hard,,,,abc371,6662.0,False
AtCoder,abc372_a,A. delete .,-1013.0,Easy,,,,adt_easy_20241128_2,7202.0,False
AtCoder,abc372_b,D. 3^A,-48.0,Easy,,,,adt_easy_20241105_2,7202.0,False
AtCoder,abc372_c,E. Count ABC Again,336.0,Easy,,,,adt_medium_20241204_3,8580.0,False
AtCoder,abc372_d,G. Buildings,901.0,Medium,,,,adt_all_20250226_3,8580.0,False
AtCoder,abc372_e,H. K-th Largest Connected Components,1042.0,Medium,,,,adt_all_20260616_2,8580.0,False
AtCoder,abc372_f,I. Teleporting Takahashi 2,1722.0,Medium,,,,adt_all_20250423_2,8580.0,False
AtCoder,abc372_g,G. Ax + By < C,2925.0,Hard,,,,abc372,8580.0,False
AtCoder,abc373_a,B. September,-1045.0,Easy,,,,adt_easy_20250121_1,8176.0,False
AtCoder,abc373_b,D. 1D Keyboard,-403.0,Easy,,,,adt_easy_20241120_2,8176.0,False
AtCoder,abc373_c,F. Max Ai+Bj,-269.0,Easy,,,,adt_medium_20241112_3,9646.0,False
AtCoder,abc373_d,G. Hidden Weights,765.0,Easy,,,,adt_medium_20241114_3,9646.0,False
AtCoder,abc373_e,H. How to Win the Election,1592.0,Medium,,,,adt_hard_20241204_1,9646.0,False
AtCoder,abc373_f,I. Knapsack with Diminishing Values,2018.0,Hard,,,,adt_all_20250115_2,9646.0,False
AtCoder,abc373_g,G. No Cross Matching,2377.0,Hard,,,,abc373,9646.0,False
AtCoder,abc374_a,A. Takahashi san 2,-1054.0,Easy,,,,adt_easy_20241119_2,8293.0,False
AtCoder,abc374_b,D. Unvarnished Report,-660.0,Easy,,,,adt_all_20260616_1,8293.0,False
AtCoder,abc374_c,E. Separated Lunch,172.0,Easy,,,,adt_hard_20241128_2,9718.0,False
AtCoder,abc374_d,G. Laser Marking,694.0,Easy,,,,adt_medium_20241204_1,9718.0,False
AtCoder,abc374_e,H. Sensor Optimization Dilemma 2,1504.0,Medium,,,,adt_hard_20241210_3,9718.0,False
AtCoder,abc374_f,I. Shipping,2026.0,Hard,,,,adt_all_20250326_3,9718.0,False
AtCoder,abc374_g,G. Only One Product Name,2608.0,Hard,,,,abc374,9718.0,False
AtCoder,abc375_a,A. Seats,-789.0,Easy,,,,adt_easy_20241121_3,8242.0,False
AtCoder,abc375_b,D. Traveling Takahashi Problem,-325.0,Easy,,,,adt_easy_20241211_2,8242.0,False
AtCoder,abc375_c,E. Spiral Rotation,972.0,Medium,,,,adt_easy_20241120_1,9786.0,False
AtCoder,abc375_d,G. ABA,658.0,Easy,,,,adt_medium_20250114_2,9786.0,False
AtCoder,abc375_e,H. 3 Team Division,1424.0,Medium,,,,adt_hard_20250130_1,9786.0,False
AtCoder,abc375_f,I. Road Blocked,1546.0,Medium,,,,adt_all_20260220_2,9786.0,False
AtCoder,abc375_g,G. Road Blocked 2,2014.0,Hard,,,,abc375,9786.0,False
AtCoder,abc376_a,A. Candy Button,-823.0,Easy,,,,adt_easy_20241126_2,8237.0,False
AtCoder,abc376_b,D. Hands on Ring (Easy),271.0,Easy,,,,adt_easy_20241225_1,8237.0,False
AtCoder,abc376_c,F. Prepare Another Box,364.0,Easy,,,,adt_hard_20250102_2,9555.0,False
AtCoder,abc376_d,G. Cycle,743.0,Easy,,,,adt_medium_20241211_3,9555.0,False
AtCoder,abc376_e,H. Max × Sum,1063.0,Medium,,,,adt_hard_20241226_2,9555.0,False
AtCoder,abc376_f,I. Hands on Ring (Hard) ,2089.0,Hard,,,,adt_hard_20250123_1,9555.0,False
AtCoder,abc376_g,G. Treasure Hunting,2858.0,Hard,,,,abc376,9555.0,False
AtCoder,abc377_a,B. Rearranging ABC,-1012.0,Easy,,,,adt_easy_20250318_2,6690.0,False
AtCoder,abc377_b,C. Avoid Rook Attack,-432.0,Easy,,,,adt_easy_20250402_3,6690.0,False
AtCoder,abc377_c,E. Avoid Knight Attack,248.0,Easy,,,,adt_easy_20250626_1,7944.0,False
AtCoder,abc377_d,G. Many Segments 2,987.0,Medium,,,,adt_medium_20250611_1,7944.0,False
AtCoder,abc377_e,H. Permute K times 2,1685.0,Medium,,,,adt_hard_20251118_2,7944.0,False
AtCoder,abc377_f,I. Avoid Queen Attack,2232.0,Hard,,,,adt_hard_20250121_1,7944.0,False
AtCoder,abc377_g,G. Edit to Match,1782.0,Medium,,,,abc377,7944.0,False
AtCoder,abc378_a,A. Pairing,-755.0,Easy,,,,adt_easy_20241231_1,7649.0,False
AtCoder,abc378_b,C. Garbage Collection,-90.0,Easy,,,,adt_easy_20250213_1,7649.0,False
AtCoder,abc378_c,F. Repeating,105.0,Easy,,,,adt_medium_20250304_2,8930.0,False
AtCoder,abc378_d,G. Count Simple Paths,587.0,Easy,,,,adt_all_20250325_2,8930.0,False
AtCoder,abc378_e,H. Mod Sigma Problem,1406.0,Medium,,,,adt_hard_20250101_2,8930.0,False
AtCoder,abc378_f,I. Add One Edge 2,1436.0,Medium,,,,adt_all_20250417_1,8930.0,False
AtCoder,abc378_g,G. Everlasting LIDS,3051.0,Hard,,,,abc378,8930.0,False
AtCoder,abc379_a,A. Cyclic,-1053.0,Easy,,,,adt_easy_20250102_3,7596.0,False
AtCoder,abc379_b,C. Strawberries,-533.0,Easy,,,,adt_easy_20250102_1,7596.0,False
AtCoder,abc379_c,F. Sowing Stones,951.0,Medium,,,,adt_medium_20241217_3,9121.0,False
AtCoder,abc379_d,G. Home Garden,745.0,Easy,,,,adt_medium_20250320_1,9121.0,False
AtCoder,abc379_e,H. Sum of All Substrings,1246.0,Medium,,,,adt_hard_20250108_2,9121.0,False
AtCoder,abc379_f,I. Buildings 2,1659.0,Medium,,,,adt_all_20250618_1,9121.0,False
AtCoder,abc379_g,G. Count Grid 3-coloring,2304.0,Hard,,,,abc379,9121.0,False
AtCoder,abc380_a,A. 123233,-880.0,Easy,,,,adt_easy_20241226_2,7898.0,False
AtCoder,abc380_b,C. Hurdle Parsing,-683.0,Easy,,,,adt_easy_20250327_1,7898.0,False
AtCoder,abc380_c,F. Move Segment,166.0,Easy,,,,adt_all_20241225_1,9286.0,False
AtCoder,abc380_d,G. Strange Mirroring,849.0,Medium,,,,adt_hard_20250114_1,9286.0,False
AtCoder,abc380_e,H. 1D Bucket Tool,1230.0,Medium,,,,adt_hard_20250701_3,9286.0,False
AtCoder,abc380_f,I. Exchange Game,1769.0,Medium,,,,adt_hard_20250619_3,9286.0,False
AtCoder,abc380_g,G. Another Shuffle Window,1995.0,Medium,,,,abc380,9286.0,False
AtCoder,abc381_a,A. 11/22 String,-622.0,Easy,,,,adt_easy_20241224_3,4817.0,False
AtCoder,abc381_b,D. 1122 String,-417.0,Easy,,,,adt_easy_20241226_2,4817.0,False
AtCoder,abc381_c,F. 11/22 Substring,140.0,Easy,,,,adt_all_20260617_2,5633.0,False
AtCoder,abc381_d,G. 1122 Substring,921.0,Medium,,,,adt_medium_20251009_1,5633.0,False
AtCoder,abc381_e,H. 11/22 Subsequence,1396.0,Medium,,,,adt_hard_20250101_3,5633.0,False
AtCoder,abc381_f,I. 1122 Subsequence,1739.0,Medium,,,,adt_all_20250521_2,5633.0,False
AtCoder,abc381_g,G. Fibonacci Product,3313.0,Hard,,,,abc381,5633.0,False
AtCoder,abc382_a,B. Daily Cookie,-1062.0,Easy,,,,adt_all_20260616_1,6916.0,False
AtCoder,abc382_b,D. Daily Cookie 2,-732.0,Easy,,,,adt_easy_20250206_3,6916.0,False
AtCoder,abc382_c,E. Kaiten Sushi,476.0,Easy,,,,adt_hard_20250212_1,8077.0,False
AtCoder,abc382_d,G. Keep Distance,685.0,Easy,,,,adt_hard_20250108_2,8077.0,False
AtCoder,abc382_e,H. Expansion Packs,1671.0,Medium,,,,adt_hard_20250429_3,8077.0,False
AtCoder,abc382_f,I. Falling Bars,1443.0,Medium,,,,adt_all_20250212_3,8077.0,False
AtCoder,abc382_g,G. Tile Distance 3,3278.0,Hard,,,,abc382,8077.0,False
AtCoder,abc383_a,B. Humidifier 1,-827.0,Easy,,,,adt_easy_20250408_2,7476.0,False
AtCoder,abc383_b,D. Humidifier 2,246.0,Easy,,,,adt_medium_20250123_1,7476.0,False
AtCoder,abc383_c,F. Humidifier 3,750.0,Easy,,,,adt_hard_20250205_1,8800.0,False
AtCoder,abc383_d,G. 9 Divisors,884.0,Medium,,,,adt_medium_20250618_1,8800.0,False
AtCoder,abc383_e,H. Sum of Max Matching,1616.0,Medium,,,,adt_all_20250115_3,8800.0,False
AtCoder,abc383_f,I. Diversity,1706.0,Medium,,,,adt_hard_20250204_1,8800.0,False
AtCoder,abc383_g,G. Bar Cover,3026.0,Hard,,,,abc383,8800.0,False
AtCoder,abc384_a,A. aaaadaa,-1039.0,Easy,,,,adt_easy_20250612_3,7576.0,False
AtCoder,abc384_b,C. ARC Division,-641.0,Easy,,,,adt_medium_20250121_2,7576.0,False
AtCoder,abc384_c,F. Perfect Standings,95.0,Easy,,,,adt_medium_20250313_1,8980.0,False
AtCoder,abc384_d,G. Repeated Sequence,666.0,Easy,,,,adt_all_20250423_2,8980.0,False
AtCoder,abc384_e,H. Takahashi is Slime 2,1002.0,Medium,,,,adt_all_20250403_1,8980.0,False
AtCoder,abc384_f,I. Double Sum 2,1908.0,Medium,,,,adt_all_20250123_3,8980.0,False
AtCoder,abc384_g,G. Abs Sum,2343.0,Hard,,,,abc384,8980.0,False
AtCoder,abc385_a,A. Equally,-938.0,Easy,,,,adt_easy_20250204_1,7512.0,False
AtCoder,abc385_b,C. Santa Claus 1,-257.0,Easy,,,,adt_medium_20250410_3,7512.0,False
AtCoder,abc385_c,F. Illuminate Buildings,446.0,Easy,,,,adt_all_20250617_2,8867.0,False
AtCoder,abc385_d,G. Santa Claus 2,1171.0,Medium,,,,adt_all_20260311_2,8867.0,False
AtCoder,abc385_e,H. Snowflake Tree,1406.0,Medium,,,,adt_hard_20250227_1,8867.0,False
AtCoder,abc385_f,I. Visible Buildings,1905.0,Medium,,,,adt_hard_20250311_3,8867.0,False
AtCoder,abc385_g,G. Counting Buildings,2492.0,Hard,,,,abc385,8867.0,False
AtCoder,abc386_a,B. Full House 2,-702.0,Easy,,,,adt_easy_20250218_2,6686.0,False
AtCoder,abc386_b,D. Calculator,-497.0,Easy,,,,adt_easy_20250312_2,6686.0,False
AtCoder,abc386_c,F. Operate 1,218.0,Easy,,,,adt_hard_20250415_3,7834.0,False
AtCoder,abc386_d,G. Diagonal Separation,996.0,Medium,,,,adt_hard_20250311_3,7834.0,False
AtCoder,abc386_e,H.  Maximize XOR,1518.0,Medium,,,,adt_hard_20250320_1,7834.0,False
AtCoder,abc386_f,I. Operate K,1875.0,Medium,,,,adt_all_20250325_2,7834.0,False
AtCoder,abc386_g,G. Many MST,2930.0,Hard,,,,abc386,7834.0,False
AtCoder,abc387_a,B. Happy New Year 2025,-1268.0,Easy,,,,adt_easy_20250211_2,6832.0,False
AtCoder,abc387_b,D. 9x9 Sum,-785.0,Easy,,,,adt_easy_20250213_3,6832.0,False
AtCoder,abc387_c,E. Snake Numbers,1249.0,Medium,,,,adt_hard_20251231_2,7946.0,False
AtCoder,abc387_d,G. Snaky Walk,817.0,Medium,,,,adt_hard_20250318_3,7946.0,False
AtCoder,abc387_e,H. Digit Sum Divisible 2,2097.0,Hard,,,,adt_hard_20250812_2,7946.0,False
AtCoder,abc387_f,I. Count Arrays,1760.0,Medium,,,,adt_hard_20250304_1,7946.0,False
AtCoder,abc387_g,G. Prime Circuit,2986.0,Hard,,,,abc387,7946.0,False
AtCoder,abc388_a,A. ?UPC,-1184.0,Easy,,,,adt_easy_20250318_3,7667.0,False
AtCoder,abc388_b,C. Heavy Snake,-633.0,Easy,,,,adt_medium_20250417_1,7667.0,False
AtCoder,abc388_c,F. Various Kagamimochi,145.0,Easy,,,,adt_hard_20250402_3,9199.0,False
AtCoder,abc388_d,G. Coming of Age Celebration,659.0,Easy,,,,adt_all_20250327_1,9199.0,False
AtCoder,abc388_e,H. Simultaneous Kagamimochi,1068.0,Medium,,,,adt_hard_20250220_1,9199.0,False
AtCoder,abc388_f,I. Dangerous Sugoroku ,2214.0,Hard,,,,adt_hard_20250910_3,9199.0,False
AtCoder,abc388_g,G. Simultaneous Kagamimochi 2,2001.0,Hard,,,,abc388,9199.0,False
AtCoder,abc389_a,B. 9x9,-1170.0,Easy,,,,adt_easy_20250325_3,8042.0,False
AtCoder,abc389_b,D. tcaF,-703.0,Easy,,,,adt_medium_20250708_3,8042.0,False
AtCoder,abc389_c,E. Snake Queue,220.0,Easy,,,,adt_hard_20250626_2,9521.0,False
AtCoder,abc389_d,G. Squares in Circle,749.0,Easy,,,,adt_all_20260522_1,9521.0,False
AtCoder,abc389_e,H. Square Price,1897.0,Medium,,,,adt_hard_20250225_2,9521.0,False
AtCoder,abc389_f,I. Rated Range,1642.0,Medium,,,,adt_all_20250423_1,9521.0,False
AtCoder,abc389_g,G. Odd Even Graph,2762.0,Hard,,,,abc389,9521.0,False
AtCoder,abc390_a,A. 12435,-492.0,Easy,,,,adt_easy_20250319_3,7880.0,False
AtCoder,abc390_b,C. Geometric Sequence,0.0,Easy,,,,adt_medium_20250409_1,7880.0,False
AtCoder,abc390_c,F. Paint to make a rectangle,207.0,Easy,,,,adt_all_20250305_3,9234.0,False
AtCoder,abc390_d,G. Stone XOR,1607.0,Medium,,,,adt_all_20250409_2,9234.0,False
AtCoder,abc390_e,E. Vitamin Balance,1227.0,Medium,,,,abc390,9234.0,False
AtCoder,abc390_f,I. Double Sum 3,1801.0,Medium,,,,adt_all_20250320_2,9234.0,False
AtCoder,abc390_g,G. Permutation Concatenation,2508.0,Hard,,,,abc390,9234.0,False
AtCoder,abc391_a,A. Lucky Direction,-1092.0,Easy,,,,adt_easy_20250416_1,7694.0,False
AtCoder,abc391_b,D. Seek Grid,-117.0,Easy,,,,adt_easy_20250311_3,7694.0,False
AtCoder,abc391_c,E. Pigeonhole Query,141.0,Easy,,,,adt_hard_20250417_3,8961.0,False
AtCoder,abc391_d,G. Gravity,924.0,Medium,,,,adt_hard_20250814_2,8961.0,False
AtCoder,abc391_e,H. Hierarchical Majority Vote,1165.0,Medium,,,,adt_hard_20250507_3,8961.0,False
AtCoder,abc391_f,I. K-th Largest Triplet ,1554.0,Medium,,,,adt_hard_20250410_3,8961.0,False
AtCoder,abc391_g,G. Many LCS,2247.0,Hard,,,,abc391,8961.0,False
AtCoder,abc392_a,A. Shuffled Equation,-1041.0,Easy,,,,adt_easy_20260204_2,8417.0,False
AtCoder,abc392_b,C. Who is Missing?,-649.0,Easy,,,,adt_medium_20250521_3,8417.0,False
AtCoder,abc392_c,E. Bib,-43.0,Easy,,,,adt_easy_20250423_2,10035.0,False
AtCoder,abc392_d,G. Doubles,579.0,Easy,,,,adt_medium_20250806_3,10035.0,False
AtCoder,abc392_e,H. Cables and Servers,1218.0,Medium,,,,adt_hard_20251105_2,10035.0,False
AtCoder,abc392_f,I. Insert,1395.0,Medium,,,,adt_all_20250520_1,10035.0,False
AtCoder,abc392_g,G. Fine Triplets,1817.0,Medium,,,,abc392,10035.0,False
AtCoder,abc393_a,B. Poisonous Oyster ,-1085.0,Easy,,,,adt_easy_20250326_2,8236.0,False
AtCoder,abc393_b,D. A..B..C,-480.0,Easy,,,,adt_medium_20250422_1,8236.0,False
AtCoder,abc393_c,E. Make it Simple,98.0,Easy,,,,adt_medium_20250507_1,9659.0,False
AtCoder,abc393_d,G. Swap to Gather,533.0,Easy,,,,adt_hard_20250325_3,9659.0,False
AtCoder,abc393_e,H. GCD of Subset,1253.0,Medium,,,,adt_hard_20250409_3,9659.0,False
AtCoder,abc393_f,I. Prefix LIS Query ,1284.0,Medium,,,,adt_hard_20250605_3,9659.0,False
AtCoder,abc393_g,G. Unevenness,3731.0,Hard,,,,abc393,9659.0,False
AtCoder,abc394_a,B. 22222,-993.0,Easy,,,,adt_easy_20250423_1,8408.0,False
AtCoder,abc394_b,D. cat,-630.0,Easy,,,,adt_medium_20250415_3,8408.0,False
AtCoder,abc394_c,E. Debug,36.0,Easy,,,,adt_medium_20250402_2,9961.0,False
AtCoder,abc394_d,G. Colorful Bracket Sequence,216.0,Easy,,,,adt_all_20250918_1,9961.0,False
AtCoder,abc394_e,H. Palindromic Shortest Path,1403.0,Medium,,,,adt_hard_20250917_3,9961.0,False
AtCoder,abc394_f,I. Alkane,1549.0,Medium,,,,adt_all_20250403_2,9961.0,False
AtCoder,abc394_g,G. Dense Buildings,2031.0,Hard,,,,abc394,9961.0,False
AtCoder,abc395_a,B. Strictly Increasing?,-945.0,Easy,,,,adt_easy_20250430_3,8517.0,False
AtCoder,abc395_b,D. Make Target,-286.0,Easy,,,,adt_medium_20250408_1,8517.0,False
AtCoder,abc395_c,E. Shortest Duplicate Subarray,36.0,Easy,,,,adt_easy_20250409_2,9945.0,False
AtCoder,abc395_d,G. Pigeon Swap,919.0,Medium,,,,adt_medium_20250501_1,9945.0,False
AtCoder,abc395_e,H. Flip Edge,978.0,Medium,,,,adt_all_20250807_1,9945.0,False
AtCoder,abc395_f,I. Smooth Occlusion,1437.0,Medium,,,,adt_all_20250716_1,9945.0,False
AtCoder,abc395_g,G. Minimum Steiner Tree 2,2561.0,Hard,,,,abc395,9945.0,False
AtCoder,abc396_a,A. Triple Four,-958.0,Easy,,,,adt_all_20260617_2,8632.0,False
AtCoder,abc396_b,D. Card Pile,-556.0,Easy,,,,adt_medium_20250429_1,8632.0,False
AtCoder,abc396_c,F. Buy Balls,273.0,Easy,,,,adt_hard_20250528_3,10256.0,False
AtCoder,abc396_d,G. Minimum XOR Path,601.0,Easy,,,,adt_all_20260218_2,10256.0,False
AtCoder,abc396_e,H. Min of Restricted Sum,1379.0,Medium,,,,adt_hard_20250716_2,10256.0,False
AtCoder,abc396_f,I. Rotated Inversions,1479.0,Medium,,,,adt_hard_20251021_2,10256.0,False
AtCoder,abc396_g,G. Flip Row or Col,2195.0,Hard,,,,abc396,10256.0,False
AtCoder,abc397_a,A. Thermometer,-1252.0,Easy,,,,adt_easy_20250501_2,8668.0,False
AtCoder,abc397_b,D. Ticket Gate Log,-340.0,Easy,,,,adt_medium_20250515_1,8668.0,False
AtCoder,abc397_c,F. Variety Split Easy,90.0,Easy,,,,adt_hard_20250626_2,10603.0,False
AtCoder,abc397_d,G. Cubes,1132.0,Medium,,,,adt_hard_20250604_3,10603.0,False
AtCoder,abc397_e,H. Path Decomposition of a Tree,1484.0,Medium,,,,adt_all_20250424_1,10603.0,False
AtCoder,abc397_f,I. Variety Split Hard,1753.0,Medium,,,,adt_hard_20250515_3,10603.0,False
AtCoder,abc397_g,G. Maximize Distance,2947.0,Hard,,,,abc397,10603.0,False
AtCoder,abc398_a,B. Doors in the Center,-1093.0,Easy,,,,adt_easy_20250604_2,8422.0,False
AtCoder,abc398_b,C. Full House 3,-461.0,Easy,,,,adt_medium_20250605_3,8422.0,False
AtCoder,abc398_c,F. Uniqueness,-70.0,Easy,,,,adt_hard_20250619_2,10165.0,False
AtCoder,abc398_d,G. Bonfire,746.0,Easy,,,,adt_medium_20250702_3,10165.0,False
AtCoder,abc398_e,H. Tree Game,1238.0,Medium,,,,adt_all_20250520_2,10165.0,False
AtCoder,abc398_f,I. ABCBA,1033.0,Medium,,,,adt_hard_20250508_3,10165.0,False
AtCoder,abc398_g,G. Not Only Tree Game,3352.0,Hard,,,,abc398,10165.0,False
AtCoder,abc399_a,A. Hamming Distance,-1129.0,Easy,,,,adt_easy_20250708_3,8813.0,False
AtCoder,abc399_b,C. Ranking with Ties,-512.0,Easy,,,,adt_easy_20250918_3,8813.0,False
AtCoder,abc399_c,F. Make it Forest,312.0,Easy,,,,adt_hard_20250514_3,10483.0,False
AtCoder,abc399_d,G. Switch Seats,964.0,Medium,,,,adt_all_20260615_2,10483.0,False
AtCoder,abc399_e,H. Replace,2045.0,Hard,,,,adt_all_20251203_3,10483.0,False
AtCoder,abc399_f,I. Range Power Sum,1558.0,Medium,,,,adt_all_20250611_2,10483.0,False
AtCoder,abc399_g,G. Colorful Spanning Tree,3625.0,Hard,,,,abc399,10483.0,False
AtCoder,abc400_a,B. ABC400 Party,-1201.0,Easy,,,,adt_easy_20250610_1,8393.0,False
AtCoder,abc400_b,D. Sum of Geometric Series,-600.0,Easy,,,,adt_medium_20250625_3,8393.0,False
AtCoder,abc400_c,F. 2^a b^2,702.0,Easy,,,,adt_medium_20250604_1,9961.0,False
AtCoder,abc400_d,G. Takahashi the Wall Breaker,1026.0,Medium,,,,adt_all_20250910_1,9961.0,False
AtCoder,abc400_e,H. Ringo's Favorite Numbers 3,1226.0,Medium,,,,adt_hard_20250529_3,9961.0,False
AtCoder,abc400_f,I. Happy Birthday! 3,2263.0,Hard,,,,adt_hard_20250731_3,9961.0,False
AtCoder,abc400_g,G. Patisserie ABC 3,2813.0,Hard,,,,abc400,9961.0,False
AtCoder,abc401_a,A. Status Code,-1160.0,Easy,,,,adt_easy_20250814_1,8588.0,False
AtCoder,abc401_b,D. Unauthorized,-807.0,Easy,,,,adt_easy_20250805_2,8588.0,False
AtCoder,abc401_c,E. K-bonacci,209.0,Easy,,,,adt_hard_20250724_2,10431.0,False
AtCoder,abc401_d,G. Logical Filling,1148.0,Medium,,,,adt_all_20250701_1,10431.0,False
AtCoder,abc401_e,H. Reachable Set,1270.0,Medium,,,,adt_all_20250716_1,10431.0,False
AtCoder,abc401_f,I. Add One Edge 3,1666.0,Medium,,,,adt_all_20250603_1,10431.0,False
AtCoder,abc401_g,G. Push Simultaneously,2022.0,Hard,,,,abc401,10431.0,False
AtCoder,abc402_a,B. CBC,-1084.0,Easy,,,,adt_easy_20251127_3,8014.0,False
AtCoder,abc402_b,D. Restaurant Queue,-680.0,Easy,,,,adt_easy_20250903_1,8014.0,False
AtCoder,abc402_c,F. Dislike Foods,331.0,Easy,,,,adt_all_20250619_1,9649.0,False
AtCoder,abc402_d,G. Line Crossing,827.0,Medium,,,,adt_hard_20250611_3,9649.0,False
AtCoder,abc402_e,H. Payment Required,1409.0,Medium,,,,adt_all_20260515_1,9649.0,False
AtCoder,abc402_f,I. Path to Integer,1645.0,Medium,,,,adt_hard_20250909_2,9649.0,False
AtCoder,abc402_g,G. Sum of Prod of Mod of Linear,3381.0,Hard,,,,abc402,9649.0,False
AtCoder,abc403_a,B. Odd Position Sum,-1129.0,Easy,,,,adt_easy_20250605_1,6101.0,False
AtCoder,abc403_b,C. Four Hidden,-277.0,Easy,,,,adt_easy_20250626_1,6101.0,False
AtCoder,abc403_c,F. 403 Forbidden,138.0,Easy,,,,adt_hard_20250617_3,7249.0,False
AtCoder,abc403_d,D. Forbidden Difference,1052.0,Medium,,,,abc403,7249.0,False
AtCoder,abc403_e,H. Forbidden Prefix,1447.0,Medium,,,,adt_all_20260213_2,7249.0,False
AtCoder,abc403_f,I. Shortest One Formula,1733.0,Medium,,,,adt_all_20250729_1,7249.0,False
AtCoder,abc403_g,G. Odd Position Sum Query,2028.0,Hard,,,,abc403,7249.0,False
AtCoder,abc404_a,A. Not Found,-724.0,Easy,,,,adt_easy_20250624_3,7583.0,False
AtCoder,abc404_b,C. Grid Rotation,83.0,Easy,,,,adt_easy_20250723_1,7583.0,False
AtCoder,abc404_c,E. Cycle Graph?,370.0,Easy,,,,adt_medium_20250612_1,9013.0,False
AtCoder,abc404_d,G. Goin' to the Zoo,803.0,Medium,,,,adt_medium_20250625_3,9013.0,False
AtCoder,abc404_e,H. Bowls and Beans,1286.0,Medium,,,,adt_all_20251210_3,9013.0,False
AtCoder,abc404_f,I. Lost and Pound,2162.0,Hard,,,,adt_all_20251223_1,9013.0,False
AtCoder,abc404_g,G. Specified Range Sums,1894.0,Medium,,,,abc404,9013.0,False
AtCoder,abc405_a,A. Is it rated?,-1085.0,Easy,,,,adt_easy_20250923_2,8900.0,False
AtCoder,abc405_b,C. Not All,-430.0,Easy,,,,adt_easy_20250708_1,8900.0,False
AtCoder,abc405_c,F. Sum of Product,-146.0,Easy,,,,adt_all_20250729_1,10626.0,False
AtCoder,abc405_d,G. Escape Route,471.0,Easy,,,,adt_all_20250911_1,10626.0,False
AtCoder,abc405_e,E. Fruit Lineup,1259.0,Medium,,,,abc405,10626.0,False
AtCoder,abc405_f,I. Chord Crossing,1588.0,Medium,,,,adt_hard_20250918_2,10626.0,False
AtCoder,abc405_g,G. Range Shuffle Query,2354.0,Hard,,,,abc405,10626.0,False
AtCoder,abc406_a,B. Not Acceptable,-1020.0,Easy,,,,adt_all_20260615_2,8789.0,False
AtCoder,abc406_b,D. Product Calculator,75.0,Easy,,,,adt_easy_20250626_2,8789.0,False
AtCoder,abc406_c,E. ~,862.0,Medium,,,,adt_hard_20250827_2,10532.0,False
AtCoder,abc406_d,G. Garbage Removal,694.0,Easy,,,,adt_all_20260428_1,10532.0,False
AtCoder,abc406_e,H. Popcount Sum 3,1365.0,Medium,,,,adt_all_20251104_3,10532.0,False
AtCoder,abc406_f,I. Compare Tree Weights,1470.0,Medium,,,,adt_hard_20251127_1,10532.0,False
AtCoder,abc406_g,G. Travelling Salesman Problem,3197.0,Hard,,,,abc406,10532.0,False
AtCoder,abc407_a,A. Approximation,-698.0,Easy,,,,adt_easy_20250702_3,8874.0,False
AtCoder,abc407_b,C. P(X or Y),-397.0,Easy,,,,adt_easy_20250703_1,8874.0,False
AtCoder,abc407_c,E. Security 2,278.0,Easy,,,,adt_medium_20250710_3,10538.0,False
AtCoder,abc407_d,G. Domino Covering XOR,930.0,Medium,,,,adt_hard_20250903_2,10538.0,False
AtCoder,abc407_e,H. Most Valuable Parentheses,1531.0,Medium,,,,adt_hard_20250820_2,10538.0,False
AtCoder,abc407_f,I. Sums of Sliding Window Maximum,1740.0,Medium,,,,adt_hard_20250812_2,10538.0,False
AtCoder,abc407_g,G. Domino Covering SUM,2190.0,Hard,,,,abc407,10538.0,False
AtCoder,abc408_a,A. Timeout,-537.0,Easy,,,,adt_easy_20250819_2,8224.0,False
AtCoder,abc408_b,C. Compression,-578.0,Easy,,,,adt_medium_20250812_3,8224.0,False
AtCoder,abc408_c,F. Not All Covered,166.0,Easy,,,,adt_medium_20250813_3,9751.0,False
AtCoder,abc408_d,G. Flip to Gather,950.0,Medium,,,,adt_hard_20250722_2,9751.0,False
AtCoder,abc408_e,H. Minimum OR Path,1222.0,Medium,,,,adt_hard_20250828_3,9751.0,False
AtCoder,abc408_f,I. Athletic,1472.0,Medium,,,,adt_all_20260615_1,9751.0,False
AtCoder,abc408_g,G. A/B < p/q < C/D,2167.0,Hard,,,,abc408,9751.0,False
AtCoder,abc409_a,B. Conflict,-756.0,Easy,,,,adt_easy_20251113_2,8701.0,False
AtCoder,abc409_b,D. Citation,-61.0,Easy,,,,adt_medium_20250723_3,8701.0,False
AtCoder,abc409_c,F. Equilateral Triangle,421.0,Easy,,,,adt_medium_20251001_1,10313.0,False
AtCoder,abc409_d,G. String Rotation,772.0,Easy,,,,adt_all_20250819_1,10313.0,False
AtCoder,abc409_e,H. Pair Annihilation,973.0,Medium,,,,adt_hard_20250730_3,10313.0,False
AtCoder,abc409_f,I. Connecting Points,1580.0,Medium,,,,adt_hard_20251106_2,10313.0,False
AtCoder,abc409_g,G. Accumulation of Wealth,2616.0,Hard,,,,abc409,10313.0,False
AtCoder,abc410_a,A. G1,-992.0,Easy,,,,adt_easy_20250904_1,8450.0,False
AtCoder,abc410_b,C. Reverse Proxy,-380.0,Easy,,,,adt_easy_20250730_1,8450.0,False
AtCoder,abc410_c,F. Rotatable Array,178.0,Easy,,,,adt_medium_20250819_3,10101.0,False
AtCoder,abc410_d,G. XOR Shortest Walk,1048.0,Medium,,,,adt_medium_20250923_2,10101.0,False
AtCoder,abc410_e,H. Battles in a Row,1077.0,Medium,,,,adt_all_20260226_2,10101.0,False
AtCoder,abc410_f,I. Balanced Rectangles,1732.0,Medium,,,,adt_hard_20251106_1,10101.0,False
AtCoder,abc410_g,G. Longest Chord Chain,2242.0,Hard,,,,abc410,10101.0,False
AtCoder,abc411_a,A. Required Length,-1028.0,Easy,,,,adt_easy_20250806_2,7447.0,False
AtCoder,abc411_b,D. Distance Table,-606.0,Easy,,,,adt_easy_20250819_1,7447.0,False
AtCoder,abc411_c,E. Black Intervals,185.0,Easy,,,,adt_easy_20250730_1,9018.0,False
AtCoder,abc411_d,G. Conflict 2,1018.0,Medium,,,,adt_medium_20250730_3,9018.0,False
AtCoder,abc411_e,H. E [max],1400.0,Medium,,,,adt_hard_20251125_1,9018.0,False
AtCoder,abc411_f,I. Contraction,1898.0,Medium,,,,adt_hard_20250916_2,9018.0,False
AtCoder,abc411_g,G. Count Cycles,2093.0,Hard,,,,abc411,9018.0,False
AtCoder,abc412_a,A. Task Failed Successfully,-1084.0,Easy,,,,adt_easy_20250805_2,7587.0,False
AtCoder,abc412_b,C. Precondition,-508.0,Easy,,,,adt_easy_20250820_2,7587.0,False
AtCoder,abc412_c,E. Giant Domino,607.0,Easy,,,,adt_hard_20250821_2,8955.0,False
AtCoder,abc412_d,G. Make 2-Regular Graph,1186.0,Medium,,,,adt_medium_20250819_3,8955.0,False
AtCoder,abc412_e,H. LCM Sequence,1496.0,Medium,,,,adt_hard_20250807_3,8955.0,False
AtCoder,abc412_f,I. Socks 4,2038.0,Hard,,,,adt_hard_20250903_2,8955.0,False
AtCoder,abc412_g,G. Degree Harmony,3402.0,Hard,,,,abc412,8955.0,False
AtCoder,abc413_a,B. Content Too Large,-1081.0,Easy,,,,adt_all_20260617_2,7723.0,False
AtCoder,abc413_b,D. cat 2,-426.0,Easy,,,,adt_medium_20250909_3,7723.0,False
AtCoder,abc413_c,F. Large Queue,177.0,Easy,,,,adt_all_20250910_1,9320.0,False
AtCoder,abc413_d,G. Make Geometric Sequence,943.0,Medium,,,,adt_medium_20250812_3,9320.0,False
AtCoder,abc413_e,H. Reverse 2^i,1241.0,Medium,,,,adt_hard_20251009_3,9320.0,False
AtCoder,abc413_f,I. No Passage,1635.0,Medium,,,,adt_all_20260415_1,9320.0,False
AtCoder,abc413_g,G. Big Banned Grid,1723.0,Medium,,,,abc413,9320.0,False
AtCoder,abc414_a,B. Streamer Takahashi,-1044.0,Easy,,,,adt_easy_20250917_2,7887.0,False
AtCoder,abc414_b,C. String Too Long ,-553.0,Easy,,,,adt_easy_20250911_2,7887.0,False
AtCoder,abc414_c,E. Palindromic in Both Bases,709.0,Easy,,,,adt_all_20260616_1,9450.0,False
AtCoder,abc414_d,G. Transmission Mission,841.0,Medium,,,,adt_all_20251106_3,9450.0,False
AtCoder,abc414_e,H. Count A%B=C,1296.0,Medium,,,,adt_all_20260615_1,9450.0,False
AtCoder,abc414_f,F. Jump Traveling,2357.0,Hard,,,,abc414,9450.0,False
AtCoder,abc414_g,G. AtCoder Express 4,3020.0,Hard,,,,abc414,9450.0,False
AtCoder,abc415_a,B. Unsupported Type,-1040.0,Easy,,,,adt_easy_20250911_2,7880.0,False
AtCoder,abc415_b,C. Pick Two,-668.0,Easy,,,,adt_easy_20251204_3,7880.0,False
AtCoder,abc415_c,E. Mixture,657.0,Easy,,,,adt_hard_20250930_2,9510.0,False
AtCoder,abc415_d,G. Get Many Stickers,846.0,Medium,,,,adt_all_20260428_2,9510.0,False
AtCoder,abc415_e,H. Hungry Takahashi,1212.0,Medium,,,,adt_hard_20251106_1,9510.0,False
AtCoder,abc415_f,I. Max Combo,1552.0,Medium,,,,adt_all_20251014_1,9510.0,False
AtCoder,abc415_g,G. Get Many Cola,2180.0,Hard,,,,abc415,9510.0,False
AtCoder,abc416_a,B. Vacation Validation,-1079.0,Easy,,,,adt_easy_20260403_1,8186.0,False
AtCoder,abc416_b,C. 1D Akari,-390.0,Easy,,,,adt_easy_20250918_2,8186.0,False
AtCoder,abc416_c,F. Concat (X-th),282.0,Easy,,,,adt_hard_20251002_3,9694.0,False
AtCoder,abc416_d,"D. Match, Mod, Minimize 2",682.0,Easy,,,,abc416,9694.0,False
AtCoder,abc416_e,H. Development,1428.0,Medium,,,,adt_hard_20251126_1,9694.0,False
AtCoder,abc416_f,F. Paint Tree 2,2115.0,Hard,,,,abc416,9694.0,False
AtCoder,abc416_g,G. Concat (1st),2542.0,Hard,,,,abc416,9694.0,False
AtCoder,abc417_a,B. A Substring,-918.0,Easy,,,,adt_easy_20260107_2,8169.0,False
AtCoder,abc417_b,C. Search and Delete,-507.0,Easy,,,,adt_easy_20250917_2,8169.0,False
AtCoder,abc417_c,E. Distance Indicators,206.0,Easy,,,,adt_medium_20260106_3,9748.0,False
AtCoder,abc417_d,G. Takahashi's Expectation,1230.0,Medium,,,,adt_medium_20250925_3,9748.0,False
AtCoder,abc417_e,H. A Path in A Dictionary,1111.0,Medium,,,,adt_hard_20250924_2,9748.0,False
AtCoder,abc417_f,I. Random Gathering,1414.0,Medium,,,,adt_all_20260323_2,9748.0,False
AtCoder,abc417_g,G. Binary Cat,2778.0,Hard,,,,abc417,9748.0,False
AtCoder,abc418_a,A. I'm a teapot,-994.0,Easy,,,,adt_easy_20251029_1,8123.0,False
AtCoder,abc418_b,D. You're a teapot,-73.0,Easy,,,,adt_easy_20250925_2,8123.0,False
AtCoder,abc418_c,F. Flush,401.0,Easy,,,,adt_hard_20251125_1,9631.0,False
AtCoder,abc418_d,G. XNOR Operation,821.0,Medium,,,,adt_medium_20251014_1,9631.0,False
AtCoder,abc418_e,H. Trapezium,1282.0,Medium,,,,adt_all_20251118_3,9631.0,False
AtCoder,abc418_f,I. We're teapots,2496.0,Hard,,,,adt_all_20260518_1,9631.0,False
AtCoder,abc418_g,G. Binary Operation,3038.0,Hard,,,,abc418,9631.0,False
AtCoder,abc419_a,B. AtCoder Language,-888.0,Easy,,,,adt_easy_20251023_1,8445.0,False
AtCoder,abc419_b,D. Get Min,-624.0,Easy,,,,adt_easy_20251023_3,8445.0,False
AtCoder,abc419_c,F. King's Summit,226.0,Easy,,,,adt_all_20250925_1,10121.0,False
AtCoder,abc419_d,G. Substr Swap,214.0,Easy,,,,adt_hard_20251204_1,10121.0,False
AtCoder,abc419_e,H. Subarray Sum Divisibility,1298.0,Medium,,,,adt_hard_20251230_2,10121.0,False
AtCoder,abc419_f,I. All Included,1726.0,Medium,,,,adt_all_20260306_2,10121.0,False
AtCoder,abc419_g,G. Count Simple Paths 2,2677.0,Hard,,,,abc419,10121.0,False
AtCoder,abc420_a,B. What month is it?,-1065.0,Easy,,,,adt_easy_20251104_1,6970.0,False
AtCoder,abc420_b,C. Most Minority,-273.0,Easy,,,,adt_easy_20251007_2,6970.0,False
AtCoder,abc420_c,F. Sum of Min Query,56.0,Easy,,,,adt_all_20260306_2,8193.0,False
AtCoder,abc420_d,G. Toggle Maze,699.0,Easy,,,,adt_all_20251125_3,8193.0,False
AtCoder,abc420_e,H. Reachability Query,790.0,Easy,,,,adt_all_20251106_3,8193.0,False
AtCoder,abc420_f,I. kirinuki,2420.0,Hard,,,,adt_all_20260320_2,8193.0,False
AtCoder,abc420_g,G. sqrt(n²+n+X),1427.0,Medium,,,,abc420,8193.0,False
AtCoder,abc421_a,B. Misdelivery,-930.0,Easy,,,,adt_easy_20251104_2,7893.0,False
AtCoder,abc421_b,D. Fibonacci Reversed,-391.0,Easy,,,,adt_medium_20251007_3,7893.0,False
AtCoder,abc421_c,E. Alternated,377.0,Easy,,,,adt_easy_20251127_3,9266.0,False
AtCoder,abc421_d,G. RLE Moving,1321.0,Medium,,,,adt_hard_20251008_3,9266.0,False
AtCoder,abc421_e,H. Yacht,2122.0,Hard,,,,adt_hard_20260120_2,9266.0,False
AtCoder,abc421_f,I. Erase between X and Y,1805.0,Medium,,,,adt_all_20260309_1,9266.0,False
AtCoder,abc421_g,G. Increase to make it Increasing ,2410.0,Hard,,,,abc421,9266.0,False
AtCoder,abc422_a,B. Stage Clear,,Unknown,,,,adt_easy_20251030_1,,False
AtCoder,abc422_b,D. Looped Rope,,Unknown,,,,adt_medium_20251015_2,,False
AtCoder,abc422_c,F. AtCoder AAC Contest,758.0,Easy,,,,adt_all_20251021_3,97.0,False
AtCoder,abc422_d,G. Least Unbalanced,942.0,Medium,,,,adt_all_20260409_2,97.0,False
AtCoder,abc422_e,H. Colinear,1580.0,Medium,,,,adt_all_20260323_1,97.0,False
AtCoder,abc422_f,I. Eat and Ride,2028.0,Hard,,,,adt_all_20260522_2,97.0,False
AtCoder,abc422_g,G. Balls and Boxes,2130.0,Hard,,,,jsc2025advance-final,97.0,False
AtCoder,abc423_a,A. Scary Fee,-757.0,Easy,,,,adt_easy_20260121_2,5852.0,False
AtCoder,abc423_b,D. Locked Rooms,-514.0,Easy,,,,adt_medium_20251119_2,5852.0,False
AtCoder,abc423_c,F. Lock All Doors ,376.0,Easy,,,,adt_all_20260108_1,6815.0,False
AtCoder,abc423_d,G. Long Waiting,793.0,Easy,,,,adt_all_20260203_1,6815.0,False
AtCoder,abc423_e,E. Sum of Subarrays,1183.0,Medium,,,,abc423,6815.0,False
AtCoder,abc423_f,I. Loud Cicada,1691.0,Medium,,,,adt_all_20260605_1,6815.0,False
AtCoder,abc423_g,G. Small Multiple 2,2625.0,Hard,,,,abc423,6815.0,False
AtCoder,abc424_a,B. Isosceles,-1404.0,Easy,,,,adt_easy_20260617_1,6099.0,False
AtCoder,abc424_b,D. Perfect,-626.0,Easy,,,,adt_easy_20251126_1,6099.0,False
AtCoder,abc424_c,E. New Skill Acquired,274.0,Easy,,,,adt_easy_20251030_3,7333.0,False
AtCoder,abc424_d,G. 2x2 Erasing 2,1215.0,Medium,,,,adt_all_20260224_1,7333.0,False
AtCoder,abc424_e,H. Cut in Half,1482.0,Medium,,,,adt_all_20260218_1,7333.0,False
AtCoder,abc424_f,I.  Adding Chords,1521.0,Medium,,,,adt_all_20260304_2,7333.0,False
AtCoder,abc424_g,G. Set list,2552.0,Hard,,,,abc424,7333.0,False
AtCoder,abc425_a,A. Sigma Cubes,-968.0,Easy,,,,adt_easy_20251104_2,6696.0,False
AtCoder,abc425_b,D. Find Permutation 2,-233.0,Easy,,,,adt_easy_20260319_2,6696.0,False
AtCoder,abc425_c,E. Rotate and Sum Query,304.0,Easy,,,,adt_all_20260514_1,7938.0,False
AtCoder,abc425_d,G. Ulam-Warburton Automaton,882.0,Medium,,,,adt_medium_20251202_2,7938.0,False
AtCoder,abc425_e,H. Count Sequences 2,1221.0,Medium,,,,adt_all_20260220_1,7938.0,False
AtCoder,abc425_f,F. Inserting Process,1831.0,Medium,,,,abc425,7938.0,False
AtCoder,abc425_g,G. Sum of Min of XOR,2205.0,Hard,,,,abc425,7938.0,False
AtCoder,abc426_a,B. OS Versions,-843.0,Easy,,,,adt_easy_20251112_1,7702.0,False
AtCoder,abc426_b,D. The Odd One Out,-703.0,Easy,,,,adt_easy_20260127_1,7702.0,False
AtCoder,abc426_c,E. Upgrade Required,458.0,Easy,,,,adt_all_20260617_2,9030.0,False
AtCoder,abc426_d,G. Pop and Insert,886.0,Medium,,,,adt_all_20251211_3,9030.0,False
AtCoder,abc426_e,H. Closest Moment,1584.0,Medium,,,,adt_hard_20251210_1,9030.0,False
AtCoder,abc426_f,I. Clearance,1776.0,Medium,,,,adt_hard_20260114_2,9030.0,False
AtCoder,abc426_g,G. Range Knapsack Query,2119.0,Hard,,,,abc426,9030.0,False
AtCoder,abc427_a,B. ABC -> AC,-1031.0,Easy,,,,adt_easy_20260616_2,6948.0,False
AtCoder,abc427_b,C. Sum of Digits Sequence,-404.0,Easy,,,,adt_easy_20260101_2,6948.0,False
AtCoder,abc427_c,E. Bipartize,629.0,Easy,,,,adt_easy_20251120_3,8362.0,False
AtCoder,abc427_d,G. The Simple Game,981.0,Medium,,,,adt_all_20251118_3,8362.0,False
AtCoder,abc427_e,E. Wind Cleaning,1734.0,Medium,,,,abc427,8362.0,False
AtCoder,abc427_f,F. Not Adjacent,1605.0,Medium,,,,abc427,8362.0,False
AtCoder,abc427_g,G. Takahashi's Expectation 2,2975.0,Hard,,,,abc427,8362.0,False
AtCoder,abc428_a,B. Grandma's Footsteps,-744.0,Easy,,,,adt_easy_20251217_1,7505.0,False
AtCoder,abc428_b,C. Most Frequent Substrings,-89.0,Easy,,,,adt_medium_20260107_3,7505.0,False
AtCoder,abc428_c,F. Brackets Stack Query,483.0,Easy,,,,adt_all_20260313_1,8615.0,False
AtCoder,abc428_d,G. 183184,1239.0,Medium,,,,adt_all_20260617_2,8615.0,False
AtCoder,abc428_e,H. Farthest Vertex,1167.0,Medium,,,,adt_all_20260603_2,8615.0,False
AtCoder,abc428_f,I. Pyramid Alignment,2073.0,Hard,,,,adt_all_20260311_1,8615.0,False
AtCoder,abc428_g,G. Necklace,2472.0,Hard,,,,abc428,8615.0,False
AtCoder,abc429_a,B. Too Many Requests,-1091.0,Easy,,,,adt_easy_20251211_2,7194.0,False
AtCoder,abc429_b,D. N - 1,-725.0,Easy,,,,adt_medium_20251210_2,7194.0,False
AtCoder,abc429_c,F. Odd One Subsequence,125.0,Easy,,,,adt_all_20251210_3,8701.0,False
AtCoder,abc429_d,G. On AtCoder Conference,903.0,Medium,,,,adt_all_20260128_1,8701.0,False
AtCoder,abc429_e,H. Hit and Away,1313.0,Medium,,,,adt_all_20251224_1,8701.0,False
AtCoder,abc429_f,I. Shortest Path Query,1859.0,Medium,,,,adt_all_20260527_1,8701.0,False
AtCoder,abc429_g,G. Sum of Pow of Mod of Linear,3295.0,Hard,,,,abc429,8701.0,False
AtCoder,abc430_a,A. Candy Cookie Law,-834.0,Easy,,,,adt_easy_20251231_2,5787.0,False
AtCoder,abc430_b,C. Count Subgrid,-16.0,Easy,,,,adt_easy_20251231_1,5787.0,False
AtCoder,abc430_c,F. Truck Driver,750.0,Easy,,,,adt_hard_20260129_2,6822.0,False
AtCoder,abc430_d,G. Neighbor Distance,982.0,Medium,,,,adt_hard_20260107_2,6822.0,False
AtCoder,abc430_e,H. Shift String,1109.0,Medium,,,,adt_hard_20260108_3,6822.0,False
AtCoder,abc430_f,I. Back and Forth Filling ,1615.0,Medium,,,,adt_all_20251224_1,6822.0,False
AtCoder,abc430_g,G. Range Set Modifying Query,2371.0,Hard,,,,abc430,6822.0,False
AtCoder,abc431_a,A. Robot Balance,-1080.0,Easy,,,,adt_easy_20251218_2,6787.0,False
AtCoder,abc431_b,D. Robot Weight,-558.0,Easy,,,,adt_medium_20260120_3,6787.0,False
AtCoder,abc431_c,F. Robot Factory,63.0,Easy,,,,adt_all_20260226_2,8215.0,False
AtCoder,abc431_d,G. Robot Customize,693.0,Easy,,,,adt_all_20260611_1,8215.0,False
AtCoder,abc431_e,H. Reflection on Grid,1424.0,Medium,,,,adt_hard_20251217_2,8215.0,False
AtCoder,abc431_f,I. Almost Sorted 2,1613.0,Medium,,,,adt_all_20260316_2,8215.0,False
AtCoder,abc431_g,G. One Time Swap 2,2490.0,Hard,,,,abc431,8215.0,False
AtCoder,abc432_a,A. Permute to Maximize,-999.0,Easy,,,,adt_easy_20260107_3,6875.0,False
AtCoder,abc432_b,C. Permute to Minimize,-449.0,Easy,,,,adt_easy_20251224_1,6875.0,False
AtCoder,abc432_c,E. Candy Tribulation,654.0,Easy,,,,adt_all_20260429_2,8335.0,False
AtCoder,abc432_d,"D. Suddenly, A Tempest",1745.0,Medium,,,,abc432,8335.0,False
AtCoder,abc432_e,H. Clamp,1133.0,Medium,,,,adt_all_20260504_2,8335.0,False
AtCoder,abc432_f,F. Candy Redistribution,2273.0,Hard,,,,abc432,8335.0,False
AtCoder,abc432_g,"G. Sum of Binom(A, B)",1984.0,Medium,,,,abc432,8335.0,False
AtCoder,abc433_a,B. Happy Birthday! 4,-494.0,Easy,,,,adt_all_20260212_2,7314.0,False
AtCoder,abc433_b,C. Nearest Taller,-454.0,Easy,,,,adt_easy_20260617_1,7314.0,False
AtCoder,abc433_c,F. 1122 Substring 2,226.0,Easy,,,,adt_all_20260106_1,8754.0,False
AtCoder,abc433_d,G. 183183,752.0,Easy,,,,adt_medium_20260115_3,8754.0,False
AtCoder,abc433_e,H. Max Matrix 2,1674.0,Medium,,,,adt_hard_20260129_3,8754.0,False
AtCoder,abc433_f,I. 1122 Subsequence 2,1617.0,Medium,,,,adt_all_20260514_1,8754.0,False
AtCoder,abc433_g,G. Substring Game,2060.0,Hard,,,,abc433,8754.0,False
AtCoder,abc434_a,B. Balloon Trip,-1206.0,Easy,,,,adt_easy_20260427_1,6389.0,False
AtCoder,abc434_b,D. Bird Watching,-657.0,Easy,,,,adt_easy_20260617_1,6389.0,False
AtCoder,abc434_c,F. Flapping Takahashi,373.0,Easy,,,,adt_all_20260210_1,7793.0,False
AtCoder,abc434_d,G. Clouds,909.0,Medium,,,,adt_all_20260406_2,7793.0,False
AtCoder,abc434_e,E. Distribute Bunnies,1317.0,Medium,,,,abc434,7793.0,False
AtCoder,abc434_f,I. Concat (2nd),2600.0,Hard,,,,adt_all_20260310_2,7793.0,False
AtCoder,abc434_g,G. Keyboard,3645.0,Hard,,,,abc434,7793.0,False
AtCoder,abc435_a,A. Triangular Number,-1289.0,Easy,,,,adt_all_20260616_1,7204.0,False
AtCoder,abc435_b,D. No-Divisible Range,-439.0,Easy,,,,adt_all_20260617_2,7204.0,False
AtCoder,abc435_c,E. Domino,11.0,Easy,,,,adt_easy_20260121_1,8597.0,False
AtCoder,abc435_d,G. Reachability Query 2,568.0,Easy,,,,adt_all_20260424_1,8597.0,False
AtCoder,abc435_e,H. Cover query,982.0,Medium,,,,adt_all_20260601_1,8597.0,False
AtCoder,abc435_f,I. Cat exercise,1385.0,Medium,,,,adt_all_20260227_1,8597.0,False
AtCoder,abc435_g,G. Domino Arrangement,2519.0,Hard,,,,abc435,8597.0,False
AtCoder,abc436_a,B. o-padding,-1226.0,Easy,,,,adt_easy_20260121_1,7620.0,False
AtCoder,abc436_b,C. Magic Square,-387.0,Easy,,,,adt_easy_20260311_1,7620.0,False
AtCoder,abc436_c,C. 2x2 Placing,208.0,Easy,,,,abc436,9021.0,False
AtCoder,abc436_d,G. Teleport Maze ,633.0,Easy,,,,adt_all_20260605_1,9021.0,False
AtCoder,abc436_e,H. Minimum Swap,958.0,Medium,,,,adt_all_20260604_2,9021.0,False
AtCoder,abc436_f,I. Starry Landscape Photo,1336.0,Medium,,,,adt_all_20260617_1,9021.0,False
AtCoder,abc436_g,G. Linear Inequation,2164.0,Hard,,,,abc436,9021.0,False
AtCoder,abc437_a,A. Feet,-1191.0,Easy,,,,adt_easy_20260209_1,7798.0,False
AtCoder,abc437_b,C. Tombola,-581.0,Easy,,,,adt_easy_20260306_1,7798.0,False
AtCoder,abc437_c,F. Reindeer and Sleigh 2,489.0,Easy,,,,adt_all_20260331_1,9433.0,False
AtCoder,abc437_d,G. Sum of Differences,509.0,Easy,,,,adt_all_20260429_2,9433.0,False
AtCoder,abc437_e,E. Sort Arrays,1279.0,Medium,,,,abc437,9433.0,False
AtCoder,abc437_f,I. Manhattan Christmas Tree 2,1332.0,Medium,,,,adt_all_20260319_2,9433.0,False
AtCoder,abc437_g,G. Colorful Christmas Tree,2806.0,Hard,,,,abc437,9433.0,False
AtCoder,abc438_a,B. First Contest of the Year,-648.0,Easy,,,,adt_easy_20260225_1,7367.0,False
AtCoder,abc438_b,D. Substring 2,-188.0,Easy,,,,adt_medium_20260205_3,7367.0,False
AtCoder,abc438_c,F. 1D puyopuyo,367.0,Easy,,,,adt_all_20260213_2,8736.0,False
AtCoder,abc438_d,D. Tail of Snake ,652.0,Easy,,,,abc438,8736.0,False
AtCoder,abc438_e,H. Heavy Buckets,1226.0,Medium,,,,adt_hard_20260205_2,8736.0,False
AtCoder,abc438_f,F. Sum of Mex,1852.0,Medium,,,,abc438,8736.0,False
AtCoder,abc438_g,G. Sum of Min,2455.0,Hard,,,,abc438,8736.0,False
AtCoder,abc439_a,A. 2^n - 2*n,-1184.0,Easy,,,,adt_easy_20260210_2,6436.0,False
AtCoder,abc439_b,C. Happy Number,-469.0,Easy,,,,adt_easy_20260212_1,6436.0,False
AtCoder,abc439_c,E. 2026,321.0,Easy,,,,adt_all_20260304_1,7672.0,False
AtCoder,abc439_d,G. Kadomatsu Subsequence,627.0,Easy,,,,adt_all_20260430_2,7672.0,False
AtCoder,abc439_e,E. Kite,1071.0,Medium,,,,abc439,7672.0,False
AtCoder,abc439_f,I. Beautiful Kadomatsu,1488.0,Medium,,,,adt_all_20260313_1,7672.0,False
AtCoder,abc439_g,G. Sugoroku 6,3023.0,Hard,,,,abc439,7672.0,False
AtCoder,abc440_a,A. Octave,-1018.0,Easy,,,,adt_easy_20260323_2,7778.0,False
AtCoder,abc440_b,D. Trifecta,-675.0,Easy,,,,adt_all_20260224_1,7778.0,False
AtCoder,abc440_c,C. Striped Horse,631.0,Easy,,,,abc440,9283.0,False
AtCoder,abc440_d,D. Forbidden List 2,863.0,Medium,,,,abc440,9283.0,False
AtCoder,abc440_e,E. Cookies,1603.0,Medium,,,,abc440,9283.0,False
AtCoder,abc440_f,I. Egoism,2108.0,Hard,,,,adt_all_20260317_2,9283.0,False
AtCoder,abc440_g,G. Haunted House,2993.0,Hard,,,,abc440,9283.0,False
AtCoder,abc441_a,A. Black Square,-630.0,Easy,,,,abc441,7684.0,False
AtCoder,abc441_b,D. Two Languages,-298.0,Easy,,,,adt_easy_20260227_2,7684.0,False
AtCoder,abc441_c,E. Sake or Water,406.0,Easy,,,,adt_all_20260522_1,9165.0,False
AtCoder,abc441_d,G. Paid Walk,732.0,Easy,,,,adt_all_20260417_2,9165.0,False
AtCoder,abc441_e,H. A > B substring,969.0,Medium,,,,adt_all_20260408_2,9165.0,False
AtCoder,abc441_f,F. Must Buy,1455.0,Medium,,,,abc441,9165.0,False
AtCoder,abc441_g,G. Takoyaki and Flip,1985.0,Medium,,,,abc441,9165.0,False
AtCoder,abc442_a,A. Count .,-1065.0,Easy,,,,abc442,7327.0,False
AtCoder,abc442_b,D. Music Player,-675.0,Easy,,,,adt_easy_20260414_2,7327.0,False
AtCoder,abc442_c,E. Peer Review,67.0,Easy,,,,adt_easy_20260306_1,8807.0,False
AtCoder,abc442_d,G. Swap and Range Sum,276.0,Easy,,,,adt_all_20260226_1,8807.0,False
AtCoder,abc442_e,H. Laser Takahashi,1355.0,Medium,,,,adt_all_20260604_1,8807.0,False
AtCoder,abc442_f,F. Diagonal Separation 2,1295.0,Medium,,,,abc442,8807.0,False
AtCoder,abc442_g,G. Lightweight Knapsack,2347.0,Hard,,,,abc442,8807.0,False
AtCoder,abc443_a,A. Append s,-1139.0,Easy,,,,adt_easy_20260421_1,7448.0,False
AtCoder,abc443_b,D. Setsubun,-657.0,Easy,,,,adt_easy_20260528_1,7448.0,False
AtCoder,abc443_c,C. Chokutter Addiction,8.0,Easy,,,,abc443,9007.0,False
AtCoder,abc443_d,D. Pawn Line,738.0,Easy,,,,abc443,9007.0,False
AtCoder,abc443_e,E. Climbing Silver,1301.0,Medium,,,,abc443,9007.0,False
AtCoder,abc443_f,F. Non-Increasing Number,1967.0,Medium,,,,abc443,9007.0,False
AtCoder,abc443_g,G. Another Mod of Linear Problem,2268.0,Hard,,,,abc443,9007.0,False
AtCoder,abc444_a,A. Repdigit,-1133.0,Easy,,,,adt_easy_20260508_1,8031.0,False
AtCoder,abc444_b,D. Digit Sum,-567.0,Easy,,,,adt_all_20260416_2,8031.0,False
AtCoder,abc444_c,C. AtCoder Riko,582.0,Easy,,,,abc444,9607.0,False
AtCoder,abc444_d,D. Many Repunit Sum,574.0,Easy,,,,abc444,9607.0,False
AtCoder,abc444_e,H. Sparse Range,1107.0,Medium,,,,adt_all_20260528_2,9607.0,False
AtCoder,abc444_f,I. Half and Median,2654.0,Hard,,,,adt_all_20260406_2,9607.0,False
AtCoder,abc444_g,G. Kyoen,3117.0,Hard,,,,abc444,9607.0,False
AtCoder,abc445_a,B. Strong Word,-1152.0,Easy,,,,adt_easy_20260611_2,7160.0,False
AtCoder,abc445_b,C. Center Alignment,-621.0,Easy,,,,adt_all_20260514_1,7160.0,False
AtCoder,abc445_c,F. Sugoroku Destination,404.0,Easy,,,,adt_all_20260330_1,8474.0,False
AtCoder,abc445_d,G. Reconstruct Chocolate,1102.0,Medium,,,,adt_all_20260325_2,8474.0,False
AtCoder,abc445_e,E. Many LCMs,1337.0,Medium,,,,abc445,8474.0,False
AtCoder,abc445_f,F. Exactly K Steps 2,1514.0,Medium,,,,abc445,8474.0,False
AtCoder,abc445_g,G. Knight Placement,2250.0,Hard,,,,abc445,8474.0,False
AtCoder,abc446_a,A. Handmaid,-935.0,Easy,,,,adt_all_20260506_1,6574.0,False
AtCoder,abc446_b,D. Greedy Draft,-366.0,Easy,,,,adt_easy_20260501_2,6574.0,False
AtCoder,abc446_c,E. Omelette Restaurant,384.0,Easy,,,,adt_easy_20260421_1,7752.0,False
AtCoder,abc446_d,G. Max Straight,550.0,Easy,,,,adt_all_20260602_2,7752.0,False
AtCoder,abc446_e,E. Multiple-Free Sequences,1209.0,Medium,,,,abc446,7752.0,False
AtCoder,abc446_f,I. Reachable Set 2,1543.0,Medium,,,,adt_all_20260515_2,7752.0,False
AtCoder,abc446_g,G. 221 Subsequence,1955.0,Medium,,,,abc446,7752.0,False
AtCoder,abc447_a,A. Seats 2,-904.0,Easy,,,,abc447,6861.0,False
AtCoder,abc447_b,B. mpp,-430.0,Easy,,,,abc447,6861.0,False
AtCoder,abc447_c,F. Insert and Erase A,318.0,Easy,,,,adt_all_20260408_2,8162.0,False
AtCoder,abc447_d,D. Take ABC 2,430.0,Easy,,,,abc447,8162.0,False
AtCoder,abc447_e,E. Divide Graph,955.0,Medium,,,,abc447,8162.0,False
AtCoder,abc447_f,F. Centipede Graph,1480.0,Medium,,,,abc447,8162.0,False
AtCoder,abc447_g,G. Div. 1 & Div. 2,2391.0,Hard,,,,abc447,8162.0,False
AtCoder,abc448_a,B. chmin,-963.0,Easy,,,,adt_easy_20260514_2,7857.0,False
AtCoder,abc448_b,C. Pepper Addiction,-306.0,Easy,,,,adt_easy_20260407_2,7857.0,False
AtCoder,abc448_c,C. Except and Min,231.0,Easy,,,,abc448,9331.0,False
AtCoder,abc448_d,G. Integer-duplicated Path,638.0,Easy,,,,adt_all_20260414_1,9331.0,False
AtCoder,abc448_e,E. Simple Division,1359.0,Medium,,,,abc448,9331.0,False
AtCoder,abc448_f,F. Authentic Traveling Salesman Problem,1719.0,Medium,,,,abc448,9331.0,False
AtCoder,abc448_g,G. Conquest,3305.0,Hard,,,,abc448,9331.0,False
AtCoder,abc449_a,B. π,-640.0,Easy,,,,adt_easy_20260507_1,7929.0,False
AtCoder,abc449_b,C. Deconstruct Chocolate,-476.0,Easy,,,,adt_all_20260528_2,7929.0,False
AtCoder,abc449_c,F. Comfortable Distance,323.0,Easy,,,,adt_all_20260428_2,9499.0,False
AtCoder,abc449_d,D. Make Target 2,927.0,Medium,,,,abc449,9499.0,False
AtCoder,abc449_e,H. A += v,1556.0,Medium,,,,adt_all_20260529_1,9499.0,False
AtCoder,abc449_f,F. Grid Clipping,1987.0,Medium,,,,abc449,9499.0,False
AtCoder,abc449_g,G. Many Repunit Sum 2 ,2631.0,Hard,,,,abc449,9499.0,False
AtCoder,abc450_a,"A. 3,2,1,GO",-929.0,Easy,,,,abc450,8259.0,False
AtCoder,abc450_b,B. Split Ticketing,-101.0,Easy,,,,abc450,8259.0,False
AtCoder,abc450_c,E. Puddles,362.0,Easy,,,,adt_all_20260504_2,9927.0,False
AtCoder,abc450_d,D. Minimize Range,647.0,Easy,,,,abc450,9927.0,False
AtCoder,abc450_e,H. Fibonacci String,1352.0,Medium,,,,adt_all_20260518_1,9927.0,False
AtCoder,abc450_f,F. Strongly Connected 2,1967.0,Medium,,,,abc450,9927.0,False
AtCoder,abc450_g,G. Random Subtraction,2227.0,Hard,,,,abc450,9927.0,False
AtCoder,abc451_a,A. illegal,-1020.0,Easy,,,,adt_easy_20260514_2,8174.0,False
AtCoder,abc451_b,B. Personnel Change,-566.0,Easy,,,,abc451,8174.0,False
AtCoder,abc451_c,C. Understory,250.0,Easy,,,,abc451,9825.0,False
AtCoder,abc451_d,G. Concat Power of 2,856.0,Medium,,,,adt_all_20260429_1,9825.0,False
AtCoder,abc451_e,H. Tree Distance,1215.0,Medium,,,,adt_all_20260520_2,9825.0,False
AtCoder,abc451_f,I. Make Bipartite 3,1540.0,Medium,,,,adt_all_20260528_1,9825.0,False
AtCoder,abc451_g,G. Minimum XOR Walk,2221.0,Hard,,,,abc451,9825.0,False
AtCoder,abc452_a,B. Gothec,-987.0,Easy,,,,adt_all_20260504_2,8064.0,False
AtCoder,abc452_b,B. Draw Frame,-713.0,Easy,,,,abc452,8064.0,False
AtCoder,abc452_c,E. Fishbones,435.0,Easy,,,,adt_easy_20260528_1,9649.0,False
AtCoder,abc452_d,D. No-Subsequence Substring,903.0,Medium,,,,abc452,9649.0,False
AtCoder,abc452_e,E. You WILL Like Sigma Problem,1318.0,Medium,,,,abc452,9649.0,False
AtCoder,abc452_f,F. Interval Inversion Count,1630.0,Medium,,,,abc452,9649.0,False
AtCoder,abc452_g,G. 221 Substring,2255.0,Hard,,,,abc452,9649.0,False
AtCoder,abc453_a,A. Trimo,-661.0,Easy,,,,abc453,8107.0,False
AtCoder,abc453_b,D. Sensor Data Logging,-442.0,Easy,,,,adt_all_20260515_2,8107.0,False
AtCoder,abc453_c,E. Sneaking Glances,333.0,Easy,,,,adt_easy_20260529_2,9832.0,False
AtCoder,abc453_d,D. Go Straight,1011.0,Medium,,,,abc453,9832.0,False
AtCoder,abc453_e,E. Team Division,1513.0,Medium,,,,abc453,9832.0,False
AtCoder,abc453_f,F. Avoid Division,2811.0,Hard,,,,abc453,9832.0,False
AtCoder,abc453_g,G. Copy Query,1735.0,Medium,,,,abc453,9832.0,False
AtCoder,abc454_a,A. Closed interval,-912.0,Easy,,,,abc454,7560.0,False
AtCoder,abc454_b,C. Mapping,-472.0,Easy,,,,adt_easy_20260518_1,7560.0,False
AtCoder,abc454_c,C. Straw Millionaire,249.0,Easy,,,,abc454,9296.0,False
AtCoder,abc454_d,D. (xx),706.0,Easy,,,,abc454,9296.0,False
AtCoder,abc454_e,H. LRUD Moving,1627.0,Medium,,,,adt_all_20260527_2,9296.0,False
AtCoder,abc454_f,F. Make it Palindrome 2,2169.0,Hard,,,,abc454,9296.0,False
AtCoder,abc454_g,G. Mode in the Subtree,2253.0,Hard,,,,abc454,9296.0,False
AtCoder,abc455_a,A. 455,-941.0,Easy,,,,abc455,7574.0,False
AtCoder,abc455_b,B. Spiral Galaxy,96.0,Easy,,,,abc455,7574.0,False
AtCoder,abc455_c,C. Vanish,143.0,Easy,,,,abc455,9376.0,False
AtCoder,abc455_d,D. Card Pile Query,796.0,Easy,,,,abc455,9376.0,False
AtCoder,abc455_e,H. Unbalanced ABC Substrings,1157.0,Medium,,,,adt_all_20260612_1,9376.0,False
AtCoder,abc455_f,F. Merge Slimes 2,1549.0,Medium,,,,abc455,9376.0,False
AtCoder,abc455_g,G. Balanced Subarrays,3092.0,Hard,,,,abc455,9376.0,False
AtCoder,abc456_a,A. Dice,-945.0,Easy,,,,abc456,7308.0,False
AtCoder,abc456_b,D. 456,-171.0,Easy,,,,adt_all_20260615_2,7308.0,False
AtCoder,abc456_c,F. Not Adjacent,183.0,Easy,,,,adt_all_20260604_2,8713.0,False
AtCoder,abc456_d,D. Not Adjacent 2,586.0,Easy,,,,abc456,8713.0,False
AtCoder,abc456_e,E. Endless Holidays,1214.0,Medium,,,,abc456,8713.0,False
AtCoder,abc456_f,F. Plan Holidays,1888.0,Medium,,,,abc456,8713.0,False
AtCoder,abc456_g,G. Count Holidays,2488.0,Hard,,,,abc456,8713.0,False
AtCoder,abc457_a,A. Array,-972.0,Easy,,,,abc457,7356.0,False
AtCoder,abc457_b,B. Arrays,-478.0,Easy,,,,abc457,7356.0,False
AtCoder,abc457_c,C. Long Sequence,179.0,Easy,,,,abc457,8981.0,False
AtCoder,abc457_d,D. Raise Minimum,677.0,Easy,,,,abc457,8981.0,False
AtCoder,abc457_e,E. Crossing Table Cloth,1428.0,Medium,,,,abc457,8981.0,False
AtCoder,abc457_f,F. Second Gap,2167.0,Hard,,,,abc457,8981.0,False
AtCoder,abc457_g,G. Catch All Apples,1928.0,Medium,,,,abc457,8981.0,False
AtCoder,abc458_a,A. Chompers,-904.0,Easy,,,,abc458,8234.0,False
AtCoder,abc458_b,B. Count Adjacent Cells,-391.0,Easy,,,,abc458,8234.0,False
AtCoder,abc458_c,C. C Stands for Center,-15.0,Easy,,,,abc458,10035.0,False
AtCoder,abc458_d,D. Chalkboard Median,450.0,Easy,,,,abc458,10035.0,False
AtCoder,abc458_e,E. Count 123,1309.0,Medium,,,,abc458,10035.0,False
AtCoder,abc458_f,F. Critical Misread,1744.0,Medium,,,,abc458,10035.0,False
AtCoder,abc458_g,G. Children Yearn for the Evil Kindergarten,2831.0,Hard,,,,abc458,10035.0,False
AtCoder,abc459_a,"A. Hell, World!",-921.0,Easy,,,,abc459,8350.0,False
AtCoder,abc459_b,B. 459,-616.0,Easy,,,,abc459,8350.0,False
AtCoder,abc459_c,C. Drop Blocks,659.0,Easy,,,,abc459,10192.0,False
AtCoder,abc459_d,D. Adjacent Distinct String,701.0,Easy,,,,abc459,10192.0,False
AtCoder,abc459_e,E. Select from Subtrees,1298.0,Medium,,,,abc459,10192.0,False
AtCoder,abc459_f,"F. -1, +1",2163.0,Hard,,,,abc459,10192.0,False
AtCoder,abc459_g,G. Golf 2,3123.0,Hard,,,,abc459,10192.0,False
AtCoder,abc460_a,A. Mod While Positive,-914.0,Easy,,,,abc460,8492.0,False
AtCoder,abc460_b,B. Two Rings,-56.0,Easy,,,,abc460,8492.0,False
AtCoder,abc460_c,C. Sushi,107.0,Easy,,,,abc460,10188.0,False
AtCoder,abc460_d,D. Repeatedly Repainting ,1216.0,Medium,,,,abc460,10188.0,False
AtCoder,abc460_e,E. x + y ≡ x + y,1362.0,Medium,,,,abc460,10188.0,False
AtCoder,abc460_f,F. Farthest Pair Query,1987.0,Medium,,,,abc460,10188.0,False
AtCoder,abc460_g,G. Vertex Flip Query,2838.0,Hard,,,,abc460,10188.0,False
AtCoder,abc461_a,A. Armor,-988.0,Easy,,,,abc461,8792.0,False
AtCoder,abc461_b,B. The Honest Woodcutters,-581.0,Easy,,,,abc461,8792.0,False
AtCoder,abc461_c,C. Variety,325.0,Easy,,,,abc461,10462.0,False
AtCoder,abc461_d,D. Count Subgrid Sum = K,914.0,Medium,,,,abc461,10462.0,False
AtCoder,abc461_e,E. E-liter,1431.0,Medium,,,,abc461,10462.0,False
AtCoder,abc461_f,F. Total Product is N,1940.0,Medium,,,,abc461,10462.0,False
AtCoder,abc461_g,G. Graph Problem 2026,2391.0,Hard,,,,abc461,10462.0,False
AtCoder,abc462_a,A. Secret Numbers,-973.0,Easy,,,,abc462,8299.0,False
AtCoder,abc462_b,B. Gift,-297.0,Easy,,,,abc462,8299.0,False
AtCoder,abc462_c,C. Not Covered Points,282.0,Easy,,,,abc462,9982.0,False
AtCoder,abc462_d,D. Accomplice,798.0,Easy,,,,abc462,9982.0,False
AtCoder,abc462_e,E. Alternating Costs,1226.0,Medium,,,,abc462,9982.0,False
AtCoder,abc462_f,F. More ABC,1952.0,Medium,,,,abc462,9982.0,False
AtCoder,abc462_g,G. Completely Wrong,2232.0,Hard,,,,abc462,9982.0,False
AtCoder,abl_a,A. Repeat ACL,-1080.0,Easy,,,,abl,3923.0,False
AtCoder,abl_b,B. Integer Preference,-422.0,Easy,,,,abl,3923.0,False
AtCoder,abl_c,C. Connect Cities,435.0,Easy,,,,abl,3923.0,False
AtCoder,abl_d,D. Flat Subsequence,1283.0,Medium,,,,abl,3923.0,False
AtCoder,abl_e,E. Replace Digits,1706.0,Medium,,,,abl,3923.0,False
AtCoder,abl_f,F. Heights and Pairs,2545.0,Hard,,,,abl,3923.0,False
AtCoder,acl1_a,A. Reachable Towns,1546.0,Medium,,,,acl1,1156.0,False
AtCoder,acl1_b,B. Sum is Multiple,1785.0,Medium,,,,acl1,1156.0,False
AtCoder,acl1_c,C. Moving Pieces,1983.0,Medium,,,,acl1,1156.0,False
AtCoder,acl1_d,D. Keep Distances,2764.0,Hard,,,,acl1,1156.0,False
AtCoder,acl1_e,E. Shuffle Window,2605.0,Hard,,,,acl1,1156.0,False
AtCoder,acl1_f,F. Center Rearranging,3734.0,Hard,,,,acl1,1156.0,False
AtCoder,agc001_a,A. BBQ Easy,,Unknown,,,,agc001,,False
AtCoder,agc001_b,B. Mysterious Light,,Unknown,,,,agc001,,False
AtCoder,agc001_c,C. Shorten Diameter,,Unknown,,,,agc001,,False
AtCoder,agc001_d,D. Arrays and Palindrome,,Unknown,,,,agc001,,False
AtCoder,agc001_e,E. BBQ Hard,,Unknown,,,,agc001,,False
AtCoder,agc001_f,F. Wide Swap,,Unknown,,,,agc001,,False
AtCoder,agc002_a,A. Range Product,170.0,Easy,,,,agc002,482.0,False
AtCoder,agc002_b,B. Box and Ball,981.0,Medium,,,,agc002,482.0,False
AtCoder,agc002_c,C. Knot Puzzle,1570.0,Medium,,,,agc002,482.0,False
AtCoder,agc002_d,D. Stamp Rally,2514.0,Hard,,,,agc002,482.0,False
AtCoder,agc002_e,E. Candy Piles,2889.0,Hard,,,,agc002,482.0,False
AtCoder,agc002_f,F. Leftmost Ball,3399.0,Hard,,,,agc002,482.0,False
AtCoder,agc003_a,A. Wanna go back home,436.0,Easy,,,,agc003,556.0,False
AtCoder,agc003_b,B. Simplified mahjong,1234.0,Medium,,,,agc003,556.0,False
AtCoder,agc003_c,C. BBuBBBlesort!,1541.0,Medium,,,,agc003,556.0,False
AtCoder,agc003_d,D. Anticube,2608.0,Hard,,,,agc003,556.0,False
AtCoder,agc003_e,E. Sequential operations on Sequence,2983.0,Hard,,,,agc003,556.0,False
AtCoder,agc003_f,F. Fraction of Fractal,3344.0,Hard,,,,agc003,556.0,False
AtCoder,agc004_a,A. Divide a Cuboid,558.0,Easy,,,,agc004,624.0,False
AtCoder,agc004_b,B. Colorful Slimes,1871.0,Medium,,,,agc004,624.0,False
AtCoder,agc004_c,C. AND Grid,2367.0,Hard,,,,agc004,624.0,False
AtCoder,agc004_d,D. Teleporter,2346.0,Hard,,,,agc004,624.0,False
AtCoder,agc004_e,E. Salvage Robots,3205.0,Hard,,,,agc004,624.0,False
AtCoder,agc004_f,F. Namori,3986.0,Hard,,,,agc004,624.0,False
AtCoder,agc005_a,A. STring,1054.0,Medium,,,,agc005,598.0,False
AtCoder,agc005_b,B. Minimum Sum,1828.0,Medium,,,,agc005,598.0,False
AtCoder,agc005_c,C. Tree Restoring,1976.0,Medium,,,,agc005,598.0,False
AtCoder,agc005_d,D. ~K Perm Counting,2943.0,Hard,,,,agc005,598.0,False
AtCoder,agc005_e,E. Sugigma: The Showdown,3276.0,Hard,,,,agc005,598.0,False
AtCoder,agc005_f,F. Many Easy Problems,3440.0,Hard,,,,agc005,598.0,False
AtCoder,agc006_a,A. Prefix and Suffix,516.0,Easy,,,,agc006,602.0,False
AtCoder,agc006_b,B. Median Pyramid Easy,1600.0,Medium,,,,agc006,602.0,False
AtCoder,agc006_c,C. Rabbit Exercise,2996.0,Hard,,,,agc006,602.0,False
AtCoder,agc006_d,D. Median Pyramid Hard,3054.0,Hard,,,,agc006,602.0,False
AtCoder,agc006_e,E. Rotate 3x3,3101.0,Hard,,,,agc006,602.0,False
AtCoder,agc006_f,F. Blackout,3530.0,Hard,,,,agc006,602.0,False
AtCoder,agc007_a,A. Shik and Stone,792.0,Easy,,,,agc007,554.0,False
AtCoder,agc007_b,B. Construct Sequences,1611.0,Medium,,,,agc007,554.0,False
AtCoder,agc007_c,C. Pushing Balls,3379.0,Hard,,,,agc007,554.0,False
AtCoder,agc007_d,D. Shik and Game,2755.0,Hard,,,,agc007,554.0,False
AtCoder,agc007_e,E. Shik and Travel,3906.0,Hard,,,,agc007,554.0,False
AtCoder,agc007_f,F. Shik and Copying String,3642.0,Hard,,,,agc007,554.0,False
AtCoder,agc008_a,A. Simple Calculator,740.0,Easy,,,,agc008,444.0,False
AtCoder,agc008_b,B. Contiguous Repainting,1822.0,Medium,,,,agc008,444.0,False
AtCoder,agc008_c,C. Tetromino Tiling,1953.0,Medium,,,,agc008,444.0,False
AtCoder,agc008_d,D. K-th K,2164.0,Hard,,,,agc008,444.0,False
AtCoder,agc008_e,E. Next or Nextnext,3559.0,Hard,,,,agc008,444.0,False
AtCoder,agc008_f,F. Black Radius,3995.0,Hard,,,,agc008,444.0,False
AtCoder,agc009_a,A. Multiple Array,759.0,Easy,,,,agc009,623.0,False
AtCoder,agc009_b,B. Tournament,1685.0,Medium,,,,agc009,623.0,False
AtCoder,agc009_c,C. Division into Two,2437.0,Hard,,,,agc009,623.0,False
AtCoder,agc009_d,D. Uninity,3404.0,Hard,,,,agc009,623.0,False
AtCoder,agc009_e,E. Eternal Average,3428.0,Hard,,,,agc009,623.0,False
AtCoder,agc010_a,A. Addition,-10000.0,Easy,,,,agc010,677.0,False
AtCoder,agc010_b,B. Boxes,1892.0,Medium,,,,agc010,677.0,False
AtCoder,agc010_c,C. Cleaning,2346.0,Hard,,,,agc010,677.0,False
AtCoder,agc010_d,D. Decrementing,2795.0,Hard,,,,agc010,677.0,False
AtCoder,agc010_e,E. Rearranging,3887.0,Hard,,,,agc010,677.0,False
AtCoder,agc010_f,F. Tree Game,2897.0,Hard,,,,agc010,677.0,False
AtCoder,agc011_a,A. Airport Bus,827.0,Medium,,,,agc011,590.0,False
AtCoder,agc011_b,B. Colorful Creatures,998.0,Medium,,,,agc011,590.0,False
AtCoder,agc011_c,C. Squared Graph,2355.0,Hard,,,,agc011,590.0,False
AtCoder,agc011_d,D. Half Reflector,2931.0,Hard,,,,agc011,590.0,False
AtCoder,agc011_e,E. Increasing Numbers,3315.0,Hard,,,,agc011,590.0,False
AtCoder,agc011_f,F. Train Service Planning,3863.0,Hard,,,,agc011,590.0,False
AtCoder,agc012_a,A. AtCoder Group Contest,474.0,Easy,,,,agc012,730.0,False
AtCoder,agc012_b,B. Splatter Painting,2047.0,Hard,,,,agc012,730.0,False
AtCoder,agc012_c,C. Tautonym Puzzle,2731.0,Hard,,,,agc012,730.0,False
AtCoder,agc012_d,D. Colorful Balls,2760.0,Hard,,,,agc012,730.0,False
AtCoder,agc012_e,E. Camel and Oases,3490.0,Hard,,,,agc012,730.0,False
AtCoder,agc012_f,F. Prefix Median,,Unknown,,,,agc012,,False
AtCoder,agc013_a,A. Sorted Arrays,614.0,Easy,,,,agc013,714.0,False
AtCoder,agc013_b,B. Hamiltonish Path,1763.0,Medium,,,,agc013,714.0,False
AtCoder,agc013_c,C. Ants on a Circle,2462.0,Hard,,,,agc013,714.0,False
AtCoder,agc013_d,D. Piling Up,3089.0,Hard,,,,agc013,714.0,False
AtCoder,agc013_e,E. Placing Squares,3455.0,Hard,,,,agc013,714.0,False
AtCoder,agc013_f,F. Two Faced Cards,3905.0,Hard,,,,agc013,714.0,False
AtCoder,agc014_a,A. Cookie Exchanges,279.0,Easy,,,,agc014,788.0,False
AtCoder,agc014_b,B. Unplanned Queries,1236.0,Medium,,,,agc014,788.0,False
AtCoder,agc014_c,C. Closed Rooms,1863.0,Medium,,,,agc014,788.0,False
AtCoder,agc014_d,D. Black and White Tree,2266.0,Hard,,,,agc014,788.0,False
AtCoder,agc014_e,E. Blue and Red Tree,3312.0,Hard,,,,agc014,788.0,False
AtCoder,agc014_f,F. Strange Sorting,4201.0,Hard,,,,agc014,788.0,False
AtCoder,agc015_a,A. A+...+B Problem,620.0,Easy,,,,agc015,811.0,False
AtCoder,agc015_b,B. Evilator,665.0,Easy,,,,agc015,811.0,False
AtCoder,agc015_c,C. Nuske vs Phantom Thnook,2241.0,Hard,,,,agc015,811.0,False
AtCoder,agc015_d,D. A or...or B Problem,2655.0,Hard,,,,agc015,811.0,False
AtCoder,agc015_e,E. Mr.Aoki Incubator,3571.0,Hard,,,,agc015,811.0,False
AtCoder,agc015_f,F. Kenus the Ancient Greek,4083.0,Hard,,,,agc015,811.0,False
AtCoder,agc016_a,A. Shrinking,951.0,Medium,,,,agc016,763.0,False
AtCoder,agc016_b,B. Colorful Hats,1626.0,Medium,,,,agc016,763.0,False
AtCoder,agc016_c,C. +/- Rectangle,2017.0,Hard,,,,agc016,763.0,False
AtCoder,agc016_d,D. XOR Replace,2910.0,Hard,,,,agc016,763.0,False
AtCoder,agc016_e,E. Poor Turkeys,3029.0,Hard,,,,agc016,763.0,False
AtCoder,agc016_f,F. Games on DAG,3754.0,Hard,,,,agc016,763.0,False
AtCoder,agc017_a,A. Biscuits,815.0,Medium,,,,agc017,940.0,False
AtCoder,agc017_b,B. Moderate Differences,1627.0,Medium,,,,agc017,940.0,False
AtCoder,agc017_c,C. Snuke and Spells,3133.0,Hard,,,,agc017,940.0,False
AtCoder,agc017_d,D. Game on Tree,2156.0,Hard,,,,agc017,940.0,False
AtCoder,agc017_e,E. Jigsaw,3158.0,Hard,,,,agc017,940.0,False
AtCoder,agc017_f,F. Zigzag,3417.0,Hard,,,,agc017,940.0,False
AtCoder,agc018_a,A. Getting Difference,947.0,Medium,,,,agc018,895.0,False
AtCoder,agc018_b,B. Sports Festival,1624.0,Medium,,,,agc018,895.0,False
AtCoder,agc018_c,C. Coins,2618.0,Hard,,,,agc018,895.0,False
AtCoder,agc018_d,D. Tree and Hamilton Path,2757.0,Hard,,,,agc018,895.0,False
AtCoder,agc018_e,E. Sightseeing Plan,3953.0,Hard,,,,agc018,895.0,False
AtCoder,agc018_f,F. Two Trees,3793.0,Hard,,,,agc018,895.0,False
AtCoder,agc019_a,A. Ice Tea Store,509.0,Easy,,,,agc019,1229.0,False
AtCoder,agc019_b,B. Reverse and Compare,1357.0,Medium,,,,agc019,1229.0,False
AtCoder,agc019_c,C. Fountain Walk,2495.0,Hard,,,,agc019,1229.0,False
AtCoder,agc019_d,D. Shift and Flip,2601.0,Hard,,,,agc019,1229.0,False
AtCoder,agc019_e,E. Shuffle and Swap,3597.0,Hard,,,,agc019,1229.0,False
AtCoder,agc019_f,F. Yes or No,3742.0,Hard,,,,agc019,1229.0,False
AtCoder,agc020_a,A. Move and Win,-78.0,Easy,,,,agc020,1284.0,False
AtCoder,agc020_b,B. Ice Rink Game,1404.0,Medium,,,,agc020,1284.0,False
AtCoder,agc020_c,C. Median Sum,2259.0,Hard,,,,agc020,1284.0,False
AtCoder,agc020_d,D. Min Max Repetition,3062.0,Hard,,,,agc020,1284.0,False
AtCoder,agc020_e,E. Encoding Subsets,2944.0,Hard,,,,agc020,1284.0,False
AtCoder,agc020_f,F. Arcs on a Circle,,Unknown,,,,agc020,,False
AtCoder,agc021_a,A. Digit Sum 2,396.0,Easy,,,,agc021,1016.0,False
AtCoder,agc021_b,B. Holes,2130.0,Hard,,,,agc021,1016.0,False
AtCoder,agc021_c,C. Tiling,2886.0,Hard,,,,agc021,1016.0,False
AtCoder,agc021_d,D. Reversed LCS,2287.0,Hard,,,,agc021,1016.0,False
AtCoder,agc021_e,E. Ball Eat Chameleons,3944.0,Hard,,,,agc021,1016.0,False
AtCoder,agc021_f,F. Trinity,4145.0,Hard,,,,agc021,1016.0,False
AtCoder,agc022_a,A. Diverse Word,738.0,Easy,,,,agc022,931.0,False
AtCoder,agc022_b,B. GCD Sequence,1645.0,Medium,,,,agc022,931.0,False
AtCoder,agc022_c,C. Remainder Game,2176.0,Hard,,,,agc022,931.0,False
AtCoder,agc022_d,D. Shopping,3866.0,Hard,,,,agc022,931.0,False
AtCoder,agc022_e,E. Median Replace,2955.0,Hard,,,,agc022,931.0,False
AtCoder,agc022_f,F. Checkers,3606.0,Hard,,,,agc022,931.0,False
AtCoder,agc023_a,A. Zero-Sum Ranges,1038.0,Medium,,,,agc023,1362.0,False
AtCoder,agc023_b,B. Find Symmetries,1434.0,Medium,,,,agc023,1362.0,False
AtCoder,agc023_c,C. Painting Machines,2568.0,Hard,,,,agc023,1362.0,False
AtCoder,agc023_d,D. Go Home,3173.0,Hard,,,,agc023,1362.0,False
AtCoder,agc023_e,E. Inversions,3653.0,Hard,,,,agc023,1362.0,False
AtCoder,agc023_f,F. 01 on Tree,3148.0,Hard,,,,agc023,1362.0,False
AtCoder,agc024_a,A. Fairness,144.0,Easy,,,,agc024,1487.0,False
AtCoder,agc024_b,B. Backfront,1259.0,Medium,,,,agc024,1487.0,False
AtCoder,agc024_c,C. Sequence Growing Easy,1279.0,Medium,,,,agc024,1487.0,False
AtCoder,agc024_d,D. Isomorphism Freak,2307.0,Hard,,,,agc024,1487.0,False
AtCoder,agc024_e,E. Sequence Growing Hard,3001.0,Hard,,,,agc024,1487.0,False
AtCoder,agc024_f,F. Simple Subsequence Problem,3544.0,Hard,,,,agc024,1487.0,False
AtCoder,agc025_a,A. Digits Sum,-598.0,Easy,,,,agc025,1527.0,False
AtCoder,agc025_b,B. RGB Coloring,1739.0,Medium,,,,agc025,1527.0,False
AtCoder,agc025_c,C. Interval Game,2057.0,Hard,,,,agc025,1527.0,False
AtCoder,agc025_d,D. Choosing Points,2868.0,Hard,,,,agc025,1527.0,False
AtCoder,agc025_e,E. Walking on a Tree,3584.0,Hard,,,,agc025,1527.0,False
AtCoder,agc025_f,F. Addition and Andition,3936.0,Hard,,,,agc025,1527.0,False
AtCoder,agc026_a,A. Colorful Slimes 2,-183.0,Easy,,,,agc026,1799.0,False
AtCoder,agc026_b,B. rng_10s,1720.0,Medium,,,,agc026,1799.0,False
AtCoder,agc026_c,C. String Coloring,1836.0,Medium,,,,agc026,1799.0,False
AtCoder,agc026_d,D. Histogram Coloring,2746.0,Hard,,,,agc026,1799.0,False
AtCoder,agc026_e,E. Synchronized Subsequence,3016.0,Hard,,,,agc026,1799.0,False
AtCoder,agc026_f,F. Manju Game,3704.0,Hard,,,,agc026,1799.0,False
AtCoder,agc027_a,A. Candy Distribution Again,114.0,Easy,,,,agc027,1729.0,False
AtCoder,agc027_b,B. Garbage Collector,2631.0,Hard,,,,agc027,1729.0,False
AtCoder,agc027_c,C. ABland Yard,2077.0,Hard,,,,agc027,1729.0,False
AtCoder,agc027_d,D. Modulo Matrix,2984.0,Hard,,,,agc027,1729.0,False
AtCoder,agc027_e,E. ABBreviate,3634.0,Hard,,,,agc027,1729.0,False
AtCoder,agc027_f,F. Grafting,3544.0,Hard,,,,agc027,1729.0,False
AtCoder,agc028_a,A. Two Abbreviations,645.0,Easy,,,,agc028,1680.0,False
AtCoder,agc028_b,B. Removing Blocks,2172.0,Hard,,,,agc028,1680.0,False
AtCoder,agc028_c,C. Min Cost Cycle,2463.0,Hard,,,,agc028,1680.0,False
AtCoder,agc028_d,D. Chords,3491.0,Hard,,,,agc028,1680.0,False
AtCoder,agc028_e,E. High Elements,4123.0,Hard,,,,agc028,1680.0,False
AtCoder,agc028_f,F. Reachable Cells,3462.0,Hard,,,,agc028,1680.0,False
AtCoder,agc028_f2,F2. Reachable Cells,3778.0,Hard,,,,agc028,1680.0,False
AtCoder,agc029_a,A. Irreversible operation,423.0,Easy,,,,agc029,1920.0,False
AtCoder,agc029_b,B. Powers of two,1566.0,Medium,,,,agc029,1920.0,False
AtCoder,agc029_c,C. Lexicographic constraints,2103.0,Hard,,,,agc029,1920.0,False
AtCoder,agc029_d,D. Grid game,2033.0,Hard,,,,agc029,1920.0,False
AtCoder,agc029_e,E. Wandering TKHS,3088.0,Hard,,,,agc029,1920.0,False
AtCoder,agc029_f,F. Construction of a tree,3497.0,Hard,,,,agc029,1920.0,False
AtCoder,agc030_a,A. Poisonous Cookies,-197.0,Easy,,,,agc030,1738.0,False
AtCoder,agc030_b,B. Tree Burning,2342.0,Hard,,,,agc030,1738.0,False
AtCoder,agc030_c,C. Coloring Torus,3207.0,Hard,,,,agc030,1738.0,False
AtCoder,agc030_d,D. Inversion Sum,2712.0,Hard,,,,agc030,1738.0,False
AtCoder,agc030_e,E. Less than 3,3753.0,Hard,,,,agc030,1738.0,False
AtCoder,agc030_f,F. Permutation and Minimum,3474.0,Hard,,,,agc030,1738.0,False
AtCoder,agc031_a,A. Colorful Subsequence,953.0,Medium,,,,agc031,1761.0,False
AtCoder,agc031_b,B. Reversi,1315.0,Medium,,,,agc031,1761.0,False
AtCoder,agc031_c,C. Differ by 1 Bit,2217.0,Hard,,,,agc031,1761.0,False
AtCoder,agc031_d,D. A Sequence of Permutations,2975.0,Hard,,,,agc031,1761.0,False
AtCoder,agc031_e,E. Snuke the Phantom Thief,3689.0,Hard,,,,agc031,1761.0,False
AtCoder,agc031_f,F. Walk on Graph,3887.0,Hard,,,,agc031,1761.0,False
AtCoder,agc032_a,A. Limited Insertion,738.0,Easy,,,,agc032,1618.0,False
AtCoder,agc032_b,B. Balanced Neighbors,1259.0,Medium,,,,agc032,1618.0,False
AtCoder,agc032_c,C. Three Circuits,2284.0,Hard,,,,agc032,1618.0,False
AtCoder,agc032_d,D. Rotation Sort,2602.0,Hard,,,,agc032,1618.0,False
AtCoder,agc032_e,E. Modulo Pairing,3402.0,Hard,,,,agc032,1618.0,False
AtCoder,agc032_f,F. One Third,3975.0,Hard,,,,agc032,1618.0,False
AtCoder,agc033_a,A. Darker and Darker,1159.0,Medium,,,,agc033,2316.0,False
AtCoder,agc033_b,B. LRUD Game,1384.0,Medium,,,,agc033,2316.0,False
AtCoder,agc033_c,C. Removing Coins,1758.0,Medium,,,,agc033,2316.0,False
AtCoder,agc033_d,D. Complexity,2958.0,Hard,,,,agc033,2316.0,False
AtCoder,agc033_e,E. Go around a Circle,3103.0,Hard,,,,agc033,2316.0,False
AtCoder,agc033_f,F. Adding Edges,3591.0,Hard,,,,agc033,2316.0,False
AtCoder,agc034_a,A. Kenken Race,662.0,Easy,,,,agc034,2658.0,False
AtCoder,agc034_b,B. ABC,1101.0,Medium,,,,agc034,2658.0,False
AtCoder,agc034_c,C. Tests,2497.0,Hard,,,,agc034,2658.0,False
AtCoder,agc034_d,D. Manhattan Max Matching,3665.0,Hard,,,,agc034,2658.0,False
AtCoder,agc034_e,E. Complete Compress,2637.0,Hard,,,,agc034,2658.0,False
AtCoder,agc034_f,F. RNG and XOR,3634.0,Hard,,,,agc034,2658.0,False
AtCoder,agc035_a,A. XOR Circle,640.0,Easy,,,,agc035,2504.0,False
AtCoder,agc035_b,B. Even Degrees,2039.0,Hard,,,,agc035,2504.0,False
AtCoder,agc035_c,C. Skolem XOR Tree,2332.0,Hard,,,,agc035,2504.0,False
AtCoder,agc035_d,D. Add and Remove,2902.0,Hard,,,,agc035,2504.0,False
AtCoder,agc035_e,E. Develop,3720.0,Hard,,,,agc035,2504.0,False
AtCoder,agc035_f,F. Two Histograms,3720.0,Hard,,,,agc035,2504.0,False
AtCoder,agc036_a,A. Triangle,939.0,Medium,,,,agc036,1826.0,False
AtCoder,agc036_b,B. Do Not Duplicate,1771.0,Medium,,,,agc036,1826.0,False
AtCoder,agc036_c,C. GP 2,2357.0,Hard,,,,agc036,1826.0,False
AtCoder,agc036_d,D. Negative Cycle,3326.0,Hard,,,,agc036,1826.0,False
AtCoder,agc036_e,E. ABC String,3783.0,Hard,,,,agc036,1826.0,False
AtCoder,agc036_f,F. Square Constraints,3783.0,Hard,,,,agc036,1826.0,False
AtCoder,agc037_a,A. Dividing a String,232.0,Easy,,,,agc037,2057.0,False
AtCoder,agc037_b,B. RGB Balls,2202.0,Hard,,,,agc037,2057.0,False
AtCoder,agc037_c,C. Numbers on a Circle,1882.0,Medium,,,,agc037,2057.0,False
AtCoder,agc037_d,D. Sorting a Grid,2689.0,Hard,,,,agc037,2057.0,False
AtCoder,agc037_e,E. Reversing and Concatenating,2667.0,Hard,,,,agc037,2057.0,False
AtCoder,agc037_f,F. Counting of Subarrays,3797.0,Hard,,,,agc037,2057.0,False
AtCoder,agc038_a,A. 01 Matrix,989.0,Medium,,,,agc038,1883.0,False
AtCoder,agc038_b,B. Sorting a Segment,1615.0,Medium,,,,agc038,1883.0,False
AtCoder,agc038_c,C. LCMs,2327.0,Hard,,,,agc038,1883.0,False
AtCoder,agc038_d,D. Unique Path,2682.0,Hard,,,,agc038,1883.0,False
AtCoder,agc038_e,E. Gachapon,3831.0,Hard,,,,agc038,1883.0,False
AtCoder,agc038_f,F. Two Permutations,3283.0,Hard,,,,agc038,1883.0,False
AtCoder,agc039_a,A. Connection and Disconnection,517.0,Easy,,,,agc039,2807.0,False
AtCoder,agc039_b,B. Graph Partition,1393.0,Medium,,,,agc039,2807.0,False
AtCoder,agc039_c,C. Division by Two with Something,2379.0,Hard,,,,agc039,2807.0,False
AtCoder,agc039_d,D. Incenters,3118.0,Hard,,,,agc039,2807.0,False
AtCoder,agc039_e,E. Pairing Points,3430.0,Hard,,,,agc039,2807.0,False
AtCoder,agc039_f,F. Min Product Sum,4060.0,Hard,,,,agc039,2807.0,False
AtCoder,agc040_a,A. ><,443.0,Easy,,,,agc040,1713.0,False
AtCoder,agc040_b,B. Two Contests,1722.0,Medium,,,,agc040,1713.0,False
AtCoder,agc040_c,C. Neither AB nor BA,2740.0,Hard,,,,agc040,1713.0,False
AtCoder,agc040_d,D. Balance Beam,3452.0,Hard,,,,agc040,1713.0,False
AtCoder,agc040_e,E. Prefix Suffix Addition,3690.0,Hard,,,,agc040,1713.0,False
AtCoder,agc040_f,F. Two Pieces,,Unknown,,,,agc040,,False
AtCoder,agc041_a,A. Table Tennis Training,245.0,Easy,,,,agc041,2950.0,False
AtCoder,agc041_b,B. Voting Judges,1486.0,Medium,,,,agc041,2950.0,False
AtCoder,agc041_c,C. Domino Quality,2220.0,Hard,,,,agc041,2950.0,False
AtCoder,agc041_d,D. Problem Scores,3096.0,Hard,,,,agc041,2950.0,False
AtCoder,agc041_e,E. Balancing Network,3502.0,Hard,,,,agc041,2950.0,False
AtCoder,agc041_f,F. Histogram Rooks,3893.0,Hard,,,,agc041,2950.0,False
AtCoder,agc043_a,A. Range Flip Find Route,934.0,Medium,,,,agc043,3102.0,False
AtCoder,agc043_b,B. 123 Triangle,1945.0,Medium,,,,agc043,3102.0,False
AtCoder,agc043_c,C. Giant Graph,2872.0,Hard,,,,agc043,3102.0,False
AtCoder,agc043_d,D. Merge Triplets,2708.0,Hard,,,,agc043,3102.0,False
AtCoder,agc043_e,E. Topology,3505.0,Hard,,,,agc043,3102.0,False
AtCoder,agc043_f,F. Jewelry Box,4347.0,Hard,,,,agc043,3102.0,False
AtCoder,agc044_a,A. Pay to Win,1828.0,Medium,,,,agc044,1870.0,False
AtCoder,agc044_b,B. Joker,1883.0,Medium,,,,agc044,1870.0,False
AtCoder,agc044_c,C. Strange Dance,2889.0,Hard,,,,agc044,1870.0,False
AtCoder,agc044_d,D. Guess the Password,3165.0,Hard,,,,agc044,1870.0,False
AtCoder,agc044_e,E. Random Pawn,3599.0,Hard,,,,agc044,1870.0,False
AtCoder,agc044_f,F. Name-Preserving Clubs,,Unknown,,,,agc044,,False
AtCoder,agc045_a,A. Xor Battle,2070.0,Hard,,,,agc045,1199.0,False
AtCoder,agc045_b,B. 01 Unbalanced,2873.0,Hard,,,,agc045,1199.0,False
AtCoder,agc045_c,C. Range Set,2758.0,Hard,,,,agc045,1199.0,False
AtCoder,agc045_d,D. Lamps and Buttons,3625.0,Hard,,,,agc045,1199.0,False
AtCoder,agc045_e,E. Fragile Balls,,Unknown,,,,agc045,,False
AtCoder,agc045_f,F. Division into Multiples,4383.0,Hard,,,,agc045,1199.0,False
AtCoder,agc046_a,"A. Takahashikun, The Strider",246.0,Easy,,,,agc046,2481.0,False
AtCoder,agc046_b,B. Extension,1588.0,Medium,,,,agc046,2481.0,False
AtCoder,agc046_c,C. Shift,2130.0,Hard,,,,agc046,2481.0,False
AtCoder,agc046_d,D. Secret Passage,2911.0,Hard,,,,agc046,2481.0,False
AtCoder,agc046_e,E. Permutation Cover,3772.0,Hard,,,,agc046,2481.0,False
AtCoder,agc046_f,F. Forbidden Tournament,3854.0,Hard,,,,agc046,2481.0,False
AtCoder,agc047_a,A. Integer Product,1592.0,Medium,,,,agc047,1669.0,False
AtCoder,agc047_b,B. First Second,1871.0,Medium,,,,agc047,1669.0,False
AtCoder,agc047_c,C. Product Modulo,2496.0,Hard,,,,agc047,1669.0,False
AtCoder,agc047_d,D. Twin Binary Trees,2910.0,Hard,,,,agc047,1669.0,False
AtCoder,agc047_e,E. Product Simulation,2979.0,Hard,,,,agc047,1669.0,False
AtCoder,agc047_f,F. Rooks,4066.0,Hard,,,,agc047,1669.0,False
AtCoder,agc048_a,A. atcoder < S,1187.0,Medium,,,,agc048,1145.0,False
AtCoder,agc048_b,B. Bracket Score,1902.0,Medium,,,,agc048,1145.0,False
AtCoder,agc048_c,C. Penguin Skating,2120.0,Hard,,,,agc048,1145.0,False
AtCoder,agc048_d,D. Pocky Game,3046.0,Hard,,,,agc048,1145.0,False
AtCoder,agc048_e,E. Strange Relation,3819.0,Hard,,,,agc048,1145.0,False
AtCoder,agc048_f,F. 01 Record,,Unknown,,,,agc048,,False
AtCoder,agc049_a,A. Erasing Vertices,1922.0,Medium,,,,agc049,917.0,False
AtCoder,agc049_b,B. Flip Digits,1171.0,Medium,,,,agc049,917.0,False
AtCoder,agc049_c,C. Robots,2177.0,Hard,,,,agc049,917.0,False
AtCoder,agc049_d,D. Convex Sequence,2602.0,Hard,,,,agc049,917.0,False
AtCoder,agc049_e,E. Increment Decrement,3496.0,Hard,,,,agc049,917.0,False
AtCoder,agc049_f,F. Happy Sequence,,Unknown,,,,agc049,,False
AtCoder,agc050_a,A. AtCoder Jumper,1973.0,Medium,,,,agc050,319.0,False
AtCoder,agc050_b,B. Three Coins,2091.0,Hard,,,,agc050,319.0,False
AtCoder,agc050_c,C. Block Game,2528.0,Hard,,,,agc050,319.0,False
AtCoder,agc050_d,D. Shopping,2674.0,Hard,,,,agc050,319.0,False
AtCoder,agc050_e,E. Three Traffic Lights,,Unknown,,,,agc050,,False
AtCoder,agc050_f,F. NAND Tree,4076.0,Hard,,,,agc050,319.0,False
AtCoder,agc051_a,A. Dodecagon,1495.0,Medium,,,,agc051,313.0,False
AtCoder,agc051_b,B. Bowling,1759.0,Medium,,,,agc051,313.0,False
AtCoder,agc051_c,C. Flipper,2928.0,Hard,,,,agc051,313.0,False
AtCoder,agc051_d,D. C4,2807.0,Hard,,,,agc051,313.0,False
AtCoder,agc051_e,E. Middle Point,4061.0,Hard,,,,agc051,313.0,False
AtCoder,agc051_f,F. rng_58's Last Problem,4061.0,Hard,,,,agc051,313.0,False
AtCoder,agc052_a,A. Long Common Subsequence,779.0,Easy,,,,agc052,1006.0,False
AtCoder,agc052_b,B. Tree Edges XOR,2473.0,Hard,,,,agc052,1006.0,False
AtCoder,agc052_c,C. Nondivisible Prefix Sums,2936.0,Hard,,,,agc052,1006.0,False
AtCoder,agc052_d,D. Equal LIS,3304.0,Hard,,,,agc052,1006.0,False
AtCoder,agc052_e,E. 3 Letters,3457.0,Hard,,,,agc052,1006.0,False
AtCoder,agc052_f,F. Tree Vertices XOR,,Unknown,,,,agc052,,False
AtCoder,agc053_a,A. >< again,1339.0,Medium,,,,agc053,1101.0,False
AtCoder,agc053_b,B. Taking the middle,1755.0,Medium,,,,agc053,1101.0,False
AtCoder,agc053_c,C. Random Card Game,2878.0,Hard,,,,agc053,1101.0,False
AtCoder,agc053_d,D. Everyone is a winner,3949.0,Hard,,,,agc053,1101.0,False
AtCoder,agc053_e,E. More Peaks More Fun,4036.0,Hard,,,,agc053,1101.0,False
AtCoder,agc053_f,F. ESPers,,Unknown,,,,agc053,,False
AtCoder,agc054_a,A. Remove Substrings,-62.0,Easy,,,,agc054,1398.0,False
AtCoder,agc054_b,B. Greedy Division,1710.0,Medium,,,,agc054,1398.0,False
AtCoder,agc054_c,C. Roughly Sorted,1863.0,Medium,,,,agc054,1398.0,False
AtCoder,agc054_d,D. (ox),3426.0,Hard,,,,agc054,1398.0,False
AtCoder,agc054_e,E. ZigZag Break,3499.0,Hard,,,,agc054,1398.0,False
AtCoder,agc054_f,F. Decrement,4300.0,Hard,,,,agc054,1398.0,False
AtCoder,agc055_a,A. ABC Identity,1348.0,Medium,,,,agc055,798.0,False
AtCoder,agc055_b,B. ABC Supremacy,2059.0,Hard,,,,agc055,798.0,False
AtCoder,agc055_c,C. Weird LIS,2803.0,Hard,,,,agc055,798.0,False
AtCoder,agc055_d,D. ABC Ultimatum,3506.0,Hard,,,,agc055,798.0,False
AtCoder,agc055_e,E. Set Merging,,Unknown,,,,agc055,,False
AtCoder,agc055_f,F. Creative Splitting,4288.0,Hard,,,,agc055,798.0,False
AtCoder,agc056_a,A. Three Cells per Row and Column,1290.0,Medium,,,,agc056,900.0,False
AtCoder,agc056_b,B. Range Argmax,3339.0,Hard,,,,agc056,900.0,False
AtCoder,agc056_c,C. 01 Balanced,2481.0,Hard,,,,agc056,900.0,False
AtCoder,agc056_d,D. Subset Sum Game,3339.0,Hard,,,,agc056,900.0,False
AtCoder,agc056_e,E. Cheese,3877.0,Hard,,,,agc056,900.0,False
AtCoder,agc056_f,F. Degree Sequence in DFS Order,4310.0,Hard,,,,agc056,900.0,False
AtCoder,agc057_a,A. Antichain of Integer Strings,1389.0,Medium,,,,agc057,1278.0,False
AtCoder,agc057_b,B. 2A + x,1952.0,Medium,,,,agc057,1278.0,False
AtCoder,agc057_c,C. Increment or Xor,3366.0,Hard,,,,agc057,1278.0,False
AtCoder,agc057_d,D. Sum Avoidance,3307.0,Hard,,,,agc057,1278.0,False
AtCoder,agc057_e,E. RowCol/ColRow Sort,4128.0,Hard,,,,agc057,1278.0,False
AtCoder,agc057_f,F. Reflection,4128.0,Hard,,,,agc057,1278.0,False
AtCoder,agc058_a,A. Make it Zigzag,1134.0,Medium,,,,agc058,1252.0,False
AtCoder,agc058_b,B. Adjacent Chmax,2053.0,Hard,,,,agc058,1252.0,False
AtCoder,agc058_c,C. Planar Tree,2991.0,Hard,,,,agc058,1252.0,False
AtCoder,agc058_d,D. Yet Another ABC String,3159.0,Hard,,,,agc058,1252.0,False
AtCoder,agc058_e,E. Nearer Permutation,3825.0,Hard,,,,agc058,1252.0,False
AtCoder,agc058_f,F. Authentic Tree DP,,Unknown,,,,agc058,,False
AtCoder,agc059_a,A. My Last ABC Problem,1970.0,Medium,,,,agc059,1169.0,False
AtCoder,agc059_b,B. Arrange Your Balls,1887.0,Medium,,,,agc059,1169.0,False
AtCoder,agc059_c,C. Guessing Permutation for as Long as Possible,2905.0,Hard,,,,agc059,1169.0,False
AtCoder,agc059_d,D. Distinct Elements on Subsegments,3319.0,Hard,,,,agc059,1169.0,False
AtCoder,agc059_e,E. Grid 3-coloring,3842.0,Hard,,,,agc059,1169.0,False
AtCoder,agc059_f,F. LIDS,,Unknown,,,,agc059,,False
AtCoder,agc060_a,A. No Majority,1345.0,Medium,,,,agc060,947.0,False
AtCoder,agc060_b,B. Unique XOR Path,1996.0,Medium,,,,agc060,947.0,False
AtCoder,agc060_c,C. Large Heap,2680.0,Hard,,,,agc060,947.0,False
AtCoder,agc060_d,D. Same Descent Set,3394.0,Hard,,,,agc060,947.0,False
AtCoder,agc060_e,E. Number of Cycles,3452.0,Hard,,,,agc060,947.0,False
AtCoder,agc060_f,F. Spanning Trees of Interval Graph,,Unknown,,,,agc060,,False
AtCoder,agc061_a,A. Long Shuffle,1643.0,Medium,,,,agc061,810.0,False
AtCoder,agc061_b,B. Summation By Construction,3371.0,Hard,,,,agc061,810.0,False
AtCoder,agc061_c,C. First Come First Serve,2697.0,Hard,,,,agc061,810.0,False
AtCoder,agc061_d,D. Almost Multiplication Table,3632.0,Hard,,,,agc061,810.0,False
AtCoder,agc061_e,E. Increment or XOR,3901.0,Hard,,,,agc061,810.0,False
AtCoder,agc061_f,F. Perfect Strings,4084.0,Hard,,,,agc061,810.0,False
AtCoder,agc062_a,A. Right Side Character ,1099.0,Medium,,,,agc062,981.0,False
AtCoder,agc062_b,B. Split and Insert,2407.0,Hard,,,,agc062,981.0,False
AtCoder,agc062_c,C. Mex of Subset Sum,2320.0,Hard,,,,agc062,981.0,False
AtCoder,agc062_d,D. Walk Around Neighborhood,3274.0,Hard,,,,agc062,981.0,False
AtCoder,agc062_e,E. Overlap Binary Tree,4233.0,Hard,,,,agc062,981.0,False
AtCoder,agc062_f,F. Preserve Distinct,,Unknown,,,,agc062,,False
AtCoder,agc063_a,A. Mex Game,952.0,Medium,,,,agc063,1271.0,False
AtCoder,agc063_b,"B. Insert 1, 2, 3, ...",1663.0,Medium,,,,agc063,1271.0,False
AtCoder,agc063_c,C. Add Mod Operations,2500.0,Hard,,,,agc063,1271.0,False
AtCoder,agc063_d,D. Many CRT,3609.0,Hard,,,,agc063,1271.0,False
AtCoder,agc063_e,E. Child to Parent,3700.0,Hard,,,,agc063,1271.0,False
AtCoder,agc063_f,F. Simultaneous Floor,4273.0,Hard,,,,agc063,1271.0,False
AtCoder,agc064_a,A. i i's,996.0,Medium,,,,agc064,1199.0,False
AtCoder,agc064_b,B. Red and Blue Spanning Tree,1787.0,Medium,,,,agc064,1199.0,False
AtCoder,agc064_c,C. Erase and Divide Game,2932.0,Hard,,,,agc064,1199.0,False
AtCoder,agc064_d,D. Red and Blue Chips,2808.0,Hard,,,,agc064,1199.0,False
AtCoder,agc064_e,E. Cross Sum Construction,4069.0,Hard,,,,agc064,1199.0,False
AtCoder,agc064_f,F. No Permutations,,Unknown,,,,agc064,,False
AtCoder,agc065_a,A. Shuffle and mod K,1701.0,Medium,,,,agc065,1115.0,False
AtCoder,agc065_b,B. Erase and Insert,2193.0,Hard,,,,agc065,1115.0,False
AtCoder,agc065_c,C. Avoid Half Sum,2414.0,Hard,,,,agc065,1115.0,False
AtCoder,agc065_d,D. Not Intersect,3117.0,Hard,,,,agc065,1115.0,False
AtCoder,agc065_e,E. One Two Three,4235.0,Hard,,,,agc065,1115.0,False
AtCoder,agc065_f,F. Always Perfect,3889.0,Hard,,,,agc065,1115.0,False
AtCoder,agc066_a,A. Adjacent Difference,2086.0,Hard,,,,agc066,755.0,False
AtCoder,agc066_b,B. Decreasing Digit Sums,2162.0,Hard,,,,agc066,755.0,False
AtCoder,agc066_c,C. Delete AAB or BAA,3036.0,Hard,,,,agc066,755.0,False
AtCoder,agc066_d,D. A Independent Set,3531.0,Hard,,,,agc066,755.0,False
AtCoder,agc066_e,E. Sliding Puzzle On Tree,2950.0,Hard,,,,agc066,755.0,False
AtCoder,agc066_f,F. Beautiful String,,Unknown,,,,agc066,,False
AtCoder,agc067_a,A. Big Clique Everywhere,2074.0,Hard,,,,agc067,796.0,False
AtCoder,agc067_b,B. Modifications,3701.0,Hard,,,,agc067,796.0,False
AtCoder,agc067_c,C. Divisibility Homomorphism,2829.0,Hard,,,,agc067,796.0,False
AtCoder,agc067_d,D. Unique Matching,3345.0,Hard,,,,agc067,796.0,False
AtCoder,agc067_e,E. Biconnected Graph,,Unknown,,,,agc067,,False
AtCoder,agc068_a,A. Circular Distance,2948.0,Hard,,,,agc068,470.0,False
AtCoder,agc068_b,B. 01 Graph Construction,1813.0,Medium,,,,agc068,470.0,False
AtCoder,agc068_c,C. Ball Redistribution,3182.0,Hard,,,,agc068,470.0,False
AtCoder,agc068_d,D. Sum of Hash of Lexmin,3559.0,Hard,,,,agc068,470.0,False
AtCoder,agc068_e,E. Sort and Match,3392.0,Hard,,,,agc068,470.0,False
AtCoder,agc069_a,A. Schedule Optimization,2460.0,Hard,,,,agc069,434.0,False
AtCoder,agc069_b,B. Pair Guessing,2859.0,Hard,,,,agc069,434.0,False
AtCoder,agc069_c,C. AB*A Changing,3853.0,Hard,,,,agc069,434.0,False
AtCoder,agc069_d,D. Tree and Intervals,3346.0,Hard,,,,agc069,434.0,False
AtCoder,agc069_e,E. Pair of Sequences,4255.0,Hard,,,,agc069,434.0,False
AtCoder,agc070_a,A. Multiples in the String,2006.0,Hard,,,,agc070,371.0,False
AtCoder,agc070_b,B. Odd Namori,3217.0,Hard,,,,agc070,371.0,False
AtCoder,agc070_c,C. No Streak,2983.0,Hard,,,,agc070,371.0,False
AtCoder,agc070_d,D. 2D Solitaire,4211.0,Hard,,,,agc070,371.0,False
AtCoder,agc070_e,E. Remove 2K+1 Edges,,Unknown,,,,agc070,,False
AtCoder,agc071_a,A. XOR Cross Over,2102.0,Hard,,,,agc071,407.0,False
AtCoder,agc071_b,B. Maximum Bracket Subsequence,2842.0,Hard,,,,agc071,407.0,False
AtCoder,agc071_c,C. Orientable as Desired,2774.0,Hard,,,,agc071,407.0,False
AtCoder,agc071_d,D. Level K Terms,3807.0,Hard,,,,agc071,407.0,False
AtCoder,agc071_e,E. Procrastinate Counter,,Unknown,,,,agc071,,False
AtCoder,agc072_a,A. Rhythm Game,2781.0,Hard,,,,agc072,363.0,False
AtCoder,agc072_b,B. AGC Language,3148.0,Hard,,,,agc072,363.0,False
AtCoder,agc072_c,C. Human Exercise,2984.0,Hard,,,,agc072,363.0,False
AtCoder,agc072_d,D. Magician,4043.0,Hard,,,,agc072,363.0,False
AtCoder,agc072_e,E. Flights 2,,Unknown,,,,agc072,,False
AtCoder,agc073_a,A. Chords and Checkered,2219.0,Hard,,,,agc073,537.0,False
AtCoder,agc073_b,B. Cyclic Jump,3096.0,Hard,,,,agc073,537.0,False
AtCoder,agc073_c,C. Product of Max of Sum of Subtree,3202.0,Hard,,,,agc073,537.0,False
AtCoder,agc073_d,D. Four Jewels,,Unknown,,,,agc073,,False
AtCoder,agc074_a,A. Communicate Topological Order,2106.0,Hard,,,,agc074,436.0,False
AtCoder,agc074_b,B. Swap if Equal Length and Sum,2626.0,Hard,,,,agc074,436.0,False
AtCoder,agc074_c,C. PORALIS,2928.0,Hard,,,,agc074,436.0,False
AtCoder,agc074_d,D. Valid Output for DSU Problems,3721.0,Hard,,,,agc074,436.0,False
AtCoder,agc074_e,E. Delete AB,,Unknown,,,,agc074,,False
AtCoder,agc075_a,A. Divide Grid,1837.0,Medium,,,,agc075,573.0,False
AtCoder,agc075_b,B. Traffic Light,3284.0,Hard,,,,agc075,573.0,False
AtCoder,agc075_c,C. Minimization of Divide,,Unknown,,,,agc075,,False
AtCoder,agc075_d,D. Max Prod Plus,2627.0,Hard,,,,agc075,573.0,False
AtCoder,agc075_e,E. Many Optimization Problems,,Unknown,,,,agc075,,False
AtCoder,agc076_a,A. Hamming-Distant Arrays,1986.0,Medium,,,,agc076,407.0,False
AtCoder,agc076_b,B. Split and Reverse,3079.0,Hard,,,,agc076,407.0,False
AtCoder,agc076_c,C. Slime Eat Slime,3572.0,Hard,,,,agc076,407.0,False
AtCoder,agc076_d,D. Stochastic Dominance,3683.0,Hard,,,,agc076,407.0,False
AtCoder,agc076_e,E. Squared Norm Maximization,,Unknown,,,,agc076,,False
AtCoder,agc077_a,A. Reverse A…B,2512.0,Hard,,,,agc077,301.0,False
AtCoder,agc077_b,B. Long Increasing Walk,2794.0,Hard,,,,agc077,301.0,False
AtCoder,agc077_c,C. Reverse and DAG,3029.0,Hard,,,,agc077,301.0,False
AtCoder,agc077_d,D. Range Replace 2,3412.0,Hard,,,,agc077,301.0,False
AtCoder,agc077_e,E. Hamiltonian Path Inversion,3944.0,Hard,,,,agc077,301.0,False
AtCoder,agc077_f,F. Two Types of Tasks,,Unknown,,,,agc077,,False
AtCoder,ahc001_a,A. AtCoder Ad,,Unknown,,,,ahc001,,
AtCoder,ahc002_a,A. Walking on Tiles,,Unknown,,,,ahc002,,False
AtCoder,ahc003_a,A. Shortest Path Queries,2812.0,Hard,,,,ahc003,721.0,False
AtCoder,ahc004_a,A. Alien's Genome Assembly,3097.0,Hard,,,,ahc004,508.0,False
AtCoder,ahc005_a,A. Patrolling,3173.0,Hard,,,,ahc005,453.0,False
AtCoder,ahc006_a,A. Food Delivery,3261.0,Hard,,,,ahc006,465.0,False
AtCoder,ahc007_a,A. Online MST,3403.0,Hard,,,,ahc007,514.0,False
AtCoder,ahc008_a,A. Territory,,Unknown,,,,ahc008,,False
AtCoder,ahc009_a,A. Robust Memory of Commuting Routes,3594.0,Hard,,,,ahc009,637.0,False
AtCoder,ahc010_a,A. Loop Lines,3519.0,Hard,,,,ahc010,575.0,False
AtCoder,ahc011_a,A. Sliding Tree Puzzle,3615.0,Hard,,,,ahc011,711.0,False
AtCoder,ahc012_a,A. AtCoder 10th Anniversary,3580.0,Hard,,,,ahc012,638.0,False
AtCoder,ahc013_a,A. Server Room,3520.0,Hard,,,,ahc013,736.0,False
AtCoder,ahc014_a,A. RectJoin,3540.0,Hard,,,,ahc014,645.0,False
AtCoder,ahc015_a,A. Halloween Candy,3674.0,Hard,,,,ahc015,645.0,False
AtCoder,ahc016_a,A. Graphorean,3670.0,Hard,,,,ahc016,905.0,False
AtCoder,ahc017_a,A. Road Repair,3692.0,Hard,,,,ahc017,811.0,False
AtCoder,ahc018_a,A. Excavation,3672.0,Hard,,,,ahc018,914.0,False
AtCoder,ahc019_a,A. Silhouette Block Puzzle Creation,3680.0,Hard,,,,ahc019,646.0,False
AtCoder,ahc020_a,A. Broadcasting,3705.0,Hard,,,,ahc020,802.0,False
AtCoder,ahc021_a,A. Pyramid Sorting,3745.0,Hard,,,,ahc021,967.0,False
AtCoder,ahc022_a,A. Exploring Another Space,3680.0,Hard,,,,ahc022,881.0,False
AtCoder,ahc024_a,A. Topological Map,3660.0,Hard,,,,ahc024,648.0,False
AtCoder,ahc025_a,A. Balancing by Balance,3765.0,Hard,,,,ahc025,828.0,False
AtCoder,ahc026_a,A. Stack of Boxes,3755.0,Hard,,,,ahc026,726.0,False
AtCoder,ahc027_a,A. Recurring Cleaning Route,3707.0,Hard,,,,ahc027,853.0,False
AtCoder,ahc028_a,A. Lucky Words,3783.0,Hard,,,,ahc028,815.0,False
AtCoder,ahc029_a,A. Business Simulation Game,3680.0,Hard,,,,ahc029,732.0,False
AtCoder,ahc030_a,A. Polyomino Mining,3781.0,Hard,,,,ahc030,889.0,False
AtCoder,ahc031_a,A. Event Hall,3785.0,Hard,,,,ahc031,872.0,False
AtCoder,ahc032_a,A. Mod Stamp,3818.0,Hard,,,,ahc032,859.0,False
AtCoder,ahc033_a,A. Container Handling with Cranes,3747.0,Hard,,,,ahc033,854.0,False
AtCoder,ahc034_a,A. Leveling with a Dump Truck,3802.0,Hard,,,,ahc034,818.0,False
AtCoder,ahc035_a,A. Breed Improvement,3805.0,Hard,,,,ahc035,888.0,False
AtCoder,ahc036_a,A. Efficient Signal Control,3793.0,Hard,,,,ahc036,909.0,False
AtCoder,ahc037_a,A. Soda,3827.0,Hard,,,,ahc037,828.0,False
AtCoder,ahc038_a,A. Tree Robot Arm,3780.0,Hard,,,,ahc038,831.0,False
AtCoder,ahc039_a,A. Purse Seine Fishing,3744.0,Hard,,,,ahc039,641.0,False
AtCoder,ahc040_a,A. Packing Uncertain Rectangles,,Unknown,,,,ahc040,,False
AtCoder,ahc041_a,A. Christmas Tree Cutting,3820.0,Hard,,,,ahc041,927.0,False
AtCoder,ahc042_a,"A. Oni wa Soto, Fuku wa Uchi",3843.0,Hard,,,,ahc042,896.0,False
AtCoder,ahc043_a,A. Railway Company,3823.0,Hard,,,,ahc043,1157.0,False
AtCoder,ahc044_a,A. Cleaning Up,3840.0,Hard,,,,ahc044,875.0,False
AtCoder,ahc045_a,A. Oracle-Guided Road Network Planning,3819.0,Hard,,,,ahc045,1063.0,False
AtCoder,ahc046_a,A. Skating with Blocks,3880.0,Hard,,,,ahc046,865.0,False
AtCoder,ahc047_a,A. Lovely Language Model,3814.0,Hard,,,,ahc047,913.0,False
AtCoder,ahc048_a,A. Mixing on the Palette,,Unknown,,,,ahc048,,
AtCoder,ahc049_a,A. Durability-Constrained Transport,3860.0,Hard,,,,ahc049,826.0,False
AtCoder,ahc050_a,A. Gamble on Ice,3882.0,Hard,,,,ahc050,970.0,False
AtCoder,ahc051_a,A. Probabilistic Waste Sorting,,Unknown,,,,ahc051,,
AtCoder,ahc052_a,A. Single Controller Multiple Robots,3822.0,Hard,,,,ahc052,735.0,False
AtCoder,ahc053_a,A. Random Sum Game,3839.0,Hard,,,,ahc053,878.0,False
AtCoder,ahc054_a,A. Treant's Forest,,Unknown,,,,ahc054,,
AtCoder,ahc054_b,A-Final. Treant's Forest (System Test),,Unknown,,,,ahc054,,
AtCoder,ahc055_a,A. Weakpoint,3884.0,Hard,,,,ahc055,731.0,False
AtCoder,ahc056_a,A. Grid Turing Robot,3877.0,Hard,,,,ahc056,920.0,False
AtCoder,ahc057_a,A. Molecules,3861.0,Hard,,,,ahc057,635.0,False
AtCoder,ahc058_a,A. Apple Incremental Game,,Unknown,,,,ahc058,,False
AtCoder,ahc059_a,A. Stack to Match Pairs,3846.0,Hard,,,,ahc059,643.0,False
AtCoder,ahc060_a,A. Ice Cream Collection,3832.0,Hard,,,,ahc060,625.0,False
AtCoder,ahc061_a,A. Multi-Player Territory Game,3881.0,Hard,,,,ahc061,945.0,False
AtCoder,ahc062_a,A. King's Tour ,3764.0,Hard,,,,ahc062,607.0,False
AtCoder,ahc063_a,A. Colorful Ouroboros,3850.0,Hard,,,,ahc063,909.0,False
AtCoder,ahc064_a,A. Non-Crossing Railcar Rearrangement,3856.0,Hard,,,,ahc064,732.0,False
AtCoder,ahc065_a,A. Conveyor Design,3822.0,Hard,,,,ahc065,625.0,False
AtCoder,ahc066_a,A. Macro Controller,3868.0,Hard,,,,ahc066,937.0,False
AtCoder,aising2019_a,A. Bulletin Board,-431.0,Easy,,,,aising2019,1801.0,False
AtCoder,aising2019_b,B. Contests,-79.0,Easy,,,,aising2019,1801.0,False
AtCoder,aising2019_c,C. Alternating Path,1264.0,Medium,,,,aising2019,1801.0,False
AtCoder,aising2019_d,D. Nearest Card Game,1898.0,Medium,,,,aising2019,1801.0,False
AtCoder,aising2019_e,E. Attack to a Tree,2595.0,Hard,,,,aising2019,1801.0,False
AtCoder,aising2020_a,A. Number of Multiples,-1008.0,Easy,,,,aising2020,6948.0,False
AtCoder,aising2020_b,B. An Odd Problem,-774.0,Easy,,,,aising2020,6948.0,False
AtCoder,aising2020_c,C. XYZ Triplets,377.0,Easy,,,,aising2020,6948.0,False
AtCoder,aising2020_d,D. Anything Goes to Zero,1337.0,Medium,,,,aising2020,6948.0,False
AtCoder,aising2020_e,E. Camel Train,2133.0,Hard,,,,aising2020,6948.0,False
AtCoder,aising2020_f,F. Two Snuke,2742.0,Hard,,,,aising2020,6948.0,False
AtCoder,ajo2024_final_a,A. Apples and Boxes,,Unknown,,,,ajo2024-final,,
AtCoder,ajo2024_final_b,B. Meetings,,Unknown,,,,ajo2024-final,,
AtCoder,ajo2024_final_c,C. Final Exam,,Unknown,,,,ajo2024-final,,
AtCoder,ajo2024_final_d,D. Shooting the Stars,,Unknown,,,,ajo2024-final,,
AtCoder,ajo2024_final_e,E. Five Shuffles,,Unknown,,,,ajo2024-final,,
AtCoder,ajo2024_final_f,F. Fusion 2,,Unknown,,,,ajo2024-final,,
AtCoder,ajo2025_final_a,A. Finding (((...))),,Unknown,,,,ajo2025-final-open,,
AtCoder,ajo2025_final_b,B. Interpolation,,Unknown,,,,ajo2025-final-open,,
AtCoder,ajo2025_final_c,C. Even Subgrid,,Unknown,,,,ajo2025-final-open,,
AtCoder,ajo2025_final_d,D. The Most Boring Game,,Unknown,,,,ajo2025-final-open,,
AtCoder,ajo2025_final_e,E. Large Board,,Unknown,,,,ajo2025-final-open,,
AtCoder,apc001_a,A. Two Integers,123.0,Easy,,,,apc001,932.0,False
AtCoder,apc001_b,B. Two Arrays,1049.0,Medium,,,,apc001,932.0,False
AtCoder,apc001_c,C. Vacant Seat,1197.0,Medium,,,,apc001,932.0,False
AtCoder,apc001_d,D. Forest,1719.0,Medium,,,,apc001,932.0,False
AtCoder,apc001_e,E. Antennas on Tree,2167.0,Hard,,,,apc001,932.0,False
AtCoder,apc001_f,F. XOR Tree,2865.0,Hard,,,,apc001,932.0,False
AtCoder,apc001_g,G. Colorful Doors,3765.0,Hard,,,,apc001,932.0,False
AtCoder,apc001_h,H. Generalized Insertion Sort,3346.0,Hard,,,,apc001,932.0,False
AtCoder,apc001_i,I. Simple APSP Problem,4061.0,Hard,,,,apc001,932.0,False
AtCoder,apc001_j,J. Rectangles,4061.0,Hard,,,,apc001,932.0,False
AtCoder,apio_code,A. Code,,Unknown,,,,joiopen2012c,,
AtCoder,apio_jumps,B. Jumps,,Unknown,,,,joiopen2012c,,
AtCoder,apio_mansion,C. Mansion,,Unknown,,,,joiopen2012c,,
AtCoder,arc001_1,A. センター採点,,Unknown,,,,arc001,,True
AtCoder,arc001_2,B. リモコン,,Unknown,,,,arc001,,True
AtCoder,arc001_3,C. パズルのお手伝い,,Unknown,,,,arc001,,True
AtCoder,arc001_4,D. レースゲーム,,Unknown,,,,arc001,,True
AtCoder,arc002_1,A. うるう年,-381.0,Easy,,,,arc002,95.0,True
AtCoder,arc002_2,B. 割り切れる日付,778.0,Easy,,,,arc002,95.0,True
AtCoder,arc002_3,C. コマンド入力,1164.0,Medium,,,,arc002,95.0,True
AtCoder,arc002_4,D. ボードゲーム,2728.0,Hard,,,,arc002,95.0,True
AtCoder,arc003_1,A. GPA計算,452.0,Easy,,,,arc003,201.0,True
AtCoder,arc003_2,B. さかさま辞書,746.0,Easy,,,,arc003,201.0,True
AtCoder,arc003_3,C. 暗闇帰り道,1972.0,Medium,,,,arc003,201.0,True
AtCoder,arc003_4,D. シャッフル席替え,2194.0,Hard,,,,arc003,201.0,True
AtCoder,arc004_1,A. 2点間距離の最大値 ( The longest distance ),330.0,Easy,,,,arc004,243.0,True
AtCoder,arc004_2,B. 2点間距離の最大と最小 ( Maximum and Minimum ),1118.0,Medium,,,,arc004,243.0,True
AtCoder,arc004_3,C. 平均値太郎の憂鬱 ( The melancholy of Taro Heikinchi ),1904.0,Medium,,,,arc004,243.0,True
AtCoder,arc004_4,D. 表現の自由 ( Freedom of expression ),2267.0,Hard,,,,arc004,243.0,True
AtCoder,arc005_1,A. 大好き高橋君,339.0,Easy,,,,arc005,220.0,True
AtCoder,arc005_2,B. P-CASカードと高橋君,998.0,Medium,,,,arc005,220.0,True
AtCoder,arc005_3,C. 器物損壊！高橋君,1503.0,Medium,,,,arc005,220.0,True
AtCoder,arc005_4,D. 連射王高橋君,2487.0,Hard,,,,arc005,220.0,True
AtCoder,arc006_1,A. 宝くじ,126.0,Easy,,,,arc006,200.0,True
AtCoder,arc006_2,B. あみだくじ,814.0,Medium,,,,arc006,200.0,True
AtCoder,arc006_3,C. 積み重ね,1042.0,Medium,,,,arc006,200.0,True
AtCoder,arc006_4,D. アルファベット探し,1973.0,Medium,,,,arc006,200.0,True
AtCoder,arc007_1,A. 帰ってきた器物損壊！高橋君,123.0,Easy,,,,arc007,183.0,True
AtCoder,arc007_2,B. 迷子のCDケース,529.0,Easy,,,,arc007,183.0,True
AtCoder,arc007_3,C. 節約生活,1386.0,Medium,,,,arc007,183.0,True
AtCoder,arc007_4,D. 破れた宿題,2491.0,Hard,,,,arc007,183.0,True
AtCoder,arc008_1,A. たこ焼き買えるかな？,24.0,Easy,,,,arc008,215.0,True
AtCoder,arc008_2,B. 謎のたこ焼きおじさん,772.0,Easy,,,,arc008,215.0,True
AtCoder,arc008_3,C. THE☆たこ焼き祭り2012,1927.0,Medium,,,,arc008,215.0,True
AtCoder,arc008_4,D. タコヤキオイシクナール,2430.0,Hard,,,,arc008,215.0,True
AtCoder,arc009_1,A. 元気にお使い！高橋君,-43.0,Easy,,,,arc009,241.0,True
AtCoder,arc009_2,B. おとぎの国の高橋君,830.0,Medium,,,,arc009,241.0,True
AtCoder,arc009_3,C. 高橋君、24歳,2015.0,Hard,,,,arc009,241.0,True
AtCoder,arc009_4,D. 覚醒ノ高橋君,2801.0,Hard,,,,arc009,241.0,True
AtCoder,arc010_1,A. 名刺交換,224.0,Easy,,,,arc010,241.0,True
AtCoder,arc010_2,B. 超大型連休,1107.0,Medium,,,,arc010,241.0,True
AtCoder,arc010_3,C. 積み上げパズル,2011.0,Hard,,,,arc010,241.0,True
AtCoder,arc010_4,D. 情報伝播,2481.0,Hard,,,,arc010,241.0,True
AtCoder,arc011_1,A. 鉛筆リサイクルの新技術,401.0,Easy,,,,arc011,216.0,True
AtCoder,arc011_2,B. ルイス・キャロルの記憶術,917.0,Medium,,,,arc011,216.0,True
AtCoder,arc011_3,C. ダブレット,1488.0,Medium,,,,arc011,216.0,True
AtCoder,arc011_4,D. きつねさんからの挑戦状,2808.0,Hard,,,,arc011,216.0,True
AtCoder,arc012_1,A. 週末,-392.0,Easy,,,,arc012,222.0,True
AtCoder,arc012_2,B. アキレスと亀,159.0,Easy,,,,arc012,222.0,True
AtCoder,arc012_3,C. 五目並べチェッカー,1873.0,Medium,,,,arc012,222.0,True
AtCoder,arc012_4,D. Don't worry. Be Together,3046.0,Hard,,,,arc012,222.0,True
AtCoder,arc013_1,A. 梱包できるかな？,585.0,Easy,,,,arc013,223.0,True
AtCoder,arc013_2,B. 引越しできるかな？,788.0,Easy,,,,arc013,223.0,True
AtCoder,arc013_3,C. 笑いをとれるかな？,1831.0,Medium,,,,arc013,223.0,True
AtCoder,arc013_4,D. 切り分けできるかな？,2535.0,Hard,,,,arc013,223.0,True
AtCoder,arc014_1,A. 君が望むなら世界中全てのたこ焼きを赤と青に染め上げよう,,Unknown,,,,arc014,,True
AtCoder,arc014_2,B. あの日したしりとりの結果を僕達はまだ知らない。,606.0,Easy,,,,arc014,256.0,True
AtCoder,arc014_3,C. 魂の還る場所,1266.0,Medium,,,,arc014,256.0,True
AtCoder,arc014_4,D. grepマスター,1904.0,Medium,,,,arc014,256.0,True
AtCoder,arc015_1,A. Celsius と Fahrenheit,102.0,Easy,,,,arc015,251.0,True
AtCoder,arc015_2,B. 真冬日？真夏日？,464.0,Easy,,,,arc015,251.0,True
AtCoder,arc015_3,C. 変わった単位,2185.0,Hard,,,,arc015,251.0,True
AtCoder,arc015_4,D. きんいろクッキー,2688.0,Hard,,,,arc015,251.0,True
AtCoder,arc016_1,A. クイズゲーム,52.0,Easy,,,,arc016,288.0,True
AtCoder,arc016_2,B. 音楽ゲーム,540.0,Easy,,,,arc016,288.0,True
AtCoder,arc016_3,C. ソーシャルゲーム,2092.0,Hard,,,,arc016,288.0,True
AtCoder,arc016_4,D. 軍艦ゲーム,2683.0,Hard,,,,arc016,288.0,True
AtCoder,arc017_1,A. 素数、コンテスト、素数,185.0,Easy,,,,arc017,228.0,True
AtCoder,arc017_2,B. 解像度が低い。,1085.0,Medium,,,,arc017,228.0,True
AtCoder,arc017_3,C. 無駄なものが嫌いな人,1625.0,Medium,,,,arc017,228.0,True
AtCoder,arc017_4,D. ARCたんクッキー,2244.0,Hard,,,,arc017,228.0,True
AtCoder,arc018_1,A. BMI,-85.0,Easy,,,,arc018,289.0,True
AtCoder,arc018_2,B. 格子点と整数,1330.0,Medium,,,,arc018,289.0,True
AtCoder,arc018_3,C. 席替え,1979.0,Medium,,,,arc018,289.0,True
AtCoder,arc018_4,D. 僕は友達が少ない,2644.0,Hard,,,,arc018,289.0,True
AtCoder,arc019_1,A. お買い物クライシス,219.0,Easy,,,,arc019,253.0,True
AtCoder,arc019_2,B. こだわりの名前,1209.0,Medium,,,,arc019,253.0,True
AtCoder,arc019_3,C. 最後の森,2881.0,Hard,,,,arc019,253.0,True
AtCoder,arc019_4,D. ほんとうのたたかい,2730.0,Hard,,,,arc019,253.0,True
AtCoder,arc020_1,A. 石を滑らせるゲーム,-308.0,Easy,,,,arc020,278.0,True
AtCoder,arc020_2,B. 縞模様,1008.0,Medium,,,,arc020,278.0,True
AtCoder,arc020_3,C. A mod B Problem,2141.0,Hard,,,,arc020,278.0,True
AtCoder,arc020_4,D. お菓子の国の旅行,3133.0,Hard,,,,arc020,278.0,True
AtCoder,arc021_1,A. DEAD END,195.0,Easy,,,,arc021,244.0,True
AtCoder,arc021_2,B. Your Numbers are XORed...,1327.0,Medium,,,,arc021,244.0,True
AtCoder,arc021_3,C. 増築王高橋君,2164.0,Hard,,,,arc021,244.0,True
AtCoder,arc021_4,D. だいたい最小全域木,3152.0,Hard,,,,arc021,244.0,True
AtCoder,arc022_1,A. スーパーICT高校生,338.0,Easy,,,,arc022,282.0,True
AtCoder,arc022_2,B. 細長いお菓子,1395.0,Medium,,,,arc022,282.0,True
AtCoder,arc022_3,C. ロミオとジュリエット,1694.0,Medium,,,,arc022,282.0,True
AtCoder,arc022_4,D. スプリンクラー,,Unknown,,,,arc022,,True
AtCoder,arc023_1,A. 経過日数,238.0,Easy,,,,arc023,240.0,True
AtCoder,arc023_2,B. 謎の人物X,1111.0,Medium,,,,arc023,240.0,True
AtCoder,arc023_3,C. タコヤ木,1833.0,Medium,,,,arc023,240.0,True
AtCoder,arc023_4,D. GCD区間,2511.0,Hard,,,,arc023,240.0,True
AtCoder,arc024_1,A. くつがくっつく,257.0,Easy,,,,arc024,236.0,True
AtCoder,arc024_2,B. 赤と黒の木,1293.0,Medium,,,,arc024,236.0,True
AtCoder,arc024_3,C. だれじゃ,1844.0,Medium,,,,arc024,236.0,True
AtCoder,arc024_4,D. バス停,2496.0,Hard,,,,arc024,236.0,True
AtCoder,arc025_1,A. ゴールドラッシュ,-80.0,Easy,,,,arc025,284.0,True
AtCoder,arc025_2,B. チョコレート,1369.0,Medium,,,,arc025,284.0,True
AtCoder,arc025_3,C. ウサギとカメ,1954.0,Medium,,,,arc025,284.0,True
AtCoder,arc025_4,D. コンセント,2863.0,Hard,,,,arc025,284.0,True
AtCoder,arc026_1,A. ダイナミックなポーズ,-419.0,Easy,,,,arc026,292.0,True
AtCoder,arc026_2,B. 完全数,1199.0,Medium,,,,arc026,292.0,True
AtCoder,arc026_3,C. 蛍光灯,1930.0,Medium,,,,arc026,292.0,True
AtCoder,arc026_4,D. 道を直すお仕事,2297.0,Hard,,,,arc026,292.0,True
AtCoder,arc027_1,A. 門限,-171.0,Easy,,,,arc027,290.0,True
AtCoder,arc027_2,B. 大事な数なのでZ回書きまLた。,1432.0,Medium,,,,arc027,290.0,True
AtCoder,arc027_3,C. 最高のトッピングにしような,1692.0,Medium,,,,arc027,290.0,True
AtCoder,arc027_4,D. ぴょんぴょんトレーニング,2474.0,Hard,,,,arc027,290.0,True
AtCoder,arc028_1,A. 小石を取るゲーム,203.0,Easy,,,,arc028,229.0,True
AtCoder,arc028_2,B. 特別賞,1507.0,Medium,,,,arc028,229.0,True
AtCoder,arc028_3,C. 高橋王国の分割統治,1748.0,Medium,,,,arc028,229.0,True
AtCoder,arc028_4,D. 注文の多い高橋商店,2997.0,Hard,,,,arc028,229.0,True
AtCoder,arc029_1,A. 高橋君とお肉,549.0,Easy,,,,arc029,268.0,True
AtCoder,arc029_2,B. 高橋君と禁断の書,2032.0,Hard,,,,arc029,268.0,True
AtCoder,arc029_3,C. 高橋君と国家,1973.0,Medium,,,,arc029,268.0,True
AtCoder,arc029_4,D. 高橋君と木のおもちゃ,2438.0,Hard,,,,arc029,268.0,True
AtCoder,arc030_1,A. 閉路グラフ,556.0,Easy,,,,arc030,295.0,True
AtCoder,arc030_2,B. ツリーグラフ,1298.0,Medium,,,,arc030,295.0,True
AtCoder,arc030_3,C. 有向グラフ,2180.0,Hard,,,,arc030,295.0,True
AtCoder,arc030_4,D. グラフではない,3246.0,Hard,,,,arc030,295.0,True
AtCoder,arc031_1,A. 名前,-284.0,Easy,,,,arc031,301.0,True
AtCoder,arc031_2,B. 埋め立て,1106.0,Medium,,,,arc031,301.0,True
AtCoder,arc031_3,C. 積み木,1880.0,Medium,,,,arc031,301.0,True
AtCoder,arc031_4,D. 買い物上手,2825.0,Hard,,,,arc031,301.0,True
AtCoder,arc032_1,A. ホリドッグ,77.0,Easy,,,,arc032,272.0,True
AtCoder,arc032_2,B. 道路工事,1169.0,Medium,,,,arc032,272.0,True
AtCoder,arc032_3,C. 仕事計画,2014.0,Hard,,,,arc032,272.0,True
AtCoder,arc032_4,D. アットコーダーモンスターズ,2861.0,Hard,,,,arc032,272.0,True
AtCoder,arc033_1,A. 隠れた言葉,-29.0,Easy,,,,arc033,273.0,True
AtCoder,arc033_2,B. メタ構文変数,789.0,Easy,,,,arc033,273.0,True
AtCoder,arc033_3,C. データ構造,1641.0,Medium,,,,arc033,273.0,True
AtCoder,arc033_4,D. 見たことのない多項式,2470.0,Hard,,,,arc033,273.0,True
AtCoder,arc034_1,A. 首席,129.0,Easy,,,,arc034,305.0,True
AtCoder,arc034_2,B. 方程式,1132.0,Medium,,,,arc034,305.0,True
AtCoder,arc034_3,C. 約数かつ倍数,1584.0,Medium,,,,arc034,305.0,True
AtCoder,arc034_4,D. インフレゲーム,2570.0,Hard,,,,arc034,305.0,True
AtCoder,arc035_a,A. 高橋くんと回文,101.0,Easy,,,,arc035,298.0,True
AtCoder,arc035_b,B. アットコーダー王国のコンテスト事情,949.0,Medium,,,,arc035,298.0,True
AtCoder,arc035_c,C. アットコーダー王国の交通事情,1655.0,Medium,,,,arc035,298.0,True
AtCoder,arc035_d,D. 高橋くんとマラソンコース,2173.0,Hard,,,,arc035,298.0,True
AtCoder,arc036_a,A. ぐっすり,253.0,Easy,,,,arc036,281.0,True
AtCoder,arc036_b,B. 山のデータ,1112.0,Medium,,,,arc036,281.0,True
AtCoder,arc036_c,C. 偶然ジェネレータ,2139.0,Hard,,,,arc036,281.0,True
AtCoder,arc036_d,D. 偶数メートル,2227.0,Hard,,,,arc036,281.0,True
AtCoder,arc037_a,A. 全優,-133.0,Easy,,,,arc037,247.0,True
AtCoder,arc037_b,B. バウムテスト,1109.0,Medium,,,,arc037,247.0,True
AtCoder,arc037_c,C. 億マス計算,1824.0,Medium,,,,arc037,247.0,True
AtCoder,arc037_d,D. Chaotic Polygons,2258.0,Hard,,,,arc037,247.0,True
AtCoder,arc038_a,A. カードと兄妹,-19.0,Easy,,,,arc038,295.0,True
AtCoder,arc038_b,B. マス目と駒,1378.0,Medium,,,,arc038,295.0,True
AtCoder,arc038_c,C. 茶碗と豆,2531.0,Hard,,,,arc038,295.0,True
AtCoder,arc038_d,D. 有向グラフと数,3009.0,Hard,,,,arc038,295.0,True
AtCoder,arc039_a,A. A - B problem,494.0,Easy,,,,arc039,280.0,True
AtCoder,arc039_b,B. 高橋幼稚園,1383.0,Medium,,,,arc039,280.0,True
AtCoder,arc039_c,C. 幼稚園児高橋君,2004.0,Hard,,,,arc039,280.0,True
AtCoder,arc039_d,D. 旅行会社高橋君,2550.0,Hard,,,,arc039,280.0,True
AtCoder,arc040_a,A. 床塗り,53.0,Easy,,,,arc040,318.0,True
AtCoder,arc040_b,B. 直線塗り,1113.0,Medium,,,,arc040,318.0,True
AtCoder,arc040_c,C. Z塗り,1269.0,Medium,,,,arc040,318.0,True
AtCoder,arc040_d,D. カクカク塗り,3166.0,Hard,,,,arc040,318.0,True
AtCoder,arc041_a,A. コインの反転,34.0,Easy,,,,arc041,267.0,True
AtCoder,arc041_b,B. アメーバ,1044.0,Medium,,,,arc041,267.0,True
AtCoder,arc041_c,C. ウサギ跳び,1808.0,Medium,,,,arc041,267.0,True
AtCoder,arc041_d,D. 辺彩色,2958.0,Hard,,,,arc041,267.0,True
AtCoder,arc042_a,A. 掲示板,861.0,Medium,,,,arc042,253.0,True
AtCoder,arc042_b,B. アリの高橋くん,1124.0,Medium,,,,arc042,253.0,True
AtCoder,arc042_c,C. おやつ,1746.0,Medium,,,,arc042,253.0,True
AtCoder,arc042_d,D. あまり,2247.0,Hard,,,,arc042,253.0,True
AtCoder,arc043_a,A. 点数変換,850.0,Medium,,,,arc043,229.0,True
AtCoder,arc043_b,B. 難易度,1606.0,Medium,,,,arc043,229.0,True
AtCoder,arc043_c,C. 転倒距離,2409.0,Hard,,,,arc043,229.0,True
AtCoder,arc043_d,D. 引っ越し,3245.0,Hard,,,,arc043,229.0,True
AtCoder,arc044_a,A. 素数判定,560.0,Easy,,,,arc044,260.0,True
AtCoder,arc044_b,B. 最短路問題,1744.0,Medium,,,,arc044,260.0,True
AtCoder,arc044_c,C. ビーム,2309.0,Hard,,,,arc044,260.0,True
AtCoder,arc044_d,D. suffix array,2335.0,Hard,,,,arc044,260.0,True
AtCoder,arc045_a,A. スペース高橋君,221.0,Easy,,,,arc045,332.0,True
AtCoder,arc045_b,B. ドキドキデート大作戦高橋君,1526.0,Medium,,,,arc045,332.0,True
AtCoder,arc045_c,C. エックスオア多橋君,2022.0,Hard,,,,arc045,332.0,True
AtCoder,arc045_d,D. みんな仲良し高橋君,3039.0,Hard,,,,arc045,332.0,True
AtCoder,arc046_a,A. ゾロ目数,165.0,Easy,,,,arc046,288.0,True
AtCoder,arc046_b,B. 石取り大作戦,1260.0,Medium,,,,arc046,288.0,True
AtCoder,arc046_c,C. 合コン大作戦,2203.0,Hard,,,,arc046,288.0,True
AtCoder,arc046_d,D. うさぎとマス目,2852.0,Hard,,,,arc046,288.0,True
AtCoder,arc047_a,A. タブの開きすぎ,-218.0,Easy,,,,arc047,265.0,True
AtCoder,arc047_b,B. 同一円周上,2455.0,Hard,,,,arc047,265.0,True
AtCoder,arc047_c,C. N!÷K番目の単語,2262.0,Hard,,,,arc047,265.0,True
AtCoder,arc047_d,D. ナナメクエリ,,Unknown,,,,arc047,,True
AtCoder,arc048_a,A. 階段の下,-162.0,Easy,,,,arc048,335.0,True
AtCoder,arc048_b,B. AtCoderでじゃんけんを,1290.0,Medium,,,,arc048,335.0,True
AtCoder,arc048_c,C. 足の多い高橋君,2390.0,Hard,,,,arc048,335.0,True
AtCoder,arc048_d,D. たこ焼き屋とQ人の高橋君,3062.0,Hard,,,,arc048,335.0,True
AtCoder,arc049_a,"A. ""強調""",226.0,Easy,,,,arc049,365.0,True
AtCoder,arc049_b,B. 高橋ノルム君,1511.0,Medium,,,,arc049,365.0,True
AtCoder,arc049_c,C. ぬりまーす,2308.0,Hard,,,,arc049,365.0,True
AtCoder,arc049_d,D. すわっぷしまーす,2988.0,Hard,,,,arc049,365.0,True
AtCoder,arc050_a,A. 大文字と小文字,58.0,Easy,,,,arc050,391.0,True
AtCoder,arc050_b,B. 花束,1838.0,Medium,,,,arc050,391.0,True
AtCoder,arc050_c,C. LCM 111,2372.0,Hard,,,,arc050,391.0,True
AtCoder,arc050_d,D. Suffix Concat,2487.0,Hard,,,,arc050,391.0,True
AtCoder,arc051_a,A. 塗り絵,773.0,Easy,,,,arc051,304.0,True
AtCoder,arc051_b,B. 互除法,1032.0,Medium,,,,arc051,304.0,True
AtCoder,arc051_c,C. 掛け算,1898.0,Medium,,,,arc051,304.0,True
AtCoder,arc051_d,D. 長方形,2779.0,Hard,,,,arc051,304.0,True
AtCoder,arc052_a,A. 何期生？,143.0,Easy,,,,arc052,339.0,True
AtCoder,arc052_b,B. 円錐,1278.0,Medium,,,,arc052,339.0,True
AtCoder,arc052_c,C.  高橋くんと不思議な道,2277.0,Hard,,,,arc052,339.0,True
AtCoder,arc052_d,D. 9,2436.0,Hard,,,,arc052,339.0,True
AtCoder,arc053_a,A. ドミノ色塗り,-200.0,Easy,,,,arc053,440.0,True
AtCoder,arc053_b,B. 回文分割,984.0,Medium,,,,arc053,440.0,True
AtCoder,arc053_c,C. 魔法使い高橋君,1901.0,Medium,,,,arc053,440.0,True
AtCoder,arc053_d,D. 2 つの山札,3043.0,Hard,,,,arc053,440.0,True
AtCoder,arc054_a,A. 動く歩道,771.0,Easy,,,,arc054,411.0,True
AtCoder,arc054_b,B. ムーアの法則,1269.0,Medium,,,,arc054,411.0,True
AtCoder,arc054_c,C. 鯛焼き,2292.0,Hard,,,,arc054,411.0,True
AtCoder,arc054_d,D. バブルソート,3095.0,Hard,,,,arc054,411.0,True
AtCoder,arc055_a,A. 数え上げ,-65.0,Easy,,,,arc055,381.0,True
AtCoder,arc055_b,B. せんべい,2675.0,Hard,,,,arc055,381.0,True
AtCoder,arc055_c,C. ABCAC,2392.0,Hard,,,,arc055,381.0,True
AtCoder,arc055_d,D. 隠された等差数列,,Unknown,,,,arc055,,True
AtCoder,arc056_a,A. みんなでワイワイみかん,580.0,Easy,,,,arc056,469.0,True
AtCoder,arc056_b,B. 駐車場,1726.0,Medium,,,,arc056,469.0,True
AtCoder,arc056_c,C. 部門分け,2179.0,Hard,,,,arc056,469.0,True
AtCoder,arc056_d,D. サケノミ,2870.0,Hard,,,,arc056,469.0,True
AtCoder,arc057_a,A. 2兆円,527.0,Easy,,,,arc057,407.0,True
AtCoder,arc057_b,B. 高橋君ゲーム,2220.0,Hard,,,,arc057,407.0,True
AtCoder,arc057_c,C. 2乗根,2547.0,Hard,,,,arc057,407.0,True
AtCoder,arc057_d,D. 全域木,3019.0,Hard,,,,arc057,407.0,True
AtCoder,arc058_a,C. Iroha's Obsession,1174.0,Medium,,,,arc058,475.0,False
AtCoder,arc058_b,D. Iroha and a Grid,1905.0,Medium,,,,arc058,475.0,False
AtCoder,arc058_c,E. Iroha and Haiku,2473.0,Hard,,,,arc058,239.0,False
AtCoder,arc058_d,F. Iroha Loves Strings,3678.0,Hard,,,,arc058,239.0,False
AtCoder,arc059_a,C. Be Together,712.0,Easy,,,,arc059,467.0,False
AtCoder,arc059_b,D. Unbalanced,1374.0,Medium,,,,arc059,467.0,False
AtCoder,arc059_c,E. Children and Candies,2189.0,Hard,,,,arc059,265.0,False
AtCoder,arc059_d,F. Unhappy Hacking,2427.0,Hard,,,,arc059,265.0,False
AtCoder,arc060_a,C. Tak and Cards,1583.0,Medium,,,,abc044,515.0,False
AtCoder,arc060_b,D. Digit Sum,2261.0,Hard,,,,abc044,515.0,False
AtCoder,arc060_c,E. Tak and Hotels,2154.0,Hard,,,,arc060,291.0,False
AtCoder,arc060_d,F. Best Representation,2804.0,Hard,,,,arc060,291.0,False
AtCoder,arc061_a,C. Many Formulas,1089.0,Medium,,,,abc045,598.0,False
AtCoder,arc061_b,D. Snuke's Coloring,1682.0,Medium,,,,abc045,598.0,False
AtCoder,arc061_c,E. Snuke's Subway Trip,2502.0,Hard,,,,arc061,335.0,False
AtCoder,arc061_d,F. Card Game for Three,3154.0,Hard,,,,arc061,335.0,False
AtCoder,arc062_a,C. AtCoDeer and Election Report,1346.0,Medium,,,,abc046,602.0,False
AtCoder,arc062_b,D. AtCoDeer and Rock-Paper,1256.0,Medium,,,,abc046,602.0,False
AtCoder,arc062_c,E. Building Cubes with AtCoDeer,2655.0,Hard,,,,arc062,326.0,False
AtCoder,arc062_d,F. Painting Graphs with AtCoDeer,3175.0,Hard,,,,arc062,326.0,False
AtCoder,arc063_a,C. 1D Reversi,755.0,Easy,,,,abc047,632.0,False
AtCoder,arc063_b,D. An Invisible Hand,1376.0,Medium,,,,abc047,632.0,False
AtCoder,arc063_c,E. Integers on a Tree,2198.0,Hard,,,,arc063,368.0,False
AtCoder,arc063_d,F. Snuke's Coloring 2,3688.0,Hard,,,,arc063,368.0,False
AtCoder,arc064_a,C. Boxes and Candies,1164.0,Medium,,,,abc048,595.0,False
AtCoder,arc064_b,D. An Ordinary Game,1814.0,Medium,,,,abc048,595.0,False
AtCoder,arc064_c,E. Cosmic Rays,1769.0,Medium,,,,arc064,374.0,False
AtCoder,arc064_d,F. Rotated Palindromes,2949.0,Hard,,,,arc064,374.0,False
AtCoder,arc065_a,C. Daydream,930.0,Medium,,,,abc049,594.0,False
AtCoder,arc065_b,D. Connectivity,1996.0,Medium,,,,abc049,594.0,False
AtCoder,arc065_c,E. Manhattan Compass,2835.0,Hard,,,,arc065,386.0,False
AtCoder,arc065_d,F. Shuffling,2652.0,Hard,,,,arc065,386.0,False
AtCoder,arc066_a,C. Lining Up,952.0,Medium,,,,abc050,474.0,False
AtCoder,arc066_b,D. Xor Sum,2606.0,Hard,,,,abc050,474.0,False
AtCoder,arc066_c,E. Addition and Subtraction Hard,2709.0,Hard,,,,arc066,274.0,False
AtCoder,arc066_d,F. Contest with Drinks Hard,,Unknown,,,,arc066,,False
AtCoder,arc067_a,C. Factors of Factorial,967.0,Medium,,,,abc052,583.0,False
AtCoder,arc067_b,D. Walk and Teleport,1060.0,Medium,,,,abc052,583.0,False
AtCoder,arc067_c,E. Grouping,2190.0,Hard,,,,arc067,340.0,False
AtCoder,arc067_d,F. Yakiniku Restaurants,2729.0,Hard,,,,arc067,340.0,False
AtCoder,arc068_a,C. X: Yet Another Die Game,745.0,Easy,,,,abc053,638.0,False
AtCoder,arc068_b,D. Card Eater,1084.0,Medium,,,,abc053,638.0,False
AtCoder,arc068_c,E. Snuke Line,2307.0,Hard,,,,arc068,382.0,False
AtCoder,arc068_d,F. Solitaire,3042.0,Hard,,,,arc068,382.0,False
AtCoder,arc069_a,C. Scc Puzzle,561.0,Easy,,,,abc055,794.0,False
AtCoder,arc069_b,D. Menagerie,1344.0,Medium,,,,abc055,794.0,False
AtCoder,arc069_c,E. Frequency,1835.0,Medium,,,,arc069,490.0,False
AtCoder,arc069_d,F. Flags,3200.0,Hard,,,,arc069,490.0,False
AtCoder,arc070_a,C. Go Home,731.0,Easy,,,,abc056,734.0,False
AtCoder,arc070_b,D. No Need,2015.0,Hard,,,,abc056,734.0,False
AtCoder,arc070_c,E. NarrowRectangles,3365.0,Hard,,,,arc070,465.0,False
AtCoder,arc070_d,F. HonestOrUnkind,3365.0,Hard,,,,arc070,465.0,False
AtCoder,arc071_a,C. Dubious Document,680.0,Easy,,,,abc058,807.0,False
AtCoder,arc071_b,D. ###,1641.0,Medium,,,,abc058,807.0,False
AtCoder,arc071_c,E. TrBBnsformBBtion,1739.0,Medium,,,,arc071,473.0,False
AtCoder,arc071_d,F. Infinite Sequence,2336.0,Hard,,,,arc071,473.0,False
AtCoder,arc072_a,C. Sequence,1409.0,Medium,,,,abc059,810.0,False
AtCoder,arc072_b,D. Alice&Brown,1749.0,Medium,,,,abc059,810.0,False
AtCoder,arc072_c,E. Alice in linear land,2655.0,Hard,,,,arc072,461.0,False
AtCoder,arc072_d,F. Dam,3414.0,Hard,,,,arc072,461.0,False
AtCoder,arc073_a,C. Sentou,512.0,Easy,,,,abc060,803.0,False
AtCoder,arc073_b,D. Simple Knapsack,1477.0,Medium,,,,abc060,803.0,False
AtCoder,arc073_c,E. Ball Coloring,2434.0,Hard,,,,arc073,459.0,False
AtCoder,arc073_d,F. Many Moves,2867.0,Hard,,,,arc073,459.0,False
AtCoder,arc074_a,C. Chocolate Bar,1223.0,Medium,,,,abc062,867.0,False
AtCoder,arc074_b,D. 3N Numbers,1730.0,Medium,,,,abc062,867.0,False
AtCoder,arc074_c,E. RGB Sequence,2519.0,Hard,,,,arc074,428.0,False
AtCoder,arc074_d,F. Lotus Leaves,2208.0,Hard,,,,arc074,428.0,False
AtCoder,arc075_a,C. Bugged,507.0,Easy,,,,abc063,1052.0,False
AtCoder,arc075_b,D. Widespread,1544.0,Medium,,,,abc063,1052.0,False
AtCoder,arc075_c,E. Meaningful Mean,1979.0,Medium,,,,arc075,600.0,False
AtCoder,arc075_d,F. Mirrored,2549.0,Hard,,,,arc075,600.0,False
AtCoder,arc076_a,C. Reconciled?,684.0,Easy,,,,abc065,1120.0,False
AtCoder,arc076_b,D. Built?,1615.0,Medium,,,,abc065,1120.0,False
AtCoder,arc076_c,E. Connected?,2180.0,Hard,,,,arc076,637.0,False
AtCoder,arc076_d,F. Exhausted?,2819.0,Hard,,,,arc076,637.0,False
AtCoder,arc077_a,C. pushpush,552.0,Easy,,,,abc066,1216.0,False
AtCoder,arc077_b,D. 11,1715.0,Medium,,,,abc066,1216.0,False
AtCoder,arc077_c,E. guruguru,2117.0,Hard,,,,arc077,708.0,False
AtCoder,arc077_d,F. SS,3370.0,Hard,,,,arc077,708.0,False
AtCoder,arc078_a,C. Splitting Pile,710.0,Easy,,,,abc067,1276.0,False
AtCoder,arc078_b,D. Fennec VS. Snuke,1431.0,Medium,,,,abc067,1276.0,False
AtCoder,arc078_c,E. Awkward Response,2300.0,Hard,,,,arc078,744.0,False
AtCoder,arc078_d,F. Mole and Abandoned Mine,2972.0,Hard,,,,arc078,744.0,False
AtCoder,arc079_a,C. Cat Snuke and a Voyage,609.0,Easy,,,,abc068,1295.0,False
AtCoder,arc079_b,D. Decrease (Contestant ver.),1545.0,Medium,,,,abc068,1295.0,False
AtCoder,arc079_c,E. Decrease (Judge ver.),1745.0,Medium,,,,arc079,750.0,False
AtCoder,arc079_d,F. Namori Grundy,2636.0,Hard,,,,arc079,750.0,False
AtCoder,arc080_a,C. 4-adjacent,578.0,Easy,,,,abc069,1234.0,False
AtCoder,arc080_b,D. Grid Coloring,852.0,Medium,,,,abc069,1234.0,False
AtCoder,arc080_c,E. Young Maids,2277.0,Hard,,,,arc080,735.0,False
AtCoder,arc080_d,F. Prime Flip,3078.0,Hard,,,,arc080,735.0,False
AtCoder,arc081_a,C. Make a Rectangle,589.0,Easy,,,,abc071,1379.0,False
AtCoder,arc081_b,D. Coloring Dominoes,1165.0,Medium,,,,abc071,1379.0,False
AtCoder,arc081_c,E. Don't Be a Subsequence,2072.0,Hard,,,,arc081,828.0,False
AtCoder,arc081_d,F. Flip and Rectangles,2608.0,Hard,,,,arc081,828.0,False
AtCoder,arc082_a,C. Together,407.0,Easy,,,,abc072,1390.0,False
AtCoder,arc082_b,D. Derangement,656.0,Easy,,,,abc072,1390.0,False
AtCoder,arc082_c,E. ConvexScore,2729.0,Hard,,,,arc082,888.0,False
AtCoder,arc082_d,F. Sandglass,2429.0,Hard,,,,arc082,888.0,False
AtCoder,arc083_a,C. Sugar Water,1255.0,Medium,,,,abc074,1229.0,False
AtCoder,arc083_b,D. Restoring Road Network,1563.0,Medium,,,,abc074,1229.0,False
AtCoder,arc083_c,E. Bichrome Tree,2289.0,Hard,,,,arc083,661.0,False
AtCoder,arc083_d,F. Collecting Balls,3541.0,Hard,,,,arc083,661.0,False
AtCoder,arc084_a,C. Snuke Festival,1096.0,Medium,,,,abc077,1167.0,False
AtCoder,arc084_b,D. Small Multiple,2457.0,Hard,,,,abc077,1167.0,False
AtCoder,arc084_c,E. Finite Encyclopedia of Integer Sequences,2703.0,Hard,,,,arc084,573.0,False
AtCoder,arc084_d,F. XorShift,3397.0,Hard,,,,arc084,573.0,False
AtCoder,arc085_a,C. HSI,752.0,Easy,,,,abc078,1218.0,False
AtCoder,arc085_b,D. ABS,1550.0,Medium,,,,abc078,1218.0,False
AtCoder,arc085_c,E. MUL,2571.0,Hard,,,,arc085,572.0,False
AtCoder,arc085_d,F. NRE,3049.0,Hard,,,,arc085,572.0,False
AtCoder,arc086_a,C. Not so Diverse,430.0,Easy,,,,abc081,1169.0,False
AtCoder,arc086_b,D. Non-decreasing,1567.0,Medium,,,,abc081,1169.0,False
AtCoder,arc086_c,E. Smuggling Marbles,2815.0,Hard,,,,arc086,675.0,False
AtCoder,arc086_d,F. Shift and Decrement,,Unknown,,,,arc086,,False
AtCoder,arc087_a,C. Good Sequence,593.0,Easy,,,,abc082,1086.0,False
AtCoder,arc087_b,D. FT Robot,1508.0,Medium,,,,abc082,1086.0,False
AtCoder,arc087_c,E. Prefix-free Game,2431.0,Hard,,,,arc087,553.0,False
AtCoder,arc087_d,F. Squirrel Migration,3252.0,Hard,,,,arc087,553.0,False
AtCoder,arc088_a,C. Multiple Gift,392.0,Easy,,,,abc083,1210.0,False
AtCoder,arc088_b,D. Wide Flip,1646.0,Medium,,,,abc083,1210.0,False
AtCoder,arc088_c,E. Papple Sort,2231.0,Hard,,,,arc088,647.0,False
AtCoder,arc088_d,F. Christmas Tree,2983.0,Hard,,,,arc088,647.0,False
AtCoder,arc089_a,C. Traveling,397.0,Easy,,,,abc086,1531.0,False
AtCoder,arc089_b,D. Checker,1797.0,Medium,,,,abc086,1531.0,False
AtCoder,arc089_c,E. GraphXY,2815.0,Hard,,,,arc089,808.0,False
AtCoder,arc089_d,F. ColoringBalls,3782.0,Hard,,,,arc089,808.0,False
AtCoder,arc090_a,C. Candies,300.0,Easy,,,,abc087,1672.0,False
AtCoder,arc090_b,D. People on a Line,1452.0,Medium,,,,abc087,1672.0,False
AtCoder,arc090_c,E. Avoiding Collision,2319.0,Hard,,,,arc090,892.0,False
AtCoder,arc090_d,F. Number of Digits,2891.0,Hard,,,,arc090,892.0,False
AtCoder,arc091_a,"C. Flip,Flip, and Flip......",514.0,Easy,,,,abc090,1563.0,False
AtCoder,arc091_b,D. Remainder Reminder,1129.0,Medium,,,,abc090,1563.0,False
AtCoder,arc091_c,E. LISDL,1889.0,Medium,,,,arc091,812.0,False
AtCoder,arc091_d,F. Strange Nim,2395.0,Hard,,,,arc091,812.0,False
AtCoder,arc092_a,C. 2D Plane 2N Points,1268.0,Medium,,,,abc091,1556.0,False
AtCoder,arc092_b,D. Two Sequences,2207.0,Hard,,,,abc091,1556.0,False
AtCoder,arc092_c,E. Both Sides Merger,2361.0,Hard,,,,arc092,710.0,False
AtCoder,arc092_d,F. Two Faced Edges,3351.0,Hard,,,,arc092,710.0,False
AtCoder,arc093_a,C. Traveling Plan,577.0,Easy,,,,abc092,1628.0,False
AtCoder,arc093_b,D. Grid Components,1445.0,Medium,,,,abc092,1628.0,False
AtCoder,arc093_c,E. Bichrome Spanning Tree,2551.0,Hard,,,,arc093,710.0,False
AtCoder,arc093_d,F. Dark Horse,3201.0,Hard,,,,arc093,710.0,False
AtCoder,arc094_a,C. Same Integers,301.0,Easy,,,,abc093,1636.0,False
AtCoder,arc094_b,D. Worst Case,1869.0,Medium,,,,abc093,1636.0,False
AtCoder,arc094_c,E. Tozan and Gezan,1843.0,Medium,,,,arc094,731.0,False
AtCoder,arc094_d,F. Normalization,3132.0,Hard,,,,arc094,731.0,False
AtCoder,arc095_a,C. Many Medians,566.0,Easy,,,,abc094,1765.0,False
AtCoder,arc095_b,D. Binomial Coefficients,867.0,Medium,,,,abc094,1765.0,False
AtCoder,arc095_c,E. Symmetric Grid,2441.0,Hard,,,,arc095,829.0,False
AtCoder,arc095_d,F. Permutation Tree,2626.0,Hard,,,,arc095,829.0,False
AtCoder,arc096_a,C. Half and Half,273.0,Easy,,,,abc095,1958.0,False
AtCoder,arc096_b,D. Static Sushi,1526.0,Medium,,,,abc095,1958.0,False
AtCoder,arc096_c,E. Everything on It,3163.0,Hard,,,,arc096,936.0,False
AtCoder,arc096_d,F. Sweet Alchemy,3896.0,Hard,,,,arc096,936.0,False
AtCoder,arc097_a,C. K-th Substring,1108.0,Medium,,,,abc097,1860.0,False
AtCoder,arc097_b,D. Equals,1270.0,Medium,,,,abc097,1860.0,False
AtCoder,arc097_c,E. Sorted and Sorted,2247.0,Hard,,,,arc097,781.0,False
AtCoder,arc097_d,F. Monochrome Cat,2948.0,Hard,,,,arc097,781.0,False
AtCoder,arc098_a,C. Attention,635.0,Easy,,,,abc098,1973.0,False
AtCoder,arc098_b,D. Xor Sum 2,1404.0,Medium,,,,abc098,1973.0,False
AtCoder,arc098_c,E. Range Minimum Queries,1951.0,Medium,,,,arc098,896.0,False
AtCoder,arc098_d,F. Donation,3189.0,Hard,,,,arc098,896.0,False
AtCoder,arc099_a,C. Minimization,579.0,Easy,,,,abc101,2445.0,False
AtCoder,arc099_b,D. Snuke Numbers,2001.0,Hard,,,,abc101,2445.0,False
AtCoder,arc099_c,E. Independence,2160.0,Hard,,,,arc099,980.0,False
AtCoder,arc099_d,F. Eating Symbols Hard,3039.0,Hard,,,,arc099,980.0,False
AtCoder,arc100_a,C. Linear Approximation,1089.0,Medium,,,,abc102,2189.0,False
AtCoder,arc100_b,D. Equal Cut,1801.0,Medium,,,,abc102,2189.0,False
AtCoder,arc100_c,E. Or Plus Max,2111.0,Hard,,,,arc100,818.0,False
AtCoder,arc100_d,F. Colorful Sequences,3486.0,Hard,,,,arc100,818.0,False
AtCoder,arc101_a,C. Candles,947.0,Medium,,,,abc107,2131.0,False
AtCoder,arc101_b,D. Median of Medians,2073.0,Hard,,,,abc107,2131.0,False
AtCoder,arc101_c,E. Ribbons on Tree,2913.0,Hard,,,,arc101,797.0,False
AtCoder,arc101_d,F. Robots and Exits,2930.0,Hard,,,,arc101,797.0,False
AtCoder,arc102_a,C. Triangular Relationship,966.0,Medium,,,,abc108,2012.0,False
AtCoder,arc102_b,D. All Your Paths are Different Lengths,1810.0,Medium,,,,abc108,2012.0,False
AtCoder,arc102_c,E. Stop. Otherwise...,2484.0,Hard,,,,arc102,735.0,False
AtCoder,arc102_d,F. Revenge of BBuBBBlesort!,3464.0,Hard,,,,arc102,735.0,False
AtCoder,arc103_a,C. /\/\/\/,826.0,Medium,,,,abc111,2243.0,False
AtCoder,arc103_b,D. Robot Arms,2677.0,Hard,,,,abc111,2243.0,False
AtCoder,arc103_c,E. Tr/ee,1722.0,Medium,,,,arc103,954.0,False
AtCoder,arc103_d,F. Distance Sums,2836.0,Hard,,,,arc103,954.0,False
AtCoder,arc104_a,A. Plus Minus,-972.0,Easy,,,,arc104,5121.0,False
AtCoder,arc104_b,B. DNA Sequence,487.0,Easy,,,,arc104,5121.0,False
AtCoder,arc104_c,C. Fair Elevator,2009.0,Hard,,,,arc104,5121.0,False
AtCoder,arc104_d,D. Multiset Mean,2251.0,Hard,,,,arc104,5121.0,False
AtCoder,arc104_e,E. Random LIS,2824.0,Hard,,,,arc104,5121.0,False
AtCoder,arc104_f,F. Visibility Sequence,3213.0,Hard,,,,arc104,5121.0,False
AtCoder,arc105_a,A. Fourtune Cookies,-582.0,Easy,,,,arc105,3586.0,False
AtCoder,arc105_b,B. MAX-=min,365.0,Easy,,,,arc105,3586.0,False
AtCoder,arc105_c,C. Camels and Bridge,1964.0,Medium,,,,arc105,3586.0,False
AtCoder,arc105_d,D. Let's Play Nim,1871.0,Medium,,,,arc105,3586.0,False
AtCoder,arc105_e,E. Keep Graph Disconnected,2615.0,Hard,,,,arc105,3586.0,False
AtCoder,arc105_f,F. Lights Out on Connected Graph,3231.0,Hard,,,,arc105,3586.0,False
AtCoder,arc106_a,A. 106,277.0,Easy,,,,arc106,4036.0,False
AtCoder,arc106_b,B. Values,732.0,Easy,,,,arc106,4036.0,False
AtCoder,arc106_c,C. Solutions,1225.0,Medium,,,,arc106,4036.0,False
AtCoder,arc106_d,D. Powers,1988.0,Medium,,,,arc106,4036.0,False
AtCoder,arc106_e,E. Medals,2825.0,Hard,,,,arc106,4036.0,False
AtCoder,arc106_f,F. Figures,2755.0,Hard,,,,arc106,4036.0,False
AtCoder,arc107_a,A. Simple Math,-28.0,Easy,,,,arc107,3600.0,False
AtCoder,arc107_b,B. Quadruple,633.0,Easy,,,,arc107,3600.0,False
AtCoder,arc107_c,C. Shuffle Permutation,1223.0,Medium,,,,arc107,3600.0,False
AtCoder,arc107_d,D. Number of Multisets,2099.0,Hard,,,,arc107,3600.0,False
AtCoder,arc107_e,E. Mex Mat,2604.0,Hard,,,,arc107,3600.0,False
AtCoder,arc107_f,F. Sum of Abs,3130.0,Hard,,,,arc107,3600.0,False
AtCoder,arc108_a,A. Sum and Product,-3.0,Easy,,,,arc108,3948.0,False
AtCoder,arc108_b,B. Abbreviate Fox,681.0,Easy,,,,arc108,3948.0,False
AtCoder,arc108_c,C. Keep Graph Connected,1460.0,Medium,,,,arc108,3948.0,False
AtCoder,arc108_d,D. AB,1987.0,Medium,,,,arc108,3948.0,False
AtCoder,arc108_e,E. Random IS,3101.0,Hard,,,,arc108,3948.0,False
AtCoder,arc108_f,F. Paint Tree,2646.0,Hard,,,,arc108,3948.0,False
AtCoder,arc109_a,A. Hands,-86.0,Easy,,,,arc109,3822.0,False
AtCoder,arc109_b,B. log,524.0,Easy,,,,arc109,3822.0,False
AtCoder,arc109_c,C. Large RPS Tournament,1157.0,Medium,,,,arc109,3822.0,False
AtCoder,arc109_d,D. L,2394.0,Hard,,,,arc109,3822.0,False
AtCoder,arc109_e,E. 1D Reversi Builder,2661.0,Hard,,,,arc109,3822.0,False
AtCoder,arc109_f,F. 1D Kingdom  Builder,3625.0,Hard,,,,arc109,3822.0,False
AtCoder,arc110_a,A. Redundant Redundancy,-81.0,Easy,,,,arc110,3740.0,False
AtCoder,arc110_b,B. Many 110,655.0,Easy,,,,arc110,3740.0,False
AtCoder,arc110_c,C. Exoswap,1100.0,Medium,,,,arc110,3740.0,False
AtCoder,arc110_d,D. Binomial Coefficient is Fun,2078.0,Hard,,,,arc110,3740.0,False
AtCoder,arc110_e,E. Shorten ABC,2973.0,Hard,,,,arc110,3740.0,False
AtCoder,arc110_f,F. Esoswap,2719.0,Hard,,,,arc110,3740.0,False
AtCoder,arc111_a,A. Simple Math 2,1146.0,Medium,,,,arc111,2429.0,False
AtCoder,arc111_b,B. Reversible Cards,1334.0,Medium,,,,arc111,2429.0,False
AtCoder,arc111_c,C. Too Heavy,1750.0,Medium,,,,arc111,2429.0,False
AtCoder,arc111_d,D. Orientation,2064.0,Hard,,,,arc111,2429.0,False
AtCoder,arc111_e,E. Simple Math 3,2541.0,Hard,,,,arc111,2429.0,False
AtCoder,arc111_f,F. Do you like query problems?,3119.0,Hard,,,,arc111,2429.0,False
AtCoder,arc112_a,A. B = C,-125.0,Easy,,,,arc112,4266.0,False
AtCoder,arc112_b,B. -- - B,822.0,Medium,,,,arc112,4266.0,False
AtCoder,arc112_c,C. DFS Game,1913.0,Medium,,,,arc112,4266.0,False
AtCoder,arc112_d,D. Skate,2028.0,Hard,,,,arc112,4266.0,False
AtCoder,arc112_e,E. Cigar Box,2659.0,Hard,,,,arc112,4266.0,False
AtCoder,arc112_f,F. Die Siedler,3432.0,Hard,,,,arc112,4266.0,False
AtCoder,arc113_a,A. A*B*C,191.0,Easy,,,,arc113,3727.0,False
AtCoder,arc113_b,B. A^B^C,573.0,Easy,,,,arc113,3727.0,False
AtCoder,arc113_c,C. String Invasion,829.0,Medium,,,,arc113,3727.0,False
AtCoder,arc113_d,D. Sky Reflector,1389.0,Medium,,,,arc113,3727.0,False
AtCoder,arc113_e,E. Rvom and Rsrev,2789.0,Hard,,,,arc113,3727.0,False
AtCoder,arc113_f,F. Social Distance,3990.0,Hard,,,,arc113,3727.0,False
AtCoder,arc114_a,A. Not coprime,750.0,Easy,,,,arc114,2917.0,False
AtCoder,arc114_b,B. Special Subsets,1000.0,Medium,,,,arc114,2917.0,False
AtCoder,arc114_c,C. Sequence Scores,2056.0,Hard,,,,arc114,2917.0,False
AtCoder,arc114_d,D. Moving Pieces on Line,2723.0,Hard,,,,arc114,2917.0,False
AtCoder,arc114_e,E. Paper Cutting 2,2514.0,Hard,,,,arc114,2917.0,False
AtCoder,arc114_f,F. Permutation Division,3545.0,Hard,,,,arc114,2917.0,False
AtCoder,arc115_a,A. Two Choices,641.0,Easy,,,,arc115,2466.0,False
AtCoder,arc115_b,B. Plus Matrix,629.0,Easy,,,,arc115,2466.0,False
AtCoder,arc115_c,C. ℕ Coloring,706.0,Easy,,,,arc115,2466.0,False
AtCoder,arc115_d,D. Odd Degree,2325.0,Hard,,,,arc115,2466.0,False
AtCoder,arc115_e,E. LEQ and NEQ,2363.0,Hard,,,,arc115,2466.0,False
AtCoder,arc115_f,F. Migration,3336.0,Hard,,,,arc115,2466.0,False
AtCoder,arc116_a,A. Odd vs Even,22.0,Easy,,,,arc116,3320.0,False
AtCoder,arc116_b,B. Products of Min-Max,816.0,Medium,,,,arc116,3320.0,False
AtCoder,arc116_c,C. Multiple Sequences,1468.0,Medium,,,,arc116,3320.0,False
AtCoder,arc116_d,D. I Wanna Win The Game,1718.0,Medium,,,,arc116,3320.0,False
AtCoder,arc116_e,E. Spread of Information,2236.0,Hard,,,,arc116,3320.0,False
AtCoder,arc116_f,F. Deque Game,3125.0,Hard,,,,arc116,3320.0,False
AtCoder,arc117_a,A. God Sequence,-403.0,Easy,,,,arc117,3475.0,False
AtCoder,arc117_b,B. ARC Wrecker,609.0,Easy,,,,arc117,3475.0,False
AtCoder,arc117_c,C. Tricolor Pyramid,1768.0,Medium,,,,arc117,3475.0,False
AtCoder,arc117_d,D. Miracle Tree,2115.0,Hard,,,,arc117,3475.0,False
AtCoder,arc117_e,E. Zero-Sum Ranges 2,3166.0,Hard,,,,arc117,3475.0,False
AtCoder,arc117_f,F. Gateau,3378.0,Hard,,,,arc117,3475.0,False
AtCoder,arc118_a,A. Tax Included Price,418.0,Easy,,,,arc118,2730.0,False
AtCoder,arc118_b,B. Village of M People,1196.0,Medium,,,,arc118,2730.0,False
AtCoder,arc118_c,C. Coprime Set,1151.0,Medium,,,,arc118,2730.0,False
AtCoder,arc118_d,D. Hamiltonian Cycle,2448.0,Hard,,,,arc118,2730.0,False
AtCoder,arc118_e,E. Avoid Permutations,3092.0,Hard,,,,arc118,2730.0,False
AtCoder,arc118_f,F. Growth Rate,3610.0,Hard,,,,arc118,2730.0,False
AtCoder,arc119_a,A. 119 × 2^23 + 1,-303.0,Easy,,,,arc119,2791.0,False
AtCoder,arc119_b,B. Electric Board,1196.0,Medium,,,,arc119,2791.0,False
AtCoder,arc119_c,C. ARC Wrecker 2,1354.0,Medium,,,,arc119,2791.0,False
AtCoder,arc119_d,D. Grid Repainting 3,2713.0,Hard,,,,arc119,2791.0,False
AtCoder,arc119_e,E. Pancakes,2502.0,Hard,,,,arc119,2791.0,False
AtCoder,arc119_f,F. AtCoder Express 3,3671.0,Hard,,,,arc119,2791.0,False
AtCoder,arc120_a,A. Max Add,183.0,Easy,,,,arc120,2040.0,False
AtCoder,arc120_b,B. Uniformly Distributed,835.0,Medium,,,,arc120,2040.0,False
AtCoder,arc120_c,C. Swaps 2,1478.0,Medium,,,,arc120,2040.0,False
AtCoder,arc120_d,D. Bracket Score 2,1996.0,Medium,,,,arc120,2040.0,False
AtCoder,arc120_e,E. 1D Party,2653.0,Hard,,,,arc120,2040.0,False
AtCoder,arc120_f,F. Wine Thief,3094.0,Hard,,,,arc120,2040.0,False
AtCoder,arc120_f2,F2. Wine Thief,,Unknown,,,,arc120,,False
AtCoder,arc121_a,A. 2nd Greatest Distance,459.0,Easy,,,,arc121,3298.0,False
AtCoder,arc121_b,B. RGB Matching,1159.0,Medium,,,,arc121,3298.0,False
AtCoder,arc121_c,C. Odd Even Sort,1856.0,Medium,,,,arc121,3298.0,False
AtCoder,arc121_d,D. 1 or 2,2784.0,Hard,,,,arc121,3298.0,False
AtCoder,arc121_e,E. Directed Tree,2645.0,Hard,,,,arc121,3298.0,False
AtCoder,arc121_f,F. Logical Operations on Tree,2940.0,Hard,,,,arc121,3298.0,False
AtCoder,arc122_a,A. Many Formulae,783.0,Easy,,,,arc122,2172.0,False
AtCoder,arc122_b,B. Insurance,729.0,Easy,,,,arc122,2172.0,False
AtCoder,arc122_c,C. Calculator,1818.0,Medium,,,,arc122,2172.0,False
AtCoder,arc122_d,D. XOR Game,2331.0,Hard,,,,arc122,2172.0,False
AtCoder,arc122_e,E. Increasing LCMs,2535.0,Hard,,,,arc122,2172.0,False
AtCoder,arc122_f,F. Domination,,Unknown,,,,arc122,,False
AtCoder,arc123_a,A. Arithmetic Sequence,73.0,Easy,,,,arc123,3338.0,False
AtCoder,arc123_b,B. Increasing Triples,348.0,Easy,,,,arc123,3338.0,False
AtCoder,arc123_c,"C. 1, 2, 3 - Decomposition",1827.0,Medium,,,,arc123,3338.0,False
AtCoder,arc123_d,"D. Inc, Dec - Decomposition",2143.0,Hard,,,,arc123,3338.0,False
AtCoder,arc123_e,E. Training,2828.0,Hard,,,,arc123,3338.0,False
AtCoder,arc123_f,F. Insert Addition,3424.0,Hard,,,,arc123,3338.0,False
AtCoder,arc124_a,A. LR Constraints,149.0,Easy,,,,arc124,2182.0,False
AtCoder,arc124_b,B. XOR Matching 2,788.0,Easy,,,,arc124,2182.0,False
AtCoder,arc124_c,C. LCM of GCDs,1495.0,Medium,,,,arc124,2182.0,False
AtCoder,arc124_d,D. Yet Another Sorting Problem,2008.0,Hard,,,,arc124,2182.0,False
AtCoder,arc124_e,E. Pass to Next,3031.0,Hard,,,,arc124,2182.0,False
AtCoder,arc124_f,F. Chance Meeting,3246.0,Hard,,,,arc124,2182.0,False
AtCoder,arc125_a,A. Dial Up,442.0,Easy,,,,arc125,2081.0,False
AtCoder,arc125_b,B. Squares,1273.0,Medium,,,,arc125,2081.0,False
AtCoder,arc125_c,C. LIS to Original Sequence,1896.0,Medium,,,,arc125,2081.0,False
AtCoder,arc125_d,D. Unique Subsequence,2187.0,Hard,,,,arc125,2081.0,False
AtCoder,arc125_e,E. Snack,2874.0,Hard,,,,arc125,2081.0,False
AtCoder,arc125_f,F. Tree Degree Subset Sum,3541.0,Hard,,,,arc125,2081.0,False
AtCoder,arc126_a,A. Make 10,465.0,Easy,,,,arc126,2158.0,False
AtCoder,arc126_b,B. Cross-free Matching,1370.0,Medium,,,,arc126,2158.0,False
AtCoder,arc126_c,C. Maximize GCD,1824.0,Medium,,,,arc126,2158.0,False
AtCoder,arc126_d,D. Pure Straight,2332.0,Hard,,,,arc126,2158.0,False
AtCoder,arc126_e,E. Infinite Operations,2766.0,Hard,,,,arc126,2158.0,False
AtCoder,arc126_f,F. Affine Sort,3488.0,Hard,,,,arc126,2158.0,False
AtCoder,arc127_a,A. Leading 1s,808.0,Medium,,,,arc127,1275.0,False
AtCoder,arc127_b,B. Ternary Strings,1594.0,Medium,,,,arc127,1275.0,False
AtCoder,arc127_c,C. Binary Strings,2092.0,Hard,,,,arc127,1275.0,False
AtCoder,arc127_d,D. Sum of Min of Xor,2593.0,Hard,,,,arc127,1275.0,False
AtCoder,arc127_e,E. Priority Queue,2678.0,Hard,,,,arc127,1275.0,False
AtCoder,arc127_f,F. ±AB,3723.0,Hard,,,,arc127,1275.0,False
AtCoder,arc128_a,A. Gold and Silver,650.0,Easy,,,,arc128,2334.0,False
AtCoder,arc128_b,B. Balls of Three Colors,941.0,Medium,,,,arc128,2334.0,False
AtCoder,arc128_c,C. Max Dot,1810.0,Medium,,,,arc128,2334.0,False
AtCoder,arc128_d,D. Neq Neq,2554.0,Hard,,,,arc128,2334.0,False
AtCoder,arc128_e,E. K Different Values,3049.0,Hard,,,,arc128,2334.0,False
AtCoder,arc128_f,F. Game against Robot,3671.0,Hard,,,,arc128,2334.0,False
AtCoder,arc129_a,A. Smaller XOR,727.0,Easy,,,,arc129,1664.0,False
AtCoder,arc129_b,B. Range Point Distance,735.0,Easy,,,,arc129,1664.0,False
AtCoder,arc129_c,C. Multiple of 7,1687.0,Medium,,,,arc129,1664.0,False
AtCoder,arc129_d,D. -1+2-1,2300.0,Hard,,,,arc129,1664.0,False
AtCoder,arc129_e,E. Yet Another Minimization,3337.0,Hard,,,,arc129,1664.0,False
AtCoder,arc129_f,F. Let's Play Tag,3596.0,Hard,,,,arc129,1664.0,False
AtCoder,arc130_a,A. Remove One Character,-68.0,Easy,,,,arc130,1994.0,False
AtCoder,arc130_b,B. Colorful Lines,576.0,Easy,,,,arc130,1994.0,False
AtCoder,arc130_c,C. Digit Sum Minimization,1814.0,Medium,,,,arc130,1994.0,False
AtCoder,arc130_d,D. Zigzag Tree,2437.0,Hard,,,,arc130,1994.0,False
AtCoder,arc130_e,E. Increasing Minimum,3188.0,Hard,,,,arc130,1994.0,False
AtCoder,arc130_f,F. Replace by Average,3211.0,Hard,,,,arc130,1994.0,False
AtCoder,arc131_a,A. Two Lucky Numbers,-529.0,Easy,,,,arc131,1062.0,False
AtCoder,arc131_b,B. Grid Repainting 4,-158.0,Easy,,,,arc131,1062.0,False
AtCoder,arc131_c,C. Zero XOR,1162.0,Medium,,,,arc131,1062.0,False
AtCoder,arc131_d,D. AtArcher,2271.0,Hard,,,,arc131,1062.0,False
AtCoder,arc131_e,E. Christmas Wreath,2314.0,Hard,,,,arc131,1062.0,False
AtCoder,arc131_f,F. ARC Stamp,3501.0,Hard,,,,arc131,1062.0,False
AtCoder,arc132_a,A. Permutation Grid,347.0,Easy,,,,arc132,2031.0,False
AtCoder,arc132_b,B. Shift and Reverse,753.0,Easy,,,,arc132,2031.0,False
AtCoder,arc132_c,C. Almost Sorted,1616.0,Medium,,,,arc132,2031.0,False
AtCoder,arc132_d,D. Between Two Binary Strings,2221.0,Hard,,,,arc132,2031.0,False
AtCoder,arc132_e,E. Paw,3144.0,Hard,,,,arc132,2031.0,False
AtCoder,arc132_f,F. Takahashi The Strongest,3076.0,Hard,,,,arc132,2031.0,False
AtCoder,arc133_a,A. Erase by Value,235.0,Easy,,,,arc133,2915.0,False
AtCoder,arc133_b,B. Dividing Subsequence,1317.0,Medium,,,,arc133,2915.0,False
AtCoder,arc133_c,C. Row Column Sums,1583.0,Medium,,,,arc133,2915.0,False
AtCoder,arc133_d,D. Range XOR,2658.0,Hard,,,,arc133,2915.0,False
AtCoder,arc133_e,E. Cyclic Medians,3238.0,Hard,,,,arc133,2915.0,False
AtCoder,arc133_f,F. Random Transition,,Unknown,,,,arc133,,False
AtCoder,arc134_a,A. Bridge and Sheets,207.0,Easy,,,,arc134,3484.0,False
AtCoder,arc134_b,B. Reserve or Reverse,934.0,Medium,,,,arc134,3484.0,False
AtCoder,arc134_c,C. The Majority,1560.0,Medium,,,,arc134,3484.0,False
AtCoder,arc134_d,D. Concatenate Subsequences,1998.0,Medium,,,,arc134,3484.0,False
AtCoder,arc134_e,E. Modulo Nim,3026.0,Hard,,,,arc134,3484.0,False
AtCoder,arc134_f,F. Flipping Coins,3530.0,Hard,,,,arc134,3484.0,False
AtCoder,arc135_a,"A. Floor, Ceil - Decomposition",634.0,Easy,,,,arc135,2809.0,False
AtCoder,arc135_b,B. Sum of Three Terms,1239.0,Medium,,,,arc135,2809.0,False
AtCoder,arc135_c,C. XOR to All,1512.0,Medium,,,,arc135,2809.0,False
AtCoder,arc135_d,D. Add to Square,2750.0,Hard,,,,arc135,2809.0,False
AtCoder,arc135_e,E. Sequence of Multiples,3157.0,Hard,,,,arc135,2809.0,False
AtCoder,arc135_f,"F. Delete 1, 4, 7, ...",3821.0,Hard,,,,arc135,2809.0,False
AtCoder,arc136_a,A. A ↔ BB,-114.0,Easy,,,,arc136,3195.0,False
AtCoder,arc136_b,B. Triple Shift,1358.0,Medium,,,,arc136,3195.0,False
AtCoder,arc136_c,C. Circular Addition,2137.0,Hard,,,,arc136,3195.0,False
AtCoder,arc136_d,D. Without Carry,1908.0,Medium,,,,arc136,3195.0,False
AtCoder,arc136_e,E. Non-coprime DAG,3100.0,Hard,,,,arc136,3195.0,False
AtCoder,arc136_f,F. Flip Cells,3554.0,Hard,,,,arc136,3195.0,False
AtCoder,arc137_a,A. Coprime Pair,480.0,Easy,,,,arc137,3375.0,False
AtCoder,arc137_b,B. Count 1's,883.0,Medium,,,,arc137,3375.0,False
AtCoder,arc137_c,C. Distinct Numbers,2043.0,Hard,,,,arc137,3375.0,False
AtCoder,arc137_d,D. Prefix XORs,2191.0,Hard,,,,arc137,3375.0,False
AtCoder,arc137_e,E. Bakery,3034.0,Hard,,,,arc137,3375.0,False
AtCoder,arc137_f,F. Overlaps,3313.0,Hard,,,,arc137,3375.0,False
AtCoder,arc138_a,A. Larger Score,837.0,Medium,,,,arc138,3231.0,False
AtCoder,arc138_b,B. 01 Generation,934.0,Medium,,,,arc138,3231.0,False
AtCoder,arc138_c,C. Rotate and Play Game,1728.0,Medium,,,,arc138,3231.0,False
AtCoder,arc138_d,D. Differ by K bits,2083.0,Hard,,,,arc138,3231.0,False
AtCoder,arc138_e,E. Decreasing Subsequence,3624.0,Hard,,,,arc138,3231.0,False
AtCoder,arc138_f,F. KD Tree,3882.0,Hard,,,,arc138,3231.0,False
AtCoder,arc139_a,A. Trailing Zeros,599.0,Easy,,,,arc139,1921.0,False
AtCoder,arc139_b,B. Make N,1719.0,Medium,,,,arc139,1921.0,False
AtCoder,arc139_c,C. One Three Nine,2406.0,Hard,,,,arc139,1921.0,False
AtCoder,arc139_d,D. Priority Queue 2,2816.0,Hard,,,,arc139,1921.0,False
AtCoder,arc139_e,E. Wazir,3222.0,Hard,,,,arc139,1921.0,False
AtCoder,arc139_f,F. Many Xor Optimization Problems,,Unknown,,,,arc139,,False
AtCoder,arc140_a,A. Right String,951.0,Medium,,,,arc140,2192.0,False
AtCoder,arc140_b,B. Shorten ARC,1092.0,Medium,,,,arc140,2192.0,False
AtCoder,arc140_c,C. ABS Permutation (LIS ver.),1596.0,Medium,,,,arc140,2192.0,False
AtCoder,arc140_d,D. One to One,2443.0,Hard,,,,arc140,2192.0,False
AtCoder,arc140_e,E. Not Equal Rectangle,2739.0,Hard,,,,arc140,2192.0,False
AtCoder,arc140_f,F. ABS Permutation (Count ver.),3392.0,Hard,,,,arc140,2192.0,False
AtCoder,arc141_a,A. Periodic Number,734.0,Easy,,,,arc141,2054.0,False
AtCoder,arc141_b,B. Increasing Prefix XOR,1265.0,Medium,,,,arc141,2054.0,False
AtCoder,arc141_c,C. Bracket and Permutation,2342.0,Hard,,,,arc141,2054.0,False
AtCoder,arc141_d,D. Non-divisible Set,2890.0,Hard,,,,arc141,2054.0,False
AtCoder,arc141_e,E. Sliding Edge on Torus,3009.0,Hard,,,,arc141,2054.0,False
AtCoder,arc141_f,F. Well-defined Abbreviation,4134.0,Hard,,,,arc141,2054.0,False
AtCoder,arc142_a,A. Reverse and Minimize,552.0,Easy,,,,arc142,2377.0,False
AtCoder,arc142_b,B. Unbalanced Squares,692.0,Easy,,,,arc142,2377.0,False
AtCoder,arc142_c,C. Tree Queries,1347.0,Medium,,,,arc142,2377.0,False
AtCoder,arc142_d,D. Deterministic Placing,2938.0,Hard,,,,arc142,2377.0,False
AtCoder,arc142_e,E. Pairing Wizards,3232.0,Hard,,,,arc142,2377.0,False
AtCoder,arc142_f,F. Paired Wizards,3723.0,Hard,,,,arc142,2377.0,False
AtCoder,arc143_a,A. Three Integers,-42.0,Easy,,,,arc143,2521.0,False
AtCoder,arc143_b,B. Counting Grids,1433.0,Medium,,,,arc143,2521.0,False
AtCoder,arc143_c,C. Piles of Pebbles,1805.0,Medium,,,,arc143,2521.0,False
AtCoder,arc143_d,D. Bridges,2229.0,Hard,,,,arc143,2521.0,False
AtCoder,arc143_e,E. Reversi,2521.0,Hard,,,,arc143,2521.0,False
AtCoder,arc143_f,F. Counting Subsets,,Unknown,,,,arc143,,False
AtCoder,arc144_a,A. Digit Sum of 2x,-136.0,Easy,,,,arc144,3313.0,False
AtCoder,arc144_b,B. Gift Tax,895.0,Medium,,,,arc144,3313.0,False
AtCoder,arc144_c,C. K Derangement,1622.0,Medium,,,,arc144,3313.0,False
AtCoder,arc144_d,D. AND OR Equation,2468.0,Hard,,,,arc144,3313.0,False
AtCoder,arc144_e,E. GCD of Path Weights,3238.0,Hard,,,,arc144,3313.0,False
AtCoder,arc144_f,F. Arithmetic Sequence Nim,3744.0,Hard,,,,arc144,3313.0,False
AtCoder,arc145_a,A. AB Palindrome,596.0,Easy,,,,arc145,3425.0,False
AtCoder,arc145_b,B. AB Game,767.0,Easy,,,,arc145,3425.0,False
AtCoder,arc145_c,C. Split and Maximize,1697.0,Medium,,,,arc145,3425.0,False
AtCoder,arc145_d,D. Non Arithmetic Progression Set,2297.0,Hard,,,,arc145,3425.0,False
AtCoder,arc145_e,E. Adjacent XOR,3581.0,Hard,,,,arc145,3425.0,False
AtCoder,arc145_f,F. Modulo Sum of Increasing Sequences,3943.0,Hard,,,,arc145,3425.0,False
AtCoder,arc146_a,A. Three Cards,32.0,Easy,,,,arc146,2730.0,False
AtCoder,arc146_b,B. Plus and AND,1335.0,Medium,,,,arc146,2730.0,False
AtCoder,arc146_c,C. Even XOR,2428.0,Hard,,,,arc146,2730.0,False
AtCoder,arc146_d,D. >=<,2663.0,Hard,,,,arc146,2730.0,False
AtCoder,arc146_e,E. Simple Speed,3131.0,Hard,,,,arc146,2730.0,False
AtCoder,arc146_f,F. Simple Solitaire,,Unknown,,,,arc146,,False
AtCoder,arc147_a,A. Max Mod Min,347.0,Easy,,,,arc147,2634.0,False
AtCoder,arc147_b,B. Swap to Sort,1167.0,Medium,,,,arc147,2634.0,False
AtCoder,arc147_c,C. Min Diff Sum,1704.0,Medium,,,,arc147,2634.0,False
AtCoder,arc147_d,D. Sets Scores,2145.0,Hard,,,,arc147,2634.0,False
AtCoder,arc147_e,E. Examination,2553.0,Hard,,,,arc147,2634.0,False
AtCoder,arc147_f,F. Again ABC String,4016.0,Hard,,,,arc147,2634.0,False
AtCoder,arc148_a,A. mod M,656.0,Easy,,,,arc148,2511.0,False
AtCoder,arc148_b,B. dp,975.0,Medium,,,,arc148,2511.0,False
AtCoder,arc148_c,C. Lights Out on Tree,1488.0,Medium,,,,arc148,2511.0,False
AtCoder,arc148_d,D. mod M Game,2009.0,Hard,,,,arc148,2511.0,False
AtCoder,arc148_e,E. ≥ K,2785.0,Hard,,,,arc148,2511.0,False
AtCoder,arc148_f,F. 998244353 → 1000000007,3621.0,Hard,,,,arc148,2511.0,False
AtCoder,arc149_a,A. Repdigit Number,878.0,Medium,,,,arc149,2346.0,False
AtCoder,arc149_b,B. Two LIS Sum,983.0,Medium,,,,arc149,2346.0,False
AtCoder,arc149_c,C. Avoid Prime Sum,1415.0,Medium,,,,arc149,2346.0,False
AtCoder,arc149_d,D. Simultaneous Sugoroku,2991.0,Hard,,,,arc149,2346.0,False
AtCoder,arc149_e,E. Sliding Window Sort,3188.0,Hard,,,,arc149,2346.0,False
AtCoder,arc149_f,F. Rational Number System,3583.0,Hard,,,,arc149,2346.0,False
AtCoder,arc150_a,A. Continuous 1,952.0,Medium,,,,arc150,2453.0,False
AtCoder,arc150_b,B. Make Divisible,1466.0,Medium,,,,arc150,2453.0,False
AtCoder,arc150_c,C. Path and Subsequence,1802.0,Medium,,,,arc150,2453.0,False
AtCoder,arc150_d,D. Removing Gacha,2407.0,Hard,,,,arc150,2453.0,False
AtCoder,arc150_e,E. Weathercock,3466.0,Hard,,,,arc150,2453.0,False
AtCoder,arc150_f,F. Constant Sum Subsequence,3432.0,Hard,,,,arc150,2453.0,False
AtCoder,arc151_a,A. Equal Hamming Distances,355.0,Easy,,,,arc151,2418.0,False
AtCoder,arc151_b,B. A < AP,1333.0,Medium,,,,arc151,2418.0,False
AtCoder,arc151_c,C. 01 Game,1940.0,Medium,,,,arc151,2418.0,False
AtCoder,arc151_d,D. Binary Representations and Queries,2282.0,Hard,,,,arc151,2418.0,False
AtCoder,arc151_e,E. Keep Being Substring,2713.0,Hard,,,,arc151,2418.0,False
AtCoder,arc151_f,F. RGB Card Game,3744.0,Hard,,,,arc151,2418.0,False
AtCoder,arc152_a,A. Seat Occupation,269.0,Easy,,,,arc152,2291.0,False
AtCoder,arc152_b,B. Pass on Path,1628.0,Medium,,,,arc152,2291.0,False
AtCoder,arc152_c,C. Pivot,2081.0,Hard,,,,arc152,2291.0,False
AtCoder,arc152_d,D. Halftree,2381.0,Hard,,,,arc152,2291.0,False
AtCoder,arc152_e,E. Xor Annihilation,2990.0,Hard,,,,arc152,2291.0,False
AtCoder,arc152_f,F. Attraction on Tree,3664.0,Hard,,,,arc152,2291.0,False
AtCoder,arc153_a,A. AABCDDEFE,-259.0,Easy,,,,arc153,3678.0,False
AtCoder,arc153_b,B. Grid Rotations,1369.0,Medium,,,,arc153,3678.0,False
AtCoder,arc153_c,C. ± Increasing Sequence,1960.0,Medium,,,,arc153,3678.0,False
AtCoder,arc153_d,D. Sum of Sum of Digits,2664.0,Hard,,,,arc153,3678.0,False
AtCoder,arc153_e,E. Deque Minimization,3276.0,Hard,,,,arc153,3678.0,False
AtCoder,arc153_f,F. Tri-Colored Paths,3597.0,Hard,,,,arc153,3678.0,False
AtCoder,arc154_a,A. Swap Digit,364.0,Easy,,,,arc154,2387.0,False
AtCoder,arc154_b,B. New Place,1027.0,Medium,,,,arc154,2387.0,False
AtCoder,arc154_c,C. Roller,1881.0,Medium,,,,arc154,2387.0,False
AtCoder,arc154_d,D. A + B > C ?,2265.0,Hard,,,,arc154,2387.0,False
AtCoder,arc154_e,E. Reverse and Inversion,3506.0,Hard,,,,arc154,2387.0,False
AtCoder,arc154_f,F. Dice Game,3616.0,Hard,,,,arc154,2387.0,False
AtCoder,arc155_a,A. ST and TS  Palindrome,1548.0,Medium,,,,arc155,2020.0,False
AtCoder,arc155_b,B. Abs Abs Function,1565.0,Medium,,,,arc155,2020.0,False
AtCoder,arc155_c,C. Even Sum Triplet,2219.0,Hard,,,,arc155,2020.0,False
AtCoder,arc155_d,D. Avoid Coprime Game,3001.0,Hard,,,,arc155,2020.0,False
AtCoder,arc155_e,E. Split and Square,3513.0,Hard,,,,arc155,2020.0,False
AtCoder,arc155_f,F. Directable as Desired,,Unknown,,,,arc155,,False
AtCoder,arc156_a,A. Non-Adjacent Flip,510.0,Easy,,,,arc156,3075.0,False
AtCoder,arc156_b,B. Mex on Blackboard,1415.0,Medium,,,,arc156,3075.0,False
AtCoder,arc156_c,C. Tree and LCS,2155.0,Hard,,,,arc156,3075.0,False
AtCoder,arc156_d,D. Xor Sum 5,2568.0,Hard,,,,arc156,3075.0,False
AtCoder,arc156_e,E. Non-Adjacent Matching,3650.0,Hard,,,,arc156,3075.0,False
AtCoder,arc156_f,F. Make Same Set,4011.0,Hard,,,,arc156,3075.0,False
AtCoder,arc157_a,A. XXYYX,344.0,Easy,,,,arc157,2805.0,False
AtCoder,arc157_b,B. XYYYX,1529.0,Medium,,,,arc157,2805.0,False
AtCoder,arc157_c,C. YY Square,1802.0,Medium,,,,arc157,2805.0,False
AtCoder,arc157_d,D. YY Garden,2435.0,Hard,,,,arc157,2805.0,False
AtCoder,arc157_e,E. XXYX Binary Tree,2877.0,Hard,,,,arc157,2805.0,False
AtCoder,arc157_f,F. XY Ladder LCS,3517.0,Hard,,,,arc157,2805.0,False
AtCoder,arc158_a,A. +3 +5 +7,720.0,Easy,,,,arc158,2195.0,False
AtCoder,arc158_b,B. Sum-Product Ratio,1446.0,Medium,,,,arc158,2195.0,False
AtCoder,arc158_c,C. All Pair Digit Sums,1875.0,Medium,,,,arc158,2195.0,False
AtCoder,arc158_d,D. Equation,2893.0,Hard,,,,arc158,2195.0,False
AtCoder,arc158_e,E. All Pair Shortest Paths,2641.0,Hard,,,,arc158,2195.0,False
AtCoder,arc158_f,F. Random Radix Sort,3500.0,Hard,,,,arc158,2195.0,False
AtCoder,arc159_a,A. Copy and Paste Graph,698.0,Easy,,,,arc159,2767.0,False
AtCoder,arc159_b,B. GCD Subtraction,1438.0,Medium,,,,arc159,2767.0,False
AtCoder,arc159_c,C. Permutation Addition,2304.0,Hard,,,,arc159,2767.0,False
AtCoder,arc159_d,D. LIS 2,2056.0,Hard,,,,arc159,2767.0,False
AtCoder,arc159_e,E. Difference Sum Query,3229.0,Hard,,,,arc159,2767.0,False
AtCoder,arc159_f,F. Good Division,3250.0,Hard,,,,arc159,2767.0,False
AtCoder,arc160_a,A. Reverse and Count,1275.0,Medium,,,,arc160,1636.0,False
AtCoder,arc160_b,B. Triple Pair,1275.0,Medium,,,,arc160,1636.0,False
AtCoder,arc160_c,C. Power Up,1861.0,Medium,,,,arc160,1636.0,False
AtCoder,arc160_d,D. Mahjong,2485.0,Hard,,,,arc160,1636.0,False
AtCoder,arc160_e,E. Make Biconnected,3284.0,Hard,,,,arc160,1636.0,False
AtCoder,arc160_f,F. Count Sorted Arrays,3202.0,Hard,,,,arc160,1636.0,False
AtCoder,arc161_a,A. Make M,265.0,Easy,,,,arc161,2250.0,False
AtCoder,arc161_b,B. Exactly Three Bits,563.0,Easy,,,,arc161,2250.0,False
AtCoder,arc161_c,C. Dyed by Majority (Odd Tree),1746.0,Medium,,,,arc161,2250.0,False
AtCoder,arc161_d,D. Everywhere is Sparser than Whole (Construction),1379.0,Medium,,,,arc161,2250.0,False
AtCoder,arc161_e,E. Not Dyed by Majority (Cubic Graph),3136.0,Hard,,,,arc161,2250.0,False
AtCoder,arc161_f,F. Everywhere is Sparser than Whole (Judge),3106.0,Hard,,,,arc161,2250.0,False
AtCoder,arc162_a,A. Ekiden Race,446.0,Easy,,,,arc162,2054.0,False
AtCoder,arc162_b,B. Insertion Sort 2,1124.0,Medium,,,,arc162,2054.0,False
AtCoder,arc162_c,C. Mex Game on Tree,1655.0,Medium,,,,arc162,2054.0,False
AtCoder,arc162_d,D. Smallest Vertices,2568.0,Hard,,,,arc162,2054.0,False
AtCoder,arc162_e,E. Strange Constraints,2780.0,Hard,,,,arc162,2054.0,False
AtCoder,arc162_f,F. Montage,3190.0,Hard,,,,arc162,2054.0,False
AtCoder,arc163_a,A. Divide String,373.0,Easy,,,,arc163,2741.0,False
AtCoder,arc163_b,B. Favorite Game,936.0,Medium,,,,arc163,2741.0,False
AtCoder,arc163_c,C. Harmonic Mean,1711.0,Medium,,,,arc163,2741.0,False
AtCoder,arc163_d,D. Sum of SCC,2581.0,Hard,,,,arc163,2741.0,False
AtCoder,arc163_e,E. Chmin XOR Game,3338.0,Hard,,,,arc163,2741.0,False
AtCoder,arc163_f,F. Many Increasing Problems,3295.0,Hard,,,,arc163,2741.0,False
AtCoder,arc164_a,A. Ternary Decomposition,532.0,Easy,,,,arc164,2820.0,False
AtCoder,arc164_b,B. Switching Travel,1189.0,Medium,,,,arc164,2820.0,False
AtCoder,arc164_c,C. Reversible Card Game,1199.0,Medium,,,,arc164,2820.0,False
AtCoder,arc164_d,D. 1D Coulomb,1963.0,Medium,,,,arc164,2820.0,False
AtCoder,arc164_e,E. Segment-Tree Optimization,2651.0,Hard,,,,arc164,2820.0,False
AtCoder,arc164_f,F. Subtree Reversi,3486.0,Hard,,,,arc164,2820.0,False
AtCoder,arc165_a,A. Sum equals LCM,275.0,Easy,,,,arc165,2350.0,False
AtCoder,arc165_b,B. Sliding Window Sort 2,1364.0,Medium,,,,arc165,2350.0,False
AtCoder,arc165_c,C. Social Distance on Graph,1743.0,Medium,,,,arc165,2350.0,False
AtCoder,arc165_d,D. Substring Comparison,2589.0,Hard,,,,arc165,2350.0,False
AtCoder,arc165_e,E. Random Isolation,2783.0,Hard,,,,arc165,2350.0,False
AtCoder,arc165_f,F. Make Adjacent,3235.0,Hard,,,,arc165,2350.0,False
AtCoder,arc166_a,A. Replace C or Swap AB,1126.0,Medium,,,,arc166,2143.0,False
AtCoder,arc166_b,B. Make Multiples,1134.0,Medium,,,,arc166,2143.0,False
AtCoder,arc166_c,C. LU / RD Marking,1813.0,Medium,,,,arc166,2143.0,False
AtCoder,arc166_d,D. Interval Counts,2192.0,Hard,,,,arc166,2143.0,False
AtCoder,arc166_e,E. Fizz Buzz Difference,3279.0,Hard,,,,arc166,2143.0,False
AtCoder,arc166_f,F. Tangent Addition Formula,3692.0,Hard,,,,arc166,2143.0,False
AtCoder,arc167_a,A. Toasts for Breakfast Party,3.0,Easy,,,,arc167,2607.0,False
AtCoder,arc167_b,B. Product of Divisors,1292.0,Medium,,,,arc167,2607.0,False
AtCoder,arc167_c,C. MST on Line++,2388.0,Hard,,,,arc167,2607.0,False
AtCoder,arc167_d,D. Good Permutation,2313.0,Hard,,,,arc167,2607.0,False
AtCoder,arc167_e,E. One Square in a Triangle,3271.0,Hard,,,,arc167,2607.0,False
AtCoder,arc167_f,F. Tree Tree Tree,3951.0,Hard,,,,arc167,2607.0,False
AtCoder,arc168_a,A. <Inversion>,64.0,Easy,,,,arc168,2152.0,False
AtCoder,arc168_b,B. Arbitrary Nim,1289.0,Medium,,,,arc168,2152.0,False
AtCoder,arc168_c,C. Swap Characters,2071.0,Hard,,,,arc168,2152.0,False
AtCoder,arc168_d,D. Maximize Update,2440.0,Hard,,,,arc168,2152.0,False
AtCoder,arc168_e,E. Subsegments with Large Sums,3001.0,Hard,,,,arc168,2152.0,False
AtCoder,arc168_f,F. Up-Down Queries,,Unknown,,,,arc168,,False
AtCoder,arc169_a,A. Please Sign,1171.0,Medium,,,,arc169,4140.0,False
AtCoder,arc169_b,B. Subsegments with Small Sums,1387.0,Medium,,,,arc169,4140.0,False
AtCoder,arc169_c,C. Not So Consecutive,2005.0,Hard,,,,arc169,4140.0,False
AtCoder,arc169_d,D. Add to Make a Permutation,2812.0,Hard,,,,arc169,4140.0,False
AtCoder,arc169_e,E. Avoid Boring Matches,3333.0,Hard,,,,arc169,4140.0,False
AtCoder,arc169_f,F. Large DP Table,3434.0,Hard,,,,arc169,4140.0,False
AtCoder,arc170_a,A. Yet Another AB Problem,750.0,Easy,,,,arc170,2866.0,False
AtCoder,arc170_b,B. Arithmetic Progression Subsequence,1180.0,Medium,,,,arc170,2866.0,False
AtCoder,arc170_c,C. Prefix Mex Sequence,2028.0,Hard,,,,arc170,2866.0,False
AtCoder,arc170_d,D. Triangle Card Game,2279.0,Hard,,,,arc170,2866.0,False
AtCoder,arc170_e,E. BDFS,3174.0,Hard,,,,arc170,2866.0,False
AtCoder,arc170_f,F. Edge Deletion 2,3874.0,Hard,,,,arc170,2866.0,False
AtCoder,arc171_a,A. No Attacking,614.0,Easy,,,,arc171,2619.0,False
AtCoder,arc171_b,B. Chmax,1374.0,Medium,,,,arc171,2619.0,False
AtCoder,arc171_c,C. Swap on Tree,2244.0,Hard,,,,arc171,2619.0,False
AtCoder,arc171_d,D. Rolling Hash,2377.0,Hard,,,,arc171,2619.0,False
AtCoder,arc171_e,E. Rookhopper's Tour,3034.0,Hard,,,,arc171,2619.0,False
AtCoder,arc171_f,F. Both Reversible,3730.0,Hard,,,,arc171,2619.0,False
AtCoder,arc172_a,A. Chocolate,851.0,Medium,,,,arc172,1765.0,False
AtCoder,arc172_b,B. AtCoder Language,1284.0,Medium,,,,arc172,1765.0,False
AtCoder,arc172_c,C. Election,1498.0,Medium,,,,arc172,1765.0,False
AtCoder,arc172_d,D. Distance Ranking,2936.0,Hard,,,,arc172,1765.0,False
AtCoder,arc172_e,E. Last 9 Digits,2358.0,Hard,,,,arc172,1765.0,False
AtCoder,arc172_f,F. Walking,3474.0,Hard,,,,arc172,1765.0,False
AtCoder,arc173_a,A. Neq Number,1073.0,Medium,,,,arc173,1764.0,False
AtCoder,arc173_b,B. Make Many Triangles,1594.0,Medium,,,,arc173,1764.0,False
AtCoder,arc173_c,C. Not Median,2008.0,Hard,,,,arc173,1764.0,False
AtCoder,arc173_d,D. Bracket Walk,2598.0,Hard,,,,arc173,1764.0,False
AtCoder,arc173_e,E. Rearrange and Adjacent XOR,2869.0,Hard,,,,arc173,1764.0,False
AtCoder,arc173_f,F. Select and Split,,Unknown,,,,arc173,,False
AtCoder,arc174_a,A. A Multiply,467.0,Easy,,,,arc174,2468.0,False
AtCoder,arc174_b,B. Bought Review,882.0,Medium,,,,arc174,2468.0,False
AtCoder,arc174_c,C. Catastrophic Roulette,1706.0,Medium,,,,arc174,2468.0,False
AtCoder,arc174_d,D. Digit vs Square Root,1592.0,Medium,,,,arc174,2468.0,False
AtCoder,arc174_e,E. Existence Counting,2336.0,Hard,,,,arc174,2468.0,False
AtCoder,arc174_f,F. Final Stage,3773.0,Hard,,,,arc174,2468.0,False
AtCoder,arc175_a,A. Spoon Taking Problem,1132.0,Medium,,,,arc175,1709.0,False
AtCoder,arc175_b,B. Parenthesis Arrangement,924.0,Medium,,,,arc175,1709.0,False
AtCoder,arc175_c,C. Jumping Through Intervals,2116.0,Hard,,,,arc175,1709.0,False
AtCoder,arc175_d,D. LIS on Tree 2,2276.0,Hard,,,,arc175,1709.0,False
AtCoder,arc175_e,E. Three View Drawing,3223.0,Hard,,,,arc175,1709.0,False
AtCoder,arc175_f,F. Append Same Characters,,Unknown,,,,arc175,,False
AtCoder,arc176_a,A. 01 Matrix Again,1346.0,Medium,,,,arc176,1994.0,False
AtCoder,arc176_b,B. Simple Math 4,1298.0,Medium,,,,arc176,1994.0,False
AtCoder,arc176_c,C. Max Permutation,2056.0,Hard,,,,arc176,1994.0,False
AtCoder,arc176_d,D. Swap Permutation,2572.0,Hard,,,,arc176,1994.0,False
AtCoder,arc176_e,E. Max Vector,3101.0,Hard,,,,arc176,1994.0,False
AtCoder,arc176_f,F. Colorful Star,4046.0,Hard,,,,arc176,1994.0,False
AtCoder,arc177_a,A. Exchange,-120.0,Easy,,,,arc177,2579.0,False
AtCoder,arc177_b,B. Puzzle of Lamps,93.0,Easy,,,,arc177,2579.0,False
AtCoder,arc177_c,C. Routing,1055.0,Medium,,,,arc177,2579.0,False
AtCoder,arc177_d,D. Earthquakes,2299.0,Hard,,,,arc177,2579.0,False
AtCoder,arc177_e,E. Wrong Scoreboard,3227.0,Hard,,,,arc177,2579.0,False
AtCoder,arc177_f,F. Two Airlines,3810.0,Hard,,,,arc177,2579.0,False
AtCoder,arc178_a,A. Good Permutation 2,438.0,Easy,,,,arc178,2031.0,False
AtCoder,arc178_b,B. 1 + 6 = 7,1492.0,Medium,,,,arc178,2031.0,False
AtCoder,arc178_c,C. Sum of Abs 2,1990.0,Medium,,,,arc178,2031.0,False
AtCoder,arc178_d,D. Delete Range Mex,2498.0,Hard,,,,arc178,2031.0,False
AtCoder,arc178_e,E. Serval Survival,,Unknown,,,,arc178,,False
AtCoder,arc178_f,F. Long Sequence Inversion,3863.0,Hard,,,,arc178,2031.0,False
AtCoder,arc179_a,A. Partition,504.0,Easy,,,,arc179,2692.0,False
AtCoder,arc179_b,B. Between B and B,1432.0,Medium,,,,arc179,2692.0,False
AtCoder,arc179_c,C. Beware of Overflow,1771.0,Medium,,,,arc179,2692.0,False
AtCoder,arc179_d,D. Portable Gate,2717.0,Hard,,,,arc179,2692.0,False
AtCoder,arc179_e,E. Rectangle Concatenation,2909.0,Hard,,,,arc179,2692.0,False
AtCoder,arc179_f,F. All the Same,4037.0,Hard,,,,arc179,2692.0,False
AtCoder,arc180_a,A. ABA and BAB,322.0,Easy,,,,arc180,3105.0,False
AtCoder,arc180_b,B. Improve Inversions,1797.0,Medium,,,,arc180,3105.0,False
AtCoder,arc180_c,C. Subsequence and Prefix Sum,2221.0,Hard,,,,arc180,3105.0,False
AtCoder,arc180_d,D. Division into 3,2694.0,Hard,,,,arc180,3105.0,False
AtCoder,arc180_e,E. LIS and Inversion,3549.0,Hard,,,,arc180,3105.0,False
AtCoder,arc180_f,F. Yet Another Expected Value,,Unknown,,,,arc180,,False
AtCoder,arc181_a,A. Sort Left and Right,456.0,Easy,,,,arc181,2703.0,False
AtCoder,arc181_b,B. Annoying String Problem,1633.0,Medium,,,,arc181,2703.0,False
AtCoder,arc181_c,C. Row and Column Order,1801.0,Medium,,,,arc181,2703.0,False
AtCoder,arc181_d,D. Prefix Bubble Sort,2227.0,Hard,,,,arc181,2703.0,False
AtCoder,arc181_e,E. Min and Max at the edge,,Unknown,,,,arc181,,False
AtCoder,arc181_f,F. Colorful Reversi,3664.0,Hard,,,,arc181,2703.0,False
AtCoder,arc182_a,A. Chmax Rush!,1110.0,Medium,,,,arc182,1935.0,False
AtCoder,arc182_b,B. |{floor(A_i/2^k)}|,1049.0,Medium,,,,arc182,1935.0,False
AtCoder,arc182_c,C. Sum of Number of Divisors of Product,2408.0,Hard,,,,arc182,1935.0,False
AtCoder,arc182_d,D. Increment Decrement Again,2992.0,Hard,,,,arc182,1935.0,False
AtCoder,arc182_e,E. Sum of Min of Mod of Linear,3098.0,Hard,,,,arc182,1935.0,False
AtCoder,arc182_f,F. Graph of Mod of Linear,3837.0,Hard,,,,arc182,1935.0,False
AtCoder,arc183_a,A. Median of Good Sequences,539.0,Easy,,,,arc183,1956.0,False
AtCoder,arc183_b,B. Near Assignment,2118.0,Hard,,,,arc183,1956.0,False
AtCoder,arc183_c,C. Not Argmax,2018.0,Hard,,,,arc183,1956.0,False
AtCoder,arc183_d,D. Keep Perfectly Matched,2880.0,Hard,,,,arc183,1956.0,False
AtCoder,arc183_e,E. Ascendant Descendant,3331.0,Hard,,,,arc183,1956.0,False
AtCoder,arc183_f,F. Sum of Minimum Distance,3994.0,Hard,,,,arc183,1956.0,False
AtCoder,arc184_a,A. Appraiser,1383.0,Medium,,,,arc184,1526.0,False
AtCoder,arc184_b,B. 123 Set,2867.0,Hard,,,,arc184,1526.0,False
AtCoder,arc184_c,C. Mountain and Valley Folds,3108.0,Hard,,,,arc184,1526.0,False
AtCoder,arc184_d,D. Erase Balls 2D,2804.0,Hard,,,,arc184,1526.0,False
AtCoder,arc184_e,E. Accumulating Many Times,3443.0,Hard,,,,arc184,1526.0,False
AtCoder,arc185_a,A. mod M Game 2,1042.0,Medium,,,,arc185,1582.0,False
AtCoder,arc185_b,B. +1 and -1,1332.0,Medium,,,,arc185,1582.0,False
AtCoder,arc185_c,C. Sum of Three Integers,2242.0,Hard,,,,arc185,1582.0,False
AtCoder,arc185_d,D. Random Walk on Tree,2649.0,Hard,,,,arc185,1582.0,False
AtCoder,arc185_e,E. Adjacent GCD,2185.0,Hard,,,,arc185,1582.0,False
AtCoder,arc186_a,A. Underclued,2511.0,Hard,,,,arc186,688.0,False
AtCoder,arc186_b,B. Typical Permutation Descriptor,1677.0,Medium,,,,arc186,688.0,False
AtCoder,arc186_c,C. Ball and Box,2451.0,Hard,,,,arc186,688.0,False
AtCoder,arc186_d,D. Polish Mania,2776.0,Hard,,,,arc186,688.0,False
AtCoder,arc186_e,E. Missing Subsequence,3178.0,Hard,,,,arc186,688.0,False
AtCoder,arc187_a,A. Add and Swap,1349.0,Medium,,,,arc187,1545.0,False
AtCoder,arc187_b,B. Sum of CC,2026.0,Hard,,,,arc187,1545.0,False
AtCoder,arc187_c,C. 1 Loop Bubble Sort,2574.0,Hard,,,,arc187,1545.0,False
AtCoder,arc187_d,D. Many Easy Optimizations ,2880.0,Hard,,,,arc187,1545.0,False
AtCoder,arc187_e,E. Replace Triplets ,3414.0,Hard,,,,arc187,1545.0,False
AtCoder,arc188_a,A. ABC Symmetry,1914.0,Medium,,,,arc188,1437.0,False
AtCoder,arc188_b,B. Symmetric Painting,1602.0,Medium,,,,arc188,1437.0,False
AtCoder,arc188_c,C. Honest or Liar or Confused,2377.0,Hard,,,,arc188,1437.0,False
AtCoder,arc188_d,D. Mirror and Order,3178.0,Hard,,,,arc188,1437.0,False
AtCoder,arc188_e,E. Gravity Sort,,Unknown,,,,arc188,,False
AtCoder,arc189_a,A. Reversi 2,1342.0,Medium,,,,arc189,1225.0,False
AtCoder,arc189_b,B. Minimize Sum,1889.0,Medium,,,,arc189,1225.0,False
AtCoder,arc189_c,C. Balls and Boxes,2239.0,Hard,,,,arc189,1225.0,False
AtCoder,arc189_d,D. Takahashi is Slime,2006.0,Hard,,,,arc189,1225.0,False
AtCoder,arc189_e,E. Straight Path,3257.0,Hard,,,,arc189,1225.0,False
AtCoder,arc190_a,A. Inside or Outside,1381.0,Medium,,,,arc190,796.0,False
AtCoder,arc190_b,B. L Partition,2273.0,Hard,,,,arc190,796.0,False
AtCoder,arc190_c,C. Basic Grid Problem with Updates,3010.0,Hard,,,,arc190,796.0,False
AtCoder,arc190_d,D. Matrix Pow Sum,2802.0,Hard,,,,arc190,796.0,False
AtCoder,arc190_e,E. Gaps of 1 or 2,3734.0,Hard,,,,arc190,796.0,False
AtCoder,arc191_a,A. Replace Digits,1096.0,Medium,,,,arc191,1396.0,False
AtCoder,arc191_b,B. XOR = MOD,1111.0,Medium,,,,arc191,1396.0,False
AtCoder,arc191_c,C. A^n - 1,2198.0,Hard,,,,arc191,1396.0,False
AtCoder,arc191_d,D. Moving Pieces on Graph,2631.0,Hard,,,,arc191,1396.0,False
AtCoder,arc191_e,E. Unfair Game,3063.0,Hard,,,,arc191,1396.0,False
AtCoder,arc192_a,A. ARC Arc,1387.0,Medium,,,,arc192,1729.0,False
AtCoder,arc192_b,B. Fennec VS. Snuke 2,1783.0,Medium,,,,arc192,1729.0,False
AtCoder,arc192_c,C. Range Sums 2,2158.0,Hard,,,,arc192,1729.0,False
AtCoder,arc192_d,D. Fraction Line,2722.0,Hard,,,,arc192,1729.0,False
AtCoder,arc192_e,E. Snuke's Kyoto Trip,3142.0,Hard,,,,arc192,1729.0,False
AtCoder,arc193_a,A. Complement Interval Graph,1234.0,Medium,,,,arc193,846.0,False
AtCoder,arc193_b,B. Broken Wheel,2420.0,Hard,,,,arc193,846.0,False
AtCoder,arc193_c,C. Grid Coloring 3,3047.0,Hard,,,,arc193,846.0,False
AtCoder,arc193_d,D. Magnets,3240.0,Hard,,,,arc193,846.0,False
AtCoder,arc194_a,A. Operations on a Stack,871.0,Medium,,,,arc194,1382.0,False
AtCoder,arc194_b,B. Minimum Cost Sort,1048.0,Medium,,,,arc194,1382.0,False
AtCoder,arc194_c,C. Cost to Flip,1913.0,Medium,,,,arc194,1382.0,False
AtCoder,arc194_d,D. Reverse Brackets,2164.0,Hard,,,,arc194,1382.0,False
AtCoder,arc194_e,E. Swap 0^X and 1^Y,2765.0,Hard,,,,arc194,1382.0,False
AtCoder,arc195_a,A. Twice Subsequence,538.0,Easy,,,,arc195,1277.0,False
AtCoder,arc195_b,B. Uniform Sum,1433.0,Medium,,,,arc195,1277.0,False
AtCoder,arc195_c,C. Hamiltonian Pieces,1777.0,Medium,,,,arc195,1277.0,False
AtCoder,arc195_d,D. Swap and Erase,2470.0,Hard,,,,arc195,1277.0,False
AtCoder,arc195_e,E. Random Tree Distance,2734.0,Hard,,,,arc195,1277.0,False
AtCoder,arc196_a,A. Adjacent Delete,1569.0,Medium,,,,arc196,774.0,False
AtCoder,arc196_b,B. Torus Loop,2188.0,Hard,,,,arc196,774.0,False
AtCoder,arc196_c,C. Strongly Connected,2917.0,Hard,,,,arc196,774.0,False
AtCoder,arc196_d,D. Roadway,2956.0,Hard,,,,arc196,774.0,False
AtCoder,arc197_a,A. Union of Grid Paths,860.0,Medium,,,,arc197,1563.0,False
AtCoder,arc197_b,B. Greater Than Average,1100.0,Medium,,,,arc197,1563.0,False
AtCoder,arc197_c,C. Removal of Multiples,1505.0,Medium,,,,arc197,1563.0,False
AtCoder,arc197_d,D. Ancestor Relation,2062.0,Hard,,,,arc197,1563.0,False
AtCoder,arc197_e,E. Four Square Tiles,2647.0,Hard,,,,arc197,1563.0,False
AtCoder,arc198_a,A. I hate 1,168.0,Easy,,,,arc198,1520.0,False
AtCoder,arc198_b,B. Rivalry,1183.0,Medium,,,,arc198,1520.0,False
AtCoder,arc198_c,C. Error Swap,1954.0,Medium,,,,arc198,1520.0,False
AtCoder,arc198_d,D. Many Palindromes on Tree,2299.0,Hard,,,,arc198,1520.0,False
AtCoder,arc198_e,E. Monotone OR,2988.0,Hard,,,,arc198,1520.0,False
AtCoder,arc199_a,A. Flip Row or Col 2,2285.0,Hard,,,,arc199,413.0,False
AtCoder,arc199_b,B. Adjacent Replace,2212.0,Hard,,,,arc199,413.0,False
AtCoder,arc199_c,C. Circular Tree Embedding,3111.0,Hard,,,,arc199,413.0,False
AtCoder,arc199_d,D. Limestone,3243.0,Hard,,,,arc199,413.0,False
AtCoder,arc200_a,A. Dot Product,1821.0,Medium,,,,arc200,1090.0,False
AtCoder,arc200_b,B. LCM,1543.0,Medium,,,,arc200,1090.0,False
AtCoder,arc200_c,C. Movie Theater,2237.0,Hard,,,,arc200,1090.0,False
AtCoder,arc200_d,D. |A + A|,2474.0,Hard,,,,arc200,1090.0,False
AtCoder,arc200_e,E. popcount <= 2,2852.0,Hard,,,,arc200,1090.0,False
AtCoder,arc201_a,A. CatCoder Double Contest,797.0,Easy,,,,arc201,1134.0,False
AtCoder,arc201_b,B. Binary Knapsack,1808.0,Medium,,,,arc201,1134.0,False
AtCoder,arc201_c,C. Prefix Covering,1789.0,Medium,,,,arc201,1134.0,False
AtCoder,arc201_d,"D. Match, Mod, Minimize",2389.0,Hard,,,,arc201,1134.0,False
AtCoder,arc201_e,E. Total Area of Bounding Boxes,2635.0,Hard,,,,arc201,1134.0,False
AtCoder,arc201_f,F. CatCoder Triple Contest,3462.0,Hard,,,,arc201,1134.0,False
AtCoder,arc202_a,A. Merge and Increment,1691.0,Medium,,,,arc202,750.0,False
AtCoder,arc202_b,"B. Japanese ""Knight's Tour""",2340.0,Hard,,,,arc202,750.0,False
AtCoder,arc202_c,C. Repunits,2274.0,Hard,,,,arc202,750.0,False
AtCoder,arc202_d,D. King,3116.0,Hard,,,,arc202,750.0,False
AtCoder,arc203_a,A. All Winners,481.0,Easy,,,,arc203,1678.0,False
AtCoder,arc203_b,B. Swap If Equal Sum,1334.0,Medium,,,,arc203,1678.0,False
AtCoder,arc203_c,C. Destruction of Walls,2248.0,Hard,,,,arc203,1678.0,False
AtCoder,arc203_d,D. Insert XOR,2549.0,Hard,,,,arc203,1678.0,False
AtCoder,arc203_e,E. Tile Grid with One Hole,3376.0,Hard,,,,arc203,1678.0,False
AtCoder,arc204_a,A. Use Udon Coupon,1923.0,Medium,,,,arc204,610.0,False
AtCoder,arc204_b,B. Sort Permutation,2210.0,Hard,,,,arc204,610.0,False
AtCoder,arc204_c,C. Maximize Sum of Mex,3004.0,Hard,,,,arc204,610.0,False
AtCoder,arc204_d,D. Favorite Interval,3290.0,Hard,,,,arc204,610.0,False
AtCoder,arc205_a,A. 2x2 Erasing,262.0,Easy,,,,arc205,2543.0,False
AtCoder,arc205_b,B. Triangle Toggle,1361.0,Medium,,,,arc205,2543.0,False
AtCoder,arc205_c,C. No Collision Moves,1381.0,Medium,,,,arc205,2543.0,False
AtCoder,arc205_d,D. Non-Ancestor Matching,1853.0,Medium,,,,arc205,2543.0,False
AtCoder,arc205_e,E. Subset Product Problem,2102.0,Hard,,,,arc205,2543.0,False
AtCoder,arc206_a,A. Range Replace,554.0,Easy,,,,arc206,1401.0,False
AtCoder,arc206_b,B. Slime Swap,1059.0,Medium,,,,arc206,1401.0,False
AtCoder,arc206_c,C. Tree Sequence,1461.0,Medium,,,,arc206,1401.0,False
AtCoder,arc206_d,D. LIS ∩ LDS,1930.0,Medium,,,,arc206,1401.0,False
AtCoder,arc206_e,E. Rectangle Coloring,2902.0,Hard,,,,arc206,1401.0,False
AtCoder,arc207_a,A. Affinity for Artifacts,2132.0,Hard,,,,arc207,812.0,False
AtCoder,arc207_b,B. Balanced Neighbors 2,1979.0,Medium,,,,arc207,812.0,False
AtCoder,arc207_c,C. Combine to Make Non-decreasing,2488.0,Hard,,,,arc207,812.0,False
AtCoder,arc207_d,D. Devourers and Cake,2965.0,Hard,,,,arc207,812.0,False
AtCoder,arc207_e,E. Erase and Append,3936.0,Hard,,,,arc207,812.0,False
AtCoder,arc208_a,A. Bitwise OR Game,1394.0,Medium,,,,arc208,1305.0,False
AtCoder,arc208_b,B. Sum of Mod,1087.0,Medium,,,,arc208,1305.0,False
AtCoder,arc208_c,C. Mod of XOR,1849.0,Medium,,,,arc208,1305.0,False
AtCoder,arc208_d,D. Symmetric Matrix,3070.0,Hard,,,,arc208,1305.0,False
AtCoder,arc208_e,E. XY Game,,Unknown,,,,arc208,,False
AtCoder,arc209_a,A. Bracket Game,1284.0,Medium,,,,arc209,808.0,False
AtCoder,arc209_b,B. Minimize Even Palindrome,1787.0,Medium,,,,arc209,808.0,False
AtCoder,arc209_c,C. Adjusting a Rectangle,2869.0,Hard,,,,arc209,808.0,False
AtCoder,arc209_d,D. A_A_i,2583.0,Hard,,,,arc209,808.0,False
AtCoder,arc209_e,E. I hate ABC,,Unknown,,,,arc209,,False
AtCoder,arc210_a,A. Always Increasing,995.0,Medium,,,,arc210,1235.0,False
AtCoder,arc210_b,B. Remove Median Operations,1506.0,Medium,,,,arc210,1235.0,False
AtCoder,arc210_c,C. Fair Coin Partition,1846.0,Medium,,,,arc210,1235.0,False
AtCoder,arc210_d,D. Independent Set Game,3525.0,Hard,,,,arc210,1235.0,False
AtCoder,arc210_e,E. Subset Sum Gaps,2957.0,Hard,,,,arc210,1235.0,False
AtCoder,arc210_f,F. ± ab,,Unknown,,,,arc210,,False
AtCoder,arc211_a,A. Banned X 2,550.0,Easy,,,,arc211,980.0,False
AtCoder,arc211_b,B. Three Sequences,1154.0,Medium,,,,arc211,980.0,False
AtCoder,arc211_c,C. Forest,1792.0,Medium,,,,arc211,980.0,False
AtCoder,arc211_d,D. Michishirube,2301.0,Hard,,,,arc211,980.0,False
AtCoder,arc211_e,E. Greedy Takahashi 2,3064.0,Hard,,,,arc211,980.0,False
AtCoder,arc212_a,A. Four TSP,957.0,Medium,,,,arc212,1184.0,False
AtCoder,arc212_b,B. Stones on Grid,962.0,Medium,,,,arc212,1184.0,False
AtCoder,arc212_c,C. ABS Ball,1825.0,Medium,,,,arc212,1184.0,False
AtCoder,arc212_d,D. Two Rooms,2018.0,Hard,,,,arc212,1184.0,False
AtCoder,arc212_e,E. Drop Min,2324.0,Hard,,,,arc212,1184.0,False
AtCoder,arc212_f,F. Add Integer,2735.0,Hard,,,,arc212,1184.0,False
AtCoder,arc213_a,A. Swapping Game,1208.0,Medium,,,,arc213,739.0,False
AtCoder,arc213_b,B. Hamming Distance is not 1,2313.0,Hard,,,,arc213,739.0,False
AtCoder,arc213_c,C. Double X,3241.0,Hard,,,,arc213,739.0,False
AtCoder,arc213_d,D. Minimize Inversion,3202.0,Hard,,,,arc213,739.0,False
AtCoder,arc214_a,A. Same Sum Grid Path,442.0,Easy,,,,arc214,1420.0,False
AtCoder,arc214_b,B. Missing Number in Graph,1451.0,Medium,,,,arc214,1420.0,False
AtCoder,arc214_c,C. Divide into 4 Teams,2070.0,Hard,,,,arc214,1420.0,False
AtCoder,arc214_d,D. Distinct Sum Grid Path,2205.0,Hard,,,,arc214,1420.0,False
AtCoder,arc214_e,E. Swap K times,2651.0,Hard,,,,arc214,1420.0,False
AtCoder,arc214_f,F. Unpredictable Moves,3787.0,Hard,,,,arc214,1420.0,False
AtCoder,arc215_a,A. Zombie,1106.0,Medium,,,,arc215,1201.0,False
AtCoder,arc215_b,B. Stolen Necklace,1216.0,Medium,,,,arc215,1201.0,False
AtCoder,arc215_c,C. Strong Surname,1767.0,Medium,,,,arc215,1201.0,False
AtCoder,arc215_d,D. cresc.,1975.0,Medium,,,,arc215,1201.0,False
AtCoder,arc215_e,E. CNOT Party,2418.0,Hard,,,,arc215,1201.0,False
AtCoder,arc215_f,F. Scapus,2959.0,Hard,,,,arc215,1201.0,False
AtCoder,arc216_a,A. Reversi 3,1708.0,Medium,,,,arc216,569.0,False
AtCoder,arc216_b,B. Range Mex Sum,1935.0,Medium,,,,arc216,569.0,False
AtCoder,arc216_c,C. Count Power of 2,2346.0,Hard,,,,arc216,569.0,False
AtCoder,arc216_d,D. GCD of Product of Arithmetic Progression,3079.0,Hard,,,,arc216,569.0,False
AtCoder,arc216_e,E. Swap or Reverse,,Unknown,,,,arc216,,False
AtCoder,arc217_a,A. Min of Sum of XOR,779.0,Easy,,,,arc217,1228.0,False
AtCoder,arc217_b,B. Not High Element,1834.0,Medium,,,,arc217,1228.0,False
AtCoder,arc217_c,C. Greedy Customers 2,2173.0,Hard,,,,arc217,1228.0,False
AtCoder,arc217_d,D. Greedy Customer,2626.0,Hard,,,,arc217,1228.0,False
AtCoder,arc217_e,E. Tree Growing,2663.0,Hard,,,,arc217,1228.0,False
AtCoder,arc218_a,A. Many Sets,912.0,Medium,,,,arc218,1386.0,False
AtCoder,arc218_b,B. All Minus,1321.0,Medium,,,,arc218,1386.0,False
AtCoder,arc218_c,C. Amidakuji,1826.0,Medium,,,,arc218,1386.0,False
AtCoder,arc218_d,D. I like Increasing,2674.0,Hard,,,,arc218,1386.0,False
AtCoder,arc218_e,E. Reverse and Reverse,2705.0,Hard,,,,arc218,1386.0,False
AtCoder,arc218_f,F. Buckets,3294.0,Hard,,,,arc218,1386.0,False
AtCoder,arc218_f2,F2. Buckets,,Unknown,,,,arc218,,False
AtCoder,arc219_a,A. Similarity,557.0,Easy,,,,arc219,1515.0,False
AtCoder,arc219_b,B. Reverse Permutation,891.0,Medium,,,,arc219,1515.0,False
AtCoder,arc219_c,C. Traveling Door-to-Door Salesman (Elevator),1598.0,Medium,,,,arc219,1515.0,False
AtCoder,arc219_d,D. Grid Game,1716.0,Medium,,,,arc219,1515.0,False
AtCoder,arc219_e,E. Equal Distribution,2164.0,Hard,,,,arc219,1515.0,False
AtCoder,arc219_f,F. Range Division,2661.0,Hard,,,,arc219,1515.0,False
AtCoder,arc219_g,G. Traveling Door-to-Door Salesman (Stairs),3240.0,Hard,,,,arc219,1515.0,False
AtCoder,arc220_a,A. Sum of Reciprocals of Squares,1105.0,Medium,,,,arc220,737.0,False
AtCoder,arc220_b,B. Incomplete Shuffle,2199.0,Hard,,,,arc220,737.0,False
AtCoder,arc220_c,C. Range Increment,2630.0,Hard,,,,arc220,737.0,False
AtCoder,arc220_d,D. Long Trail,3412.0,Hard,,,,arc220,737.0,False
AtCoder,arc220_e,E. popcount ≥ K,3583.0,Hard,,,,arc220,737.0,False
AtCoder,arc221_a,A. Two Arithmetic Progressions,1686.0,Medium,,,,arc221,628.0,False
AtCoder,arc221_b,B. Two-Powered Sum,2350.0,Hard,,,,arc221,628.0,False
AtCoder,arc221_c,C. Two Deques Sorting,2899.0,Hard,,,,arc221,628.0,False
AtCoder,arc221_d,D. Two Balanced Subtrees,2946.0,Hard,,,,arc221,628.0,False
AtCoder,arc221_e,E. Two Increasing Sequences,3471.0,Hard,,,,arc221,628.0,False
AtCoder,arc222_a,A. Colorful Intervals,500.0,Easy,,,,arc222,1210.0,False
AtCoder,arc222_b,B. Circular RPS,1756.0,Medium,,,,arc222,1210.0,False
AtCoder,arc222_c,C. 2 Directions vs 4 Directions,1945.0,Medium,,,,arc222,1210.0,False
AtCoder,arc222_d,D. Shift and Add,2755.0,Hard,,,,arc222,1210.0,False
AtCoder,arc222_e,E. XOR Matching,2423.0,Hard,,,,arc222,1210.0,False
AtCoder,arc222_f,F. Triple Transformation,3550.0,Hard,,,,arc222,1210.0,False
AtCoder,asaporo2_a,A. Colorful MST,,Unknown,,,,cf17-tournament-round2-open,,
AtCoder,asaporo2_b,B. Many Swaps Sorting,,Unknown,,,,cf17-tournament-round2-open,,
AtCoder,asaporo2_c,C. Paired Parentheses,,Unknown,,,,cf17-tournament-round1-open,,
AtCoder,asaporo2_d,D. Ancient Tree Record,,Unknown,,,,cf17-tournament-round1-open,,
AtCoder,asaporo2_e,E. Black Cats Deployment,,Unknown,,,,cf17-tournament-round3-open,,
AtCoder,asaporo2_f,F. Unicyclic Graph Counting,,Unknown,,,,cf17-tournament-round3-open,,
AtCoder,asaporo_a,B. Takahashi the Magician,,Unknown,,,,cf16-tournament-round2-open,,
AtCoder,asaporo_b,B. Compression,,Unknown,,,,cf16-tournament-round3-open,,
AtCoder,asaporo_c,A. Graph,,Unknown,,,,cf16-tournament-round1-open,,
AtCoder,asaporo_d,A. Struck Out,,Unknown,,,,cf16-tournament-round3-open,,
AtCoder,asaporo_e,A. Takahashi is Missing!,,Unknown,,,,cf16-tournament-round2-open,,
AtCoder,asaporo_f,B. Problem where Commas Separate Digits,,Unknown,,,,cf16-tournament-round1-open,,
AtCoder,asprocon10_a,A. Crops on Grid,3667.0,Hard,,,,ahc023,745.0,False
AtCoder,asprocon10_b,A-Final. Crops on Grid (System Test),3667.0,Hard,,,,ahc023,745.0,False
AtCoder,asprocon6_a,A. Furnace Scheduling Problem,,Unknown,,,,asprocon6,,
AtCoder,asprocon7_a,A. Car Assembly Line,,Unknown,,,,asprocon7,,
AtCoder,asprocon8_a,A. Automated Painting Line,,Unknown,,,,asprocon8,,
AtCoder,asprocon9_a,A. Shift Scheduling,,Unknown,,,,asprocon9,,
AtCoder,atc002_b,B. n^p mod m,,Unknown,,,,atc002,,
AtCoder,atc002_c,C. 最適二分探索木,,Unknown,,,,atc002,,
AtCoder,atcoder11live_a,A. Turn Right,,Unknown,,,,atcoder11live,,
AtCoder,atcoder12live_a,A. Volume Control,,Unknown,,,,atcoder12live,,
AtCoder,atcoder13live_a,A. Painting the Floor,,Unknown,,,,atcoder13live,,
AtCoder,autumn_fest_01,A. Irregular Contest,,Unknown,,,,autumn_fest,,
AtCoder,autumn_fest_02,B. 3Match,,Unknown,,,,autumn_fest,,
AtCoder,autumn_fest_03,C. Cards,,Unknown,,,,autumn_fest,,
AtCoder,autumn_fest_04,D. Don't Think Seriously!,,Unknown,,,,autumn_fest,,
AtCoder,autumn_fest_05,E. Be Together,,Unknown,,,,autumn_fest,,
AtCoder,autumn_fest_06,F. Vinculum,,Unknown,,,,autumn_fest,,
AtCoder,autumn_fest_07,G. Bit Map,,Unknown,,,,autumn_fest,,
AtCoder,autumn_fest_08,H. U・N・C・O,,Unknown,,,,autumn_fest,,
AtCoder,autumn_fest_09,I. Pyramid,,Unknown,,,,autumn_fest,,
AtCoder,autumn_fest_10,J. Ninja of Train,,Unknown,,,,autumn_fest,,
AtCoder,autumn_fest_11,K. Batch Style Mastermind,,Unknown,,,,autumn_fest,,
AtCoder,awc0001_a,A. Bacteria Growth Experiment,,Unknown,,,,awc0001,,
AtCoder,awc0001_b,B. Exam Passers,,Unknown,,,,awc0001,,
AtCoder,awc0001_c,C. Discount Coupon,,Unknown,,,,awc0001,,
AtCoder,awc0001_d,D. Merchant on the Highway,,Unknown,,,,awc0001,,
AtCoder,awc0001_e,E. Temperature Fluctuation Range,,Unknown,,,,awc0001,,
AtCoder,awc0002_a,A. Organizing the Bookshelf,,Unknown,,,,awc0002,,
AtCoder,awc0002_b,B. Fruit Sorting,,Unknown,,,,awc0002,,
AtCoder,awc0002_c,C. Observing Plant Growth,,Unknown,,,,awc0002,,
AtCoder,awc0002_d,D. Keys and Treasure Boxes,,Unknown,,,,awc0002,,
AtCoder,awc0002_e,E. Assortment of Sweets,,Unknown,,,,awc0002,,
AtCoder,awc0003_a,A. Product Quality Evaluation,,Unknown,,,,awc0003,,
AtCoder,awc0003_b,B. Line of Handshakes,,Unknown,,,,awc0003,,
AtCoder,awc0003_c,C. Bargain Sale Selection,,Unknown,,,,awc0003,,
AtCoder,awc0003_d,D. Consecutive Practice Days,,Unknown,,,,awc0003,,
AtCoder,awc0003_e,E. Cargo Delivery Truck,,Unknown,,,,awc0003,,
AtCoder,awc0004_a,A. Preparations Before Departure,,Unknown,,,,awc0004,,
AtCoder,awc0004_b,B. Battery Level,,Unknown,,,,awc0004,,
AtCoder,awc0004_c,C. Minimum Cost of Temperature Adjustment,,Unknown,,,,awc0004,,
AtCoder,awc0004_d,D. Parking Lot Assignment,,Unknown,,,,awc0004,,
AtCoder,awc0004_e,E. Sum of Intervals,,Unknown,,,,awc0004,,
AtCoder,awc0005_a,A. Reward of Multiples,,Unknown,,,,awc0005,,
AtCoder,awc0005_b,B. Updating the Report Card,,Unknown,,,,awc0005,,
AtCoder,awc0005_c,C. Staircase-Shaped Flower Bed,,Unknown,,,,awc0005,,
AtCoder,awc0005_d,D. Splitting Delivery Packages,,Unknown,,,,awc0005,,
AtCoder,awc0005_e,E. Mountain Height Survey,,Unknown,,,,awc0005,,
AtCoder,awc0006_a,A. Target Shooting Game,,Unknown,,,,awc0006,,
AtCoder,awc0006_b,B. Efficient Quests,,Unknown,,,,awc0006,,
AtCoder,awc0006_c,C. Air Conditioner Temperature Adjustment,,Unknown,,,,awc0006,,
AtCoder,awc0006_d,D. Placement of Security Guards,,Unknown,,,,awc0006,,
AtCoder,awc0006_e,E. Store Sales Management,,Unknown,,,,awc0006,,
AtCoder,awc0007_a,A. Selection of Delivery Trucks,,Unknown,,,,awc0007,,
AtCoder,awc0007_b,B. Laboratories That Can Collaborate,,Unknown,,,,awc0007,,
AtCoder,awc0007_c,C. Group Knockout Battle,,Unknown,,,,awc0007,,
AtCoder,awc0007_d,D. Investigation of Overlapping Advertisement Areas,,Unknown,,,,awc0007,,
AtCoder,awc0007_e,E. Warehouse Robot Delivery,,Unknown,,,,awc0007,,
AtCoder,awc0008_a,A. Planting the Flower Bed,,Unknown,,,,awc0008,,
AtCoder,awc0008_b,B. Buildings Visible from the Sea,,Unknown,,,,awc0008,,
AtCoder,awc0008_c,C. Anomaly Detection in Sensor Data,,Unknown,,,,awc0008,,
AtCoder,awc0008_d,D. Orchard Harvest,,Unknown,,,,awc0008,,
AtCoder,awc0008_e,E. Organizing the Bookshelf,,Unknown,,,,awc0008,,
AtCoder,awc0009_a,A. Total Shopping Amount,,Unknown,,,,awc0009,,
AtCoder,awc0009_b,B. Dungeon Exploration,,Unknown,,,,awc0009,,
AtCoder,awc0009_c,C. Apple Harvest,,Unknown,,,,awc0009,,
AtCoder,awc0009_d,D. Planting Flower Seeds,,Unknown,,,,awc0009,,
AtCoder,awc0009_e,E. Temperature Fluctuation Survey,,Unknown,,,,awc0009,,
AtCoder,awc0010_a,A. Distributing Requests to Servers,,Unknown,,,,awc0010,,
AtCoder,awc0010_b,B. Piano Practice,,Unknown,,,,awc0010,,
AtCoder,awc0010_c,C. Mountain Hut Trails,,Unknown,,,,awc0010,,
AtCoder,awc0010_d,D. Rock Destruction,,Unknown,,,,awc0010,,
AtCoder,awc0010_e,E. Exhibition Booth Arrangement,,Unknown,,,,awc0010,,
AtCoder,awc0011_a,A. A Walk Along the Cherry Blossom Trees,,Unknown,,,,awc0011,,
AtCoder,awc0011_b,B. Creating Mosaic Art,,Unknown,,,,awc0011,,
AtCoder,awc0011_c,C. Maximum Number of Team Members,,Unknown,,,,awc0011,,
AtCoder,awc0011_d,D. Family Tree and Inheritance,,Unknown,,,,awc0011,,
AtCoder,awc0011_e,E. Choosing Treasure Chests,,Unknown,,,,awc0011,,
AtCoder,awc0012_a,A. Typhoon Damage Survey,,Unknown,,,,awc0012,,
AtCoder,awc0012_b,B. Factory Quality Inspection,,Unknown,,,,awc0012,,
AtCoder,awc0012_c,C. Team Formation,,Unknown,,,,awc0012,,
AtCoder,awc0012_d,D. Escape from the Maze,,Unknown,,,,awc0012,,
AtCoder,awc0012_e,E. Stone Crossing Game,,Unknown,,,,awc0012,,
AtCoder,awc0013_a,A. Path to the Target Score,,Unknown,,,,awc0013,,
AtCoder,awc0013_b,B. Investigation of Friend Relationships,,Unknown,,,,awc0013,,
AtCoder,awc0013_c,C. Optimal Pairing for a Tournament,,Unknown,,,,awc0013,,
AtCoder,awc0013_d,D. Distance Between Cities,,Unknown,,,,awc0013,,
AtCoder,awc0013_e,E. Part-Time Job Shift Assignment,,Unknown,,,,awc0013,,
AtCoder,awc0014_a,A. Loading Cargo,,Unknown,,,,awc0014,,
AtCoder,awc0014_b,B. Marathon,,Unknown,,,,awc0014,,
AtCoder,awc0014_c,C. Catch the Last Train!,,Unknown,,,,awc0014,,
AtCoder,awc0014_d,D. Round-Trip Delivery,,Unknown,,,,awc0014,,
AtCoder,awc0014_e,E. Flowerbed Watering Management,,Unknown,,,,awc0014,,
AtCoder,awc0015_a,A. Dot Product Calculation,,Unknown,,,,awc0015,,
AtCoder,awc0015_b,B. First Alert,,Unknown,,,,awc0015,,
AtCoder,awc0015_c,C. Matchup Card Combinations,,Unknown,,,,awc0015,,
AtCoder,awc0015_d,D. Assignment of Cooking Tasks,,Unknown,,,,awc0015,,
AtCoder,awc0015_e,E. Count the Types of Flowers,,Unknown,,,,awc0015,,
AtCoder,awc0016_a,A. Over Budget,,Unknown,,,,awc0016,,
AtCoder,awc0016_b,B. Exam Preparation,,Unknown,,,,awc0016,,
AtCoder,awc0016_c,C. Choosing Souvenirs,,Unknown,,,,awc0016,,
AtCoder,awc0016_d,D. The Path of Carrying Luggage,,Unknown,,,,awc0016,,
AtCoder,awc0016_e,E. Optimal Route for a Sightseeing Tour,,Unknown,,,,awc0016,,
AtCoder,awc0017_a,A. Organizing the Bookshelf,,Unknown,,,,awc0017,,
AtCoder,awc0017_b,B. Brightness of Street Lights,,Unknown,,,,awc0017,,
AtCoder,awc0017_c,C. Same Color Check in the Flower Bed,,Unknown,,,,awc0017,,
AtCoder,awc0017_d,D. Team Building,,Unknown,,,,awc0017,,
AtCoder,awc0017_e,E. Optimization of Delivery Routes,,Unknown,,,,awc0017,,
AtCoder,awc0018_a,A. Round-Trip Patrol,,Unknown,,,,awc0018,,
AtCoder,awc0018_b,B. Classroom Assignment,,Unknown,,,,awc0018,,
AtCoder,awc0018_c,C. Bulk Character Conversion,,Unknown,,,,awc0018,,
AtCoder,awc0018_d,D. Smart Shopper,,Unknown,,,,awc0018,,
AtCoder,awc0018_e,E. Peak Collection,,Unknown,,,,awc0018,,
AtCoder,awc0019_a,A. Number of Successful Applicants,,Unknown,,,,awc0019,,
AtCoder,awc0019_b,B. Cheerful Support Message,,Unknown,,,,awc0019,,
AtCoder,awc0019_c,C. Consecutive Card Distribution,,Unknown,,,,awc0019,,
AtCoder,awc0019_d,D. Conservation Plan for the Botanical Garden,,Unknown,,,,awc0019,,
AtCoder,awc0019_e,E. Loading Cargo,,Unknown,,,,awc0019,,
AtCoder,awc0020_a,A. Equalizing Water,,Unknown,,,,awc0020,,
AtCoder,awc0020_b,B. Climbing to the Summit,,Unknown,,,,awc0020,,
AtCoder,awc0020_c,C. Organizing the Bookshelf,,Unknown,,,,awc0020,,
AtCoder,awc0020_d,D. Wi-Fi Spot Connection,,Unknown,,,,awc0020,,
AtCoder,awc0020_e,E. Shelving Books on a Bookshelf,,Unknown,,,,awc0020,,
AtCoder,awc0021_a,A. Counting the Number of Successful Applicants,,Unknown,,,,awc0021,,
AtCoder,awc0021_b,B. Scholarship Selection,,Unknown,,,,awc0021,,
AtCoder,awc0021_c,C. Bargain Shopping Mall Tour,,Unknown,,,,awc0021,,
AtCoder,awc0021_d,D. Checkpoint Rally,,Unknown,,,,awc0021,,
AtCoder,awc0021_e,E. Field Watering Plan,,Unknown,,,,awc0021,,
AtCoder,awc0022_a,A. Battery Level and Charger Arrival,,Unknown,,,,awc0022,,
AtCoder,awc0022_b,B. Target Score for the Test,,Unknown,,,,awc0022,,
AtCoder,awc0022_c,C. Road Pothole Survey,,Unknown,,,,awc0022,,
AtCoder,awc0022_d,D. Simultaneous Control of Light Bulb Panels,,Unknown,,,,awc0022,,
AtCoder,awc0022_e,E. Delivery Driver's Route,,Unknown,,,,awc0022,,
AtCoder,awc0023_a,A. Chef's Break,,Unknown,,,,awc0023,,
AtCoder,awc0023_b,B. Bus Tour,,Unknown,,,,awc0023,,
AtCoder,awc0023_c,C. Factory Tour,,Unknown,,,,awc0023,,
AtCoder,awc0023_d,D. Package Delivery,,Unknown,,,,awc0023,,
AtCoder,awc0023_e,E. Elevator Transport,,Unknown,,,,awc0023,,
AtCoder,awc0024_a,A. Comparing Test Scores,,Unknown,,,,awc0024,,
AtCoder,awc0024_b,B. Spread of Rumors,,Unknown,,,,awc0024,,
AtCoder,awc0024_c,C. Unique Seats,,Unknown,,,,awc0024,,
AtCoder,awc0024_d,D. Highlighting with a Fluorescent Pen,,Unknown,,,,awc0024,,
AtCoder,awc0024_e,E. Making Rope from Materials,,Unknown,,,,awc0024,,
AtCoder,awc0025_a,A. Passing Score,,Unknown,,,,awc0025,,
AtCoder,awc0025_b,B. Warehouse Inspection Robot,,Unknown,,,,awc0025,,
AtCoder,awc0025_c,C. Air Conditioning Installation in Classrooms,,Unknown,,,,awc0025,,
AtCoder,awc0025_d,D. Constellation Observation Tour,,Unknown,,,,awc0025,,
AtCoder,awc0025_e,E. Organizing the Bookshelf,,Unknown,,,,awc0025,,
AtCoder,awc0026_a,A. Announcement of Winning Numbers,,Unknown,,,,awc0026,,
AtCoder,awc0026_b,B. Distribution of Jewels,,Unknown,,,,awc0026,,
AtCoder,awc0026_c,C. Field Trip Snacks,,Unknown,,,,awc0026,,
AtCoder,awc0026_d,D. Repainted Wall,,Unknown,,,,awc0026,,
AtCoder,awc0026_e,E. Just the Right Temperature Difference,,Unknown,,,,awc0026,,
AtCoder,awc0027_a,A. Passing Criteria,,Unknown,,,,awc0027,,
AtCoder,awc0027_b,B. Election of the Class President,,Unknown,,,,awc0027,,
AtCoder,awc0027_c,C. Building a Wireless Network,,Unknown,,,,awc0027,,
AtCoder,awc0027_d,D. Part-Time Job Shift Assignment,,Unknown,,,,awc0027,,
AtCoder,awc0027_e,E. Selection of Contiguous Intervals,,Unknown,,,,awc0027,,
AtCoder,awc0028_a,A. Applause for the Successful Candidates,,Unknown,,,,awc0028,,
AtCoder,awc0028_b,B. Harvest Interval in the Orchard,,Unknown,,,,awc0028,,
AtCoder,awc0028_c,C. Make-Up Exam,,Unknown,,,,awc0028,,
AtCoder,awc0028_d,D. Course Enrollment Order,,Unknown,,,,awc0028,,
AtCoder,awc0028_e,E. Counting Subsequences,,Unknown,,,,awc0028,,
AtCoder,awc0029_a,A. Calculating Part-Time Job Pay,,Unknown,,,,awc0029,,
AtCoder,awc0029_b,B. Warehouse Inventory Management,,Unknown,,,,awc0029,,
AtCoder,awc0029_c,C. Formation of the Strongest Pair,,Unknown,,,,awc0029,,
AtCoder,awc0029_d,D. Network Installation,,Unknown,,,,awc0029,,
AtCoder,awc0029_e,E. Traveling Delivery,,Unknown,,,,awc0029,,
AtCoder,awc0030_a,A. Distribution of Sweets,,Unknown,,,,awc0030,,
AtCoder,awc0030_b,B. Shopping List,,Unknown,,,,awc0030,,
AtCoder,awc0030_c,C. Traffic Jam Report,,Unknown,,,,awc0030,,
AtCoder,awc0030_d,D. Telephone Game of Messages,,Unknown,,,,awc0030,,
AtCoder,awc0030_e,E. Optimizing Team Division,,Unknown,,,,awc0030,,
AtCoder,awc0031_a,A. Cooking Contest and Ingredients,,Unknown,,,,awc0031,,
AtCoder,awc0031_b,B. Outstanding Score,,Unknown,,,,awc0031,,
AtCoder,awc0031_c,C. Island Hopping Adventure,,Unknown,,,,awc0031,,
AtCoder,awc0031_d,D. Library Inventory Check,,Unknown,,,,awc0031,,
AtCoder,awc0031_e,E. Power Grid Blackout Crisis,,Unknown,,,,awc0031,,
AtCoder,awc0032_a,A. Closeness of Fireworks,,Unknown,,,,awc0032,,
AtCoder,awc0032_b,B. Package Delivery Schedule,,Unknown,,,,awc0032,,
AtCoder,awc0032_c,C. Observatory with a Mountain View,,Unknown,,,,awc0032,,
AtCoder,awc0032_d,D. Part-Time Job Shift Assignment,,Unknown,,,,awc0032,,
AtCoder,awc0032_e,E. Multiple Bonus,,Unknown,,,,awc0032,,
AtCoder,awc0033_a,A. Grading the Answer Sheet,,Unknown,,,,awc0033,,
AtCoder,awc0033_b,B. Plant Temperature Management,,Unknown,,,,awc0033,,
AtCoder,awc0033_c,C. Spread of Rumors,,Unknown,,,,awc0033,,
AtCoder,awc0033_d,D. Cheapest Commute Route,,Unknown,,,,awc0033,,
AtCoder,awc0033_e,E. Minimum Cost of Stepping Stones,,Unknown,,,,awc0033,,
AtCoder,awc0034_a,A. Reception Processing at the Service Window,,Unknown,,,,awc0034,,
AtCoder,awc0034_b,B. From Station to Station,,Unknown,,,,awc0034,,
AtCoder,awc0034_c,C. Watering the Flower Bed,,Unknown,,,,awc0034,,
AtCoder,awc0034_d,D. Meeting Room Reservation,,Unknown,,,,awc0034,,
AtCoder,awc0034_e,E. Exhibition Layout,,Unknown,,,,awc0034,,
AtCoder,awc0035_a,A. Warehouse Inventory Management,,Unknown,,,,awc0035,,
AtCoder,awc0035_b,B. Package Distribution Center,,Unknown,,,,awc0035,,
AtCoder,awc0035_c,C. Chain Blackout,,Unknown,,,,awc0035,,
AtCoder,awc0035_d,D. Part-Time Job Shift Assignment,,Unknown,,,,awc0035,,
AtCoder,awc0035_e,E. View of the Mountain Range,,Unknown,,,,awc0035,,
AtCoder,awc0036_a,A. Library Loan Management,,Unknown,,,,awc0036,,
AtCoder,awc0036_b,B. Managing the Guest List,,Unknown,,,,awc0036,,
AtCoder,awc0036_c,C. Splitting Logs,,Unknown,,,,awc0036,,
AtCoder,awc0036_d,D. Meeting Room Reservation,,Unknown,,,,awc0036,,
AtCoder,awc0036_e,E. Grid Filling,,Unknown,,,,awc0036,,
AtCoder,awc0037_a,A. The Highest Peak of the Mountain Range,,Unknown,,,,awc0037,,
AtCoder,awc0037_b,B. Available Time Slots for Meeting Rooms,,Unknown,,,,awc0037,,
AtCoder,awc0037_c,C. Sum of Products of Consecutive Intervals,,Unknown,,,,awc0037,,
AtCoder,awc0037_d,D. Arrangement of Trees,,Unknown,,,,awc0037,,
AtCoder,awc0037_e,E. Ball Transfer,,Unknown,,,,awc0037,,
AtCoder,awc0038_a,A. Mountain View,,Unknown,,,,awc0038,,
AtCoder,awc0038_b,B. Souvenir Selection,,Unknown,,,,awc0038,,
AtCoder,awc0038_c,C. Cutting a Rope,,Unknown,,,,awc0038,,
AtCoder,awc0038_d,D. Total Weight of Team Selection,,Unknown,,,,awc0038,,
AtCoder,awc0038_e,E. Warehouse Placement Plan,,Unknown,,,,awc0038,,
AtCoder,awc0039_a,A. Password Verification,,Unknown,,,,awc0039,,
AtCoder,awc0039_b,B. Student Grade Management,,Unknown,,,,awc0039,,
AtCoder,awc0039_c,C. Organizing the Bookshelf,,Unknown,,,,awc0039,,
AtCoder,awc0039_d,D. Fastest Delivery Route,,Unknown,,,,awc0039,,
AtCoder,awc0039_e,E. Library Book Search,,Unknown,,,,awc0039,,
AtCoder,awc0040_a,A. Flea Market Sales Management,,Unknown,,,,awc0040,,
AtCoder,awc0040_b,B. Distribution of Sweets,,Unknown,,,,awc0040,,
AtCoder,awc0040_c,C. Apple Harvest,,Unknown,,,,awc0040,,
AtCoder,awc0040_d,D. Crossing the Desert,,Unknown,,,,awc0040,,
AtCoder,awc0040_e,E. Internal Ranking,,Unknown,,,,awc0040,,
AtCoder,awc0041_a,A. Concert Ticket Reservation,,Unknown,,,,awc0041,,
AtCoder,awc0041_b,B. Rolling Ball,,Unknown,,,,awc0041,,
AtCoder,awc0041_c,C. Total Score of Pairs,,Unknown,,,,awc0041,,
AtCoder,awc0041_d,D. Forming an Adventurer Party,,Unknown,,,,awc0041,,
AtCoder,awc0041_e,E. Building View,,Unknown,,,,awc0041,,
AtCoder,awc0042_a,A. Packing Sweets into Boxes,,Unknown,,,,awc0042,,
AtCoder,awc0042_b,B. Stairway to Skill Up,,Unknown,,,,awc0042,,
AtCoder,awc0042_c,C. Bonus Distribution,,Unknown,,,,awc0042,,
AtCoder,awc0042_d,D. Distribution of Sweets,,Unknown,,,,awc0042,,
AtCoder,awc0042_e,E. Part-Time Job Shift Management,,Unknown,,,,awc0042,,
AtCoder,awc0043_a,A. Signal Attenuation,,Unknown,,,,awc0043,,
AtCoder,awc0043_b,B. Pairing for the Dance Party,,Unknown,,,,awc0043,,
AtCoder,awc0043_c,C. Imbalance of the Organization,,Unknown,,,,awc0043,,
AtCoder,awc0043_d,D. Sum of Height Differences,,Unknown,,,,awc0043,,
AtCoder,awc0043_e,E. Hiking Score on a Mountain Trail,,Unknown,,,,awc0043,,
AtCoder,awc0044_a,A. Refilling Water,,Unknown,,,,awc0044,,
AtCoder,awc0044_b,B. Library Book Survey on the Bookshelf,,Unknown,,,,awc0044,,
AtCoder,awc0044_c,C. Range Addition,,Unknown,,,,awc0044,,
AtCoder,awc0044_d,D. Optimizing Delivery Routes,,Unknown,,,,awc0044,,
AtCoder,awc0044_e,E. Restoration of Compressed Number Sequence,,Unknown,,,,awc0044,,
AtCoder,awc0045_a,A. Event Refund,,Unknown,,,,awc0045,,
AtCoder,awc0045_b,B. Order of Books on the Bookshelf,,Unknown,,,,awc0045,,
AtCoder,awc0045_c,C. Watering Duty,,Unknown,,,,awc0045,,
AtCoder,awc0045_d,D. Cell Division,,Unknown,,,,awc0045,,
AtCoder,awc0045_e,E. Interval Evaluation Value,,Unknown,,,,awc0045,,
AtCoder,awc0046_a,A. Optimal Practice Partner,,Unknown,,,,awc0046,,
AtCoder,awc0046_b,B. Organizing the Locker,,Unknown,,,,awc0046,,
AtCoder,awc0046_c,C. Seating Arrangement,,Unknown,,,,awc0046,,
AtCoder,awc0046_d,D. Operation Plan for Distribution Center,,Unknown,,,,awc0046,,
AtCoder,awc0046_e,E. A Walk and Barricades,,Unknown,,,,awc0046,,
AtCoder,awc0047_a,A. Temperature Changes on a Mountain Trail,,Unknown,,,,awc0047,,
AtCoder,awc0047_b,B. Road Closure on a One-Way Street,,Unknown,,,,awc0047,,
AtCoder,awc0047_c,C. Piggy Bank Management,,Unknown,,,,awc0047,,
AtCoder,awc0047_d,D. Equal Distribution of Cake,,Unknown,,,,awc0047,,
AtCoder,awc0047_e,E. Repeat Playback and Partial Matching,,Unknown,,,,awc0047,,
AtCoder,awc0048_a,A. Flipping Switches,,Unknown,,,,awc0048,,
AtCoder,awc0048_b,B. Footsteps in the Hallway,,Unknown,,,,awc0048,,
AtCoder,awc0048_c,C. Streetlights and Blizzard,,Unknown,,,,awc0048,,
AtCoder,awc0048_d,D. Maximum Score,,Unknown,,,,awc0048,,
AtCoder,awc0048_e,E. Team Formation,,Unknown,,,,awc0048,,
AtCoder,awc0049_a,A. Progressive Taxation Simulation,,Unknown,,,,awc0049,,
AtCoder,awc0049_b,B. Cell Cultivation,,Unknown,,,,awc0049,,
AtCoder,awc0049_c,C. Sum of Intervals,,Unknown,,,,awc0049,,
AtCoder,awc0049_d,D. Souvenir Combinations,,Unknown,,,,awc0049,,
AtCoder,awc0049_e,E. Optimizing Delivery Routes,,Unknown,,,,awc0049,,
AtCoder,awc0050_a,A. Matching Sequences,,Unknown,,,,awc0050,,
AtCoder,awc0050_b,B. Orchard Harvest,,Unknown,,,,awc0050,,
AtCoder,awc0050_c,C. Stacking Cards,,Unknown,,,,awc0050,,
AtCoder,awc0050_d,D. City Walk and Tolls,,Unknown,,,,awc0050,,
AtCoder,awc0050_e,E. Minimum Cost Guard Plan,,Unknown,,,,awc0050,,
AtCoder,awc0051_a,A. Library Book Search,,Unknown,,,,awc0051,,
AtCoder,awc0051_b,B. Data Compression,,Unknown,,,,awc0051,,
AtCoder,awc0051_c,C. Project Selection,,Unknown,,,,awc0051,,
AtCoder,awc0051_d,D. Shortest Evacuation Route,,Unknown,,,,awc0051,,
AtCoder,awc0051_e,E. Organizing Books,,Unknown,,,,awc0051,,
AtCoder,awc0052_a,A. Consecutive Rising Temperatures,,Unknown,,,,awc0052,,
AtCoder,awc0052_b,B. Circular Card Rotation,,Unknown,,,,awc0052,,
AtCoder,awc0052_c,C. Shopping Challenge,,Unknown,,,,awc0052,,
AtCoder,awc0052_d,D. Virus Testing and Infected Terminals,,Unknown,,,,awc0052,,
AtCoder,awc0052_e,E. The Adventurer's Journey,,Unknown,,,,awc0052,,
AtCoder,awc0053_a,A. Stone Taking Game,,Unknown,,,,awc0053,,
AtCoder,awc0053_b,B. Meeting Place,,Unknown,,,,awc0053,,
AtCoder,awc0053_c,C. Coverage Area of Radio Towers,,Unknown,,,,awc0053,,
AtCoder,awc0053_d,D. Repainting the Fence,,Unknown,,,,awc0053,,
AtCoder,awc0053_e,E. Magic Road,,Unknown,,,,awc0053,,
AtCoder,awc0054_a,A. Alphabet Classification,,Unknown,,,,awc0054,,
AtCoder,awc0054_b,B. Painting a Wall with Tape,,Unknown,,,,awc0054,,
AtCoder,awc0054_c,C. Watering the Flower Bed,,Unknown,,,,awc0054,,
AtCoder,awc0054_d,D. Card Taking Game,,Unknown,,,,awc0054,,
AtCoder,awc0054_e,E. Library Bookshelf Guide,,Unknown,,,,awc0054,,
AtCoder,awc0055_a,A. Apple Picking,,Unknown,,,,awc0055,,
AtCoder,awc0055_b,B. Nearest Post Office,,Unknown,,,,awc0055,,
AtCoder,awc0055_c,C. Loading Cargo,,Unknown,,,,awc0055,,
AtCoder,awc0055_d,D. Median Check,,Unknown,,,,awc0055,,
AtCoder,awc0055_e,E. Mixing and Target Amount,,Unknown,,,,awc0055,,
AtCoder,awc0056_a,A. Arranged Dish from a Recipe,,Unknown,,,,awc0056,,
AtCoder,awc0056_b,B. Energy-Saving Strategy,,Unknown,,,,awc0056,,
AtCoder,awc0056_c,C. Organizing Consecutive Bookshelves,,Unknown,,,,awc0056,,
AtCoder,awc0056_d,D. Dividing the Flower Bed into Sections,,Unknown,,,,awc0056,,
AtCoder,awc0056_e,E. Delivery Driver's Route,,Unknown,,,,awc0056,,
AtCoder,awc0057_a,A. Encryption Relay,,Unknown,,,,awc0057,,
AtCoder,awc0057_b,B. Library Book Search,,Unknown,,,,awc0057,,
AtCoder,awc0057_c,C. Investment and Doubling,,Unknown,,,,awc0057,,
AtCoder,awc0057_d,D. Choosing Flowers for the Flower Bed,,Unknown,,,,awc0057,,
AtCoder,awc0057_e,E. Marathon,,Unknown,,,,awc0057,,
AtCoder,awc0058_a,A. Mountain Climbing Training,,Unknown,,,,awc0058,,
AtCoder,awc0058_b,B. Apple Harvest,,Unknown,,,,awc0058,,
AtCoder,awc0058_c,C. Snow Depth Survey,,Unknown,,,,awc0058,,
AtCoder,awc0058_d,D. Shortest Time for Delivery Route,,Unknown,,,,awc0058,,
AtCoder,awc0058_e,E. Period of Stable Temperature,,Unknown,,,,awc0058,,
AtCoder,awc0059_a,A. Card Battle,,Unknown,,,,awc0059,,
AtCoder,awc0059_b,B. Scholarship Selection,,Unknown,,,,awc0059,,
AtCoder,awc0059_c,C. Orchard Harvest,,Unknown,,,,awc0059,,
AtCoder,awc0059_d,D. Balanced Diet,,Unknown,,,,awc0059,,
AtCoder,awc0059_e,E. Deepest Common Boss,,Unknown,,,,awc0059,,
AtCoder,awc0060_a,A. Test Score Difference,,Unknown,,,,awc0060,,
AtCoder,awc0060_b,B. Missing Survey and Team Division,,Unknown,,,,awc0060,,
AtCoder,awc0060_c,C. Simultaneous Firework Launch,,Unknown,,,,awc0060,,
AtCoder,awc0060_d,D. Card Stacking,,Unknown,,,,awc0060,,
AtCoder,awc0060_e,E. Cyclic Password,,Unknown,,,,awc0060,,
AtCoder,awc0061_a,A. Common Favorite Songs,,Unknown,,,,awc0061,,
AtCoder,awc0061_b,B. Mountain Trail Hiking,,Unknown,,,,awc0061,,
AtCoder,awc0061_c,C. Orchard Harvest,,Unknown,,,,awc0061,,
AtCoder,awc0061_d,D. Bus Route Transfers,,Unknown,,,,awc0061,,
AtCoder,awc0061_e,E. Selection of Exhibited Works,,Unknown,,,,awc0061,,
AtCoder,awc0062_a,A. Completing the Training Menu,,Unknown,,,,awc0062,,
AtCoder,awc0062_b,B. Highway Toll Booth,,Unknown,,,,awc0062,,
AtCoder,awc0062_c,C. Optimal Menu Selection for an Izakaya,,Unknown,,,,awc0062,,
AtCoder,awc0062_d,D. Nearly Identical Signal Patterns,,Unknown,,,,awc0062,,
AtCoder,awc0062_e,E. Radio Tower and Signal Strength,,Unknown,,,,awc0062,,
AtCoder,awc0063_a,A. Starry Sky Observation Log,,Unknown,,,,awc0063,,
AtCoder,awc0063_b,B. Meeting Room Where Everyone Can Attend,,Unknown,,,,awc0063,,
AtCoder,awc0063_c,C. Maximizing Investment,,Unknown,,,,awc0063,,
AtCoder,awc0063_d,D. Card Taking Game,,Unknown,,,,awc0063,,
AtCoder,awc0063_e,E. Number of Blocks in an Interval,,Unknown,,,,awc0063,,
AtCoder,awc0064_a,A. Consecutive High-Score Segments,,Unknown,,,,awc0064,,
AtCoder,awc0064_b,B. Card Taking Game,,Unknown,,,,awc0064,,
AtCoder,awc0064_c,C. Summer Homework Plan,,Unknown,,,,awc0064,,
AtCoder,awc0064_d,D. Bridges Connecting Remote Islands,,Unknown,,,,awc0064,,
AtCoder,awc0064_e,E. Reduce Inversions with Adjacent Swaps,,Unknown,,,,awc0064,,
AtCoder,awc0065_a,A. Rest Plan for a Long-Distance Drive,,Unknown,,,,awc0065,,
AtCoder,awc0065_b,B. Shopping List,,Unknown,,,,awc0065,,
AtCoder,awc0065_c,C. Choosing Flowers for the Flower Bed,,Unknown,,,,awc0065,,
AtCoder,awc0065_d,D. Total Sales Within Delivery Range,,Unknown,,,,awc0065,,
AtCoder,awc0065_e,E. Period of Stable Temperature,,Unknown,,,,awc0065,,
AtCoder,awc0066_a,A. Belt Conveyor,,Unknown,,,,awc0066,,
AtCoder,awc0066_b,B. Smartphone Battery,,Unknown,,,,awc0066,,
AtCoder,awc0066_c,C. Discount Coupon,,Unknown,,,,awc0066,,
AtCoder,awc0066_d,D. Splitting a Rope,,Unknown,,,,awc0066,,
AtCoder,awc0066_e,E. Average Score of Tourist Routes,,Unknown,,,,awc0066,,
AtCoder,awc0067_a,A. Grade Management System,,Unknown,,,,awc0067,,
AtCoder,awc0067_b,B. Maximum Subarray Sum of Profit and Loss,,Unknown,,,,awc0067,,
AtCoder,awc0067_c,C. Grocery Shopping,,Unknown,,,,awc0067,,
AtCoder,awc0067_d,D. City Network,,Unknown,,,,awc0067,,
AtCoder,awc0067_e,E. Card Taking Game,,Unknown,,,,awc0067,,
AtCoder,awc0068_a,A. Comfortable Temperature,,Unknown,,,,awc0068,,
AtCoder,awc0068_b,B. Farm Partitioning,,Unknown,,,,awc0068,,
AtCoder,awc0068_c,C. Team Flag Colors,,Unknown,,,,awc0068,,
AtCoder,awc0068_d,D. Congested Intersection,,Unknown,,,,awc0068,,
AtCoder,awc0068_e,E. Selecting Photo Spots,,Unknown,,,,awc0068,,
AtCoder,awc0069_a,A. Stock Price Fluctuation Range,,Unknown,,,,awc0069,,
AtCoder,awc0069_b,B. Candy Selection Contest,,Unknown,,,,awc0069,,
AtCoder,awc0069_c,C. Light Switch Operation,,Unknown,,,,awc0069,,
AtCoder,awc0069_d,D. Installation of Radio Towers,,Unknown,,,,awc0069,,
AtCoder,awc0069_e,E. Library Inventory Check,,Unknown,,,,awc0069,,
AtCoder,awc0070_a,A. Sorting Packages,,Unknown,,,,awc0070,,
AtCoder,awc0070_b,B. Days of the Passing Line,,Unknown,,,,awc0070,,
AtCoder,awc0070_c,C. Ways to Climb Stairs,,Unknown,,,,awc0070,,
AtCoder,awc0070_d,D. Switching the Lights,,Unknown,,,,awc0070,,
AtCoder,awc0070_e,E. Delivery Person's Round,,Unknown,,,,awc0070,,
AtCoder,awc0071_a,A. Depth of Parentheses,,Unknown,,,,awc0071,,
AtCoder,awc0071_b,B. Sandwich Melody,,Unknown,,,,awc0071,,
AtCoder,awc0071_c,C. Equal Load Distribution,,Unknown,,,,awc0071,,
AtCoder,awc0071_d,D. Delivery,,Unknown,,,,awc0071,,
AtCoder,awc0071_e,E. Installation of Wi-Fi Access Points,,Unknown,,,,awc0071,,
AtCoder,awc0072_a,A. Matching of Notes,,Unknown,,,,awc0072,,
AtCoder,awc0072_b,B. Tending the Flower Bed,,Unknown,,,,awc0072,,
AtCoder,awc0072_c,C. Battery Remaining,,Unknown,,,,awc0072,,
AtCoder,awc0072_d,D. Mountain Traverse,,Unknown,,,,awc0072,,
AtCoder,awc0072_e,E. Checking Seats and Lunches,,Unknown,,,,awc0072,,
AtCoder,awc0073_a,A. Lottery Number Matching,,Unknown,,,,awc0073,,
AtCoder,awc0073_b,B. Flipping Cards,,Unknown,,,,awc0073,,
AtCoder,awc0073_c,C. Synergy at the Flea Market,,Unknown,,,,awc0073,,
AtCoder,awc0073_d,D. Package Delivery,,Unknown,,,,awc0073,,
AtCoder,awc0073_e,E. Snow Plow Routing,,Unknown,,,,awc0073,,
AtCoder,awc0074_a,A. Ribbon Cut,,Unknown,,,,awc0074,,
AtCoder,awc0074_b,B. Maximum Sum of a Contiguous Subarray,,Unknown,,,,awc0074,,
AtCoder,awc0074_c,C. Light Switch Operation,,Unknown,,,,awc0074,,
AtCoder,awc0074_d,D. Safe School Route,,Unknown,,,,awc0074,,
AtCoder,awc0074_e,E. Jamming and Communication Network,,Unknown,,,,awc0074,,
AtCoder,awc0075_a,A. Zigzag of Mountain Range,,Unknown,,,,awc0075,,
AtCoder,awc0075_b,B. Fruit Harvest,,Unknown,,,,awc0075,,
AtCoder,awc0075_c,C. Shopping Within Budget,,Unknown,,,,awc0075,,
AtCoder,awc0075_d,D. Sorting Bouquets,,Unknown,,,,awc0075,,
AtCoder,awc0075_e,E. Lost Kittens,,Unknown,,,,awc0075,,
AtCoder,awc0076_a,A. Neighborhood Association Audit,,Unknown,,,,awc0076,,
AtCoder,awc0076_b,B. Scoreboard of a Programming Contest,,Unknown,,,,awc0076,,
AtCoder,awc0076_c,C. Inversion of the Magic Square,,Unknown,,,,awc0076,,
AtCoder,awc0076_d,D. Escape from the Labyrinth,,Unknown,,,,awc0076,,
AtCoder,awc0076_e,E. Library Loan Management,,Unknown,,,,awc0076,,
AtCoder,awc0077_a,A. Used Car Selection,,Unknown,,,,awc0077,,
AtCoder,awc0077_b,B. Assortment of Sweets,,Unknown,,,,awc0077,,
AtCoder,awc0077_c,C. Minimum Number of Items to Buy,,Unknown,,,,awc0077,,
AtCoder,awc0077_d,D. Fluffy Cloud Hopping,,Unknown,,,,awc0077,,
AtCoder,awc0077_e,E. Gift Distribution,,Unknown,,,,awc0077,,
AtCoder,awc0078_a,A. Warehouse Shipment Management,,Unknown,,,,awc0078,,
AtCoder,awc0078_b,B. Number of Snow Shoveling Times,,Unknown,,,,awc0078,,
AtCoder,awc0078_c,C. Eliminated Players and the Standings,,Unknown,,,,awc0078,,
AtCoder,awc0078_d,D. Product Return,,Unknown,,,,awc0078,,
AtCoder,awc0078_e,E. Company Management Simulation,,Unknown,,,,awc0078,,
AtCoder,awc0079_a,A. Safe Network,,Unknown,,,,awc0079,,
AtCoder,awc0079_b,B. Bulk Purchase Discount,,Unknown,,,,awc0079,,
AtCoder,awc0079_c,C. Periodic Chase,,Unknown,,,,awc0079,,
AtCoder,awc0079_d,D. Distribution of Souvenirs,,Unknown,,,,awc0079,,
AtCoder,awc0079_e,E. Composition of Convex Shapes,,Unknown,,,,awc0079,,
AtCoder,awc0080_a,A. Bomb Disposal Squad,,Unknown,,,,awc0080,,
AtCoder,awc0080_b,B. Quality Inspection and Product Disposal,,Unknown,,,,awc0080,,
AtCoder,awc0080_c,C. Reward for Carrying Luggage,,Unknown,,,,awc0080,,
AtCoder,awc0080_d,D. Network Construction,,Unknown,,,,awc0080,,
AtCoder,awc0080_e,E. Paint Drop,,Unknown,,,,awc0080,,
AtCoder,awc0081_a,A. Order Confirmation,,Unknown,,,,awc0081,,
AtCoder,awc0081_b,B. Monster Slaying,,Unknown,,,,awc0081,,
AtCoder,awc0081_c,C. Spread of Rumors,,Unknown,,,,awc0081,,
AtCoder,awc0081_d,D. Organizing the Bookshelf,,Unknown,,,,awc0081,,
AtCoder,awc0081_e,E. Balanced Groups in Tournament Partition,,Unknown,,,,awc0081,,
AtCoder,awc0082_a,A. Store Sales Calculation,,Unknown,,,,awc0082,,
AtCoder,awc0082_b,B. Maximizing the Partition Score of a Lamp Sequence,,Unknown,,,,awc0082,,
AtCoder,awc0082_c,C. Train Rearrangement,,Unknown,,,,awc0082,,
AtCoder,awc0082_d,D. Corridor Doors and Hit Points,,Unknown,,,,awc0082,,
AtCoder,awc0082_e,E. Company Organization and Salaries,,Unknown,,,,awc0082,,
AtCoder,awc0083_a,A. Plant Growth Record,,Unknown,,,,awc0083,,
AtCoder,awc0083_b,B. Choosing an Observation Deck,,Unknown,,,,awc0083,,
AtCoder,awc0083_c,C. Laying Optical Fiber,,Unknown,,,,awc0083,,
AtCoder,awc0083_d,D. Escape from the Ice Rink,,Unknown,,,,awc0083,,
AtCoder,awc0083_e,E. Jewel Necklace,,Unknown,,,,awc0083,,
AtCoder,awc0084_a,A. Warehouse Inventory Management,,Unknown,,,,awc0084,,
AtCoder,awc0084_b,B. Shopping Plan,,Unknown,,,,awc0084,,
AtCoder,awc0084_c,C. Shortest Path in a Maze,,Unknown,,,,awc0084,,
AtCoder,awc0084_d,D. Museum Patrol,,Unknown,,,,awc0084,,
AtCoder,awc0084_e,E. Cipher Conversion Device and Password Authentication,,Unknown,,,,awc0084,,
AtCoder,awc0085_a,A. Tournament Elimination Round,,Unknown,,,,awc0085,,
AtCoder,awc0085_b,B. Fruit Harvest,,Unknown,,,,awc0085,,
AtCoder,awc0085_c,C. Shopping Plan,,Unknown,,,,awc0085,,
AtCoder,awc0085_d,D. Organizing Branching Shelves,,Unknown,,,,awc0085,,
AtCoder,awc0085_e,E. Minimizing Genre Imbalance in a Playlist,,Unknown,,,,awc0085,,
AtCoder,awc0086_a,A. Watching the Fireworks Festival,,Unknown,,,,awc0086,,
AtCoder,awc0086_b,B. Training Without Consecutive Repetitions,,Unknown,,,,awc0086,,
AtCoder,awc0086_c,C. Switching the Lights,,Unknown,,,,awc0086,,
AtCoder,awc0086_d,D. Shortest Delivery Route,,Unknown,,,,awc0086,,
AtCoder,awc0086_e,E. Dance Synchronization,,Unknown,,,,awc0086,,
AtCoder,awc0087_a,A. Meeting on a Number Line,,Unknown,,,,awc0087,,
AtCoder,awc0087_b,B. Factory Machine Maintenance,,Unknown,,,,awc0087,,
AtCoder,awc0087_c,C. Shortest Mountain Climbing Route,,Unknown,,,,awc0087,,
AtCoder,awc0087_d,D. Returning Library Books,,Unknown,,,,awc0087,,
AtCoder,awc0087_e,E. Change of Assigned Interval,,Unknown,,,,awc0087,,
AtCoder,awc0088_a,A. Bus Departure Time,,Unknown,,,,awc0088,,
AtCoder,awc0088_b,B. Bus Tour Group Division,,Unknown,,,,awc0088,,
AtCoder,awc0088_c,C. Farm Harvest Festival,,Unknown,,,,awc0088,,
AtCoder,awc0088_d,D. Control Panel Operation Sequence,,Unknown,,,,awc0088,,
AtCoder,awc0088_e,E. Intervals That Can Be Arranged Alternately,,Unknown,,,,awc0088,,
AtCoder,awc0089_a,A. Correcting the Household Account Book,,Unknown,,,,awc0089,,
AtCoder,awc0089_b,B. Connecting Pipes,,Unknown,,,,awc0089,,
AtCoder,awc0089_c,C. A Walk to Cherry Blossom Viewing,,Unknown,,,,awc0089,,
AtCoder,awc0089_d,D. Cheapest Route,,Unknown,,,,awc0089,,
AtCoder,awc0089_e,E. Painting the Fence,,Unknown,,,,awc0089,,
AtCoder,awc0090_a,A. Flea Market Booth Planning,,Unknown,,,,awc0090,,
AtCoder,awc0090_b,B. Space Exploration Mission,,Unknown,,,,awc0090,,
AtCoder,awc0090_c,C. Verification of Binary Decision Trees,,Unknown,,,,awc0090,,
AtCoder,awc0090_d,D. Event Venue Reservation,,Unknown,,,,awc0090,,
AtCoder,awc0090_e,E. Lexicographic Ranking of Circular Strings,,Unknown,,,,awc0090,,
AtCoder,awc0091_a,A. Bus Stop Timetable,,Unknown,,,,awc0091,,
AtCoder,awc0091_b,B. Choosing Tourist Spots,,Unknown,,,,awc0091,,
AtCoder,awc0091_c,C. Urban Planning and Road Development,,Unknown,,,,awc0091,,
AtCoder,awc0091_d,D. Dark Intervals of Street Lights,,Unknown,,,,awc0091,,
AtCoder,awc0091_e,E. Household Budget and Target Balance,,Unknown,,,,awc0091,,
AtCoder,awc0092_a,A. Water Management and Harvest Value Aggregation,,Unknown,,,,awc0092,,
AtCoder,awc0092_b,B. Robot Going Back and Forth in a Hallway,,Unknown,,,,awc0092,,
AtCoder,awc0092_c,C. Spread of Rumors,,Unknown,,,,awc0092,,
AtCoder,awc0092_d,D. Presentation Order,,Unknown,,,,awc0092,,
AtCoder,awc0092_e,E. Adventurer and a Row of Monsters,,Unknown,,,,awc0092,,
AtCoder,awc0093_a,A. Lunch Box Orders,,Unknown,,,,awc0093,,
AtCoder,awc0093_b,B. Message Forwarding,,Unknown,,,,awc0093,,
AtCoder,awc0093_c,C. Watering the Flower Bed,,Unknown,,,,awc0093,,
AtCoder,awc0093_d,D. Selection of a Mountain Climbing Route,,Unknown,,,,awc0093,,
AtCoder,awc0093_e,E. Consistency of Team Division,,Unknown,,,,awc0093,,
AtCoder,awtf2024_a,A. Moving Slimes,,Unknown,,,,awtf2024-open,,
AtCoder,awtf2024_b,B. 01 Inversion Expected,,Unknown,,,,awtf2024-open,,
AtCoder,awtf2024_c,C. Fuel,,Unknown,,,,awtf2024-open,,
AtCoder,awtf2024_d,D. Almost Bubble Sort,,Unknown,,,,awtf2024-open,,
AtCoder,awtf2024_e,E. Colorful Stamps,,Unknown,,,,awtf2024-open,,
AtCoder,awtf2025_a,A. LIS Keeping Swaps,,Unknown,,,,awtf2025algo-open,,
AtCoder,awtf2025_b,B. Movies,,Unknown,,,,awtf2025algo-open,,
AtCoder,awtf2025_c,C. Get Closer,,Unknown,,,,awtf2025algo-open,,
AtCoder,awtf2025_d,D. BFS-ordered Tree,,Unknown,,,,awtf2025algo-open,,
AtCoder,awtf2025_e,E. Functional Graph,,Unknown,,,,awtf2025algo-open,,
AtCoder,awtf2025heuristic_a,A. Group Commands and Wall Planning,,Unknown,,,,awtf2025heuristic,,
AtCoder,awtf2025heuristic_b,A-Final. Group Commands and Wall Planning (System Test),,Unknown,,,,awtf2025heuristic,,
AtCoder,bcu30_2018_a,A. Ball,,Unknown,,,,bcu30-2018,,
AtCoder,bcu30_2018_b,B. Spring Water,,Unknown,,,,bcu30-2018,,
AtCoder,bcu30_2018_qual_a,A. Age,,Unknown,,,,bcu30-2018-qual,,
AtCoder,bcu30_2019_a,A. Wolf Keyboard,,Unknown,,,,bcu30-2019,,
AtCoder,bcu30_2019_b,B. Interval Addition,,Unknown,,,,bcu30-2019,,
AtCoder,bcu30_2019_qual_a,A. Bullet of Flame,,Unknown,,,,bcu30-2019-qual,,
AtCoder,bcu30_a,A. すごろく,,Unknown,,,,bcu30,,
AtCoder,bcu30_b,B. 数字パズル,,Unknown,,,,bcu30,,
AtCoder,bcu30_c,C. クロスワード,,Unknown,,,,bcu30,,
AtCoder,bcu30_d,D. 数直線,,Unknown,,,,bcu30,,
AtCoder,bcu30_e,E. スライドパズル,,Unknown,,,,bcu30,,
AtCoder,bcu30_f,F. 数列と計算,,Unknown,,,,bcu30,,
AtCoder,birthday0410_a,A. A + B,,Unknown,,,,birthday0410,,
AtCoder,birthday0410_b,B. ライスゲーム,,Unknown,,,,birthday0410,,
AtCoder,birthday0410_c,C. ロ　シ　ア,,Unknown,,,,birthday0410,,
AtCoder,birthday0410_d,D. 先生と遺書,,Unknown,,,,birthday0410,,
AtCoder,birthday0410_e,E. 排他的☆論理和っ！！,,Unknown,,,,birthday0410,,
AtCoder,birthday0410_f,F. おいらの素数生成式,,Unknown,,,,birthday0410,,
AtCoder,birthday0410_x,X. この問題はほんとうにひどい問題であるため，できれば先に他の問題のほうをお楽しみいただければと思っておりまして，ですので他の問題を通し終えて暇になり，かつその暇を,,Unknown,,,,birthday0410,,
AtCoder,bitflyer2018_final_a,A. 値札,,Unknown,,,,bitflyer2018-final,,
AtCoder,bitflyer2018_final_b,B. 交通費,,Unknown,,,,bitflyer2018-final,,
AtCoder,bitflyer2018_final_c,C. 部分文字列と括弧,,Unknown,,,,bitflyer2018-final,,
AtCoder,bitflyer2018_final_d,D. 数列 XOR,,Unknown,,,,bitflyer2018-final,,
AtCoder,bitflyer2018_final_e,E. 数式とクエリ,,Unknown,,,,bitflyer2018-final,,
AtCoder,bitflyer2018_final_f,F. 配信パズル,,Unknown,,,,bitflyer2018-final,,
AtCoder,bitflyer2018_final_g,G. Following Permutations,,Unknown,,,,bitflyer2018-final,,
AtCoder,bitflyer2018_final_h,H. 三角形と格子点,,Unknown,,,,bitflyer2018-final,,
AtCoder,bitflyer2018_qual_a,A. 本選参加者数,,Unknown,,,,bitflyer2018-qual,,
AtCoder,bitflyer2018_qual_b,B. 洋菓子店,,Unknown,,,,bitflyer2018-qual,,
AtCoder,bitflyer2018_qual_c,C. 徒歩圏内,,Unknown,,,,bitflyer2018-qual,,
AtCoder,bitflyer2018_qual_d,D. ハンコ,,Unknown,,,,bitflyer2018-qual,,
AtCoder,bitflyer2018_qual_e,E. 祝日,,Unknown,,,,bitflyer2018-qual,,
AtCoder,c_league2026_1_a,A. Polish and Slide,,Unknown,,,,c-league2026-1,,
AtCoder,caddi2018_a,C. Product and GCD,778.0,Easy,,,,caddi2018b,1909.0,False
AtCoder,caddi2018_b,D. Harlequin,1106.0,Medium,,,,caddi2018b,1909.0,False
AtCoder,caddi2018_c,E. Negative Doubling,2327.0,Hard,,,,caddi2018,753.0,False
AtCoder,caddi2018_d,F. Square,2723.0,Hard,,,,caddi2018,753.0,False
AtCoder,caddi2018b_a,A. 12/22,-712.0,Easy,,,,caddi2018b,1156.0,False
AtCoder,caddi2018b_b,B. AtCoder Alloy,-432.0,Easy,,,,caddi2018b,1156.0,False
AtCoder,caddi2019_a,A. 球の詰め込み,,Unknown,,,,caddi2019,,
AtCoder,cf16_exhibition_final_a,A. 1D Matching,,Unknown,,,,cf16-exhibition-final,,False
AtCoder,cf16_exhibition_final_b,B. Inscribed Bicycle,,Unknown,,,,cf16-exhibition-final,,False
AtCoder,cf16_exhibition_final_c,C. Cheating Nim,,Unknown,,,,cf16-exhibition-final,,False
AtCoder,cf16_exhibition_final_d,D. Dice Game,,Unknown,,,,cf16-exhibition-final,,False
AtCoder,cf16_exhibition_final_e,E. Water Distribution,,Unknown,,,,cf16-exhibition-final,,False
AtCoder,cf16_exhibition_final_f,F. Intervals,,Unknown,,,,cf16-exhibition-final,,False
AtCoder,cf16_exhibition_final_g,G. FESTIVAL,,Unknown,,,,cf16-exhibition-final,,False
AtCoder,cf16_exhibition_final_h,H. AB=C Problem,,Unknown,,,,cf16-exhibition-final,,False
AtCoder,cf16_exhibition_final_i,I. 90 and 270,,Unknown,,,,cf16-exhibition-final,,False
AtCoder,cf16_exhibition_final_j,J. 123 Pairs,,Unknown,,,,cf16-exhibition-final,,False
AtCoder,cf17_exhibition_a,A. Awkward,,Unknown,,,,cf17-exhibition-open,,
AtCoder,cf17_exhibition_b,B. Increment and Swap,,Unknown,,,,cf17-exhibition-open,,
AtCoder,cf17_final_a,A. AKIBA,439.0,Easy,,,,cf17-final,385.0,False
AtCoder,cf17_final_b,B. Palindrome-phobia,812.0,Medium,,,,cf17-final,385.0,False
AtCoder,cf17_final_c,C. Time Gap,1390.0,Medium,,,,cf17-final,385.0,False
AtCoder,cf17_final_d,D. Zabuton,2509.0,Hard,,,,cf17-final,385.0,False
AtCoder,cf17_final_e,E. Combination Lock,2817.0,Hard,,,,cf17-final,385.0,False
AtCoder,cf17_final_f,F. Distribute Numbers,2641.0,Hard,,,,cf17-final,385.0,False
AtCoder,cf17_final_g,G. Mancala,2931.0,Hard,,,,cf17-final,385.0,False
AtCoder,cf17_final_h,H. Poor Penguin,3988.0,Hard,,,,cf17-final,385.0,False
AtCoder,cf17_final_i,I. Full Tournament,3988.0,Hard,,,,cf17-final,385.0,False
AtCoder,cf17_final_j,J. Tree MST,3822.0,Hard,,,,cf17-final,385.0,False
AtCoder,cf_2015_morning_easy_a,A. ヘイホー君と加算,,Unknown,,,,code-festival-2015-morning-easy,,True
AtCoder,cf_2015_morning_easy_b,B. ヘイホー君と置き換え,429.0,Easy,,,,code-festival-2015-morning-easy,88.0,True
AtCoder,cf_2015_morning_easy_c,C. ヘイホー君と最終試験,841.0,Medium,,,,code-festival-2015-morning-easy,206.0,True
AtCoder,cf_2015_morning_easy_d,D. ヘイホー君と削除,1316.0,Medium,,,,code-festival-2015-morning-easy,206.0,True
AtCoder,cf_2015_morning_hard_a,C. 一次元オセロ,1587.0,Medium,,,,code-festival-2015-morning-middle,158.0,True
AtCoder,cf_2015_morning_hard_b,D. 立方体とペンキ,2456.0,Hard,,,,code-festival-2015-morning-middle,158.0,True
AtCoder,cf_2015_morning_hard_c,C. 数列の組み替え,3258.0,Hard,,,,code-festival-2015-morning-hard,40.0,True
AtCoder,cf_2015_morning_hard_h,D. ありんこ,2944.0,Hard,,,,code-festival-2015-morning-hard,40.0,True
AtCoder,cf_2015_relay_a,A. チーム分け,,Unknown,,,,code-festival-2015-relay,,
AtCoder,cf_2015_relay_b,B. 全完,,Unknown,,,,code-festival-2015-relay,,
AtCoder,cf_2015_relay_c,C. 円周率,,Unknown,,,,code-festival-2015-relay,,
AtCoder,cf_2015_relay_d,D. ピザ,,Unknown,,,,code-festival-2015-relay,,
AtCoder,cf_2015_relay_e,E. 反転時計,,Unknown,,,,code-festival-2015-relay,,
AtCoder,cf_2015_relay_f,F. グラフの個数,,Unknown,,,,code-festival-2015-relay,,
AtCoder,cf_2015_relay_g,G. 主菜と副菜,,Unknown,,,,code-festival-2015-relay,,
AtCoder,cf_2015_relay_h,H. 塗りつぶし,,Unknown,,,,code-festival-2015-relay,,
AtCoder,cf_2015_relay_i,I. Platoon Match,,Unknown,,,,code-festival-2015-relay,,
AtCoder,cf_2015_relay_j,J. 石山ゲーム,,Unknown,,,,code-festival-2015-relay,,
AtCoder,chokudai002_a,A. 約数をたくさんつくろう！,,Unknown,,,,chokudai002,,
AtCoder,chokudai003_a,A. ○×ブロック,,Unknown,,,,chokudai003,,
AtCoder,chokudai004_a,A. Just Write Numbers!,,Unknown,,,,chokudai004,,
AtCoder,chokudai005_a,A. カラフルパネル,,Unknown,,,,chokudai005,,
AtCoder,chokudai_001_a,A. 高橋君の山崩しゲーム,,Unknown,,,,chokudai001,,
AtCoder,chokudai_S001_a,A. 最大値,,Unknown,,,,chokudai_S001,,
AtCoder,chokudai_S001_b,B. 和,,Unknown,,,,chokudai_S001,,
AtCoder,chokudai_S001_c,C. カンマ区切り,,Unknown,,,,chokudai_S001,,
AtCoder,chokudai_S001_d,D. ソート,,Unknown,,,,chokudai_S001,,
AtCoder,chokudai_S001_e,E. 1は何番目？,,Unknown,,,,chokudai_S001,,
AtCoder,chokudai_S001_f,F. 見える数,,Unknown,,,,chokudai_S001,,
AtCoder,chokudai_S001_g,G. あまり,,Unknown,,,,chokudai_S001,,
AtCoder,chokudai_S001_h,H. LIS,,Unknown,,,,chokudai_S001,,
AtCoder,chokudai_S001_i,I. 和がNの区間,,Unknown,,,,chokudai_S001,,
AtCoder,chokudai_S001_j,J. 転倒数,,Unknown,,,,chokudai_S001,,
AtCoder,chokudai_S001_k,K. 辞書順で何番目？,,Unknown,,,,chokudai_S001,,
AtCoder,chokudai_S001_l,L. N回スワップ,,Unknown,,,,chokudai_S001,,
AtCoder,chokudai_S002_a,A. 長方形 α,,Unknown,,,,chokudai_S002,,
AtCoder,chokudai_S002_b,B. あまり α,,Unknown,,,,chokudai_S002,,
AtCoder,chokudai_S002_c,C. 和の最大値 α,,Unknown,,,,chokudai_S002,,
AtCoder,chokudai_S002_d,D. 和の最大値 β,,Unknown,,,,chokudai_S002,,
AtCoder,chokudai_S002_e,E. カツサンドくん α,,Unknown,,,,chokudai_S002,,
AtCoder,chokudai_S002_f,F. 種類数 α,,Unknown,,,,chokudai_S002,,
AtCoder,chokudai_S002_g,G. GCD α,,Unknown,,,,chokudai_S002,,
AtCoder,chokudai_S002_h,H. あまり β,,Unknown,,,,chokudai_S002,,
AtCoder,chokudai_S002_i,I. カツサンドくん β,,Unknown,,,,chokudai_S002,,
AtCoder,chokudai_S002_j,J. GCD β,,Unknown,,,,chokudai_S002,,
AtCoder,chokudai_S002_k,K. 種類数 β,,Unknown,,,,chokudai_S002,,
AtCoder,chokudai_S002_l,L. 長方形 β,,Unknown,,,,chokudai_S002,,
AtCoder,code_festival_2015_okinawa_a,A. Automatic Map Generator,,Unknown,,,,code-festival-2015-okinawa-open,,
AtCoder,code_festival_2015_okinawa_b,B. Beware of the Sogginess!,,Unknown,,,,code-festival-2015-okinawa-open,,
AtCoder,code_festival_2015_okinawa_c,C. Cat versus Wolf,,Unknown,,,,code-festival-2015-okinawa-open,,
AtCoder,code_festival_2015_okinawa_d,D. Dictionary for Shiritori Game,,Unknown,,,,code-festival-2015-okinawa-open,,
AtCoder,code_festival_2015_okinawa_e,E. Enormous XOR Rectangle,,Unknown,,,,code-festival-2015-okinawa-open,,
AtCoder,code_festival_2015_okinawa_f,F. Falconry,,Unknown,,,,code-festival-2015-okinawa-open,,
AtCoder,code_festival_2015_okinawa_g,G. Gorgeous Vases,,Unknown,,,,code-festival-2015-okinawa-open,,
AtCoder,code_festival_2015_okinawa_h,H. Happy 2015,,Unknown,,,,code-festival-2015-okinawa-open,,
AtCoder,code_festival_2015_okinawa_i,I. Implementation Addict,,Unknown,,,,code-festival-2015-okinawa-open,,
AtCoder,code_festival_2015_okinawa_j,J. Jungle,,Unknown,,,,code-festival-2015-okinawa-open,,
AtCoder,code_festival_2017_quala_a,A. Snuke's favorite YAKINIKU,-158.0,Easy,,,,code-festival-2017-quala,1432.0,False
AtCoder,code_festival_2017_quala_b,B. fLIP,863.0,Medium,,,,code-festival-2017-quala,1432.0,False
AtCoder,code_festival_2017_quala_c,C. Palindromic Matrix,1203.0,Medium,,,,code-festival-2017-quala,1432.0,False
AtCoder,code_festival_2017_quala_d,D. Four Coloring,2445.0,Hard,,,,code-festival-2017-quala,1432.0,False
AtCoder,code_festival_2017_quala_e,E. Modern Painting,3415.0,Hard,,,,code-festival-2017-quala,1432.0,False
AtCoder,code_festival_2017_quala_f,F. Squeezing Slimes,3091.0,Hard,,,,code-festival-2017-quala,1432.0,False
AtCoder,code_festival_2017_qualb_a,A. XXFESTIVAL,-282.0,Easy,,,,code-festival-2017-qualb,1267.0,False
AtCoder,code_festival_2017_qualb_b,B. Problem Set,568.0,Easy,,,,code-festival-2017-qualb,1267.0,False
AtCoder,code_festival_2017_qualb_c,C. 3 Steps,1883.0,Medium,,,,code-festival-2017-qualb,1267.0,False
AtCoder,code_festival_2017_qualb_d,D. 101 to 010,2499.0,Hard,,,,code-festival-2017-qualb,1267.0,False
AtCoder,code_festival_2017_qualb_e,E. Popping Balls,2937.0,Hard,,,,code-festival-2017-qualb,1267.0,False
AtCoder,code_festival_2017_qualb_f,F. Largest Smallest Cyclic Shift,3266.0,Hard,,,,code-festival-2017-qualb,1267.0,False
AtCoder,code_festival_2017_qualc_a,A. Can you get AC?,-301.0,Easy,,,,code-festival-2017-qualc,1209.0,False
AtCoder,code_festival_2017_qualc_b,B. Similar Arrays,424.0,Easy,,,,code-festival-2017-qualc,1209.0,False
AtCoder,code_festival_2017_qualc_c,C. Inserting 'x',975.0,Medium,,,,code-festival-2017-qualc,1209.0,False
AtCoder,code_festival_2017_qualc_d,D. Yet Another Palindrome Partitioning,2132.0,Hard,,,,code-festival-2017-qualc,1209.0,False
AtCoder,code_festival_2017_qualc_e,E. Cubes,3750.0,Hard,,,,code-festival-2017-qualc,1209.0,False
AtCoder,code_festival_2017_qualc_f,F. Three Gluttons,3315.0,Hard,,,,code-festival-2017-qualc,1209.0,False
AtCoder,code_festival_2018_final_a,A. 2540,,Unknown,,,,code-festival-2018-final-open,,
AtCoder,code_festival_2018_final_b,B. Theme Color,,Unknown,,,,code-festival-2018-final-open,,
AtCoder,code_festival_2018_final_c,C. Telephone Charge,,Unknown,,,,code-festival-2018-final-open,,
AtCoder,code_festival_2018_final_d,D. Three Letters,,Unknown,,,,code-festival-2018-final-open,,
AtCoder,code_festival_2018_final_e,E. Tough Journey,,Unknown,,,,code-festival-2018-final-open,,
AtCoder,code_festival_2018_final_f,F. Dinner Planning,,Unknown,,,,code-festival-2018-final-open,,
AtCoder,code_festival_2018_final_g,G. Chicks and Cages,,Unknown,,,,code-festival-2018-final-open,,
AtCoder,code_festival_2018_final_h,H. Pothunter,,Unknown,,,,code-festival-2018-final-open,,
AtCoder,code_festival_2018_final_i,I. Homework,,Unknown,,,,code-festival-2018-final-open,,
AtCoder,code_festival_2018_final_j,J. Complicated Operations,,Unknown,,,,code-festival-2018-final-open,,
AtCoder,code_festival_2018_quala_a,A. 配点,,Unknown,,,,code-festival-2018-quala,,
AtCoder,code_festival_2018_quala_b,B. みかん,,Unknown,,,,code-festival-2018-quala,,
AtCoder,code_festival_2018_quala_c,C. 半分,,Unknown,,,,code-festival-2018-quala,,
AtCoder,code_festival_2018_quala_d,D. 通勤,,Unknown,,,,code-festival-2018-quala,,
AtCoder,code_festival_2018_quala_e,E. オレンジとみかん,,Unknown,,,,code-festival-2018-quala,,
AtCoder,code_festival_2018_qualb_a,A. Probability of Participation,,Unknown,,,,code-festival-2018-qualb,,
AtCoder,code_festival_2018_qualb_b,B. Tensai,,Unknown,,,,code-festival-2018-qualb,,
AtCoder,code_festival_2018_qualb_c,C. Special Cake for CODE FESTIVAL,,Unknown,,,,code-festival-2018-qualb,,
AtCoder,code_festival_2018_qualb_d,D. Sushi Restaurant,,Unknown,,,,code-festival-2018-qualb,,
AtCoder,code_festival_2018_qualb_e,E. Game of +-,,Unknown,,,,code-festival-2018-qualb,,
AtCoder,code_festival_china_a,A. Lock,,Unknown,,,,code-festival-2014-china-open,,
AtCoder,code_festival_china_b,B. n-th Points,,Unknown,,,,code-festival-2014-china-open,,
AtCoder,code_festival_china_c,C. Regular Polygon,,Unknown,,,,code-festival-2014-china-open,,
AtCoder,code_festival_china_d,D. Maze,,Unknown,,,,code-festival-2014-china-open,,
AtCoder,code_festival_china_e,E. Game,,Unknown,,,,code-festival-2014-china-open,,
AtCoder,code_festival_china_f,F. Yakiniku,,Unknown,,,,code-festival-2014-china-open,,
AtCoder,code_festival_china_g,G. Ammunition Dumps,,Unknown,,,,code-festival-2014-china-open,,
AtCoder,code_festival_china_h,H. Dungeon,,Unknown,,,,code-festival-2014-china-open,,
AtCoder,code_festival_china_i,I. Obstruction,,Unknown,,,,code-festival-2014-china-open,,
AtCoder,code_festival_china_j,J. XORAND,,Unknown,,,,code-festival-2014-china-open,,
AtCoder,code_festival_exhibition_a,A. パズル,,Unknown,,,,code-festival-2014-exhibition,,True
AtCoder,code_festival_exhibition_b,B. カッコつけ,,Unknown,,,,code-festival-2014-exhibition,,True
AtCoder,code_festival_final_a,A. 50m走,,Unknown,,,,code-festival-2014-final,,True
AtCoder,code_festival_final_b,B. 暗算ゲーム,230.0,Easy,,,,code-festival-2014-final,198.0,True
AtCoder,code_festival_final_c,C. N進数,685.0,Easy,,,,code-festival-2014-final,198.0,True
AtCoder,code_festival_final_d,D. パスカルの三角形,900.0,Medium,,,,code-festival-2014-final,198.0,True
AtCoder,code_festival_final_e,E. 常ならずグラフ,1017.0,Medium,,,,code-festival-2014-final,198.0,True
AtCoder,code_festival_final_f,F. 誤情報,2023.0,Hard,,,,code-festival-2014-final,198.0,True
AtCoder,code_festival_final_g,G. 魔方陣,3132.0,Hard,,,,code-festival-2014-final,198.0,True
AtCoder,code_festival_final_h,H. 部屋割り,2535.0,Hard,,,,code-festival-2014-final,198.0,True
AtCoder,code_festival_final_i,I. Shapes,2816.0,Hard,,,,code-festival-2014-final,198.0,True
AtCoder,code_festival_final_j,J. 2つのカップ,3309.0,Hard,,,,code-festival-2014-final,198.0,True
AtCoder,code_festival_morning_easy_a,A. 差の平均,476.0,Easy,,,,code-festival-2014-morning-easy,44.0,True
AtCoder,code_festival_morning_easy_b,B. チーム作り,476.0,Easy,,,,code-festival-2014-morning-easy,44.0,True
AtCoder,code_festival_morning_easy_c,C. 身体バランス,1293.0,Medium,,,,code-festival-2014-morning-easy,141.0,True
AtCoder,code_festival_morning_easy_d,D. 枕決め,1999.0,Medium,,,,code-festival-2014-morning-easy,141.0,True
AtCoder,code_festival_morning_hard_c,C. 宝探し 2,2521.0,Hard,,,,code-festival-2014-morning-hard,53.0,True
AtCoder,code_festival_morning_hard_d,D. Rail Tour,3303.0,Hard,,,,code-festival-2014-morning-hard,53.0,True
AtCoder,code_festival_morning_med_c,C. eject,1983.0,Medium,,,,code-festival-2014-morning-middle,150.0,True
AtCoder,code_festival_morning_med_d,D. ぽよぽよ,2073.0,Hard,,,,code-festival-2014-morning-middle,150.0,True
AtCoder,code_festival_qualA_a,A. CODE FESTIVAL 2014,,Unknown,,,,code-festival-2014-quala,,True
AtCoder,code_festival_qualA_b,B. とても長い文字列,213.0,Easy,,,,code-festival-2014-quala,401.0,True
AtCoder,code_festival_qualA_c,C. 2月29日,639.0,Easy,,,,code-festival-2014-quala,401.0,True
AtCoder,code_festival_qualA_d,D. 壊れた電卓,1896.0,Medium,,,,code-festival-2014-quala,401.0,True
AtCoder,code_festival_qualB_a,A. あるピアニスト,-302.0,Easy,,,,code-festival-2014-qualb,396.0,True
AtCoder,code_festival_qualB_b,B. 歩く人,144.0,Easy,,,,code-festival-2014-qualb,396.0,True
AtCoder,code_festival_qualB_c,C. 錬金術士,1298.0,Medium,,,,code-festival-2014-qualb,396.0,True
AtCoder,code_festival_qualB_d,D. 登山家,1651.0,Medium,,,,code-festival-2014-qualb,396.0,True
AtCoder,code_festival_relay_a,A. haruki、気になります！,,Unknown,,,,code-festival-2014-relay,,
AtCoder,code_festival_relay_b,B. もう1年遊べるドン？,,Unknown,,,,code-festival-2014-relay,,
AtCoder,code_festival_relay_c,C. amylasemania IIDX,,Unknown,,,,code-festival-2014-relay,,
AtCoder,code_festival_relay_d,D. FU,,Unknown,,,,code-festival-2014-relay,,
AtCoder,code_festival_relay_e,E. 変な足し算,,Unknown,,,,code-festival-2014-relay,,
AtCoder,code_festival_relay_f,F. ループを探せ,,Unknown,,,,code-festival-2014-relay,,
AtCoder,code_festival_relay_g,G. haruki の覚醒め,,Unknown,,,,code-festival-2014-relay,,
AtCoder,code_festival_relay_h,H. アクセス頻度,,Unknown,,,,code-festival-2014-relay,,
AtCoder,code_festival_relay_i,I. 信号待ち,,Unknown,,,,code-festival-2014-relay,,
AtCoder,code_festival_relay_j,J. Color Game,,Unknown,,,,code-festival-2014-relay,,
AtCoder,code_formula_2014_final_a,A. Code Formula 2015,,Unknown,,,,code-formula-2014-final,,True
AtCoder,code_formula_2014_final_b,B. 3歩進んで2歩下がる,,Unknown,,,,code-formula-2014-final,,True
AtCoder,code_formula_2014_final_c,C. 次世代SNS,666.0,Easy,,,,code-formula-2014-final,94.0,True
AtCoder,code_formula_2014_final_d,D. 映画の連続視聴,1902.0,Medium,,,,code-formula-2014-final,94.0,True
AtCoder,code_formula_2014_final_e,E. ab文字列,2092.0,Hard,,,,code-formula-2014-final,94.0,True
AtCoder,code_formula_2014_final_f,F. 100個の円,1447.0,Medium,,,,code-formula-2014-final,94.0,True
AtCoder,code_formula_2014_final_g,G. ノイハの塔,2588.0,Hard,,,,code-formula-2014-final,94.0,True
AtCoder,code_formula_2014_final_h,H. 平和協定,2726.0,Hard,,,,code-formula-2014-final,94.0,True
AtCoder,code_formula_2014_qualA_a,A. 立方数,87.0,Easy,,,,code-formula-2014-quala,263.0,True
AtCoder,code_formula_2014_qualA_b,B. ボウリングゲーム,308.0,Easy,,,,code-formula-2014-quala,263.0,True
AtCoder,code_formula_2014_qualA_c,C. 決勝進出者,1610.0,Medium,,,,code-formula-2014-quala,263.0,True
AtCoder,code_formula_2014_qualA_d,D. 無刻印キーボード,2102.0,Hard,,,,code-formula-2014-quala,263.0,True
AtCoder,code_formula_2014_qualB_a,A. サイコロ,-278.0,Easy,,,,code-formula-2014-qualb,235.0,True
AtCoder,code_formula_2014_qualB_b,B. 11の倍数,603.0,Easy,,,,code-formula-2014-qualb,235.0,True
AtCoder,code_formula_2014_qualB_c,C. 仲良し文字列,1406.0,Medium,,,,code-formula-2014-qualb,235.0,True
AtCoder,code_formula_2014_qualB_d,D. お釣りの嫌いな高橋君,1939.0,Medium,,,,code-formula-2014-qualb,235.0,True
AtCoder,code_thanks_festival_14_quala_a,A. カメツル算,,Unknown,,,,code-thanks-festival-2014-a-open,,
AtCoder,code_thanks_festival_14_quala_b,B. バッジ,,Unknown,,,,code-thanks-festival-2014-a-open,,
AtCoder,code_thanks_festival_14_quala_c,C. コンテスト,,Unknown,,,,code-thanks-festival-2014-a-open,,
AtCoder,code_thanks_festival_14_quala_d,D. 定期券,,Unknown,,,,code-thanks-festival-2014-a-open,,
AtCoder,code_thanks_festival_14_quala_e,E. 儀式,,Unknown,,,,code-thanks-festival-2014-a-open,,
AtCoder,code_thanks_festival_14_quala_f,F. 順位表,,Unknown,,,,code-thanks-festival-2014-a-open,,
AtCoder,code_thanks_festival_14_quala_g,G. 通勤電車と気分,,Unknown,,,,code-thanks-festival-2014-a-open,,
AtCoder,code_thanks_festival_14_quala_h,H. 模様替え,,Unknown,,,,code-thanks-festival-2014-a-open,,
AtCoder,code_thanks_festival_14_qualb_a,A. 朝食,,Unknown,,,,code-thanks-festival-2014-b-open,,
AtCoder,code_thanks_festival_14_qualb_b,B. 電卓ゲーム,,Unknown,,,,code-thanks-festival-2014-b-open,,
AtCoder,code_thanks_festival_14_qualb_c,C. 人気投票ゲーム,,Unknown,,,,code-thanks-festival-2014-b-open,,
AtCoder,code_thanks_festival_14_qualb_d,D. 足ゲーム,,Unknown,,,,code-thanks-festival-2014-b-open,,
AtCoder,code_thanks_festival_14_qualb_e,E. マスゲーム,,Unknown,,,,code-thanks-festival-2014-b-open,,
AtCoder,code_thanks_festival_14_qualb_f,F. 太鼓ゲーム,,Unknown,,,,code-thanks-festival-2014-b-open,,
AtCoder,code_thanks_festival_14_qualb_g,G. 石取りゲーム,,Unknown,,,,code-thanks-festival-2014-b-open,,
AtCoder,code_thanks_festival_14_qualb_h,H. しりとりゲーム,,Unknown,,,,code-thanks-festival-2014-b-open,,
AtCoder,code_thanks_festival_2015_a,A. 金庫,,Unknown,,,,code-thanks-festival-2015-open,,
AtCoder,code_thanks_festival_2015_b,B. 袋とボール,,Unknown,,,,code-thanks-festival-2015-open,,
AtCoder,code_thanks_festival_2015_c,C. 集合写真,,Unknown,,,,code-thanks-festival-2015-open,,
AtCoder,code_thanks_festival_2015_d,D. 暴露,,Unknown,,,,code-thanks-festival-2015-open,,
AtCoder,code_thanks_festival_2015_e,E. ノイズ除去,,Unknown,,,,code-thanks-festival-2015-open,,
AtCoder,code_thanks_festival_2015_f,F. お祭りとお菓子,,Unknown,,,,code-thanks-festival-2015-open,,
AtCoder,code_thanks_festival_2015_g,G. カメレオン,,Unknown,,,,code-thanks-festival-2015-open,,
AtCoder,code_thanks_festival_2015_h,H. 穴あきケーキ,,Unknown,,,,code-thanks-festival-2015-open,,
AtCoder,code_thanks_festival_2017_a,A. Time Penalty,,Unknown,,,,code-thanks-festival-2017,,
AtCoder,code_thanks_festival_2017_b,B. Concatenated Palindrome,,Unknown,,,,code-thanks-festival-2017,,
AtCoder,code_thanks_festival_2017_c,C. Factory,,Unknown,,,,code-thanks-festival-2017,,
AtCoder,code_thanks_festival_2017_d,D. Bus Tour,,Unknown,,,,code-thanks-festival-2017,,
AtCoder,code_thanks_festival_2017_e,E. Coin Authentication,,Unknown,,,,code-thanks-festival-2017,,
AtCoder,code_thanks_festival_2017_f,F. Limited Xor Subset,,Unknown,,,,code-thanks-festival-2017,,
AtCoder,code_thanks_festival_2017_g,G. Mixture Drug,,Unknown,,,,code-thanks-festival-2017,,
AtCoder,code_thanks_festival_2017_h,H. Union Sets,,Unknown,,,,code-thanks-festival-2017,,
AtCoder,code_thanks_festival_2018_a,A. Two Problems,,Unknown,,,,code-thanks-festival-2018,,
AtCoder,code_thanks_festival_2018_b,B. Colored Balls,,Unknown,,,,code-thanks-festival-2018,,
AtCoder,code_thanks_festival_2018_c,C. Pair Distance,,Unknown,,,,code-thanks-festival-2018,,
AtCoder,code_thanks_festival_2018_d,D. Concatenation,,Unknown,,,,code-thanks-festival-2018,,
AtCoder,code_thanks_festival_2018_e,E. Union,,Unknown,,,,code-thanks-festival-2018,,
AtCoder,code_thanks_festival_2018_f,F. Coins on the tree,,Unknown,,,,code-thanks-festival-2018,,
AtCoder,code_thanks_festival_2018_g,G. Sum of Cards,,Unknown,,,,code-thanks-festival-2018,,
AtCoder,code_thanks_festival_2018_h,H. Median Game,,Unknown,,,,code-thanks-festival-2018,,
AtCoder,codefestival_2015_ex_a,A. 高橋王国と青木王国,,Unknown,,,,code-festival-2015-exhibition,,True
AtCoder,codefestival_2015_ex_b,B. TRAX,,Unknown,,,,code-festival-2015-exhibition,,True
AtCoder,codefestival_2015_final_a,A. コード川柳,,Unknown,,,,code-festival-2015-final-open,,
AtCoder,codefestival_2015_final_b,B. ダイスゲーム,,Unknown,,,,code-festival-2015-final-open,,
AtCoder,codefestival_2015_final_c,C. 寿司タワー,,Unknown,,,,code-festival-2015-final-open,,
AtCoder,codefestival_2015_final_d,D. 足ゲームII,,Unknown,,,,code-festival-2015-final-open,,
AtCoder,codefestival_2015_final_e,E. ショートコーディング,,Unknown,,,,code-festival-2015-final-open,,
AtCoder,codefestival_2015_final_f,F. 歩くピアニスト,,Unknown,,,,code-festival-2015-final-open,,
AtCoder,codefestival_2015_final_g,G. スタンプラリー,,Unknown,,,,code-festival-2015-final-open,,
AtCoder,codefestival_2015_final_h,H. 焼肉の達人,,Unknown,,,,code-festival-2015-final-open,,
AtCoder,codefestival_2015_final_i,I. 風船ツリー,,Unknown,,,,code-festival-2015-final-open,,
AtCoder,codefestival_2015_final_j,J. N個のバケツ,,Unknown,,,,code-festival-2015-final-open,,
AtCoder,codefestival_2015_qualA_a,A. CODE FESTIVAL 2015,-306.0,Easy,,,,code-festival-2015-quala,642.0,True
AtCoder,codefestival_2015_qualA_b,B. とても長い数列,171.0,Easy,,,,code-festival-2015-quala,642.0,True
AtCoder,codefestival_2015_qualA_c,C. 8月31日,745.0,Easy,,,,code-festival-2015-quala,642.0,True
AtCoder,codefestival_2015_qualA_d,D. 壊れた電車,1723.0,Medium,,,,code-festival-2015-quala,642.0,True
AtCoder,codefestival_2015_qualB_a,A. Double String,-314.0,Easy,,,,code-festival-2015-qualb,618.0,True
AtCoder,codefestival_2015_qualB_b,B. Grading,473.0,Easy,,,,code-festival-2015-qualb,618.0,True
AtCoder,codefestival_2015_qualB_c,C. Hotel,645.0,Easy,,,,code-festival-2015-qualb,618.0,True
AtCoder,codefestival_2015_qualB_d,"D. Squares, Pieces and Coloring",1965.0,Medium,,,,code-festival-2015-qualb,618.0,True
AtCoder,codefestival_2016_ex_a,A. Distance Pairs,,Unknown,,,,cf16-exhibition,,
AtCoder,codefestival_2016_ex_b,B. Exact Payment,,Unknown,,,,cf16-exhibition,,
AtCoder,codefestival_2016_final_a,A. Where's Snuke?,-76.0,Easy,,,,cf16-final,391.0,False
AtCoder,codefestival_2016_final_b,B. Exactly N points,968.0,Medium,,,,cf16-final,391.0,False
AtCoder,codefestival_2016_final_c,C. Interpretation,1525.0,Medium,,,,cf16-final,391.0,False
AtCoder,codefestival_2016_final_d,D. Pair Cards,1671.0,Medium,,,,cf16-final,391.0,False
AtCoder,codefestival_2016_final_e,E. Cookies,2700.0,Hard,,,,cf16-final,391.0,False
AtCoder,codefestival_2016_final_f,F. Road of the King,2539.0,Hard,,,,cf16-final,391.0,False
AtCoder,codefestival_2016_final_g,G. Zigzag MST,3072.0,Hard,,,,cf16-final,391.0,False
AtCoder,codefestival_2016_final_h,H. Tokaido,3569.0,Hard,,,,cf16-final,391.0,False
AtCoder,codefestival_2016_final_i,I. Reverse Grid,3463.0,Hard,,,,cf16-final,391.0,False
AtCoder,codefestival_2016_final_j,J. Neue Spiel,,Unknown,,,,cf16-final,,False
AtCoder,codefestival_2016_qualA_a,A. CODEFESTIVAL 2016,-135.0,Easy,,,,code-festival-2016-quala,733.0,False
AtCoder,codefestival_2016_qualA_b,B. Friendly Rabbits,464.0,Easy,,,,code-festival-2016-quala,733.0,False
AtCoder,codefestival_2016_qualA_c,C. Next Letter,1077.0,Medium,,,,code-festival-2016-quala,733.0,False
AtCoder,codefestival_2016_qualA_d,D. Grid and Integers,2684.0,Hard,,,,code-festival-2016-quala,733.0,False
AtCoder,codefestival_2016_qualA_e,E. LRU Puzzle,2723.0,Hard,,,,code-festival-2016-quala,733.0,False
AtCoder,codefestival_2016_qualB_a,A. Signboard,-103.0,Easy,,,,code-festival-2016-qualb,630.0,False
AtCoder,codefestival_2016_qualB_b,B. Qualification simulator,309.0,Easy,,,,code-festival-2016-qualb,630.0,False
AtCoder,codefestival_2016_qualB_c,C. Gr-idian MST,1688.0,Medium,,,,code-festival-2016-qualb,630.0,False
AtCoder,codefestival_2016_qualB_d,D. Greedy customers,1719.0,Medium,,,,code-festival-2016-qualb,630.0,False
AtCoder,codefestival_2016_qualB_e,E. Lexicographical disorder,2576.0,Hard,,,,code-festival-2016-qualb,630.0,False
AtCoder,codefestival_2016_qualC_a,A. CF,105.0,Easy,,,,code-festival-2016-qualc,825.0,False
AtCoder,codefestival_2016_qualC_b,B. K Cakes,1012.0,Medium,,,,code-festival-2016-qualc,825.0,False
AtCoder,codefestival_2016_qualC_c,C. Two Alpinists,1404.0,Medium,,,,code-festival-2016-qualc,825.0,False
AtCoder,codefestival_2016_qualC_d,D. Friction,2283.0,Hard,,,,code-festival-2016-qualc,825.0,False
AtCoder,codefestival_2016_qualC_e,E. Encyclopedia of Permutations,2885.0,Hard,,,,code-festival-2016-qualc,825.0,False
AtCoder,codequeen2023_final_a,A. QUEN,,Unknown,,,,codequeen2023-final-open,,
AtCoder,codequeen2023_final_b,B. N-Queens Problem,,Unknown,,,,codequeen2023-final-open,,
AtCoder,codequeen2023_final_c,C. Path Intersection,,Unknown,,,,codequeen2023-final-open,,
AtCoder,codequeen2023_final_d,D. Moving Queen,,Unknown,,,,codequeen2023-final-open,,
AtCoder,codequeen2023_final_e,E. Good Partition,,Unknown,,,,codequeen2023-final-open,,
AtCoder,codequeen2023_final_f,F. Queen's Crown	,,Unknown,,,,codequeen2023-final-open,,
AtCoder,codequeen2024_final_a,B. Welcome to AtCoder Land 2,,Unknown,,,,adt_easy_20241002_2,,
AtCoder,codequeen2024_final_b,C. Decode Time Signal,,Unknown,,,,adt_easy_20240912_2,,
AtCoder,codequeen2024_final_c,F. Attraction on Rainy Day,,Unknown,,,,adt_medium_20240911_3,,
AtCoder,codequeen2024_final_d,G. Attend Many Events,,Unknown,,,,adt_medium_20240924_3,,
AtCoder,codequeen2024_final_e,H. AtCoder Hotel,,Unknown,,,,adt_hard_20241105_2,,
AtCoder,codequeen2024_final_f,I. Divide the Cake,,Unknown,,,,adt_hard_20240924_2,,
AtCoder,codequeen2024_final_g,G. Quintuple Scoop Ice Cream,,Unknown,,,,codequeen2024-final-N9tn8QqD,,
AtCoder,codequeen2024_final_h,"H. Good bye, AtCoder Land.",,Unknown,,,,codequeen2024-final-N9tn8QqD,,
AtCoder,codequeen2025_final_a,A. ファンレター,,Unknown,,,,adt_easy_20250918_2,,
AtCoder,codequeen2025_final_b,C. カップリング選抜,,Unknown,,,,adt_medium_20250910_3,,
AtCoder,codequeen2025_final_c,C. 整理券,,Unknown,,,,codequeen2025-final-Public,,
AtCoder,codequeen2025_final_d,G. 特訓,,Unknown,,,,adt_medium_20251209_2,,
AtCoder,codequeen2025_final_e,H. ブレスレット,,Unknown,,,,adt_all_20250923_3,,
AtCoder,codequeen2025_final_f,F. アクリルスタンド,,Unknown,,,,codequeen2025-final-Public,,
AtCoder,codequeen2025_final_g,G. 全国ツアー,,Unknown,,,,codequeen2025-final-Public,,
AtCoder,codequeen2025_final_h,H. ライブ,,Unknown,,,,codequeen2025-final-Public,,
AtCoder,colopl2018_final_a,A. ファイティング・タカハシ,,Unknown,,,,colopl2018-final,,
AtCoder,colopl2018_final_b,B. 異世界数式,,Unknown,,,,colopl2018-final,,
AtCoder,colopl2018_final_c,C. スペースエクスプローラー高橋君,,Unknown,,,,colopl2018-final,,
AtCoder,colopl2018_final_d,D. Chaos of the Snuke World,,Unknown,,,,colopl2018-final,,
AtCoder,colopl2018_final_e,E. キャプテン・タカハシ,,Unknown,,,,colopl2018-final,,
AtCoder,colopl2018_final_f,F. 高橋くんの帰還,,Unknown,,,,colopl2018-final,,
AtCoder,colopl2018_qual_a,A. すぬけそだて――登録――,,Unknown,,,,colopl2018-qual,,
AtCoder,colopl2018_qual_b,B. すぬけそだて――チュートリアル――,,Unknown,,,,colopl2018-qual,,
AtCoder,colopl2018_qual_c,C. すぬけそだて――ごはん――,,Unknown,,,,colopl2018-qual,,
AtCoder,colopl2018_qual_d,D. すぬけそだて――トレーニング――,,Unknown,,,,colopl2018-qual,,
AtCoder,colopl2018_qual_e,E. すぬけそだて――わっか――,,Unknown,,,,colopl2018-qual,,
AtCoder,cpsco2019_s1_a,A. Ajihon,,Unknown,,,,cpsco2019-s1,,
AtCoder,cpsco2019_s1_b,B. Beautiful Harmony,,Unknown,,,,cpsco2019-s1,,
AtCoder,cpsco2019_s1_c,C. Coins,,Unknown,,,,cpsco2019-s1,,
AtCoder,cpsco2019_s1_d,D. Dessert Planning,,Unknown,,,,cpsco2019-s1,,
AtCoder,cpsco2019_s1_e,E. Exclusive OR Queries,,Unknown,,,,cpsco2019-s1,,
AtCoder,cpsco2019_s1_f,F. Fruits in Season,,Unknown,,,,cpsco2019-s1,,
AtCoder,cpsco2019_s1_g,G. Game with Division,,Unknown,,,,cpsco2019-s1,,
AtCoder,cpsco2019_s1_h,H. Highest and Ends,,Unknown,,,,cpsco2019-s1,,
AtCoder,cpsco2019_s2_a,A. Scholarship Repayment,,Unknown,,,,cpsco2019-s2,,
AtCoder,cpsco2019_s2_b,B. Telephone Q,,Unknown,,,,cpsco2019-s2,,
AtCoder,cpsco2019_s2_c,C. Delicious Burgers,,Unknown,,,,cpsco2019-s2,,
AtCoder,cpsco2019_s2_d,D. Two Piles,,Unknown,,,,cpsco2019-s2,,
AtCoder,cpsco2019_s2_e,E. Mogu Mogu Gummi,,Unknown,,,,cpsco2019-s2,,
AtCoder,cpsco2019_s2_f,F. Treasure Collector,,Unknown,,,,cpsco2019-s2,,
AtCoder,cpsco2019_s2_g,G. MSTX,,Unknown,,,,cpsco2019-s2,,
AtCoder,cpsco2019_s3_a,A. ASOKO,,Unknown,,,,cpsco2019-s3,,
AtCoder,cpsco2019_s3_b,B. Balloons,,Unknown,,,,cpsco2019-s3,,
AtCoder,cpsco2019_s3_c,C. Camp Reception,,Unknown,,,,cpsco2019-s3,,
AtCoder,cpsco2019_s3_d,D. Decode RGB Sequence,,Unknown,,,,cpsco2019-s3,,
AtCoder,cpsco2019_s3_e,E. Enumerate Xor Sum,,Unknown,,,,cpsco2019-s3,,
AtCoder,cpsco2019_s3_f,F. Flexible Permutation,,Unknown,,,,cpsco2019-s3,,
AtCoder,cpsco2019_s3_g,G. Grand Election,,Unknown,,,,cpsco2019-s3,,
AtCoder,cpsco2019_s4_a,A. Swimming,,Unknown,,,,cpsco2019-s4,,
AtCoder,cpsco2019_s4_b,B. Meeting,,Unknown,,,,cpsco2019-s4,,
AtCoder,cpsco2019_s4_c,C. Make a Team,,Unknown,,,,cpsco2019-s4,,
AtCoder,cpsco2019_s4_d,D. Boring Sequence,,Unknown,,,,cpsco2019-s4,,
AtCoder,cpsco2019_s4_e,E. ox Concatenation,,Unknown,,,,cpsco2019-s4,,
AtCoder,cpsco2019_s4_f,F. Lost Tree,,Unknown,,,,cpsco2019-s4,,
AtCoder,ddcc2017_final_a,A. 正方形のチップ２,,Unknown,,,,ddcc2017-final,,
AtCoder,ddcc2017_final_b,B. GCDロボット,,Unknown,,,,ddcc2017-final,,
AtCoder,ddcc2017_final_c,C. グラフいじり,,Unknown,,,,ddcc2017-final,,
AtCoder,ddcc2017_final_d,D. なめらかな木,,Unknown,,,,ddcc2017-final,,
AtCoder,ddcc2017_final_e,E. 足のばし,,Unknown,,,,ddcc2017-final,,
AtCoder,ddcc2017_qual_a,A. DDCC型文字列,,Unknown,,,,ddcc2017-qual,,
AtCoder,ddcc2017_qual_b,B. 鉛筆,,Unknown,,,,ddcc2017-qual,,
AtCoder,ddcc2017_qual_c,C. 収納,,Unknown,,,,ddcc2017-qual,,
AtCoder,ddcc2017_qual_d,D. 石,,Unknown,,,,ddcc2017-qual,,
AtCoder,ddcc2018_qual_a,A. チップ・ストーリー　～無色編～,,Unknown,,,,ddcc2019-qual,,
AtCoder,ddcc2018_qual_b,B. チップ・ストーリー　～漆黒編～,,Unknown,,,,ddcc2019-qual,,
AtCoder,ddcc2018_qual_c,C. チップ・ストーリー　～白銀編～,,Unknown,,,,ddcc2019-qual,,
AtCoder,ddcc2018_qual_d,D. チップ・ストーリー　～黄金編～,,Unknown,,,,ddcc2019-qual,,
AtCoder,ddcc2019_final_a,A. レース (Race),,Unknown,,,,ddcc2019-final,,
AtCoder,ddcc2019_final_b,B. 大吉数列 (Array of Fortune),,Unknown,,,,ddcc2019-final,,
AtCoder,ddcc2019_final_c,C. 光の反射 (Reflection of Light),,Unknown,,,,ddcc2019-final,,
AtCoder,ddcc2019_final_d,D. DISCO!,,Unknown,,,,ddcc2019-final,,
AtCoder,ddcc2019_final_e,E. 飾りつけ (Decoration),,Unknown,,,,ddcc2019-final,,
AtCoder,ddcc2019_machine_a,A. シミュレータ問題（予選問題）,,Unknown,,,,ddcc2019-machine,,
AtCoder,ddcc2019_machine_b,B. 装置実装問題（決勝進出者のみ）,,Unknown,,,,ddcc2019-machine,,
AtCoder,ddcc2020_final_a,A. Div/de,,Unknown,,,,ddcc2020-final,,
AtCoder,ddcc2020_final_b,B. Hawker on Graph,,Unknown,,,,ddcc2020-final,,
AtCoder,ddcc2020_final_c,C. Smaller-Suffix-Free Sequences,,Unknown,,,,ddcc2020-final,,
AtCoder,ddcc2020_final_d,D. Pars/ey,,Unknown,,,,ddcc2020-final,,
AtCoder,ddcc2020_qual_a,A. DDCC Finals,-682.0,Easy,,,,ddcc2020-qual,2873.0,False
AtCoder,ddcc2020_qual_b,B. Iron Bar Cutting,350.0,Easy,,,,ddcc2020-qual,2873.0,False
AtCoder,ddcc2020_qual_c,C. Strawberry Cakes,935.0,Medium,,,,ddcc2020-qual,2873.0,False
AtCoder,ddcc2020_qual_d,D. Digit Sum Replace,1617.0,Medium,,,,ddcc2020-qual,2873.0,False
AtCoder,ddcc2020_qual_e,E. Majority of Balls,2436.0,Hard,,,,ddcc2020-qual,2873.0,False
AtCoder,ddcc2020_qual_f,F. DISCOSMOS,2992.0,Hard,,,,ddcc2020-qual,2873.0,False
AtCoder,ddcc_2016_final_a,A. 正方形のチップ,,Unknown,,,,ddcc2016-final,,
AtCoder,ddcc_2016_final_b,B. デュアルカット,,Unknown,,,,ddcc2016-final,,
AtCoder,ddcc_2016_final_c,C. 01文字列,,Unknown,,,,ddcc2016-final,,
AtCoder,ddcc_2016_final_d,D. シャツの部屋,,Unknown,,,,ddcc2016-final,,
AtCoder,ddcc_2016_final_e,E. 根付き木とクエリ,,Unknown,,,,ddcc2016-final,,
AtCoder,ddcc_2016_qual_a,A. SDカード,,Unknown,,,,ddcc2016-qual,,
AtCoder,ddcc_2016_qual_b,B. ステップカット,,Unknown,,,,ddcc2016-qual,,
AtCoder,ddcc_2016_qual_c,C. ロト2,,Unknown,,,,ddcc2016-qual,,
AtCoder,ddcc_2016_qual_d,D. 道路網,,Unknown,,,,ddcc2016-qual,,
AtCoder,dfs_a,A. 深さ優先探索,,Unknown,,,,atc001,,
AtCoder,digitalarts_1,A. C-Filter,808.0,Medium,,,,digitalarts2012,171.0,True
AtCoder,digitalarts_2,B. Password,1373.0,Medium,,,,digitalarts2012,171.0,True
AtCoder,digitalarts_3,C. Chokutter,2179.0,Hard,,,,digitalarts2012,171.0,True
AtCoder,discovery_2016_final_a,A. DISCO presents ディスカバリーチャンネルプログラミングコンテスト 2016 Ⅱ,,Unknown,,,,discovery2016-final,,True
AtCoder,discovery_2016_final_b,B. DDPC特別ビュッフェⅡ,1773.0,Medium,,,,discovery2016-final,98.0,True
AtCoder,discovery_2016_final_c,C. 特別講演「括弧列と塗り分け」,2266.0,Hard,,,,discovery2016-final,98.0,True
AtCoder,discovery_2016_final_d,D. ディスコ社内ツアーⅡ,2652.0,Hard,,,,discovery2016-final,98.0,True
AtCoder,discovery_2016_final_e,E. アメージングな二分探索木は、きみが作る！,,Unknown,,,,discovery2016-final,,True
AtCoder,discovery_2016_qual_a,A. DISCO presents ディスカバリーチャンネルプログラミングコンテスト 2016,193.0,Easy,,,,discovery2016-qual,378.0,True
AtCoder,discovery_2016_qual_b,B. ディスコ社内ツアー,1765.0,Medium,,,,discovery2016-qual,378.0,True
AtCoder,discovery_2016_qual_c,C. アメージングな文字列は、きみが作る！,2527.0,Hard,,,,discovery2016-qual,378.0,True
AtCoder,discovery_2016_qual_d,D. DDPC特別ビュッフェ,3116.0,Hard,,,,discovery2016-qual,378.0,True
AtCoder,diverta2019_2_a,A. Ball Distribution,-642.0,Easy,,,,diverta2019-2,3260.0,False
AtCoder,diverta2019_2_b,B. Picking Up,1026.0,Medium,,,,diverta2019-2,3260.0,False
AtCoder,diverta2019_2_c,C. Successive Subtraction,1226.0,Medium,,,,diverta2019-2,3260.0,False
AtCoder,diverta2019_2_d,D. Squirrel Merchant,1884.0,Medium,,,,diverta2019-2,3260.0,False
AtCoder,diverta2019_2_e,E. Balanced Piles,2543.0,Hard,,,,diverta2019-2,3260.0,False
AtCoder,diverta2019_2_f,F. Diverta City,3306.0,Hard,,,,diverta2019-2,3260.0,False
AtCoder,diverta2019_a,A. Consecutive Integers,-551.0,Easy,,,,diverta2019,3350.0,False
AtCoder,diverta2019_b,B. RGB Boxes,538.0,Easy,,,,diverta2019,3350.0,False
AtCoder,diverta2019_c,C. AB Substrings,922.0,Medium,,,,diverta2019,3350.0,False
AtCoder,diverta2019_d,D. DivRem Number,1098.0,Medium,,,,diverta2019,3350.0,False
AtCoder,diverta2019_e,E. XOR Partitioning,2423.0,Hard,,,,diverta2019,3350.0,False
AtCoder,diverta2019_f,F. Edge Ordering,3595.0,Hard,,,,diverta2019,3350.0,False
AtCoder,donuts_2015_1,A. ドーナツの体積,248.0,Easy,,,,donuts-2015,254.0,True
AtCoder,donuts_2015_2,B. Tokyo 7th シスターズ,1297.0,Medium,,,,donuts-2015,254.0,True
AtCoder,donuts_2015_3,C. 行列のできるドーナツ屋,1661.0,Medium,,,,donuts-2015,254.0,True
AtCoder,donuts_2015_4,D. ドーナツの箱詰め,2383.0,Hard,,,,donuts-2015,254.0,True
AtCoder,donuts_live2014_1,A. 勤怠管理,,Unknown,,,,donuts-live2014,,
AtCoder,donuts_live2014_2,B. 7th,,Unknown,,,,donuts-live2014,,
AtCoder,donuts_live2014_3,C. ソーシャルゲーム,,Unknown,,,,donuts-live2014,,
AtCoder,donuts_live2014_4,D. サバゲー,,Unknown,,,,donuts-live2014,,
AtCoder,donuts_live2014_5,E. お菓子やさん,,Unknown,,,,donuts-live2014,,
AtCoder,dp_a,A. Frog 1,,Unknown,,,,dp,,
AtCoder,dp_b,B. Frog 2,,Unknown,,,,dp,,
AtCoder,dp_c,C. Vacation,,Unknown,,,,dp,,
AtCoder,dp_d,D. Knapsack 1,,Unknown,,,,dp,,
AtCoder,dp_e,E. Knapsack 2,,Unknown,,,,dp,,
AtCoder,dp_f,F. LCS,,Unknown,,,,dp,,
AtCoder,dp_g,G. Longest Path,,Unknown,,,,dp,,
AtCoder,dp_h,H. Grid 1,,Unknown,,,,dp,,
AtCoder,dp_i,I. Coins,,Unknown,,,,dp,,
AtCoder,dp_j,J. Sushi,,Unknown,,,,dp,,
AtCoder,dp_k,K. Stones,,Unknown,,,,dp,,
AtCoder,dp_l,L. Deque,,Unknown,,,,dp,,
AtCoder,dp_m,M. Candies,,Unknown,,,,dp,,
AtCoder,dp_n,N. Slimes,,Unknown,,,,dp,,
AtCoder,dp_o,O. Matching,,Unknown,,,,dp,,
AtCoder,dp_p,P. Independent Set,,Unknown,,,,dp,,
AtCoder,dp_q,Q. Flowers,,Unknown,,,,dp,,
AtCoder,dp_r,R. Walk,,Unknown,,,,dp,,
AtCoder,dp_s,S. Digit Sum,,Unknown,,,,dp,,
AtCoder,dp_t,T. Permutation,,Unknown,,,,dp,,
AtCoder,dp_u,U. Grouping,,Unknown,,,,dp,,
AtCoder,dp_v,V. Subtree,,Unknown,,,,dp,,
AtCoder,dp_w,W. Intervals,,Unknown,,,,dp,,
AtCoder,dp_x,X. Tower,,Unknown,,,,dp,,
AtCoder,dp_y,Y. Grid 2,,Unknown,,,,dp,,
AtCoder,dp_z,Z. Frog 3,,Unknown,,,,dp,,
AtCoder,dwacon2018_final_a,A. アナログ時計,,Unknown,,,,dwacon2018-final-open,,
AtCoder,dwacon2018_final_b,B. だんだん強く,,Unknown,,,,dwacon2018-final-open,,
AtCoder,dwacon2018_final_c,C. XOR ピラミッド,,Unknown,,,,dwacon2018-final-open,,
AtCoder,dwacon2018_final_d,D. ニワンゴくんとゲーム,,Unknown,,,,dwacon2018-final-open,,
AtCoder,dwacon2018_prelims_a,A. ニコニコ文字列判定,,Unknown,,,,dwacon2018-prelims,,
AtCoder,dwacon2018_prelims_b,B. 2525文字列分解,,Unknown,,,,dwacon2018-prelims,,
AtCoder,dwacon2018_prelims_c,C. Kill/Death,,Unknown,,,,dwacon2018-prelims,,
AtCoder,dwacon2018_prelims_d,D. ディスクの節約,,Unknown,,,,dwacon2018-prelims,,
AtCoder,dwacon2018_prelims_e,E. ニワンゴくんの家探し,,Unknown,,,,dwacon2018-prelims,,
AtCoder,dwacon5th_final_a,A. Taro vs. Jiro,,Unknown,,,,dwacon5th-final-open,,
AtCoder,dwacon5th_final_b,B. XOR Spread,,Unknown,,,,dwacon5th-final-open,,
AtCoder,dwacon5th_final_c,C. Interval and MST,,Unknown,,,,dwacon5th-final-open,,
AtCoder,dwacon5th_final_d,D. Parentheses Inversions,,Unknown,,,,dwacon5th-final-open,,
AtCoder,dwacon5th_prelims_a,A. Thumbnail,-19.0,Easy,,,,dwacon5th-prelims,1362.0,False
AtCoder,dwacon5th_prelims_b,B. Sum AND Subarrays,1381.0,Medium,,,,dwacon5th-prelims,1362.0,False
AtCoder,dwacon5th_prelims_c,C. k-DMC,1747.0,Medium,,,,dwacon5th-prelims,1362.0,False
AtCoder,dwacon5th_prelims_d,D. Square Rotation,2875.0,Hard,,,,dwacon5th-prelims,1362.0,False
AtCoder,dwacon5th_prelims_e,E. Cyclic GCDs,2978.0,Hard,,,,dwacon5th-prelims,1362.0,False
AtCoder,dwacon6th_final_a,A. 2525敷き詰め,,Unknown,,,,dwacon6th-final-open,,
AtCoder,dwacon6th_final_b,B. Harvest Festival,,Unknown,,,,dwacon6th-final-open,,
AtCoder,dwacon6th_final_c,C. Tree Shrinking,,Unknown,,,,dwacon6th-final-open,,
AtCoder,dwacon6th_final_d,D. Three Safes,,Unknown,,,,dwacon6th-final-open,,
AtCoder,dwacon6th_prelims_a,A. Falling Asleep,-709.0,Easy,,,,dwacon6th-prelims,2567.0,False
AtCoder,dwacon6th_prelims_b,B. Fusing Slimes,1685.0,Medium,,,,dwacon6th-prelims,2567.0,False
AtCoder,dwacon6th_prelims_c,C. Cookie Distribution,2618.0,Hard,,,,dwacon6th-prelims,2567.0,False
AtCoder,dwacon6th_prelims_d,D. Arrangement,2589.0,Hard,,,,dwacon6th-prelims,2567.0,False
AtCoder,dwacon6th_prelims_e,E. Span Covering,3012.0,Hard,,,,dwacon6th-prelims,2567.0,False
AtCoder,dwango2015_finals_1,A. ニコニコ文字列２,,Unknown,,,,dwango2015-honsen,,True
AtCoder,dwango2015_finals_2,B. コメント,,Unknown,,,,dwango2015-honsen,,True
AtCoder,dwango2015_finals_3,C. ドライブ,,Unknown,,,,dwango2015-honsen,,True
AtCoder,dwango2015_finals_4,D. コインの取り合い,,Unknown,,,,dwango2015-honsen,,True
AtCoder,dwango2015_prelims_1,A. プレミアム会員,,Unknown,,,,dwango2015-prelims,,True
AtCoder,dwango2015_prelims_2,B. ニコニコ文字列,831.0,Medium,,,,dwango2015-prelims,353.0,True
AtCoder,dwango2015_prelims_3,C. ゲーマーじゃんけん,1953.0,Medium,,,,dwango2015-prelims,353.0,True
AtCoder,dwango2015_prelims_4,D. タクシー,2495.0,Hard,,,,dwango2015-prelims,353.0,True
AtCoder,dwango2015_prelims_5,E. 電波局,3342.0,Hard,,,,dwango2015-prelims,353.0,True
AtCoder,dwango2016final_a,A. 通勤,,Unknown,,,,dwango2016-honsen,,True
AtCoder,dwango2016final_b,B. 道迷い,,Unknown,,,,dwango2016-honsen,,True
AtCoder,dwango2016final_c,C. 電波塔,,Unknown,,,,dwango2016-honsen,,True
AtCoder,dwango2016final_d,D. 木,,Unknown,,,,dwango2016-honsen,,True
AtCoder,dwango2016qual_a,A. ニコニコ数,373.0,Easy,,,,dwango2016-prelims,389.0,True
AtCoder,dwango2016qual_b,B. 積み鉛筆,750.0,Easy,,,,dwango2016-prelims,389.0,True
AtCoder,dwango2016qual_c,C. メンテナンス明け,2384.0,Hard,,,,dwango2016-prelims,389.0,True
AtCoder,dwango2016qual_d,D. 庭園,2233.0,Hard,,,,dwango2016-prelims,389.0,True
AtCoder,dwango2016qual_e,E. 花火,3144.0,Hard,,,,dwango2016-prelims,389.0,True
AtCoder,dwango2017final_a,A. 計算ドリル,,Unknown,,,,dwacon2017-honsen,,
AtCoder,dwango2017final_b,B. ニワンゴくんの約数,,Unknown,,,,dwacon2017-honsen,,
AtCoder,dwango2017final_c,C. ドワンGo,,Unknown,,,,dwacon2017-honsen,,
AtCoder,dwango2017final_d,D. 「ドワンゴからの挑戦状」製作秘話,,Unknown,,,,dwacon2017-honsen,,
AtCoder,dwango2017qual_a,A. 動画検索,,Unknown,,,,dwacon2017-prelims,,
AtCoder,dwango2017qual_b,B. ニコニコレベル,,Unknown,,,,dwacon2017-prelims,,
AtCoder,dwango2017qual_c,C. スキーリフトの相乗り,,Unknown,,,,dwacon2017-prelims,,
AtCoder,dwango2017qual_d,D. ネタだけ食べたい寿司,,Unknown,,,,dwacon2017-prelims,,
AtCoder,dwango2017qual_e,E. 偶奇飴分け,,Unknown,,,,dwacon2017-prelims,,
AtCoder,editor_update_test_a,A. Ax+By,,Unknown,,,,editor-update-test,,
AtCoder,editor_update_test_b,B. 部分木サイズ,,Unknown,,,,editor-update-test,,
AtCoder,exawizards2019_a,A. Regular Triangle,-807.0,Easy,,,,exawizards2019,2832.0,False
AtCoder,exawizards2019_b,B. Red or Blue,-539.0,Easy,,,,exawizards2019,2832.0,False
AtCoder,exawizards2019_c,C. Snuke the Wizard,1709.0,Medium,,,,exawizards2019,2832.0,False
AtCoder,exawizards2019_d,D. Modulo Operations,2075.0,Hard,,,,exawizards2019,2832.0,False
AtCoder,exawizards2019_e,E. Black or White,2309.0,Hard,,,,exawizards2019,2832.0,False
AtCoder,exawizards2019_f,F. More Realistic Manhattan Distance,3140.0,Hard,,,,exawizards2019,2832.0,False
AtCoder,fft_c,C. 高速フーリエ変換,,Unknown,,,,atc001,,
AtCoder,fps_24_a,A. お菓子,,Unknown,,,,fps-24,,
AtCoder,fps_24_b,B. 整数の組,,Unknown,,,,fps-24,,
AtCoder,fps_24_c,C. 数列,,Unknown,,,,fps-24,,
AtCoder,fps_24_d,D. 数列 2,,Unknown,,,,fps-24,,
AtCoder,fps_24_e,E. 数列 3,,Unknown,,,,fps-24,,
AtCoder,fps_24_f,F. 色紙,,Unknown,,,,fps-24,,
AtCoder,fps_24_g,G. 硬貨,,Unknown,,,,fps-24,,
AtCoder,fps_24_h,H. ジャンプ,,Unknown,,,,fps-24,,
AtCoder,fps_24_i,I. スコア,,Unknown,,,,fps-24,,
AtCoder,fps_24_j,J. スゴロク,,Unknown,,,,fps-24,,
AtCoder,fps_24_k,K. 順列,,Unknown,,,,fps-24,,
AtCoder,fps_24_l,L. 順列 2,,Unknown,,,,fps-24,,
AtCoder,fps_24_m,M. 連結グラフ,,Unknown,,,,fps-24,,
AtCoder,fps_24_n,N. 硬貨 2,,Unknown,,,,fps-24,,
AtCoder,fps_24_o,O. 根付き木,,Unknown,,,,fps-24,,
AtCoder,fps_24_p,P. ボール,,Unknown,,,,fps-24,,
AtCoder,fps_24_q,Q. サイコロ,,Unknown,,,,fps-24,,
AtCoder,fps_24_r,R. ランダムウォーク,,Unknown,,,,fps-24,,
AtCoder,fps_24_s,S. ゲーム,,Unknown,,,,fps-24,,
AtCoder,fps_24_t,T. カラフル,,Unknown,,,,fps-24,,
AtCoder,fps_24_u,U. 録画機,,Unknown,,,,fps-24,,
AtCoder,fps_24_v,V. 12 方向,,Unknown,,,,fps-24,,
AtCoder,fps_24_w,W. 閉路,,Unknown,,,,fps-24,,
AtCoder,fps_24_x,X. 関数的平方根,,Unknown,,,,fps-24,,
AtCoder,fuka_bintree,D. Bintree,,Unknown,,,,fuka5,,
AtCoder,fuka_credit,A. 単位,,Unknown,,,,fuka5,,
AtCoder,fuka_graphcut,G. Graph Cut,,Unknown,,,,fuka5,,
AtCoder,fuka_insider,B. すべては1になる,,Unknown,,,,fuka5,,
AtCoder,fuka_iru,F. IRU vs SAKI,,Unknown,,,,fuka5,,
AtCoder,fuka_liquid,C. 流れ,,Unknown,,,,fuka5,,
AtCoder,fuka_sugoroku,E. すごろく,,Unknown,,,,fuka5,,
AtCoder,future2018career_a,A. 増減ソート,,Unknown,,,,future-meets-you-contest-2018-open,,
AtCoder,future2018career_b,B. ビジュアライザ,,Unknown,,,,future-meets-you-contest-2018-open,,
AtCoder,future_contest_2018_final_a,A. ツカモの栽培,,Unknown,,,,future-contest-2018-final,,
AtCoder,future_contest_2018_qual_a,A. 山型足し算,,Unknown,,,,future-contest-2018-qual,,
AtCoder,future_contest_2019_final_a,A. モンスターテイマー,,Unknown,,,,future-contest-2019-final,,
AtCoder,future_contest_2019_final_b,B. ビジュアライザ,,Unknown,,,,future-contest-2019-final,,
AtCoder,future_contest_2019_qual_a,A. ばらばらロボット,,Unknown,,,,future-contest-2019-qual,,
AtCoder,future_contest_2019_qual_b,B. ビジュアライザ,,Unknown,,,,future-contest-2019-qual,,
AtCoder,future_contest_2020_final_2_a,A. 千の木2,,Unknown,,,,future-contest-2020-final-2,,
AtCoder,future_contest_2020_final_2_b,B. ビジュアライザ,,Unknown,,,,future-contest-2020-final-2,,
AtCoder,future_contest_2020_final_a,A. 千の木,,Unknown,,,,future-contest-2020-final,,
AtCoder,future_contest_2020_final_b,B. ビジュアライザ,,Unknown,,,,future-contest-2020-final,,
AtCoder,future_contest_2020_qual_a,A. ロボットの誘導,,Unknown,,,,future-contest-2020-qual,,
AtCoder,future_contest_2020_qual_b,B. ビジュアライザ,,Unknown,,,,future-contest-2020-qual,,
AtCoder,future_contest_2021_final_a,A. マイニング,,Unknown,,,,future-contest-2021-final-open,,
AtCoder,future_contest_2021_final_b,B. ビジュアライザ,,Unknown,,,,future-contest-2021-final-open,,
AtCoder,future_contest_2021_qual_a,A. カードの回収,,Unknown,,,,future-contest-2021-qual,,
AtCoder,future_contest_2021_qual_b,B. ビジュアライザ,,Unknown,,,,future-contest-2021-qual,,
AtCoder,future_contest_2022_final_a,A. Code Golf for Robot Vacuums,,Unknown,,,,future-contest-2022-final-open,,
AtCoder,future_contest_2022_qual_a,A. Project Leader,3283.0,Hard,,,,future-contest-2022-qual,587.0,False
AtCoder,future_contest_2023_final_a,A. Dowsing Rod,,Unknown,,,,future-contest-2023-final-open,,
AtCoder,future_fif_digital_days_a,A. Polyomino Connection A,,Unknown,,,,future-fif-digital-days,,
AtCoder,future_fif_digital_days_b,B. Polyomino Connection B,,Unknown,,,,future-fif-digital-days,,
AtCoder,future_fif_digital_days_c,C. Polyomino Connection C,,Unknown,,,,future-fif-digital-days,,
AtCoder,future_fif_digital_days_open_a,A. future_fif_digital_days_open_a,,Unknown,,,,future-fif-digital-days-open,,
AtCoder,future_fif_digital_days_open_b,B. future_fif_digital_days_open_b,,Unknown,,,,future-fif-digital-days-open,,
AtCoder,future_fif_digital_days_open_c,C. future_fif_digital_days_open_c,,Unknown,,,,future-fif-digital-days-open,,
AtCoder,genocon2021_a,A. Practice 1,,Unknown,,,,genocon2021,,
AtCoder,genocon2021_b,B. Practice 2,,Unknown,,,,genocon2021,,
AtCoder,genocon2021_c,C. Practice 3,,Unknown,,,,genocon2021,,
AtCoder,genocon2021_d,D. Mind the Difference,,Unknown,,,,genocon2021,,
AtCoder,geocon2013_a,A. 役人,,Unknown,,,,geocon2013,,
AtCoder,geocon2013_b,B. 玉座の間,,Unknown,,,,geocon2013,,
AtCoder,geocon2013_c,C. 泥棒,,Unknown,,,,geocon2013,,
AtCoder,geocon2013_d,D. 魔女,,Unknown,,,,geocon2013,,
AtCoder,gigacode_2019_a,A. 教室,,Unknown,,,,gigacode-2019,,
AtCoder,gigacode_2019_b,B. 採用面接,,Unknown,,,,gigacode-2019,,
AtCoder,gigacode_2019_c,C. パソコンの購入,,Unknown,,,,gigacode-2019,,
AtCoder,gigacode_2019_d,D. 家の建設,,Unknown,,,,gigacode-2019,,
AtCoder,gigacode_2019_e,E. 車の乗り継ぎ,,Unknown,,,,gigacode-2019,,
AtCoder,gigacode_2019_f,F. クローゼットの配置,,Unknown,,,,gigacode-2019,,
AtCoder,gigacode_2019_g,G. ギガ国の道路事情,,Unknown,,,,gigacode-2019,,
AtCoder,gigacode_2019_h,H. 論理回路の構成,,Unknown,,,,gigacode-2019,,
AtCoder,guildfes_2026_final_a,A. EGFスワップ,,Unknown,,,,guildfes-2026-final,,
AtCoder,guildfes_2026_final_b,B. EGF置換,,Unknown,,,,guildfes-2026-final,,
AtCoder,guildfes_2026_final_c,C. EGFカウント,,Unknown,,,,guildfes-2026-final,,
AtCoder,guildfes_2026_final_d,D. EGFイニシャル,,Unknown,,,,guildfes-2026-final,,
AtCoder,guildfes_2026_final_e,E. EGFクエリ,,Unknown,,,,guildfes-2026-final,,
AtCoder,guildfes_2026_final_f,F. EGFパス,,Unknown,,,,guildfes-2026-final,,
AtCoder,guildfes_2026_final_g,G. EGFグリッド,,Unknown,,,,guildfes-2026-final,,
AtCoder,gw2015_a,A. 得点,,Unknown,,,,gwcontest2015,,
AtCoder,gw2015_b,B. アリ巣,,Unknown,,,,gwcontest2015,,
AtCoder,gw2015_c,C. Snukeと対戦！,,Unknown,,,,gwcontest2015,,
AtCoder,gw2015_d,D. 最短絡問題,,Unknown,,,,gwcontest2015,,
AtCoder,gw2015_e,E. シフト塗り分け,,Unknown,,,,gwcontest2015,,
AtCoder,gw2015_f,F. ピラミッド - 誕生日編,,Unknown,,,,gwcontest2015,,
AtCoder,gw2015_g,G. ピラミッド - 球編,,Unknown,,,,gwcontest2015,,
AtCoder,gw2015_h,H. ピラミッド - デコ編,,Unknown,,,,gwcontest2015,,
AtCoder,gw2015_i,I. ピラミッド - 立方体編,,Unknown,,,,gwcontest2015,,
AtCoder,gw2015_j,J. ピラミッド - 2D編,,Unknown,,,,gwcontest2015,,
AtCoder,hbpc_1,A. 1→1,,Unknown,,,,hbpc2012,,
AtCoder,hbpc_2,B. 01:01,,Unknown,,,,hbpc2012,,
AtCoder,hbpc_3,C. 1=0.999...,,Unknown,,,,hbpc2012,,
AtCoder,hbpc_4,D. 1+1,,Unknown,,,,hbpc2012,,
AtCoder,hhkb2020_a,A. Keyboard,-939.0,Easy,,,,hhkb2020,5721.0,False
AtCoder,hhkb2020_b,B. Futon,-147.0,Easy,,,,hhkb2020,5721.0,False
AtCoder,hhkb2020_c,C. Neq Min,349.0,Easy,,,,hhkb2020,5721.0,False
AtCoder,hhkb2020_d,D. Squares,1804.0,Medium,,,,hhkb2020,5721.0,False
AtCoder,hhkb2020_e,E. Lamps,1399.0,Medium,,,,hhkb2020,5721.0,False
AtCoder,hhkb2020_f,F. Random Max,2691.0,Hard,,,,hhkb2020,5721.0,False
AtCoder,highrate2025_a,A. 全完しないと出られない部屋,,Unknown,,,,highrate2025-parallel,,
AtCoder,highrate2025_b,B. 三乗根,,Unknown,,,,highrate2025-parallel,,
AtCoder,highrate2025_c,C. 陣法魔,,Unknown,,,,highrate2025-parallel,,
AtCoder,highrate2025_d,D. みかんの取り合い,,Unknown,,,,highrate2025-parallel,,
AtCoder,highrate2025_e,E. ブースの配置,,Unknown,,,,highrate2025-parallel,,
AtCoder,hitachi2017_1_a,A. Problem 1,,Unknown,,,,hokudai-hitachi2017-1,,
AtCoder,hitachi2017_2_a,A. Problem 2,,Unknown,,,,hokudai-hitachi2017-2,,
AtCoder,hitachi2020_a,A. Hitachi String,-499.0,Easy,,,,hitachi2020,4112.0,False
AtCoder,hitachi2020_b,B. Nice Shopping,-80.0,Easy,,,,hitachi2020,4112.0,False
AtCoder,hitachi2020_c,C. ThREE,2013.0,Hard,,,,hitachi2020,4112.0,False
AtCoder,hitachi2020_d,D. Manga Market,2547.0,Hard,,,,hitachi2020,4112.0,False
AtCoder,hitachi2020_e,E. Odd Sum Rectangles,2732.0,Hard,,,,hitachi2020,4112.0,False
AtCoder,hitachi2020_f,F. Preserve Diameter,3694.0,Hard,,,,hitachi2020,4112.0,False
AtCoder,hokudai_hitachi2018_a,A. Problem Setting A,,Unknown,,,,hokudai-hitachi2018,,
AtCoder,hokudai_hitachi2018_b,B. Problem Setting B,,Unknown,,,,hokudai-hitachi2018,,
AtCoder,hokudai_hitachi2018_c,C. Problem Setting C,,Unknown,,,,hokudai-hitachi2018,,
AtCoder,hokudai_hitachi2019_1_a,A. Problem A,,Unknown,,,,hokudai-hitachi2019-1,,
AtCoder,hokudai_hitachi2019_1_b,B. Problem B,,Unknown,,,,hokudai-hitachi2019-1,,
AtCoder,hokudai_hitachi2019_2_a,A. Problem C,,Unknown,,,,hokudai-hitachi2019-2,,
AtCoder,hokudai_hitachi2020_a,A. hokudai_hitachi2020_a,,Unknown,,,,hokudai-hitachi2020,,
AtCoder,hokudai_hitachi2020_b,B. hokudai_hitachi2020_b,,Unknown,,,,hokudai-hitachi2020,,
AtCoder,hokudai_hitachi2021_a,A. Regional area design,,Unknown,,,,hokudai-hitachi2021,,
AtCoder,hokudai_hitachi2021_b,B. Regional area design and daily operation,,Unknown,,,,hokudai-hitachi2021,,
AtCoder,hokudai_hitachi2022_a,A. Scheduling of Agricultural Machinery Sharing,,Unknown,,,,hokudai-hitachi2022,,
AtCoder,hokudai_hitachi2022_b,B. Dynamic Scheduling of Agricultural Machinery Sharing,,Unknown,,,,hokudai-hitachi2022,,
AtCoder,icpc2012autumn_a,A. Dictionary,,Unknown,,,,jag2012autumn,,
AtCoder,icpc2012autumn_b,B. Texas hold 'em,,Unknown,,,,jag2012autumn,,
AtCoder,icpc2012autumn_c,C. Median Tree,,Unknown,,,,jag2012autumn,,
AtCoder,icpc2012autumn_d,D. Billiard,,Unknown,,,,jag2012autumn,,
AtCoder,icpc2012autumn_e,E. Stack Maze,,Unknown,,,,jag2012autumn,,
AtCoder,icpc2012autumn_f,F. Counting 1's,,Unknown,,,,jag2012autumn,,
AtCoder,icpc2012autumn_g,G. Ancient Commemorative Monolith,,Unknown,,,,jag2012autumn,,
AtCoder,icpc2012autumn_h,H. Magical Bridges,,Unknown,,,,jag2012autumn,,
AtCoder,icpc2012autumn_j,I. Hashigo Sama,,Unknown,,,,jag2012autumn,,
AtCoder,icpc2012autumn_k,J. Ancient Scrolls,,Unknown,,,,jag2012autumn,,
AtCoder,icpc2013autumn_a,A. Broken Audio Signal,,Unknown,,,,jag2013autumn,,
AtCoder,icpc2013autumn_b,B. Restore Calculation,,Unknown,,,,jag2013autumn,,
AtCoder,icpc2013autumn_c,C. SIRO Challenge,,Unknown,,,,jag2013autumn,,
AtCoder,icpc2013autumn_d,D. Everlasting -One-,,Unknown,,,,jag2013autumn,,
AtCoder,icpc2013autumn_e,E. Putter,,Unknown,,,,jag2013autumn,,
AtCoder,icpc2013autumn_f,F. Shipura,,Unknown,,,,jag2013autumn,,
AtCoder,icpc2013autumn_g,G. Floating Islands,,Unknown,,,,jag2013autumn,,
AtCoder,icpc2013autumn_h,H. Venn Diagram,,Unknown,,,,jag2013autumn,,
AtCoder,icpc2013autumn_i,I. Overwriting Game,,Unknown,,,,jag2013autumn,,
AtCoder,icpc2013autumn_j,J. Magical Switches,,Unknown,,,,jag2013autumn,,
AtCoder,icpc2013spring_a,A. Everlasting Zero,,Unknown,,,,JAG2013Spring,,
AtCoder,icpc2013spring_b,B. Integer in Integer,,Unknown,,,,JAG2013Spring,,
AtCoder,icpc2013spring_c,C. Iyasugigappa,,Unknown,,,,JAG2013Spring,,
AtCoder,icpc2013spring_d,D. Medical Inspection,,Unknown,,,,JAG2013Spring,,
AtCoder,icpc2013spring_e,E. Minimum Spanning Tree,,Unknown,,,,JAG2013Spring,,
AtCoder,icpc2013spring_f,F. Point Distance,,Unknown,,,,JAG2013Spring,,
AtCoder,icpc2013spring_g,G. Revenge of Minimum Cost Flow,,Unknown,,,,JAG2013Spring,,
AtCoder,icpc2013spring_h,H. Rings,,Unknown,,,,JAG2013Spring,,
AtCoder,icpc2013spring_i,I. The J-th Number,,Unknown,,,,JAG2013Spring,,
AtCoder,icpc2013spring_j,J. Tree Reconstruction,,Unknown,,,,JAG2013Spring,,
AtCoder,icpc2013summer_day2_a,A. Koto Distance,,Unknown,,,,jag2013summer-day2,,
AtCoder,icpc2013summer_day2_b,B. Evacuation Route,,Unknown,,,,jag2013summer-day2,,
AtCoder,icpc2013summer_day2_c,C. Apples,,Unknown,,,,jag2013summer-day2,,
AtCoder,icpc2013summer_day2_d,D. TiMe Table,,Unknown,,,,jag2013summer-day2,,
AtCoder,icpc2013summer_day2_e,E. Pattern Language,,Unknown,,,,jag2013summer-day2,,
AtCoder,icpc2013summer_day2_f,F. Social Monsters,,Unknown,,,,jag2013summer-day2,,
AtCoder,icpc2013summer_day2_g,G. Perm Query,,Unknown,,,,jag2013summer-day2,,
AtCoder,icpc2013summer_day3_a,A. Invest Master,,Unknown,,,,jag2013summer-day3,,
AtCoder,icpc2013summer_day3_b,B. Minus One,,Unknown,,,,jag2013summer-day3,,
AtCoder,icpc2013summer_day3_c,C. Wave Attack,,Unknown,,,,jag2013summer-day3,,
AtCoder,icpc2013summer_day3_d,D. Fast Division,,Unknown,,,,jag2013summer-day3,,
AtCoder,icpc2013summer_day3_e,E. 順位付け,,Unknown,,,,jag2013summer-day3,,
AtCoder,icpc2013summer_day3_f,F. Phutball,,Unknown,,,,jag2013summer-day3,,
AtCoder,icpc2013summer_day3_g,G. Unordered Operators,,Unknown,,,,jag2013summer-day3,,
AtCoder,icpc2013summer_day3_h,H. Almost Same Substring,,Unknown,,,,jag2013summer-day3,,
AtCoder,icpc2013summer_day3_i,L. 京都旅行,,Unknown,,,,jag2013summer-day3,,
AtCoder,icpc2013summer_day3_j,I. A + B,,Unknown,,,,jag2013summer-day3,,
AtCoder,icpc2013summer_day3_k,J. くるくるくるりん,,Unknown,,,,jag2013summer-day3,,
AtCoder,icpc2013summer_day3_l,K. Air Pollution,,Unknown,,,,jag2013summer-day3,,
AtCoder,icpc2013summer_day4_a,A. Thread Tree,,Unknown,,,,jag2013summer-day4,,
AtCoder,icpc2013summer_day4_b,B. Trodden Cable,,Unknown,,,,jag2013summer-day4,,
AtCoder,icpc2013summer_day4_c,C. Fox Observation,,Unknown,,,,jag2013summer-day4,,
AtCoder,icpc2013summer_day4_d,D. Removing Magical Tiles,,Unknown,,,,jag2013summer-day4,,
AtCoder,icpc2013summer_day4_e,E. Optimal alpha beta pruning ,,Unknown,,,,jag2013summer-day4,,
AtCoder,icpc2013summer_day4_f,F. Graph Automata Player,,Unknown,,,,jag2013summer-day4,,
AtCoder,icpc2013summer_day4_g,G. Spotlight Movement,,Unknown,,,,jag2013summer-day4,,
AtCoder,icpc2013summer_day4_h,H. Gravity Point,,Unknown,,,,jag2013summer-day4,,
AtCoder,icpc2013summer_day4_i,I. Multi Path Story,,Unknown,,,,jag2013summer-day4,,
AtCoder,icpc2013summer_day4_j,J. Rotation Game,,Unknown,,,,jag2013summer-day4,,
AtCoder,icpc2013summer_warmingUp_a,A. Anime Master,,Unknown,,,,jag2013summer-warmingup,,
AtCoder,icpc2013summer_warmingUp_b,B. Cans of Toys,,Unknown,,,,jag2013summer-warmingup,,
AtCoder,icpc2013summer_warmingUp_c,C. Containers,,Unknown,,,,jag2013summer-warmingup,,
AtCoder,icpc2013summer_warmingUp_d,D. Graph Destruction,,Unknown,,,,jag2013summer-warmingup,,
AtCoder,icpc2013summer_warmingUp_e,E. Magic Doors,,Unknown,,,,jag2013summer-warmingup,,
AtCoder,icpc2013summer_warmingUp_f,F. Maximum Segment XOR,,Unknown,,,,jag2013summer-warmingup,,
AtCoder,icpc2013summer_warmingUp_g,G. Moving Points,,Unknown,,,,jag2013summer-warmingup,,
AtCoder,icpc2013summer_warmingUp_h,H. Shuffling Machine,,Unknown,,,,jag2013summer-warmingup,,
AtCoder,icpc2013summer_warmingUp_i,I. Topology,,Unknown,,,,jag2013summer-warmingup,,
AtCoder,icpc2013summer_warmingUp_j,J. Very Intellectual Card Game,,Unknown,,,,jag2013summer-warmingup,,
AtCoder,icpc2014autumn_a,A. North North West,,Unknown,,,,jag2014autumn,,
AtCoder,icpc2014autumn_b,B. Unknown Switches,,Unknown,,,,jag2014autumn,,
AtCoder,icpc2014autumn_c,C. Speedrun,,Unknown,,,,jag2014autumn,,
AtCoder,icpc2014autumn_d,D. Flowers,,Unknown,,,,jag2014autumn,,
AtCoder,icpc2014autumn_e,E. Square in Circles,,Unknown,,,,jag2014autumn,,
AtCoder,icpc2014autumn_f,F. Reverse a Road II,,Unknown,,,,jag2014autumn,,
AtCoder,icpc2014autumn_g,G. Cookie Counter,,Unknown,,,,jag2014autumn,,
AtCoder,icpc2014autumn_h,H. Points and Lines,,Unknown,,,,jag2014autumn,,
AtCoder,icpc2014autumn_i,I. Color the Map Extreme,,Unknown,,,,jag2014autumn,,
AtCoder,icpc2014autumn_j,J. Website Tour,,Unknown,,,,jag2014autumn,,
AtCoder,icpc2014autumn_k,K. Idempotent Filter,,Unknown,,,,jag2014autumn,,
AtCoder,icpc2014spring_a,A. Breadth-First Search by Foxpower,,Unknown,,,,JAG2014Spring,,
AtCoder,icpc2014spring_b,B. Cube Coloring,,Unknown,,,,JAG2014Spring,,
AtCoder,icpc2014spring_c,C. Decoding Ancient Messages,,Unknown,,,,JAG2014Spring,,
AtCoder,icpc2014spring_d,D. LR,,Unknown,,,,JAG2014Spring,,
AtCoder,icpc2014spring_e,E. Parentheses,,Unknown,,,,JAG2014Spring,,
AtCoder,icpc2014spring_f,F. Polygon Guards,,Unknown,,,,JAG2014Spring,,
AtCoder,icpc2014spring_g,G. Proportional Representation,,Unknown,,,,JAG2014Spring,,
AtCoder,icpc2014spring_h,H. RLE Replacement,,Unknown,,,,JAG2014Spring,,
AtCoder,icpc2014spring_i,I. Tokyo Olympics Center,,Unknown,,,,JAG2014Spring,,
AtCoder,icpc2014spring_j,J. Unfair Game,,Unknown,,,,JAG2014Spring,,
AtCoder,icpc2014summer_day2_a,A. Manhattan,,Unknown,,,,jag2014summer-day2,,
AtCoder,icpc2014summer_day2_b,B. Dictionary,,Unknown,,,,jag2014summer-day2,,
AtCoder,icpc2014summer_day2_c,C. Clique Coloring,,Unknown,,,,jag2014summer-day2,,
AtCoder,icpc2014summer_day2_d,D. Dense Amidakuji,,Unknown,,,,jag2014summer-day2,,
AtCoder,icpc2014summer_day2_e,E. Cellular Automaton,,Unknown,,,,jag2014summer-day2,,
AtCoder,icpc2014summer_day2_f,F. Directions,,Unknown,,,,jag2014summer-day2,,
AtCoder,icpc2014summer_day2_g,G. Snake,,Unknown,,,,jag2014summer-day2,,
AtCoder,icpc2014summer_day2_h,H. Distance Sum,,Unknown,,,,jag2014summer-day2,,
AtCoder,icpc2014summer_day2_i,I. Substring Pairs,,Unknown,,,,jag2014summer-day2,,
AtCoder,icpc2014summer_day2_j,J. Hyperrectangle,,Unknown,,,,jag2014summer-day2,,
AtCoder,icpc2014summer_day4_a,A. 山手線,,Unknown,,,,jag2014summer-day4,,
AtCoder,icpc2014summer_day4_b,B. 不審者,,Unknown,,,,jag2014summer-day4,,
AtCoder,icpc2014summer_day4_c,C. Magic Bullet,,Unknown,,,,jag2014summer-day4,,
AtCoder,icpc2014summer_day4_d,D. 夕食,,Unknown,,,,jag2014summer-day4,,
AtCoder,icpc2014summer_day4_e,E. AI,,Unknown,,,,jag2014summer-day4,,
AtCoder,icpc2014summer_day4_f,F. Longest Match,,Unknown,,,,jag2014summer-day4,,
AtCoder,icpc2014summer_day4_g,G. リサイクル,,Unknown,,,,jag2014summer-day4,,
AtCoder,icpc2014summer_day4_h,H. トーナメント,,Unknown,,,,jag2014summer-day4,,
AtCoder,icpc2014summer_day4_i,I. 首都,,Unknown,,,,jag2014summer-day4,,
AtCoder,icpc2014summer_day4_j,J. Vongress,,Unknown,,,,jag2014summer-day4,,
AtCoder,icpc2015autumn_a,A. M and A,,Unknown,,,,jag2015autumn,,
AtCoder,icpc2015autumn_b,B. Change a Password,,Unknown,,,,jag2015autumn,,
AtCoder,icpc2015autumn_c,C. Delete Files,,Unknown,,,,jag2015autumn,,
AtCoder,icpc2015autumn_d,D. Line Gimmick,,Unknown,,,,jag2015autumn,,
AtCoder,icpc2015autumn_e,E. Shifting a Matrix,,Unknown,,,,jag2015autumn,,
AtCoder,icpc2015autumn_f,F. Modern Announce Network,,Unknown,,,,jag2015autumn,,
AtCoder,icpc2015autumn_g,G. Cube Dividing,,Unknown,,,,jag2015autumn,,
AtCoder,icpc2015autumn_h,H. Donut Decoration,,Unknown,,,,jag2015autumn,,
AtCoder,icpc2015autumn_i,I. Shortest Bridge,,Unknown,,,,jag2015autumn,,
AtCoder,icpc2015autumn_j,J. Longest Shortest Path,,Unknown,,,,jag2015autumn,,
AtCoder,icpc2015autumn_k,K. Optimal Tournament,,Unknown,,,,jag2015autumn,,
AtCoder,icpc2015spring_a,A. Balanced Paths,,Unknown,,,,jag2015spring,,
AtCoder,icpc2015spring_b,B. Card Game Strategy,,Unknown,,,,jag2015spring,,
AtCoder,icpc2015spring_c,C. Casino,,Unknown,,,,jag2015spring,,
AtCoder,icpc2015spring_d,D. Content Delivery,,Unknown,,,,jag2015spring,,
AtCoder,icpc2015spring_e,E. Cost Performance Flow,,Unknown,,,,jag2015spring,,
AtCoder,icpc2015spring_f,F. ICPC Teams,,Unknown,,,,jag2015spring,,
AtCoder,icpc2015spring_g,G. JAG-channel II,,Unknown,,,,jag2015spring,,
AtCoder,icpc2015spring_h,H. Kimagure Cleaner,,Unknown,,,,jag2015spring,,
AtCoder,icpc2015spring_i,I. Midpoint,,Unknown,,,,jag2015spring,,
AtCoder,icpc2015spring_j,J. New Game AI,,Unknown,,,,jag2015spring,,
AtCoder,icpc2015spring_k,K. Runner and Sniper,,Unknown,,,,jag2015spring,,
AtCoder,icpc2015spring_l,L. Wall Making Game,,Unknown,,,,jag2015spring,,
AtCoder,icpc2015summer_day2_a,A. 幾何問題を解こう,,Unknown,,,,jag2015summer-day2,,
AtCoder,icpc2015summer_day2_b,B. 監獄,,Unknown,,,,jag2015summer-day2,,
AtCoder,icpc2015summer_day2_c,C. ABC Gene,,Unknown,,,,jag2015summer-day2,,
AtCoder,icpc2015summer_day2_d,D. 真っ暗な部屋,,Unknown,,,,jag2015summer-day2,,
AtCoder,icpc2015summer_day2_e,E. 坑道数式,,Unknown,,,,jag2015summer-day2,,
AtCoder,icpc2015summer_day2_f,F. ほぼ周期文字列,,Unknown,,,,jag2015summer-day2,,
AtCoder,icpc2015summer_day2_g,G. Escape,,Unknown,,,,jag2015summer-day2,,
AtCoder,icpc2015summer_day2_h,H. Bit Operation Game,,Unknown,,,,jag2015summer-day2,,
AtCoder,icpc2015summer_day2_i,I. ツインリバース,,Unknown,,,,jag2015summer-day2,,
AtCoder,icpc2015summer_day2_j,J. 連結,,Unknown,,,,jag2015summer-day2,,
AtCoder,icpc2015summer_day2_k,K. Leapfrog,,Unknown,,,,jag2015summer-day2,,
AtCoder,icpc2015summer_day3_a,A. Analyzing Bit (Yet Special) Strings,,Unknown,,,,jag2015summer-day3,,
AtCoder,icpc2015summer_day3_b,B. Bits Are Dangerous,,Unknown,,,,jag2015summer-day3,,
AtCoder,icpc2015summer_day3_c,C. Counting Amusing Numbers,,Unknown,,,,jag2015summer-day3,,
AtCoder,icpc2015summer_day3_d,D. Degree Of Number's Eccentricity,,Unknown,,,,jag2015summer-day3,,
AtCoder,icpc2015summer_day3_e,E. Exact Number of Drops,,Unknown,,,,jag2015summer-day3,,
AtCoder,icpc2015summer_day3_f,F. Figures Of Simple Sense,,Unknown,,,,jag2015summer-day3,,
AtCoder,icpc2015summer_day3_g,G. Gowk's Errand for Master,,Unknown,,,,jag2015summer-day3,,
AtCoder,icpc2015summer_day3_h,H. Handicapped Onsite Prediction,,Unknown,,,,jag2015summer-day3,,
AtCoder,icpc2015summer_day3_i,I. Icy Roads Of Nomel,,Unknown,,,,jag2015summer-day3,,
AtCoder,icpc2015summer_day3_j,J. Jelly-Oxygen Beans,,Unknown,,,,jag2015summer-day3,,
AtCoder,icpc2015summer_day4_a,A. Where is the Boundary,,Unknown,,,,jag2015summer-day4,,
AtCoder,icpc2015summer_day4_b,B. Vector Field,,Unknown,,,,jag2015summer-day4,,
AtCoder,icpc2015summer_day4_c,C. Kuru Kuru Sushi,,Unknown,,,,jag2015summer-day4,,
AtCoder,icpc2015summer_day4_d,D. Identity Function,,Unknown,,,,jag2015summer-day4,,
AtCoder,icpc2015summer_day4_e,E. Enclose Points,,Unknown,,,,jag2015summer-day4,,
AtCoder,icpc2015summer_day4_f,F. Marching Course,,Unknown,,,,jag2015summer-day4,,
AtCoder,icpc2015summer_day4_g,G. Surface Area of Cubes,,Unknown,,,,jag2015summer-day4,,
AtCoder,icpc2015summer_day4_h,H. Laser Cutter,,Unknown,,,,jag2015summer-day4,,
AtCoder,icpc2015summer_day4_i,I. Live Programming,,Unknown,,,,jag2015summer-day4,,
AtCoder,icpc2015summer_day4_j,J. Black Company,,Unknown,,,,jag2015summer-day4,,
AtCoder,icpc2016autumn_a,A. Best Matched Pair,,Unknown,,,,jag2016autumn,,
AtCoder,icpc2016autumn_b,B. Help the Princess!,,Unknown,,,,jag2016autumn,,
AtCoder,icpc2016autumn_c,C. We Don't Wanna Work!,,Unknown,,,,jag2016autumn,,
AtCoder,icpc2016autumn_d,D. Parentheses,,Unknown,,,,jag2016autumn,,
AtCoder,icpc2016autumn_e,E. Similarity of Subtrees,,Unknown,,,,jag2016autumn,,
AtCoder,icpc2016autumn_f,F. Escape from the Hell,,Unknown,,,,jag2016autumn,,
AtCoder,icpc2016autumn_g,G. Share the Ruins Preservation,,Unknown,,,,jag2016autumn,,
AtCoder,icpc2016autumn_h,H. Pipe Fitter and the Fierce Dogs,,Unknown,,,,jag2016autumn,,
AtCoder,icpc2016autumn_i,I. Multisect,,Unknown,,,,jag2016autumn,,
AtCoder,icpc2016autumn_j,J. Compressed Formula,,Unknown,,,,jag2016autumn,,
AtCoder,icpc2016autumn_k,K. Non-redundant Drive,,Unknown,,,,jag2016autumn,,
AtCoder,ijpc2015_a,A. 映画館,,Unknown,,,,ijpc2015,,
AtCoder,ijpc2015_b,A. IOIウエハース,,Unknown,,,,ijpc2015-2,,
AtCoder,ijpc2015_c,B. しりとり木,,Unknown,,,,ijpc2015,,
AtCoder,ijpc2015_d,C. 格子点,,Unknown,,,,ijpc2015,,
AtCoder,ijpc2015_e,B. カードゲーム,,Unknown,,,,ijpc2015-2,,
AtCoder,ijpc2015_f,C. ガソリンスタンド,,Unknown,,,,ijpc2015-2,,
AtCoder,ijpc2015_g,D. IOI,,Unknown,,,,ijpc2015,,
AtCoder,ijpc2015_h,D. 鉄道会社,,Unknown,,,,ijpc2015-2,,
AtCoder,ijpc2015_i,E. 自動MOD取り機,,Unknown,,,,ijpc2015-2,,
AtCoder,ijpc2015_j,E. Верный,,Unknown,,,,ijpc2015,,
AtCoder,ijpc_animals,A. むこのどうぶつたち と しんりんのはかい (Innocent Animals and Destruction of Forests),,Unknown,,,,ijpc2012-1,,
AtCoder,ijpc_animals2,A. かえってきたどうぶつたち と しんりんのさいせい (Return of Animals and Regeneration of Forests),,Unknown,,,,ijpc2012-3,,
AtCoder,ijpc_ghost,B. やさしいおばけ の たんじょうびかい (Friendly Ghost's Birthday Party),,Unknown,,,,ijpc2012-3,,
AtCoder,ijpc_honest,C. しょうじききつね と うそつきにんげん (Honest Fox and Dishonest Man),,Unknown,,,,ijpc2012-3,,
AtCoder,ijpc_ijpc,A. 国際情報オリンピック日本代表プログラミングコンテスト (Welcome to IJPC),,Unknown,,,,ijpc2012pr,,
AtCoder,ijpc_imo,A. 国際道迷いオリンピック(International Michimayoi Olympic),,Unknown,,,,ijpc2012-2,,
AtCoder,ijpc_maze,B. にひきのきつね と くらがりのめいろ (Two Foxes and the Dark Maze),,Unknown,,,,ijpc2012-2,,
AtCoder,ijpc_porter,C. ポーター・テレ・ポーター (Porter-Tele-Porter),,Unknown,,,,ijpc2012-2,,
AtCoder,ijpc_primehazard,B. 合成数を倒せ (Prime Hazard),,Unknown,,,,ijpc2012pr,,
AtCoder,ijpc_silver,B. 銀メダル (Silver Medal),,Unknown,,,,ijpc2012-1,,
AtCoder,ijpc_submission,C. 提出 (Submission),,Unknown,,,,ijpc2012pr,,
AtCoder,ijpc_training,C. 魔法の訓練 (Magical Training),,Unknown,,,,ijpc2012-1,,
AtCoder,ijpc_variance,D. 分散 (Variance),,Unknown,,,,ijpc2012pr,,
AtCoder,indeednow_2015_finala_a,A. Table Tennis,,Unknown,,,,indeednow-finala-open,,
AtCoder,indeednow_2015_finala_b,B. Office Ninja,,Unknown,,,,indeednow-finala-open,,
AtCoder,indeednow_2015_finala_c,C. Optimal Recommendations,,Unknown,,,,indeednow-finala-open,,
AtCoder,indeednow_2015_finala_d,D. Longest Path,,Unknown,,,,indeednow-finala-open,,
AtCoder,indeednow_2015_finala_e,E. Page Rank,,Unknown,,,,indeednow-finala-open,,
AtCoder,indeednow_2015_finala_f,F. 就職活動,,Unknown,,,,indeednow-finala-open,,
AtCoder,indeednow_2015_finalb_a,A. Counting on a Triangle,,Unknown,,,,indeednow-finalb-open,,
AtCoder,indeednow_2015_finalb_b,B. How are you?,,Unknown,,,,indeednow-finalb-open,,
AtCoder,indeednow_2015_finalb_c,C. Palindrome Concatenation,,Unknown,,,,indeednow-finalb-open,,
AtCoder,indeednow_2015_finalb_d,D. Game on a Grid,,Unknown,,,,indeednow-finalb-open,,
AtCoder,indeednow_2015_finalb_e,E. Line up!,,Unknown,,,,indeednow-finalb-open,,
AtCoder,indeednow_2015_quala_1,A. 掛け算の筆算,-414.0,Easy,,,,indeednow-quala,282.0,True
AtCoder,indeednow_2015_quala_2,B. Indeedなう！,204.0,Easy,,,,indeednow-quala,282.0,True
AtCoder,indeednow_2015_quala_3,C. 説明会,1200.0,Medium,,,,indeednow-quala,282.0,True
AtCoder,indeednow_2015_quala_4,D. パズル,1838.0,Medium,,,,indeednow-quala,282.0,True
AtCoder,indeednow_2015_qualb_1,A. 高橋くんとマンハッタン,128.0,Easy,,,,indeednow-qualb,297.0,True
AtCoder,indeednow_2015_qualb_2,B. 高橋くんと文字列操作,491.0,Easy,,,,indeednow-qualb,297.0,True
AtCoder,indeednow_2015_qualb_4,D. 高橋くんと数列,1445.0,Medium,,,,indeednow-qualb,297.0,True
AtCoder,indeednow_2015_qualc_3,C. 木,1246.0,Medium,,,,indeednow-qualb,297.0,True
AtCoder,intro_heuristics_a,A. AtCoder Contest Scheduling,,Unknown,,,,intro-heuristics,,
AtCoder,intro_heuristics_b,B. Scoring,,Unknown,,,,intro-heuristics,,
AtCoder,intro_heuristics_c,C. Incremental Scoring,,Unknown,,,,intro-heuristics,,
AtCoder,iroha2019_day1_a,A. 一問目,,Unknown,,,,iroha2019-day1,,
AtCoder,iroha2019_day1_b,B. ローリング・老人と海,,Unknown,,,,iroha2019-day1,,
AtCoder,iroha2019_day1_c,C. Halcyon,,Unknown,,,,iroha2019-day1,,
AtCoder,iroha2019_day1_d,D. 肉と肉のぶつかり合い,,Unknown,,,,iroha2019-day1,,
AtCoder,iroha2019_day1_e,E. 放課後,,Unknown,,,,iroha2019-day1,,
AtCoder,iroha2019_day1_f,F. Head of The Dragon  ,,Unknown,,,,iroha2019-day1,,
AtCoder,iroha2019_day1_g,G. 友達以上恋人以下,,Unknown,,,,iroha2019-day1,,
AtCoder,iroha2019_day1_h,H. ちらし寿司,,Unknown,,,,iroha2019-day1,,
AtCoder,iroha2019_day1_i,I. リスのお仕事,,Unknown,,,,iroha2019-day1,,
AtCoder,iroha2019_day1_j,J. ヌクレオチド,,Unknown,,,,iroha2019-day1,,
AtCoder,iroha2019_day1_k,K. ルーレット,,Unknown,,,,iroha2019-day1,,
AtCoder,iroha2019_day1_l,L. をあ ぷろぶれむ,,Unknown,,,,iroha2019-day1,,
AtCoder,iroha2019_day2_a,A. わたのはら,,Unknown,,,,iroha2019-day2,,
AtCoder,iroha2019_day2_b,B. 河川敷の変態仮面,,Unknown,,,,iroha2019-day2,,
AtCoder,iroha2019_day2_c,C. 陽気な妖姫,,Unknown,,,,iroha2019-day2,,
AtCoder,iroha2019_day2_d,D. 楽しすぎる家庭菜園,,Unknown,,,,iroha2019-day2,,
AtCoder,iroha2019_day2_e,E. 連呼,,Unknown,,,,iroha2019-day2,,
AtCoder,iroha2019_day2_f,F. 総入れ替え,,Unknown,,,,iroha2019-day2,,
AtCoder,iroha2019_day2_g,G. 通学路,,Unknown,,,,iroha2019-day2,,
AtCoder,iroha2019_day2_h,H. 根室の巫女,,Unknown,,,,iroha2019-day2,,
AtCoder,iroha2019_day2_i,I. 南極,,Unknown,,,,iroha2019-day2,,
AtCoder,iroha2019_day2_j,J. ライ麦畑で待ちながら,,Unknown,,,,iroha2019-day2,,
AtCoder,iroha2019_day2_k,K. 虫取り,,Unknown,,,,iroha2019-day2,,
AtCoder,iroha2019_day3_a,A. 宇宙人,,Unknown,,,,iroha2019-day3,,
AtCoder,iroha2019_day3_b,B. ゐろはちゃん,,Unknown,,,,iroha2019-day3,,
AtCoder,iroha2019_day3_c,"C. Not Say ""NO""",,Unknown,,,,iroha2019-day3,,
AtCoder,iroha2019_day3_d,D. おにごっこ,,Unknown,,,,iroha2019-day3,,
AtCoder,iroha2019_day3_e,E. 「く」,,Unknown,,,,iroha2019-day3,,
AtCoder,iroha2019_day3_f,F. 闇のカードゲーム,,Unknown,,,,iroha2019-day3,,
AtCoder,iroha2019_day3_g,G. ますまてぃくす・おりんぴっく！,,Unknown,,,,iroha2019-day3,,
AtCoder,iroha2019_day3_h,H. 〔経験値〕,,Unknown,,,,iroha2019-day3,,
AtCoder,iroha2019_day3_i,I. Prime or Not,,Unknown,,,,iroha2019-day3,,
AtCoder,iroha2019_day3_j,J. Go to Heaven,,Unknown,,,,iroha2019-day3,,
AtCoder,iroha2019_day3_k,K. えそらんぐ,,Unknown,,,,iroha2019-day3,,
AtCoder,iroha2019_day3_l,L. デクレッシェンド,,Unknown,,,,iroha2019-day3,,
AtCoder,iroha2019_day4_a,A. あるよるのできごと,,Unknown,,,,iroha2019-day4,,
AtCoder,iroha2019_day4_b,B. 叫び声,,Unknown,,,,iroha2019-day4,,
AtCoder,iroha2019_day4_c,C. 君の力に,,Unknown,,,,iroha2019-day4,,
AtCoder,iroha2019_day4_d,D. 揺れる街、増える敵,,Unknown,,,,iroha2019-day4,,
AtCoder,iroha2019_day4_e,E. 芽生え,,Unknown,,,,iroha2019-day4,,
AtCoder,iroha2019_day4_f,F. 道なき道を,,Unknown,,,,iroha2019-day4,,
AtCoder,iroha2019_day4_g,G. 真実の魔法陣,,Unknown,,,,iroha2019-day4,,
AtCoder,iroha2019_day4_h,H. 永遠に,,Unknown,,,,iroha2019-day4,,
AtCoder,iroha2019_day4_i,I. ピンチ,,Unknown,,,,iroha2019-day4,,
AtCoder,iroha2019_day4_j,J. もう、諦めない,,Unknown,,,,iroha2019-day4,,
AtCoder,iroha2019_day4_k,K. 世界線,,Unknown,,,,iroha2019-day4,,
AtCoder,iroha2019_day4_l,L. ...好きです,,Unknown,,,,iroha2019-day4,,
AtCoder,jag2016secretspring_a,A. 阿吽の呼吸,,Unknown,,,,jag2016-domestic,,
AtCoder,jag2016secretspring_b,B. 豪邸と宅配便,,Unknown,,,,jag2016-domestic,,
AtCoder,jag2016secretspring_c,C. みさわさんの根付き木,,Unknown,,,,jag2016-domestic,,
AtCoder,jag2016secretspring_d,D. インビジブル,,Unknown,,,,jag2016-domestic,,
AtCoder,jag2016secretspring_e,E. 選挙活動,,Unknown,,,,jag2016-domestic,,
AtCoder,jag2016secretspring_f,F. 土地相続,,Unknown,,,,jag2016-domestic,,
AtCoder,jag2016secretspring_g,G. リングと紐,,Unknown,,,,jag2016-domestic,,
AtCoder,jag2017autumn_a,A. Window,,Unknown,,,,jag2017autumn,,
AtCoder,jag2017autumn_b,B. Tournament Chart,,Unknown,,,,jag2017autumn,,
AtCoder,jag2017autumn_c,C. Prime-Factor Prime,,Unknown,,,,jag2017autumn,,
AtCoder,jag2017autumn_d,D. Revenge of the Broken Door,,Unknown,,,,jag2017autumn,,
AtCoder,jag2017autumn_e,E. Tree Separator,,Unknown,,,,jag2017autumn,,
AtCoder,jag2017autumn_f,F. RPG Maker,,Unknown,,,,jag2017autumn,,
AtCoder,jag2017autumn_g,G. Coin Slider,,Unknown,,,,jag2017autumn,,
AtCoder,jag2017autumn_h,H. Separate String,,Unknown,,,,jag2017autumn,,
AtCoder,jag2017autumn_i,I. Revenge of the Endless BFS,,Unknown,,,,jag2017autumn,,
AtCoder,jag2017autumn_j,J. Farm Village,,Unknown,,,,jag2017autumn,,
AtCoder,jag2017autumn_k,K. Conveyor Belt,,Unknown,,,,jag2017autumn,,
AtCoder,jag2017summer_day1_a,A. しりとり,,Unknown,,,,jag2017summer-day1,,
AtCoder,jag2017summer_day1_b,B. リス,,Unknown,,,,jag2017summer-day1,,
AtCoder,jag2017summer_day1_c,C. すごろく,,Unknown,,,,jag2017summer-day1,,
AtCoder,jag2017summer_day1_d,D. くさかべ,,Unknown,,,,jag2017summer-day1,,
AtCoder,jag2017summer_day1_e,E. ベクトル式,,Unknown,,,,jag2017summer-day1,,
AtCoder,jag2017summer_day1_f,F. 極小部分列,,Unknown,,,,jag2017summer-day1,,
AtCoder,jag2017summer_day1_g,G. ツーリスト問題,,Unknown,,,,jag2017summer-day1,,
AtCoder,jag2017summer_day1_h,H. イベルタル,,Unknown,,,,jag2017summer-day1,,
AtCoder,jag2017summer_day1_i,I. ルーク,,Unknown,,,,jag2017summer-day1,,
AtCoder,jag2017summer_day1_j,J. クッパ,,Unknown,,,,jag2017summer-day1,,
AtCoder,jag2017summer_day1_k,K. パンプキン,,Unknown,,,,jag2017summer-day1,,
AtCoder,jag2017summer_day3_a,A. Star in Parentheses,,Unknown,,,,jag2017summer-day3,,
AtCoder,jag2017summer_day3_b,B. Slimming Plan,,Unknown,,,,jag2017summer-day3,,
AtCoder,jag2017summer_day3_c,C. Ninja Map,,Unknown,,,,jag2017summer-day3,,
AtCoder,jag2017summer_day3_d,D. Janken Master,,Unknown,,,,jag2017summer-day3,,
AtCoder,jag2017summer_day3_e,E. Route Calculator,,Unknown,,,,jag2017summer-day3,,
AtCoder,jag2017summer_day3_f,F. Endless BFS,,Unknown,,,,jag2017summer-day3,,
AtCoder,jag2017summer_day3_g,G. Low Range-Sum Matrix,,Unknown,,,,jag2017summer-day3,,
AtCoder,jag2017summer_day3_h,H. Tiny Room,,Unknown,,,,jag2017summer-day3,,
AtCoder,jag2017summer_day3_i,I. Librarian's Work,,Unknown,,,,jag2017summer-day3,,
AtCoder,jag2017summer_day3_j,J. Sum Source Detection,,Unknown,,,,jag2017summer-day3,,
AtCoder,jag2017summer_day3_k,K. Permutation Period,,Unknown,,,,jag2017summer-day3,,
AtCoder,jag2018summer_day2_a,A. 10^N+7,,Unknown,,,,jag2018summer-day2,,
AtCoder,jag2018summer_day2_b,B. Coins,,Unknown,,,,jag2018summer-day2,,
AtCoder,jag2018summer_day2_c,C. Equiangular,,Unknown,,,,jag2018summer-day2,,
AtCoder,jag2018summer_day2_d,D. Knapsack And Queries,,Unknown,,,,jag2018summer-day2,,
AtCoder,jag2018summer_day2_e,E. Self-contained,,Unknown,,,,jag2018summer-day2,,
AtCoder,jag2018summer_day2_f,F. Point Sequences,,Unknown,,,,jag2018summer-day2,,
AtCoder,jag2018summer_day2_g,G. Construct One Point,,Unknown,,,,jag2018summer-day2,,
AtCoder,jag2018summer_day2_h,H. Prefix Suffix Free,,Unknown,,,,jag2018summer-day2,,
AtCoder,jag2018summer_day2_i,I. ADD DIV MAX RESTORE,,Unknown,,,,jag2018summer-day2,,
AtCoder,jag2018summer_day2_j,J. AB Sort,,Unknown,,,,jag2018summer-day2,,
AtCoder,jag2018summer_day2_k,K. Short LIS,,Unknown,,,,jag2018summer-day2,,
AtCoder,joi2006ho_a,A. JOI 2006 本選 問題1,,Unknown,,,,joi2006ho,,
AtCoder,joi2006ho_b,B. JOI 2006 本選 問題2,,Unknown,,,,joi2006ho,,
AtCoder,joi2006ho_c,C. JOI 2006 本選 問題3,,Unknown,,,,joi2006ho,,
AtCoder,joi2006ho_d,D. JOI 2006 本選 問題4,,Unknown,,,,joi2006ho,,
AtCoder,joi2006ho_e,E. JOI 2006 本選 問題5,,Unknown,,,,joi2006ho,,
AtCoder,joi2006yo_a,A. JOI 2006 予選 問題1,,Unknown,,,,joi2006yo,,
AtCoder,joi2006yo_b,B. JOI 2006 予選 問題2,,Unknown,,,,joi2006yo,,
AtCoder,joi2006yo_c,C. JOI 2006 予選 問題3,,Unknown,,,,joi2006yo,,
AtCoder,joi2006yo_d,D. JOI 2006 予選 問題4,,Unknown,,,,joi2006yo,,
AtCoder,joi2006yo_e,E. JOI 2006 予選 問題5,,Unknown,,,,joi2006yo,,
AtCoder,joi2007ho_a,A. 最大の和,,Unknown,,,,joi2007ho,,
AtCoder,joi2007ho_b,B. 最長の階段,,Unknown,,,,joi2007ho,,
AtCoder,joi2007ho_c,C. 最古の遺跡,,Unknown,,,,joi2007ho,,
AtCoder,joi2007ho_d,D. 最悪の記者,,Unknown,,,,joi2007ho,,
AtCoder,joi2007ho_e,E. 最軽量のモビール,,Unknown,,,,joi2007ho,,
AtCoder,joi2007yo_a,A. 得点,,Unknown,,,,joi2007yo,,
AtCoder,joi2007yo_b,B. 未提出者は誰だ,,Unknown,,,,joi2007yo,,
AtCoder,joi2007yo_c,C. シーザー暗号,,Unknown,,,,joi2007yo,,
AtCoder,joi2007yo_d,D. カードの並び替え,,Unknown,,,,joi2007yo,,
AtCoder,joi2007yo_e,E. 品質検査,,Unknown,,,,joi2007yo,,
AtCoder,joi2007yo_f,F. 通学経路,,Unknown,,,,joi2007yo,,
AtCoder,joi2008ho_a,A. 碁石ならべ,,Unknown,,,,joi2008ho,,
AtCoder,joi2008ho_b,B. 共通部分文字列,,Unknown,,,,joi2008ho,,
AtCoder,joi2008ho_c,C. ダーツ,,Unknown,,,,joi2008ho,,
AtCoder,joi2008ho_d,D. ぴょんぴょん川渡り,,Unknown,,,,joi2008ho,,
AtCoder,joi2008ho_e,E. ペンキの色,,Unknown,,,,joi2008ho,,
AtCoder,joi2008yo_a,A. おつり,,Unknown,,,,joi2008yo,,
AtCoder,joi2008yo_b,B. JOIとIOI,,Unknown,,,,joi2008yo,,
AtCoder,joi2008yo_c,C. カードゲーム,,Unknown,,,,joi2008yo,,
AtCoder,joi2008yo_d,D. 星座探し,,Unknown,,,,joi2008yo,,
AtCoder,joi2008yo_e,E. おせんべい,,Unknown,,,,joi2008yo,,
AtCoder,joi2008yo_f,F. 船旅,,Unknown,,,,joi2008yo,,
AtCoder,joi2009ho_a,A. IOIOI,,Unknown,,,,joi2009ho,,
AtCoder,joi2009ho_b,B. ピザ,,Unknown,,,,joi2009ho,,
AtCoder,joi2009ho_c,C. あみだくじ,,Unknown,,,,joi2009ho,,
AtCoder,joi2009ho_d,D. 散歩,,Unknown,,,,joi2009ho,,
AtCoder,joi2009ho_e,E. 認証レベル,,Unknown,,,,joi2009ho,,
AtCoder,joi2009yo_a,A. タイムカード,,Unknown,,,,joi2009yo,,
AtCoder,joi2009yo_b,B. コンテスト,,Unknown,,,,joi2009yo,,
AtCoder,joi2009yo_c,C. 連鎖,,Unknown,,,,joi2009yo,,
AtCoder,joi2009yo_d,D. 薄氷渡り,,Unknown,,,,joi2009yo,,
AtCoder,joi2009yo_e,E. シャッフル,,Unknown,,,,joi2009yo,,
AtCoder,joi2009yo_f,F. ビンゴ,,Unknown,,,,joi2009yo,,
AtCoder,joi2010ho_a,A. 旅人,,Unknown,,,,joi2010ho,,
AtCoder,joi2010ho_b,B. お菓子の分割,,Unknown,,,,joi2010ho,,
AtCoder,joi2010ho_c,C. つらら,,Unknown,,,,joi2010ho,,
AtCoder,joi2010ho_d,D. 博覧会,,Unknown,,,,joi2010ho,,
AtCoder,joi2010ho_e,E. ダンジョン,,Unknown,,,,joi2010ho,,
AtCoder,joi2010yo_a,A. レシート,,Unknown,,,,joi2010yo,,
AtCoder,joi2010yo_b,B. すごろく,,Unknown,,,,joi2010yo,,
AtCoder,joi2010yo_c,C. パーティー,,Unknown,,,,joi2010yo,,
AtCoder,joi2010yo_d,D. カード並べ,,Unknown,,,,joi2010yo,,
AtCoder,joi2010yo_e,E. 通勤経路,,Unknown,,,,joi2010yo,,
AtCoder,joi2010yo_f,F. 方向音痴のトナカイ,,Unknown,,,,joi2010yo,,
AtCoder,joi2011ho1,A. 惑星探査 (Planetary Exploration),,Unknown,,,,joi2011ho,,
AtCoder,joi2011ho2,B. 古本屋 (Books),,Unknown,,,,joi2011ho,,
AtCoder,joi2011ho3,C. JOI 国の買い物事情 (Shopping in JOI Kingdom),,Unknown,,,,joi2011ho,,
AtCoder,joi2011ho4,D. 歩くサンタクロース (Walking Santa),,Unknown,,,,joi2011ho,,
AtCoder,joi2011ho5,E. 微生物実験 (Bug Party),,Unknown,,,,joi2011ho,,
AtCoder,joi2011yo_a,A. 合計時間 (Total Time),,Unknown,,,,joi2011yo,,
AtCoder,joi2011yo_b,B. 指輪 (Ring),,Unknown,,,,joi2011yo,,
AtCoder,joi2011yo_c,C. タイル (Tile),,Unknown,,,,joi2011yo,,
AtCoder,joi2011yo_d,D. 1 年生 (A First Grader),,Unknown,,,,joi2011yo,,
AtCoder,joi2011yo_e,E. チーズ (Cheese),,Unknown,,,,joi2011yo,,
AtCoder,joi2011yo_f,F. JOI 旗 (JOI Flag),,Unknown,,,,joi2011yo,,
AtCoder,joi2012ho1,A. JJOOII (JJOOII),,Unknown,,,,joi2012ho,,
AtCoder,joi2012ho2,B. たのしいカードゲーム (Card Game is Fun),,Unknown,,,,joi2012ho,,
AtCoder,joi2012ho3,C. 夜店 (Night Market),,Unknown,,,,joi2012ho,,
AtCoder,joi2012ho4,D. 釘 (Nails),,Unknown,,,,joi2012ho,,
AtCoder,joi2012ho5,E. JOI 国のお祭り事情 (Festivals in JOI Kingdom),,Unknown,,,,joi2012ho,,
AtCoder,joi2012yo_a,A. ランチ (Lunch),,Unknown,,,,joi2012yo,,
AtCoder,joi2012yo_b,B. サッカー (Soccer),,Unknown,,,,joi2012yo,,
AtCoder,joi2012yo_c,C. 最高のピザ (Best Pizza),,Unknown,,,,joi2012yo,,
AtCoder,joi2012yo_d,D. パスタ (Pasta),,Unknown,,,,joi2012yo,,
AtCoder,joi2012yo_e,E. イルミネーション (Illumination),,Unknown,,,,joi2012yo,,
AtCoder,joi2012yo_f,F. ジグザグ数 (Zig-Zag Numbers),,Unknown,,,,joi2012yo,,
AtCoder,joi2013ho1,1. 電飾 (Illumination),,Unknown,,,,joi2013ho,,
AtCoder,joi2013ho2,2. IOI 列車で行こう (Take the 'IOI' train),,Unknown,,,,joi2013ho,,
AtCoder,joi2013ho3,3. 現代的な屋敷 (Modern Mansion),,Unknown,,,,joi2013ho,,
AtCoder,joi2013ho4,4. JOIOI の塔 (Tower of JOIOI),,Unknown,,,,joi2013ho,,
AtCoder,joi2013ho5,5. バブルソート (Bubble Sort),,Unknown,,,,joi2013ho,,
AtCoder,joi2013yo_a,A. 宿題 (Homework),,Unknown,,,,joi2013yo,,
AtCoder,joi2013yo_b,B. 数当てゲーム (Unique Number),,Unknown,,,,joi2013yo,,
AtCoder,joi2013yo_c,C. 看板 (Signboard),,Unknown,,,,joi2013yo,,
AtCoder,joi2013yo_d,D. 暑い日々 (Hot days),,Unknown,,,,joi2013yo,,
AtCoder,joi2013yo_e,E. 魚の生息範囲 (Fish),,Unknown,,,,joi2013yo,,
AtCoder,joi2013yo_f,F. お土産購入計画 (Gifts),,Unknown,,,,joi2013yo,,
AtCoder,joi2014ho1,A. JOI 紋章 (JOI Emblem),,Unknown,,,,joi2014ho,,
AtCoder,joi2014ho2,B. IOI 饅頭 (IOI Manju),,Unknown,,,,joi2014ho,,
AtCoder,joi2014ho3,C. バームクーヘン (Baumkuchen),,Unknown,,,,joi2014ho,,
AtCoder,joi2014ho4,D. フクロモモンガ  (Sugar Glider),,Unknown,,,,joi2014ho,,
AtCoder,joi2014ho5,E. 切り取り線  (Cutting),,Unknown,,,,joi2014ho,,
AtCoder,joi2014yo_a,A. 平均点 (Average Score),,Unknown,,,,joi2014yo,,
AtCoder,joi2014yo_b,B. 投票 (Vote),,Unknown,,,,joi2014yo,,
AtCoder,joi2014yo_c,C. 超都観光 (Super Metropolis),,Unknown,,,,joi2014yo,,
AtCoder,joi2014yo_d,D. 部活のスケジュール表 (Schedule),,Unknown,,,,joi2014yo,,
AtCoder,joi2014yo_e,E. タクシー (Taxis),,Unknown,,,,joi2014yo,,
AtCoder,joi2014yo_f,F. 小籠包 (Xiao Long Bao),,Unknown,,,,joi2014yo,,
AtCoder,joi2015ho_a,A. 鉄道旅行 (Railroad Trip),,Unknown,,,,joi2015ho,,
AtCoder,joi2015ho_b,B. ケーキの切り分け２ (Cake 2),,Unknown,,,,joi2015ho,,
AtCoder,joi2015ho_c,C. JOI 公園 (JOI Park),,Unknown,,,,joi2015ho,,
AtCoder,joi2015ho_d,D. 舞踏会 (Ball),,Unknown,,,,joi2015ho,,
AtCoder,joi2015ho_e,E. 城壁 (Rampart),,Unknown,,,,joi2015ho,,
AtCoder,joi2015yo_a,A. 水道料金 (Water Rate),,Unknown,,,,joi2015yo,,
AtCoder,joi2015yo_b,B. クリスマスパーティー (Christmas Party),,Unknown,,,,joi2015yo,,
AtCoder,joi2015yo_c,C. 気象予報士 (Weather Forecaster),,Unknown,,,,joi2015yo,,
AtCoder,joi2015yo_d,D. シルクロード (Silk Road),,Unknown,,,,joi2015yo,,
AtCoder,joi2015yo_e,E. 砂の城 (Sandcastle),,Unknown,,,,joi2015yo,,
AtCoder,joi2015yo_f,F. 財宝 (Treasures),,Unknown,,,,joi2015yo,,
AtCoder,joi2016ho_a,A. オレンジの出荷 (Oranges),,Unknown,,,,joi2016ho,,
AtCoder,joi2016ho_b,B. スタンプラリー 2 (Collecting Stamps 2),,Unknown,,,,joi2016ho,,
AtCoder,joi2016ho_c,C. 鉄道運賃 (Train Fare),,Unknown,,,,joi2016ho,,
AtCoder,joi2016ho_d,D. 縄張り (Territory),,Unknown,,,,joi2016ho,,
AtCoder,joi2016ho_e,E. 断層 (Geologic Fault),,Unknown,,,,joi2016ho,,
AtCoder,joi2016yo_a,A. 科目選択 (Selecting Subjects),,Unknown,,,,joi2016yo,,
AtCoder,joi2016yo_b,B. ゼッケンの交換 (Swapping Bibs),,Unknown,,,,joi2016yo,,
AtCoder,joi2016yo_c,C. ロシアの旗 (Russian Flag),,Unknown,,,,joi2016yo,,
AtCoder,joi2016yo_d,D. JOI国のお散歩事情 (Walking in JOI Kingdom),,Unknown,,,,joi2016yo,,
AtCoder,joi2016yo_e,E. ゾンビ島 (Zombie Island),,Unknown,,,,joi2016yo,,
AtCoder,joi2016yo_f,F. 屋台 (Food stalls),,Unknown,,,,joi2016yo,,
AtCoder,joi2017ho_a,A. フェーン現象 (Foehn Phenomena),,Unknown,,,,joi2017ho,,
AtCoder,joi2017ho_b,B. 準急電車 (Semiexpress),,Unknown,,,,joi2017ho,,
AtCoder,joi2017ho_c,C. JOIOI 王国 (Kingdom of JOIOI),,Unknown,,,,joi2017ho,,
AtCoder,joi2017ho_d,D. サッカー (Soccer),,Unknown,,,,joi2017ho,,
AtCoder,joi2017ho_e,E. 縄 (Rope),,Unknown,,,,joi2017ho,,
AtCoder,joi2017yo_a,A. 電子レンジ (Microwave) ,,Unknown,,,,joi2017yo,,
AtCoder,joi2017yo_b,B. ポイントカード (Point Card) ,,Unknown,,,,joi2017yo,,
AtCoder,joi2017yo_c,C. 休憩スペース (Refreshment Area),,Unknown,,,,joi2017yo,,
AtCoder,joi2017yo_d,D. ぬいぐるみの整理 (Plush Toys) ,,Unknown,,,,joi2017yo,,
AtCoder,joi2017yo_e,E. 尾根 (Ridge),,Unknown,,,,joi2017yo,,
AtCoder,joi2017yo_f,F. ヘビの JOI 君 (Snake JOI),,Unknown,,,,joi2017yo,,
AtCoder,joi2018_yo_a,A. 鉛筆 (Pencils),,Unknown,,,,joi2018yo,,
AtCoder,joi2018_yo_b,B. 双六 (Sugoroku),,Unknown,,,,joi2018yo,,
AtCoder,joi2018_yo_c,C. 幹線道路 (Trunk Road),,Unknown,,,,joi2018yo,,
AtCoder,joi2018_yo_d,D. 水ようかん (Mizuyokan),,Unknown,,,,joi2018yo,,
AtCoder,joi2018_yo_e,E. 森林伐採（Deforestation）,,Unknown,,,,joi2018yo,,
AtCoder,joi2018_yo_f,F. L番目のK番目の数 (LthKthNumber),,Unknown,,,,joi2018yo,,
AtCoder,joi2018ho_a,A. ストーブ (Stove),,Unknown,,,,joi2018ho,,
AtCoder,joi2018ho_b,B. 美術展 (Art Exhibition),,Unknown,,,,joi2018ho,,
AtCoder,joi2018ho_c,C. 団子職人 (Dango Maker),,Unknown,,,,joi2018ho,,
AtCoder,joi2018ho_d,D. 定期券 (Commuter Pass),,Unknown,,,,joi2018ho,,
AtCoder,joi2018ho_e,E. 毒蛇の脱走 (Snake Escaping),,Unknown,,,,joi2018ho,,
AtCoder,joi2019_yo_a,A. ソーシャルゲーム (Social Game),,Unknown,,,,joi2019yo,,
AtCoder,joi2019_yo_b,B. すごろくと駒 (Sugoroku and Pieces),,Unknown,,,,joi2019yo,,
AtCoder,joi2019_yo_c,C. マルバツスタンプ (Circle Cross Stamps),,Unknown,,,,joi2019yo,,
AtCoder,joi2019_yo_d,D. 日本沈没 (Japan Sinks),,Unknown,,,,joi2019yo,,
AtCoder,joi2019_yo_e,E. イルミネーション (Illumination),,Unknown,,,,joi2019yo,,
AtCoder,joi2019_yo_f,F. 座席 (Seats),,Unknown,,,,joi2019yo,,
AtCoder,joi2019ho_a,A. 勇者ビ太郎 (Bitaro the Brave),,Unknown,,,,joi2019ho,,
AtCoder,joi2019ho_b,B. 展覧会 (Exhibition),,Unknown,,,,joi2019ho,,
AtCoder,joi2019ho_c,C. たのしいたのしいたのしい家庭菜園 (Growing Vegetables is Fun 3),,Unknown,,,,joi2019ho,,
AtCoder,joi2019ho_d,D. コイン集め (Coin Collecting),,Unknown,,,,joi2019ho,,
AtCoder,joi2019ho_e,E. 珍しい都市 (Unique Cities),,Unknown,,,,joi2019ho,,
AtCoder,joi2020_yo1a_a,A. 3 つの整数 (Three Integers),,Unknown,,,,joi2020yo1a,,
AtCoder,joi2020_yo1a_b,B. 母音を数える (Counting Vowels),,Unknown,,,,joi2020yo1a,,
AtCoder,joi2020_yo1a_c,C. マージ (Merge),,Unknown,,,,joi2020yo1a,,
AtCoder,joi2020_yo1b_a,A. 試験 (Exam),,Unknown,,,,joi2020yo1b,,
AtCoder,joi2020_yo1b_b,B. 文字列の反転 (Inversion of a String),,Unknown,,,,joi2020yo1b,,
AtCoder,joi2020_yo1b_c,C. 最頻値 (Mode),,Unknown,,,,joi2020yo1b,,
AtCoder,joi2020_yo1c_a,A. X に最も近い値 (The Nearest Value),,Unknown,,,,joi2020yo1c,,
AtCoder,joi2020_yo1c_b,B. キャピタリゼーション (Capitalization),,Unknown,,,,joi2020yo1c,,
AtCoder,joi2020_yo1c_c,C. 最長昇順連続部分列 (Longest Ascending Contiguous Subsequence),,Unknown,,,,joi2020yo1c,,
AtCoder,joi2020_yo2_a,A. ポスター (Poster),,Unknown,,,,joi2020yo2,,
AtCoder,joi2020_yo2_b,B. いちご (Strawberry),,Unknown,,,,joi2020yo2,,
AtCoder,joi2020_yo2_c,C. 桁和 (Digit Sum),,Unknown,,,,joi2020yo2,,
AtCoder,joi2020_yo2_d,D. テンキー (Tenkey),,Unknown,,,,joi2020yo2,,
AtCoder,joi2020_yo2_e,E. じゃんけん式 (Rock-Scissors-Paper Expression),,Unknown,,,,joi2020yo2,,
AtCoder,joi2020ho_a,A. 長いだけのネクタイ (Just Long Neckties),,Unknown,,,,joi2020ho,,
AtCoder,joi2020ho_b,B. JJOOII 2 (JJOOII 2),,Unknown,,,,joi2020ho,,
AtCoder,joi2020ho_c,C. スタンプラリー 3 (Collecting Stamps 3),,Unknown,,,,joi2020ho,,
AtCoder,joi2020ho_d,D. オリンピックバス (Olympic Bus),,Unknown,,,,joi2020ho,,
AtCoder,joi2020ho_e,E. 火事 (Fire),,Unknown,,,,joi2020ho,,
AtCoder,joi2021_yo1a_a,A. 2 番目に大きい整数 (The Second Largest Integer),,Unknown,,,,joi2021yo1a,,
AtCoder,joi2021_yo1a_b,B. JOI ソート (JOI Sort),,Unknown,,,,joi2021yo1a,,
AtCoder,joi2021_yo1a_c,C. 共通要素 (Common Elements),,Unknown,,,,joi2021yo1a,,
AtCoder,joi2021_yo1b_a,A. 帰省 (Homecoming),,Unknown,,,,joi2021yo1b,,
AtCoder,joi2021_yo1b_b,B. ビ太郎と IOI (Bitaro and IOI),,Unknown,,,,joi2021yo1b,,
AtCoder,joi2021_yo1b_c,C. 分割 (Split),,Unknown,,,,joi2021yo1b,,
AtCoder,joi2021_yo1c_a,A. 計算 (Calculation),,Unknown,,,,joi2021yo1c,,
AtCoder,joi2021_yo1c_b,B. IOI 文字列 (IOI String),,Unknown,,,,joi2021yo1c,,
AtCoder,joi2021_yo1c_c,C. 比較 (Comparison),,Unknown,,,,joi2021yo1c,,
AtCoder,joi2021_yo2_a,A. 往復すごろく (Round Sugoroku),,Unknown,,,,joi2021yo2,,
AtCoder,joi2021_yo2_b,B. パンケーキ (Pancake),,Unknown,,,,joi2021yo2,,
AtCoder,joi2021_yo2_c,C. イベント巡り (Event Hopping),,Unknown,,,,joi2021yo2,,
AtCoder,joi2021_yo2_d,D. 安全点検 (Safety Inspection),,Unknown,,,,joi2021yo2,,
AtCoder,joi2021_yo2_e,E. スパイ 2 (Spy 2),,Unknown,,,,joi2021yo2,,
AtCoder,joi2021ho_a,A. とてもたのしい家庭菜園 (Growing Vegetables is Fun 4),,Unknown,,,,joi2021ho,,
AtCoder,joi2021ho_b,B. 雪玉 (Snowball),,Unknown,,,,joi2021ho,,
AtCoder,joi2021ho_c,C. 集合写真 (Group Photo),,Unknown,,,,joi2021ho,,
AtCoder,joi2021ho_d,D. ロボット (Robot),,Unknown,,,,joi2021ho,,
AtCoder,joi2021ho_e,E. ダンジョン 3 (Dungeon 3),,Unknown,,,,joi2021ho,,
AtCoder,joi2022_yo1a_a,A. 余り (Remainder),,Unknown,,,,joi2022yo1a,,
AtCoder,joi2022_yo1a_b,B. 移動 (Moving),,Unknown,,,,joi2022yo1a,,
AtCoder,joi2022_yo1a_c,C. 複雑な文字列 (Complex String),,Unknown,,,,joi2022yo1a,,
AtCoder,joi2022_yo1a_d,D. 箱と鍵 (Boxes and Keys),,Unknown,,,,joi2022yo1a,,
AtCoder,joi2022_yo1b_a,A. 立方体 (Cube),,Unknown,,,,joi2022yo1b,,
AtCoder,joi2022_yo1b_b,B. 短針 (Hour Hand),,Unknown,,,,joi2022yo1b,,
AtCoder,joi2022_yo1b_c,C. 次の文字 (Next Character),,Unknown,,,,joi2022yo1b,,
AtCoder,joi2022_yo1b_d,D. 希少な数 (Rare Number),,Unknown,,,,joi2022yo1b,,
AtCoder,joi2022_yo1c_a,A. 身長 (Height),,Unknown,,,,joi2022yo1c,,
AtCoder,joi2022_yo1c_b,B. アイスクリーム (Ice Cream),,Unknown,,,,joi2022yo1c,,
AtCoder,joi2022_yo1c_c,C. 運動会 (Sports Day),,Unknown,,,,joi2022yo1c,,
AtCoder,joi2022_yo1c_d,D. ボールの移動 (Moving Balls),,Unknown,,,,joi2022yo1c,,
AtCoder,joi2022_yo2_a,A. 図書館 2 (Library 2),,Unknown,,,,joi2022yo2,,
AtCoder,joi2022_yo2_b,B. カーペット (Carpet),,Unknown,,,,joi2022yo2,,
AtCoder,joi2022_yo2_c,C. 国土分割 (Land Division),,Unknown,,,,joi2022yo2,,
AtCoder,joi2022_yo2_d,D. 飴 2 (Candies 2),,Unknown,,,,joi2022yo2,,
AtCoder,joi2022_yo2_e,E. 交易計画 (Trade Plan),,Unknown,,,,joi2022yo2,,
AtCoder,joi2022ho_a,A. インターカステラー (Intercastellar),,Unknown,,,,joi2022ho,,
AtCoder,joi2022ho_b,B. 自習 (Self Study),,Unknown,,,,joi2022ho,,
AtCoder,joi2022ho_c,C. 選挙で勝とう (Let's Win the Election),,Unknown,,,,joi2022ho,,
AtCoder,joi2022ho_d,D. 鉄道旅行 2 (Railway Trip 2),,Unknown,,,,joi2022ho,,
AtCoder,joi2022ho_e,E. 砂の城 2 (Sandcastle 2),,Unknown,,,,joi2022ho,,
AtCoder,joi2023_yo1a_a,A. 長方形 (Rectangle),,Unknown,,,,joi2023yo1a,,
AtCoder,joi2023_yo1a_b,B. ゾロ目 (Same Numbers),,Unknown,,,,joi2023yo1a,,
AtCoder,joi2023_yo1a_c,C. 3 つの箱 (Three Boxes) ,,Unknown,,,,joi2023yo1a,,
AtCoder,joi2023_yo1a_d,D. 二人三脚 (Three-Legged Race),,Unknown,,,,joi2023yo1a,,
AtCoder,joi2023_yo1b_a,A. 時間 (Hour),,Unknown,,,,joi2023yo1b,,
AtCoder,joi2023_yo1b_b,B. 三方比較 (Three-Way Comparison),,Unknown,,,,joi2023yo1b,,
AtCoder,joi2023_yo1b_c,C. 繰り返し文字列 (Repeating String),,Unknown,,,,joi2023yo1b,,
AtCoder,joi2023_yo1b_d,D. 点数 (Score),,Unknown,,,,joi2023yo1b,,
AtCoder,joi2023_yo1c_a,A. 2 桁の整数 (Two-digit Integer),,Unknown,,,,joi2023yo1c,,
AtCoder,joi2023_yo1c_b,B. 11 月 (November),,Unknown,,,,joi2023yo1c,,
AtCoder,joi2023_yo1c_c,C. JOI エディタ (JOI Editor),,Unknown,,,,joi2023yo1c,,
AtCoder,joi2023_yo1c_d,D. マラソン大会 (Marathon Race),,Unknown,,,,joi2023yo1c,,
AtCoder,joi2023_yo2_a,A. 年齢の差 (Age Difference),,Unknown,,,,joi2023yo2,,
AtCoder,joi2023_yo2_b,B. ジョイ四人組 (JOI04),,Unknown,,,,joi2023yo2,,
AtCoder,joi2023_yo2_c,C. 塗りつぶし (Painting),,Unknown,,,,joi2023yo2,,
AtCoder,joi2023_yo2_d,D. 貨物列車 (Freight Train),,Unknown,,,,joi2023yo2,,
AtCoder,joi2023_yo2_e,E. 日本沈没 2 (Japan Sinks 2),,Unknown,,,,joi2023yo2,,
AtCoder,joi2023ho_a,A. 碁石ならべ 2 (Stone Arranging 2),,Unknown,,,,joi2023ho,,
AtCoder,joi2023ho_b,B. 宣伝 2 (Advertisement 2),,Unknown,,,,joi2023ho,,
AtCoder,joi2023ho_c,C. 迷路 (Maze),,Unknown,,,,joi2023ho,,
AtCoder,joi2023ho_d,D. キャットエクササイズ (Cat Exercise),,Unknown,,,,joi2023ho,,
AtCoder,joi2023ho_e,E. 現代的な機械 (Modern Machine),,Unknown,,,,joi2023ho,,
AtCoder,joi2024_yo1a_a,A. 果物 (Fruit),,Unknown,,,,joi2024yo1a,,
AtCoder,joi2024_yo1a_b,B. 和の判定 (Sum Checker),,Unknown,,,,joi2024yo1a,,
AtCoder,joi2024_yo1a_c,C. ハミング距離 (Hamming Distance),,Unknown,,,,joi2024yo1a,,
AtCoder,joi2024_yo1a_d,D. 現れている数字 (Appearing Numbers),,Unknown,,,,joi2024yo1a,,
AtCoder,joi2024_yo1b_a,A. 飴の袋詰め (Drops Packing),,Unknown,,,,joi2024yo1b,,
AtCoder,joi2024_yo1b_b,B. 火曜日 (Tuesday),,Unknown,,,,joi2024yo1b,,
AtCoder,joi2024_yo1b_c,C. 画数数え (Stroke Count),,Unknown,,,,joi2024yo1b,,
AtCoder,joi2024_yo1b_d,D. 繰り返し (Repetition),,Unknown,,,,joi2024yo1b,,
AtCoder,joi2024_yo1c_a,A. 分 (Minutes),,Unknown,,,,joi2024yo1c,,
AtCoder,joi2024_yo1c_b,B. 桁 (Digit),,Unknown,,,,joi2024yo1c,,
AtCoder,joi2024_yo1c_c,C. 揃った文字 (Matched Letters),,Unknown,,,,joi2024yo1c,,
AtCoder,joi2024_yo1c_d,D. 差 (Difference),,Unknown,,,,joi2024yo1c,,
AtCoder,joi2024_yo2_a,A. カードゲーム 2 (Card Game 2),,Unknown,,,,joi2024yo2,,
AtCoder,joi2024_yo2_b,B. 買い物 2 (Shopping 2),,Unknown,,,,joi2024yo2,,
AtCoder,joi2024_yo2_c,C. 白色光 2 (White Light 2),,Unknown,,,,joi2024yo2,,
AtCoder,joi2024_yo2_d,D. 庭園 2 (Garden 2),,Unknown,,,,joi2024yo2,,
AtCoder,joi2024_yo2_e,E. 高速道路の通行料金 (Highway Tolls),,Unknown,,,,joi2024yo2,,
AtCoder,joi2024ho_a,A. 室温 (Room Temperature),,Unknown,,,,joi2024ho,,
AtCoder,joi2024ho_b,B. 建設事業 2 (Construction Project 2),,Unknown,,,,joi2024ho,,
AtCoder,joi2024ho_c,C. マラソン大会 2 (Marathon Race 2),,Unknown,,,,joi2024ho,,
AtCoder,joi2024ho_d,D. プレゼント交換 (Gift Exchange),,Unknown,,,,joi2024ho,,
AtCoder,joi2024ho_e,E. 道路網の整備 2 (Road Service 2),,Unknown,,,,joi2024ho,,
AtCoder,joi2025_yo1a_a,A. 鉛筆 2 (Pencils 2),,Unknown,,,,joi2025yo1a,,
AtCoder,joi2025_yo1a_b,B. 散歩 (Walking),,Unknown,,,,joi2025yo1a,,
AtCoder,joi2025_yo1a_c,C. OIJ (OIJ),,Unknown,,,,joi2025yo1a,,
AtCoder,joi2025_yo1a_d,D. どら焼き (Dorayaki),,Unknown,,,,joi2025yo1a,,
AtCoder,joi2025_yo1b_a,A. 徒競走 (Footrace),,Unknown,,,,joi2025yo1b,,
AtCoder,joi2025_yo1b_b,B. 鉄道旅行 3 (Railway Trip 3),,Unknown,,,,joi2025yo1b,,
AtCoder,joi2025_yo1b_c,C. じゃんけん (Rock-Scissors-Paper),,Unknown,,,,joi2025yo1b,,
AtCoder,joi2025_yo1b_d,D. 三角足し算 (Triangle Addition),,Unknown,,,,joi2025yo1b,,
AtCoder,joi2025_yo1c_a,A. 所持金 (Money On Me),,Unknown,,,,joi2025yo1c,,
AtCoder,joi2025_yo1c_b,B. ブラックジャック (Blackjack),,Unknown,,,,joi2025yo1c,,
AtCoder,joi2025_yo1c_c,"C. いずれか片方 (Either, but Not Both)",,Unknown,,,,joi2025yo1c,,
AtCoder,joi2025_yo1c_d,D. 周期文字列 (Cycle String),,Unknown,,,,joi2025yo1c,,
AtCoder,joi2025_yo2_a,A. マスキングテープ (Masking Tape),,Unknown,,,,joi2025yo2,,
AtCoder,joi2025_yo2_b,B. ビリヤード (Billiards),,Unknown,,,,joi2025yo2,,
AtCoder,joi2025_yo2_c,C. ソフトクリーム (Softcream),,Unknown,,,,joi2025yo2,,
AtCoder,joi2025_yo2_d,D. 親密なシェフ (Intimate Chef),,Unknown,,,,joi2025yo2,,
AtCoder,joi2025_yo2_e,E. 衝突 (Collision),,Unknown,,,,joi2025yo2,,
AtCoder,joi2025ho_a,A. 色塗り (Grid Coloring),,Unknown,,,,joi2025ho,,
AtCoder,joi2025ho_b,B. 勇者ビ太郎 2 (Bitaro the Brave 2),,Unknown,,,,joi2025ho,,
AtCoder,joi2025ho_c,C. ミ・テレフェリコ (Mi Teleférico),,Unknown,,,,joi2025ho,,
AtCoder,joi2025ho_d,D. 長いだけのネクタイ 2 (Just Long Neckties 2),,Unknown,,,,joi2025ho,,
AtCoder,joi2025ho_e,E. 郵便局 (Post Office),,Unknown,,,,joi2025ho,,
AtCoder,joi2026_semifinal_a,A. 座席 3 (Seats 3),,Unknown,,,,joi2026sf,,
AtCoder,joi2026_semifinal_b,B. 宝石商 (Jeweler),,Unknown,,,,joi2026sf,,
AtCoder,joi2026_semifinal_c,C. 衣服 (Clothes),,Unknown,,,,joi2026sf,,
AtCoder,joi2026_semifinal_d,D. 川下り(River Rafting) ,,Unknown,,,,joi2026sf,,
AtCoder,joi2026_semifinal_e,E. 新たな橋 (New Bridge),,Unknown,,,,joi2026sf,,
AtCoder,joi2026_semifinal_f,F. 奇妙な機械 (Strange Machine),,Unknown,,,,joi2026sf,,
AtCoder,joi2026_yo1a_a,A. 面積 (Area),,Unknown,,,,joi2026yo1a,,
AtCoder,joi2026_yo1a_b,B. ノートパソコン (Laptop),,Unknown,,,,joi2026yo1a,,
AtCoder,joi2026_yo1a_c,C. シャッフル 2 (Shuffle 2),,Unknown,,,,joi2026yo1a,,
AtCoder,joi2026_yo1a_d,D. oxゲーム (Xs and Os),,Unknown,,,,joi2026yo1a,,
AtCoder,joi2026_yo1b_a,A. 宿題 2 (Homework 2),,Unknown,,,,joi2026yo1b,,
AtCoder,joi2026_yo1b_b,B. 帰省 2 (Homecoming 2),,Unknown,,,,joi2026yo1b,,
AtCoder,joi2026_yo1b_c,C. 葵とIOI (Aoi and IOI),,Unknown,,,,joi2026yo1b,,
AtCoder,joi2026_yo1b_d,D. 距離 (Distance),,Unknown,,,,joi2026yo1b,,
AtCoder,joi2026_yo1c_a,A. テスト (Test),,Unknown,,,,joi2026yo1c,,
AtCoder,joi2026_yo1c_b,B. リンゴ (Apple),,Unknown,,,,joi2026yo1c,,
AtCoder,joi2026_yo1c_c,C. ビルディング 5 (Building 5),,Unknown,,,,joi2026yo1c,,
AtCoder,joi2026_yo1c_d,D. 走り幅跳び (Long Jump),,Unknown,,,,joi2026yo1c,,
AtCoder,joi2026_yo2_a,A. クラス分け (Class Division),,Unknown,,,,joi2026yo2,,
AtCoder,joi2026_yo2_b,B. 究極の団子職人 (Ultimate Dango Maker),,Unknown,,,,joi2026yo2,,
AtCoder,joi2026_yo2_c,C. JOI エリミネーター (JOI Eliminator),,Unknown,,,,joi2026yo2,,
AtCoder,joi2026_yo2_d,D. 買い物 3 (Shopping 3),,Unknown,,,,joi2026yo2,,
AtCoder,joi2026_yo2_e,E. ビ太郎の旅 3 (Bitaro's Travel 3),,Unknown,,,,joi2026yo2,,
AtCoder,joi2026_yo2_f,F. 船 (Ship),,Unknown,,,,joi2026yo2,,
AtCoder,joi2026final_a,A. 伝説の団子食通 (Legendary Dango Eater),,Unknown,,,,joi2026final,,
AtCoder,joi2026final_b,B. 庭園 3 (Garden 3),,Unknown,,,,joi2026final,,
AtCoder,joi2026final_c,C. マルチコミュニケーション 2 (Multi Communication 2),,Unknown,,,,joi2026final,,
AtCoder,joi2026final_d,D. カジノ (Casino),,Unknown,,,,joi2026final,,
AtCoder,joi2026final_e,E. JOI ツアー 2 (JOI Tour 2),,Unknown,,,,joi2026final,,
AtCoder,joi2026final_f,F. テレポーター 2 (Teleporter 2),,Unknown,,,,joi2026final,,
AtCoder,joi2026final_g,G. 三角形降雨 (Triangular Rainfall),,Unknown,,,,joi2026final,,
AtCoder,joi2026final_h,H. かかし 2 (Scarecrows 2),,Unknown,,,,joi2026final,,
AtCoder,joi2026final_i,I. スタンプラリー 5 (Collecting Stamps 5),,Unknown,,,,joi2026final,,
AtCoder,joi2026final_j,J. パン職人 (Baker),,Unknown,,,,joi2026final,,
AtCoder,joi2026final_k,K. JOI 国のお祭り事情 3 (Festivals in JOI Kingdom 3),,Unknown,,,,joi2026final,,
AtCoder,joi2026final_l,L. 電圧 2 (Voltage 2),,Unknown,,,,joi2026final,,
AtCoder,joig2021_a,A. 金平糖 (Konpeito),,Unknown,,,,joig2021-open,,
AtCoder,joig2021_b,B. 巻物 (Scroll),,Unknown,,,,joig2021-open,,
AtCoder,joig2021_c,C. イルミネーション 2 (Illumination 2),,Unknown,,,,joig2021-open,,
AtCoder,joig2021_d,D. 展覧会 2 (Exhibition 2),,Unknown,,,,joig2021-open,,
AtCoder,joig2021_e,E. パレード (Parade),,Unknown,,,,joig2021-open,,
AtCoder,joig2021_f,F. デジタルアート (Digital Art),,Unknown,,,,joig2021-open,,
AtCoder,joig2022_a,A. ピアノコンクール (Piano Competition),,Unknown,,,,joig2022-open,,
AtCoder,joig2022_b,B. 掛け算 (Multiplication),,Unknown,,,,joig2022-open,,
AtCoder,joig2022_c,C. 投票 (Voting),,Unknown,,,,joig2022-open,,
AtCoder,joig2022_d,D. いちご 2 (Strawberry 2),,Unknown,,,,joig2022-open,,
AtCoder,joig2022_e,E. エゴイ展 (EGOI Exhibition),,Unknown,,,,joig2022-open,,
AtCoder,joig2022_f,F. タクシー 2 (Taxis 2),,Unknown,,,,joig2022-open,,
AtCoder,joig2023_a,A. 末尾の文字 (Last Letter),,Unknown,,,,joig2023-open,,
AtCoder,joig2023_b,B. 絶対階差数列 (Sequence of Absolute Differences),,Unknown,,,,joig2023-open,,
AtCoder,joig2023_c,C. 鐘 (Bell),,Unknown,,,,joig2023-open,,
AtCoder,joig2023_d,D. コイン集め 2 (Coin Collecting 2),,Unknown,,,,joig2023-open,,
AtCoder,joig2023_e,E. 運河 (Canal),,Unknown,,,,joig2023-open,,
AtCoder,joig2023_f,F. タイピング大会 (Typing Contest),,Unknown,,,,joig2023-open,,
AtCoder,joig2024_a,A. 三連続 (Three Consecutive),,Unknown,,,,joig2024-open,,
AtCoder,joig2024_b,B. ダンス (Dance),,Unknown,,,,joig2024-open,,
AtCoder,joig2024_c,C. 座席 2 (Seats 2),,Unknown,,,,joig2024-open,,
AtCoder,joig2024_d,D. たくさんの数字 (Many Digits),,Unknown,,,,joig2024-open,,
AtCoder,joig2024_e,E. 名前 (Name),,Unknown,,,,joig2024-open,,
AtCoder,joig2024_f,F. 感染シミュレーション (Infection Simulation),,Unknown,,,,joig2024-open,,
AtCoder,joig2025_a,A. カードゲーム 4 (Card Game 4),,Unknown,,,,joig2025-open,,
AtCoder,joig2025_b,B. ポスター 2 (Poster 2),,Unknown,,,,joig2025-open,,
AtCoder,joig2025_c,C. 修学旅行 (School Trip),,Unknown,,,,joig2025-open,,
AtCoder,joig2025_d,D. 最悪の記者 5 (Worst Reporter 5),,Unknown,,,,joig2025-open,,
AtCoder,joig2025_e,E. 神経衰弱 2 (Pair Matching 2),,Unknown,,,,joig2025-open,,
AtCoder,joig2026final_a,A. マカロン (Macaron),,Unknown,,,,joig2026final,,
AtCoder,joig2026final_b,B. 運動会 (Sports Festival),,Unknown,,,,joig2026final,,
AtCoder,joig2026final_c,C. ケーキの飾りつけ (Cake 4),,Unknown,,,,joig2026final,,
AtCoder,joig2026final_d,D. カジノ (Casino),,Unknown,,,,joig2026final,,
AtCoder,joig2026final_e,E. 鉄道旅行 4 (Railway Trip 4),,Unknown,,,,joig2026final,,
AtCoder,joig2026final_f,F. 動物園 (Zoo),,Unknown,,,,joig2026final,,
AtCoder,joig2026final_g,G. かかし 2 (Scarecrows 2),,Unknown,,,,joig2026final,,
AtCoder,joig2026final_h,H. スタンプラリー 5 (Collecting Stamps 5),,Unknown,,,,joig2026final,,
AtCoder,joig2026final_i,I. チーズとネズミ (Cheeses and Mice),,Unknown,,,,joig2026final,,
AtCoder,joig2026final_j,J. カレーライス (Curry and Rice),,Unknown,,,,joig2026final,,
AtCoder,joig2026final_k,K. お菓子詰め (Packing Snacks),,Unknown,,,,joig2026final,,
AtCoder,joig2026final_l,L. 電圧 2 (Voltage 2),,Unknown,,,,joig2026final,,
AtCoder,joigsc2022_a,A. リレー競技 (Relay),,Unknown,,,,joigsc2022,,
AtCoder,joigsc2022_b,B. JOIG ツアー (JOIG Tour),,Unknown,,,,joigsc2022,,
AtCoder,joigsc2022_c,C. チーム戦 (Team Contest),,Unknown,,,,joigsc2022,,
AtCoder,joigsc2022_d,D. コピー & ペースト 3 (Copy and Paste 3),,Unknown,,,,joigsc2022,,
AtCoder,joigsc2022_e,E. メロンの出荷 (Melons),,Unknown,,,,joigsc2022,,
AtCoder,joigsc2022_f,F. 空港 (Airport),,Unknown,,,,joigsc2022,,
AtCoder,joigsc2022_g,G. 一流の団子職人 (Super Dango Maker),,Unknown,,,,joigsc2022,,
AtCoder,joigsc2022_h,H. 復興事業 (Reconstruction Project),,Unknown,,,,joigsc2022,,
AtCoder,joigsp2023_a,A. ロケット打ち上げ (Rocket Launching),,Unknown,,,,joigsp2023,,
AtCoder,joigsp2023_b,B. テレポーター (Teleporter),,Unknown,,,,joigsp2023,,
AtCoder,joigsp2023_c,C. 議会 (Council),,Unknown,,,,joigsp2023,,
AtCoder,joigsp2023_d,D. ベルトコンベア (Belt Conveyor),,Unknown,,,,joigsp2023,,
AtCoder,joigsp2023_e,E. スマートフォン (Smartphone),,Unknown,,,,joigsp2023,,
AtCoder,joigsp2023_f,F. 白色光 (White Light),,Unknown,,,,joigsp2023,,
AtCoder,joigsp2023_g,G. ビ太郎の旅 (Bitaro's Travel),,Unknown,,,,joigsp2023,,
AtCoder,joigsp2023_h,H. 最後の戦い (The Last Battle),,Unknown,,,,joigsp2023,,
AtCoder,joigsp2024_a,A. いっしょ (Together),,Unknown,,,,joigsp2024,,
AtCoder,joigsp2024_b,B. バームクーヘン 2 (Baumkuchen 2),,Unknown,,,,joigsp2024,,
AtCoder,joigsp2024_c,C. ボードゲーム (Board Game),,Unknown,,,,joigsp2024,,
AtCoder,joigsp2024_d,D. 三色灯 (Tricolor Lights),,Unknown,,,,joigsp2024,,
AtCoder,joigsp2024_e,E. カードゲーム 3 (Card Game 3),,Unknown,,,,joigsp2024,,
AtCoder,joigsp2024_f,F. チョコレートを増やせ (Increase Chocolates),,Unknown,,,,joigsp2024,,
AtCoder,joigsp2024_g,G. 島巡り (Island Hopping),,Unknown,,,,joigsp2024,,
AtCoder,joigsp2024_h,H. 卓球 (Table Tennis),,Unknown,,,,joigsp2024,,
AtCoder,joigsp2025_a,A. ポーカー (Poker),,Unknown,,,,joigsp2025,,
AtCoder,joigsp2025_b,B. 雪玉 2 (Snowballs 2),,Unknown,,,,joigsp2025,,
AtCoder,joigsp2025_c,C. 救急車 (Ambulance),,Unknown,,,,joigsp2025,,
AtCoder,joigsp2025_d,D. 宇宙怪盗 (Space Thief),,Unknown,,,,joigsp2025,,
AtCoder,joigsp2025_e,E. 魔法陣 (Magic Circles),,Unknown,,,,joigsp2025,,
AtCoder,joigsp2025_f,F. 日本浮上 (Japan Emerges),,Unknown,,,,joigsp2025,,
AtCoder,joigsp2025_g,G. マルチコミュニケーション (Multi Communication),,Unknown,,,,joigsp2025,,
AtCoder,joigsp2025_h,H. 勇者ビ太郎 3 (Bitaro the Brave 3),,Unknown,,,,joigsp2025,,
AtCoder,joigsp2025_i,I. ティーパーティー (Tea Party),,Unknown,,,,joigsp2025,,
AtCoder,joigsp2025_j,J. 電波塔 (Radio Towers),,Unknown,,,,joigsp2025,,
AtCoder,joigsp2025_k,K. ういろう (Uiro),,Unknown,,,,joigsp2025,,
AtCoder,joigsp2025_l,L. 電子回路 2 (Circuit 2),,Unknown,,,,joigsp2025,,
AtCoder,joiopen2020_a,A. 家具の配置 (Furniture),,Unknown,,,,joiopen2020,,
AtCoder,joiopen2020_b,B. 白黒の点 (Monochrome Points),,Unknown,,,,joiopen2020,,
AtCoder,joiopen2020_c,C. 発電所 (Power Plant),,Unknown,,,,joiopen2020,,
AtCoder,joiopen2021_a,A. 交配 (Crossing),,Unknown,,,,joiopen2021,,
AtCoder,joiopen2021_b,B. 決算報告 (Financial Report),,Unknown,,,,joiopen2021,,
AtCoder,joiopen2021_c,C. モンスターゲーム (Monster Game),,Unknown,,,,joiopen2021,,
AtCoder,joiopen2022_a,A. シーソー (Seesaw),,Unknown,,,,joiopen2022,,
AtCoder,joiopen2022_b,B. キリン (Giraffes),,Unknown,,,,joiopen2022,,
AtCoder,joiopen2022_c,C. 通学路 (School Road),,Unknown,,,,joiopen2022,,
AtCoder,joiopen2023_a,A. 古代の機械 2 (Ancient Machine 2),,Unknown,,,,joiopen2023,,
AtCoder,joiopen2023_b,B. セルオートマトン (Cell Automaton),,Unknown,,,,joiopen2023,,
AtCoder,joiopen2023_c,C. 庭園 (Garden),,Unknown,,,,joiopen2023,,
AtCoder,joiopen2024_a,A. 試験 2 (Examination 2),,Unknown,,,,joiopen2024,,
AtCoder,joiopen2024_b,B. 熱中症 (Heat Stroke),,Unknown,,,,joiopen2024,,
AtCoder,joiopen2024_c,C. 図書館 3 (Library 3),,Unknown,,,,joiopen2024,,
AtCoder,joiopen2025_a,A. バブルソート機 (Bubble Sort Machine),,Unknown,,,,joiopen2025,,
AtCoder,joiopen2025_b,B. くじ引き (Lottery),,Unknown,,,,joiopen2025,,
AtCoder,joiopen2025_c,C. テレパシー (Telepathy),,Unknown,,,,joiopen2025,,
AtCoder,joisc2007_anagra,anagram. アナグラム (Anagram),,Unknown,,,,joisc2007,,
AtCoder,joisc2007_buildi,building. ビルの飾り付け (Building),,Unknown,,,,joisc2007,,
AtCoder,joisc2007_circui,circuit. 電気回路の結線 (Circuit),,Unknown,,,,joisc2007,,
AtCoder,joisc2007_factor,factorial. 階乗 (Factorial),,Unknown,,,,joisc2007,,
AtCoder,joisc2007_fermat,fermat. フェルマー方程式 (Fermat),,Unknown,,,,joisc2007,,
AtCoder,joisc2007_fiber,fiber. 光ファイバー (Fiber),,Unknown,,,,joisc2007,,
AtCoder,joisc2007_lines,lines. 直線 (Lines),,Unknown,,,,joisc2007,,
AtCoder,joisc2007_mall,mall. ショッピングモール (Mall),,Unknown,,,,joisc2007,,
AtCoder,joisc2007_packin,packing1. 半導体工場 (Packing),,Unknown,,,,joisc2007,,
AtCoder,joisc2007_packing2,packing2. 半導体工場 (Packing),,Unknown,,,,joisc2007,,
AtCoder,joisc2007_packing3,packing3. 半導体工場 (Packing),,Unknown,,,,joisc2007,,
AtCoder,joisc2007_packing4,packing4. 半導体工場 (Packing),,Unknown,,,,joisc2007,,
AtCoder,joisc2007_packing5,packing5. 半導体工場 (Packing),,Unknown,,,,joisc2007,,
AtCoder,joisc2007_route,route. 象使い (Route),,Unknown,,,,joisc2007,,
AtCoder,joisc2007_salt,salt. SALT TREE XV,,Unknown,,,,joisc2007,,
AtCoder,joisc2007_score,score. 得点 (Score),,Unknown,,,,joisc2007,,
AtCoder,joisc2008_belt,belt. ベルト (Belt),,Unknown,,,,joisc2008,,
AtCoder,joisc2008_cheating,cheating. カンニング対策 (Cheating),,Unknown,,,,joisc2008,,
AtCoder,joisc2008_committee,committee. 委員会 (Committee),,Unknown,,,,joisc2008,,
AtCoder,joisc2008_election1,election1. 選挙 (Election),,Unknown,,,,joisc2008,,
AtCoder,joisc2008_election2,election2. 選挙 (Election),,Unknown,,,,joisc2008,,
AtCoder,joisc2008_election3,election3. 選挙 (Election),,Unknown,,,,joisc2008,,
AtCoder,joisc2008_election4,election4. 選挙 (Election),,Unknown,,,,joisc2008,,
AtCoder,joisc2008_election5,election5. 選挙 (Election),,Unknown,,,,joisc2008,,
AtCoder,joisc2008_flu,flu. インフルエンザ (Flu),,Unknown,,,,joisc2008,,
AtCoder,joisc2008_fraction,fraction. 分数 (Fraction),,Unknown,,,,joisc2008,,
AtCoder,joisc2008_nightman,nightman. 夜警 (Nightman),,Unknown,,,,joisc2008,,
AtCoder,joisc2008_nile,nile. ナイルドットコム (Nile.Com),,Unknown,,,,joisc2008,,
AtCoder,joisc2008_origami,origami. 折り紙 (Origami),,Unknown,,,,joisc2008,,
AtCoder,joisc2008_ruins,ruins. 最古の遺跡2 (Ruins),,Unknown,,,,joisc2008,,
AtCoder,joisc2008_sheet,sheet. 色紙 (Sheet),,Unknown,,,,joisc2008,,
AtCoder,joisc2008_typhoon,typhoon. 台風 (Typhoon),,Unknown,,,,joisc2008,,
AtCoder,joisc2009_abduction,abduction. 誘拐 (Abduction),,Unknown,,,,joisc2009,,
AtCoder,joisc2009_advertisement,advertisement. 宣伝 (Advertisement),,Unknown,,,,joisc2009,,
AtCoder,joisc2009_chopsticks,chopsticks. 塗り箸 (Chopsticks),,Unknown,,,,joisc2009,,
AtCoder,joisc2009_contest,contest. コンテスト (Contest),,Unknown,,,,joisc2009,,
AtCoder,joisc2009_distribution,distribution. 冊子の配布 (Distribution),,Unknown,,,,joisc2009,,
AtCoder,joisc2009_logo,logo. ロゴマーク (Logo),,Unknown,,,,joisc2009,,
AtCoder,joisc2009_pyramid,pyramid. 貫きピラミッド (Pyramid),,Unknown,,,,joisc2009,,
AtCoder,joisc2009_sequence,sequence. 数列 (Sequence),,Unknown,,,,joisc2009,,
AtCoder,joisc2009_ski,ski. スキー (Ski),,Unknown,,,,joisc2009,,
AtCoder,joisc2009_stamps,stamps. 判子 (はんこ) (Stamps),,Unknown,,,,joisc2009,,
AtCoder,joisc2009_starry_sky,starry_sky. 星空 (Starry Sky),,Unknown,,,,joisc2009,,
AtCoder,joisc2009_territory,territory. 縄張り (Territory),,Unknown,,,,joisc2009,,
AtCoder,joisc2010_aplusb,aplusb. 足し算 (a + b problem),,Unknown,,,,joisc2010,,
AtCoder,joisc2010_contest,contest. コンテスト (Contest),,Unknown,,,,joisc2010,,
AtCoder,joisc2010_dna,dna. DNAの合成 (DNA Synthesizer),,Unknown,,,,joisc2010,,
AtCoder,joisc2010_finals,finals. 本選会場 (Finals),,Unknown,,,,joisc2010,,
AtCoder,joisc2010_hideseek,hideseek. かくれんぼ (Hide-and-seek),,Unknown,,,,joisc2010,,
AtCoder,joisc2010_highway,highway. 高速道路 (Highway),,Unknown,,,,joisc2010,,
AtCoder,joisc2010_lake,lake. 湖 (Lake),,Unknown,,,,joisc2010,,
AtCoder,joisc2010_plugs,plugs. プラグ (Plugs),,Unknown,,,,joisc2010,,
AtCoder,joisc2010_poster,poster. JOIポスター (JOI Poster),,Unknown,,,,joisc2010,,
AtCoder,joisc2010_regions,regions. 地域 (Regions),,Unknown,,,,joisc2010,,
AtCoder,joisc2010_sengoku,sengoku. 戦国時代 (Sengoku),,Unknown,,,,joisc2010,,
AtCoder,joisc2010_simroad1,simroad1. シムロード (SimRoad),,Unknown,,,,joisc2010,,
AtCoder,joisc2010_simroad2,simroad2. シムロード (SimRoad),,Unknown,,,,joisc2010,,
AtCoder,joisc2010_simroad3,simroad3. シムロード (SimRoad),,Unknown,,,,joisc2010,,
AtCoder,joisc2010_simroad4,simroad4. シムロード (SimRoad),,Unknown,,,,joisc2010,,
AtCoder,joisc2010_simroad5,simroad5. シムロード (SimRoad),,Unknown,,,,joisc2010,,
AtCoder,joisc2010_stairs,stairs. 階段 (Stairs),,Unknown,,,,joisc2010,,
AtCoder,joisc2011_apples,apples. リンゴの出荷 (Apples),,Unknown,,,,joisc2011,,
AtCoder,joisc2011_banner,banner. 横断幕 (Banner),,Unknown,,,,joisc2011,,
AtCoder,joisc2011_bookshelf,bookshelf. 本棚 (Bookshelf),,Unknown,,,,joisc2011,,
AtCoder,joisc2011_deciphering,deciphering. 解読 (Deciphering),,Unknown,,,,joisc2011,,
AtCoder,joisc2011_dragon,dragon. ドラゴン (Dragon),,Unknown,,,,joisc2011,,
AtCoder,joisc2011_guess,guess. 数当て (Guess Them All),,Unknown,,,,joisc2011,,
AtCoder,joisc2011_ioi,ioi. 国際情報オリンピック (IOI),,Unknown,,,,joisc2011,,
AtCoder,joisc2011_joitter,joitter. ジョイッター (Joitter),,Unknown,,,,joisc2011,,
AtCoder,joisc2011_keycards,keycards. カードキー (Keycards),,Unknown,,,,joisc2011,,
AtCoder,joisc2011_orienteering,orienteering. オリエンテーリング (Orienteering),,Unknown,,,,joisc2011,,
AtCoder,joisc2011_report,report. 報告 (Report),,Unknown,,,,joisc2011,,
AtCoder,joisc2011_shiritori,shiritori. しりとり (Shiritori),,Unknown,,,,joisc2011,,
AtCoder,joisc2011_ufo1,ufo1. UFOの飛行場 (UFO),,Unknown,,,,joisc2011,,
AtCoder,joisc2011_ufo2,ufo2. UFOの飛行場 (UFO),,Unknown,,,,joisc2011,,
AtCoder,joisc2011_ufo3,ufo3. UFOの飛行場 (UFO),,Unknown,,,,joisc2011,,
AtCoder,joisc2011_ufo4,ufo4. UFOの飛行場 (UFO),,Unknown,,,,joisc2011,,
AtCoder,joisc2011_ufo5,ufo5. UFOの飛行場 (UFO),,Unknown,,,,joisc2011,,
AtCoder,joisc2012_broadcasting1,broadcasting1. テレビ放送,,Unknown,,,,joisc2012,,
AtCoder,joisc2012_broadcasting2,broadcasting2. テレビ放送,,Unknown,,,,joisc2012,,
AtCoder,joisc2012_broadcasting3,broadcasting3. テレビ放送,,Unknown,,,,joisc2012,,
AtCoder,joisc2012_broadcasting4,broadcasting4. テレビ放送,,Unknown,,,,joisc2012,,
AtCoder,joisc2012_broadcasting5,broadcasting5. テレビ放送,,Unknown,,,,joisc2012,,
AtCoder,joisc2012_building2,building2. ビルの飾り付け 2,,Unknown,,,,joisc2012,,
AtCoder,joisc2012_chinese,chinese. 中華料理,,Unknown,,,,joisc2012,,
AtCoder,joisc2012_constellation,constellation. 星座,,Unknown,,,,joisc2012,,
AtCoder,joisc2012_copypaste,copypaste. コピー＆ペースト,,Unknown,,,,joisc2012,,
AtCoder,joisc2012_fish,fish. 魚,,Unknown,,,,joisc2012,,
AtCoder,joisc2012_fortune_telling,fortune_telling. 占い,,Unknown,,,,joisc2012,,
AtCoder,joisc2012_invitation,invitation. 招待,,Unknown,,,,joisc2012,,
AtCoder,joisc2012_joi_flag,joi_flag. 日本情報オリンピック旗,,Unknown,,,,joisc2012,,
AtCoder,joisc2012_kangaroo,kangaroo. カンガルー,,Unknown,,,,joisc2012,,
AtCoder,joisc2012_rotate,rotate. 回転,,Unknown,,,,joisc2012,,
AtCoder,joisc2012_sokoban,sokoban. 倉庫番,,Unknown,,,,joisc2012,,
AtCoder,joisc2013_bustour,1. バスの乗り継ぎ (Bus Tour),,Unknown,,,,joisc2013-day1,,
AtCoder,joisc2013_cake,1. ケーキの切り分け (Cake),,Unknown,,,,joisc2013-day3,,
AtCoder,joisc2013_collecting,2. たのしい画像収集 (Collecting Images is Fun),,Unknown,,,,joisc2013-day1,,
AtCoder,joisc2013_communication,3. 通信妨害 (Communication Jamming),,Unknown,,,,joisc2013-day1,,
AtCoder,joisc2013_construction,1. 建設事業 (Construction Project),,Unknown,,,,joisc2013-day2,,
AtCoder,joisc2013_joi_poster,4. JOIポスター (JOI Poster),,Unknown,,,,joisc2013-day1,,
AtCoder,joisc2013_koala,2. コアラ (Koala),,Unknown,,,,joisc2013-day3,,
AtCoder,joisc2013_mascots,2. マスコットの片付け (Mascots),,Unknown,,,,joisc2013-day2,,
AtCoder,joisc2013_messenger,1. メッセンジャー (Messenger),,Unknown,,,,joisc2013-day4,,
AtCoder,joisc2013_mountain,3. 山岳救助隊 (Mountain Rescue Team),,Unknown,,,,joisc2013-day3,,
AtCoder,joisc2013_presents,2. プレゼント (Presents),,Unknown,,,,joisc2013-day4,,
AtCoder,joisc2013_spaceships,3. 宇宙船 (Spaceships),,Unknown,,,,joisc2013-day4,,
AtCoder,joisc2013_spy,3. スパイ (Spy),,Unknown,,,,joisc2013-day2,,
AtCoder,joisc2014_a,A. バス通学,,Unknown,,,,joisc2014,,
AtCoder,joisc2014_b,B. たのしい家庭菜園,,Unknown,,,,joisc2014,,
AtCoder,joisc2014_c,C. 歴史の研究,,Unknown,,,,joisc2014,,
AtCoder,joisc2014_d,D. ラーメンの食べ比べ,,Unknown,,,,joisc2014,,
AtCoder,joisc2014_e,E. 水筒,,Unknown,,,,joisc2014,,
AtCoder,joisc2014_f,F. 友だちをつくろう,,Unknown,,,,joisc2014,,
AtCoder,joisc2014_g,G. スタンプラリー,,Unknown,,,,joisc2014,,
AtCoder,joisc2014_h,H. JOIOJI,,Unknown,,,,joisc2014,,
AtCoder,joisc2014_i,I. かかし,,Unknown,,,,joisc2014,,
AtCoder,joisc2014_j,J. 電圧,,Unknown,,,,joisc2014,,
AtCoder,joisc2014_k,K. 二人の星座,,Unknown,,,,joisc2014,,
AtCoder,joisc2014_l,L. 漢字しりとり,,Unknown,,,,joisc2014,,
AtCoder,joisc2014_m,M. ストラップ,,Unknown,,,,joisc2014,,
AtCoder,joisc2015_a,A. コピー&ペースト 2,,Unknown,,,,joisc2015,,
AtCoder,joisc2015_b,B. 愉快なロゴデザイン,,Unknown,,,,joisc2015,,
AtCoder,joisc2015_c,C. たのしいたのしい家庭菜園,,Unknown,,,,joisc2015,,
AtCoder,joisc2015_d,D. IOIOI カード占い,,Unknown,,,,joisc2015,,
AtCoder,joisc2015_e,E. ビルの飾りつけ 3,,Unknown,,,,joisc2015,,
AtCoder,joisc2015_f,F. 合鍵,,Unknown,,,,joisc2015,,
AtCoder,joisc2015_g,G. 道路整備,,Unknown,,,,joisc2015,,
AtCoder,joisc2015_h,H. AAQQZ,,Unknown,,,,joisc2015,,
AtCoder,joisc2015_i,I. とてもたのしいカードゲーム,,Unknown,,,,joisc2015,,
AtCoder,joisc2015_j,J. 道案内,,Unknown,,,,joisc2015,,
AtCoder,joisc2015_k,K. 遺産相続,,Unknown,,,,joisc2015,,
AtCoder,joisc2015_l,L. 記憶縛り,,Unknown,,,,joisc2015,,
AtCoder,joisc2015_m,M. 防壁,,Unknown,,,,joisc2015,,
AtCoder,joisc2016_a,A. マトリョーシカ人形,,Unknown,,,,joisc2016,,
AtCoder,joisc2016_b,B. 神経衰弱,,Unknown,,,,joisc2016,,
AtCoder,joisc2016_c,C. ソリティア,,Unknown,,,,joisc2016,,
AtCoder,joisc2016_d,D. 雇用計画,,Unknown,,,,joisc2016,,
AtCoder,joisc2016_e,E. サンドイッチ,,Unknown,,,,joisc2016,,
AtCoder,joisc2016_f,F. トイレ,,Unknown,,,,joisc2016,,
AtCoder,joisc2016_g,G. ダンジョン2,,Unknown,,,,joisc2016,,
AtCoder,joisc2016_h,H. 回転寿司,,Unknown,,,,joisc2016,,
AtCoder,joisc2016_i,I. 電報,,Unknown,,,,joisc2016,,
AtCoder,joisc2016_j,J. 危険なスケート,,Unknown,,,,joisc2016,,
AtCoder,joisc2016_k,K. 雪降る道路,,Unknown,,,,joisc2016,,
AtCoder,joisc2016_l,L. 最悪の記者2,,Unknown,,,,joisc2016,,
AtCoder,joisc2017_a,A. 開拓 (Cultivation),,Unknown,,,,joisc2017,,
AtCoder,joisc2017_b,B. 港湾設備 (Port Facility),,Unknown,,,,joisc2017,,
AtCoder,joisc2017_c,C. 手持ち花火 (Sparklers),,Unknown,,,,joisc2017,,
AtCoder,joisc2017_d,D. 切符の手配 (Arranging Tickets),,Unknown,,,,joisc2017,,
AtCoder,joisc2017_e,E. 壊れた機器 (Broken Device),,Unknown,,,,joisc2017,,
AtCoder,joisc2017_f,F. 鉄道旅行 (Railway Trip),,Unknown,,,,joisc2017,,
AtCoder,joisc2017_g,G. 長距離バス (Long Distance Coach),,Unknown,,,,joisc2017,,
AtCoder,joisc2017_h,H. 細長い屋敷 (Long Mansion),,Unknown,,,,joisc2017,,
AtCoder,joisc2017_i,I. 自然公園 (Natural Park),,Unknown,,,,joisc2017,,
AtCoder,joisc2017_j,J. 誘拐 2 (Abduction 2),,Unknown,,,,joisc2017,,
AtCoder,joisc2017_k,K. 都市 (City),,Unknown,,,,joisc2017,,
AtCoder,joisc2017_l,L. ドラゴン 2 (Dragon 2),,Unknown,,,,joisc2017,,
AtCoder,joisc2018_a,A. 高速道路の建設 (Construction of Highway),,Unknown,,,,joisc2018,,
AtCoder,joisc2018_b,B. 柵 (Fences),,Unknown,,,,joisc2018,,
AtCoder,joisc2018_c,C. テント  (Tents),,Unknown,,,,joisc2018,,
AtCoder,joisc2018_d,D. 修行 (Asceticism),,Unknown,,,,joisc2018,,
AtCoder,joisc2018_e,E. 道路網の整備 (Road Service),,Unknown,,,,joisc2018,,
AtCoder,joisc2018_f,F. 最悪の記者 3 (Worst Reporter 3),,Unknown,,,,joisc2018,,
AtCoder,joisc2018_g,G. 航空路線図 (Airline Route Map),,Unknown,,,,joisc2018,,
AtCoder,joisc2018_h,H. ビ太郎のパーティー (Bitaro's Party),,Unknown,,,,joisc2018,,
AtCoder,joisc2018_i,I. 防犯ゲート (Security Gate),,Unknown,,,,joisc2018,,
AtCoder,joisc2018_j,J. 飴 (Candies),,Unknown,,,,joisc2018,,
AtCoder,joisc2018_k,K. 図書館 (Library),,Unknown,,,,joisc2018,,
AtCoder,joisc2018_l,L. イノシシ (Wild Boar),,Unknown,,,,joisc2018,,
AtCoder,joisc2019_a,A. 試験 (Examination),,Unknown,,,,joisc2019,,
AtCoder,joisc2019_b,B. ビーバーの会合 (Meetings),,Unknown,,,,joisc2019,,
AtCoder,joisc2019_c,C. ナン (Naan),,Unknown,,,,joisc2019,,
AtCoder,joisc2019_d,D. ふたつのアンテナ (Two Antennas),,Unknown,,,,joisc2019,,
AtCoder,joisc2019_e,E. ふたつの料理 (Two Dishes),,Unknown,,,,joisc2019,,
AtCoder,joisc2019_f,F. ふたつの交通機関 (Two Transportations) ,,Unknown,,,,joisc2019,,
AtCoder,joisc2019_g,G. 指定都市 (Designated Cities),,Unknown,,,,joisc2019,,
AtCoder,joisc2019_h,H. ランプ (Lamps),,Unknown,,,,joisc2019,,
AtCoder,joisc2019_i,"I. 時をかけるビ太郎 (Bitaro, who Leaps through Time)",,Unknown,,,,joisc2019,,
AtCoder,joisc2019_j,J. ケーキの貼り合わせ (Cake 3),,Unknown,,,,joisc2019,,
AtCoder,joisc2019_k,K. 合併 (Mergers),,Unknown,,,,joisc2019,,
AtCoder,joisc2019_l,L. 鉱物 (Minerals),,Unknown,,,,joisc2019,,
AtCoder,joisc2020_a,A. ビルの飾りつけ 4 (Building 4),,Unknown,,,,joisc2020,,
AtCoder,joisc2020_b,B. 美味しい美味しいハンバーグ (Hamburg Steak),,Unknown,,,,joisc2020,,
AtCoder,joisc2020_c,C. 掃除 (Sweeping),,Unknown,,,,joisc2020,,
AtCoder,joisc2020_d,D. カメレオンの恋 (Chameleon's Love),,Unknown,,,,joisc2020,,
AtCoder,joisc2020_e,E. ジョイッターで友だちをつくろう (Making Friends on Joitter is Fun),,Unknown,,,,joisc2020,,
AtCoder,joisc2020_f,F. 最古の遺跡 3 (Ruins 3),,Unknown,,,,joisc2020,,
AtCoder,joisc2020_g,G. 星座 3 (Constellation 3),,Unknown,,,,joisc2020,,
AtCoder,joisc2020_h,H. 収穫 (Harvest),,Unknown,,,,joisc2020,,
AtCoder,joisc2020_i,I. 迷い猫 (Stray Cat),,Unknown,,,,joisc2020,,
AtCoder,joisc2020_j,J. 首都 (Capital City),,Unknown,,,,joisc2020,,
AtCoder,joisc2020_k,K1. 伝説の団子職人 (Legendary Dango Maker),,Unknown,,,,joisc2020,,
AtCoder,joisc2020_l,K2. 伝説の団子職人 (Legendary Dango Maker),,Unknown,,,,joisc2020,,
AtCoder,joisc2020_m,K3. 伝説の団子職人 (Legendary Dango Maker),,Unknown,,,,joisc2020,,
AtCoder,joisc2020_n,K4. 伝説の団子職人 (Legendary Dango Maker),,Unknown,,,,joisc2020,,
AtCoder,joisc2020_o,K5. 伝説の団子職人 (Legendary Dango Maker),,Unknown,,,,joisc2020,,
AtCoder,joisc2020_p,K6. 伝説の団子職人 (Legendary Dango Maker),,Unknown,,,,joisc2020,,
AtCoder,joisc2020_q,L. 治療計画 (Treatment Project),,Unknown,,,,joisc2020,,
AtCoder,joisc2021_a1,A1. 曲芸飛行 (Aerobatics),,Unknown,,,,joisc2021,,
AtCoder,joisc2021_a2,A2. 曲芸飛行 (Aerobatics),,Unknown,,,,joisc2021,,
AtCoder,joisc2021_a3,A3. 曲芸飛行 (Aerobatics),,Unknown,,,,joisc2021,,
AtCoder,joisc2021_a4,A4. 曲芸飛行 (Aerobatics),,Unknown,,,,joisc2021,,
AtCoder,joisc2021_a5,A5. 曲芸飛行 (Aerobatics),,Unknown,,,,joisc2021,,
AtCoder,joisc2021_a6,A6. 曲芸飛行 (Aerobatics),,Unknown,,,,joisc2021,,
AtCoder,joisc2021_b,B. IOI 熱の感染拡大 (IOI Fever),,Unknown,,,,joisc2021,,
AtCoder,joisc2021_c,C. フードコート (Foodcourt),,Unknown,,,,joisc2021,,
AtCoder,joisc2021_d,D. 逃走経路 (Escape Route),,Unknown,,,,joisc2021,,
AtCoder,joisc2021_e,E. 道路の建設案 (Road Construction),,Unknown,,,,joisc2021,,
AtCoder,joisc2021_g,F. 買い物 (Shopping),,Unknown,,,,joisc2021,,
AtCoder,joisc2021_h,G. 古代の機械 (Ancient Machine),,Unknown,,,,joisc2021,,
AtCoder,joisc2021_i,H. ボディーガード (Bodyguard),,Unknown,,,,joisc2021,,
AtCoder,joisc2021_j,I. ビーバーの会合 2 (Meetings 2),,Unknown,,,,joisc2021,,
AtCoder,joisc2021_k,J. イベント巡り 2 (Event Hopping 2),,Unknown,,,,joisc2021,,
AtCoder,joisc2021_l,K. 道案内 2 (Navigation 2),,Unknown,,,,joisc2021,,
AtCoder,joisc2021_m,L. 最悪の記者 4 (Worst Reporter 4),,Unknown,,,,joisc2021,,
AtCoder,joisc2022_a,A. 刑務所 (Jail),,Unknown,,,,joisc2022,,
AtCoder,joisc2022_b,B. 京都観光 (Sightseeing in Kyoto),,Unknown,,,,joisc2022,,
AtCoder,joisc2022_c,C. スペルミス (Misspelling),,Unknown,,,,joisc2022,,
AtCoder,joisc2022_d,D. コピー & ペースト 3 (Copy and Paste 3),,Unknown,,,,joisc2022,,
AtCoder,joisc2022_e,E. 飛行機旅行 (Flights),,Unknown,,,,joisc2022,,
AtCoder,joisc2022_f,F. チーム戦 (Team Contest),,Unknown,,,,joisc2022,,
AtCoder,joisc2022_g,G. 壊れた機器 2 (Broken Device 2),,Unknown,,,,joisc2022,,
AtCoder,joisc2022_h,H. スプリンクラー (Sprinkler),,Unknown,,,,joisc2022,,
AtCoder,joisc2022_i,I. 蟻と角砂糖 (Ants and Sugar),,Unknown,,,,joisc2022,,
AtCoder,joisc2022_j,J. 一流の団子職人 (Super Dango Maker),,Unknown,,,,joisc2022,,
AtCoder,joisc2022_k,K. 魚 2 (Fish 2),,Unknown,,,,joisc2022,,
AtCoder,joisc2022_l,L. 復興事業 (Reconstruction Project),,Unknown,,,,joisc2022,,
AtCoder,joisp2023_a,A. ふたつの通貨 (Two Currencies),,Unknown,,,,joisp2023,,
AtCoder,joisp2023_b,B. JOI 国のお祭り事情 2 (Festivals in JOI Kingdom 2),,Unknown,,,,joisp2023,,
AtCoder,joisp2023_c,C. パスポート (Passport),,Unknown,,,,joisp2023,,
AtCoder,joisp2023_d,D. ベルトコンベア (Belt Conveyor),,Unknown,,,,joisp2023,,
AtCoder,joisp2023_e,E. 議会 (Council),,Unknown,,,,joisp2023,,
AtCoder,joisp2023_f,F. 水ようかん 2 (Mizuyokan 2),,Unknown,,,,joisp2023,,
AtCoder,joisp2023_g,G. ビーバーの合唱 (Chorus),,Unknown,,,,joisp2023,,
AtCoder,joisp2023_h,H. クッキー (Cookies),,Unknown,,,,joisp2023,,
AtCoder,joisp2023_i,I. 旅行 (Tourism),,Unknown,,,,joisp2023,,
AtCoder,joisp2023_j,J.  最後の戦い (The Last Battle),,Unknown,,,,joisp2023,,
AtCoder,joisp2023_k,K. 警備員 (Security Guard),,Unknown,,,,joisp2023,,
AtCoder,joisp2023_l,L. ビ太郎の旅 (Bitaro's Travel),,Unknown,,,,joisp2023,,
AtCoder,joisp2024_a,A. 魚 3 (Fish 3),,Unknown,,,,joisp2024,,
AtCoder,joisp2024_b,B. スキー 2 (Ski 2),,Unknown,,,,joisp2024,,
AtCoder,joisp2024_c,C. スパイ 3 (Spy 3),,Unknown,,,,joisp2024,,
AtCoder,joisp2024_d,D. ボードゲーム (Board Game),,Unknown,,,,joisp2024,,
AtCoder,joisp2024_e,E. 三色灯 (Tricolor Lights),,Unknown,,,,joisp2024,,
AtCoder,joisp2024_f,F. とてもたのしいたのしい家庭菜園 (Growing Vegetables is Fun 5),,Unknown,,,,joisp2024,,
AtCoder,joisp2024_g,G. カード収集 (Card Collection),,Unknown,,,,joisp2024,,
AtCoder,joisp2024_h,H. JOI ツアー (JOI Tour),,Unknown,,,,joisp2024,,
AtCoder,joisp2024_i,I. 塔 (Tower),,Unknown,,,,joisp2024,,
AtCoder,joisp2024_j,J. 逃走経路 2 (Escape Route 2),,Unknown,,,,joisp2024,,
AtCoder,joisp2024_k,K. 島巡り (Island Hopping),,Unknown,,,,joisp2024,,
AtCoder,joisp2024_l,L. 卓球 (Table Tennis),,Unknown,,,,joisp2024,,
AtCoder,joisp2025_a,A. 展覧会 3 (Exhibition 3),,Unknown,,,,joisp2025,,
AtCoder,joisp2025_b,B. 占い 3 (Fortune Telling 3),,Unknown,,,,joisp2025,,
AtCoder,joisp2025_c,C. ビ太郎の旅 2 (Bitaro's Travel 2),,Unknown,,,,joisp2025,,
AtCoder,joisp2025_d,D. 救急車 (Ambulance),,Unknown,,,,joisp2025,,
AtCoder,joisp2025_e,E. スタンプラリー 4 (Collecting Stamps 4),,Unknown,,,,joisp2025,,
AtCoder,joisp2025_f,F. 宇宙怪盗 (Space Thief),,Unknown,,,,joisp2025,,
AtCoder,joisp2025_g,G. 勇者ビ太郎 3 (Bitaro the Brave 3),,Unknown,,,,joisp2025,,
AtCoder,joisp2025_h,H. 会議 (Conference),,Unknown,,,,joisp2025,,
AtCoder,joisp2025_i,I. マルチコミュニケーション (Multi Communication),,Unknown,,,,joisp2025,,
AtCoder,joisp2025_j,J. 電子回路 2 (Circuit 2),,Unknown,,,,joisp2025,,
AtCoder,joisp2025_k,K. 移住計画 (Migration Plan),,Unknown,,,,joisp2025,,
AtCoder,joisp2025_l,L. ういろう (Uiro),,Unknown,,,,joisp2025,,
AtCoder,jsc2019_final_a,A. Equal Weight,,Unknown,,,,jsc2019-final,,
AtCoder,jsc2019_final_b,B. Reachability,,Unknown,,,,jsc2019-final,,
AtCoder,jsc2019_final_c,C. Maximize Minimum,,Unknown,,,,jsc2019-final,,
AtCoder,jsc2019_final_d,D. Minimize Maximum,,Unknown,,,,jsc2019-final,,
AtCoder,jsc2019_final_e,E. Nearest String,,Unknown,,,,jsc2019-final,,
AtCoder,jsc2019_final_f,F. Count Permutations Many Times,,Unknown,,,,jsc2019-final,,
AtCoder,jsc2019_final_g,G. Important Bridges,,Unknown,,,,jsc2019-final,,
AtCoder,jsc2019_final_h,H. Distinct Integers,,Unknown,,,,jsc2019-final,,
AtCoder,jsc2019_qual_a,A. Takahashi Calendar,-455.0,Easy,,,,jsc2019-qual,3233.0,False
AtCoder,jsc2019_qual_b,B. Kleene Inversion,801.0,Medium,,,,jsc2019-qual,3233.0,False
AtCoder,jsc2019_qual_c,C. Cell Inversion,1790.0,Medium,,,,jsc2019-qual,3233.0,False
AtCoder,jsc2019_qual_d,D. Classified,1924.0,Medium,,,,jsc2019-qual,3233.0,False
AtCoder,jsc2019_qual_e,E. Card Collector,2691.0,Hard,,,,jsc2019-qual,3233.0,False
AtCoder,jsc2019_qual_f,F. Candy Retribution,3353.0,Hard,,,,jsc2019-qual,3233.0,False
AtCoder,jsc2021_a,A. Competition,-497.0,Easy,,,,jsc2021,3752.0,False
AtCoder,jsc2021_b,B. Xor of Sequences,-427.0,Easy,,,,jsc2021,3752.0,False
AtCoder,jsc2021_c,C. Max GCD 2,338.0,Easy,,,,jsc2021,3752.0,False
AtCoder,jsc2021_d,D. Nowhere P,743.0,Easy,,,,jsc2021,3752.0,False
AtCoder,jsc2021_e,E. Level K Palindrome,2213.0,Hard,,,,jsc2021,3752.0,False
AtCoder,jsc2021_f,F. Max Matrix,1954.0,Medium,,,,jsc2021,3752.0,False
AtCoder,jsc2021_g,G. Spanning Tree,2451.0,Hard,,,,jsc2021,3752.0,False
AtCoder,jsc2021_h,H. Shipping,3383.0,Hard,,,,jsc2021,3752.0,False
AtCoder,jsc2022_final_a,A. Max and Argmax,,Unknown,,,,jsc2022-final-open,,
AtCoder,jsc2022_final_b,B. Increment and Rotate,,Unknown,,,,jsc2022-final-open,,
AtCoder,jsc2022_final_c,C. Not a Multiple of 3,,Unknown,,,,jsc2022-final-open,,
AtCoder,jsc2022_final_d,D. And is 0,,Unknown,,,,jsc2022-final-open,,
AtCoder,jsc2022_final_e,E. Circular Sushi,,Unknown,,,,jsc2022-final-open,,
AtCoder,jsc2022_final_f,F. Share the Recipe,,Unknown,,,,jsc2022-final-open,,
AtCoder,jsc2022_final_g,G. Bipartite Partition,,Unknown,,,,jsc2022-final-open,,
AtCoder,jsc2023_final_a,A. Apple Addiction,,Unknown,,,,jsc2023-final,,
AtCoder,jsc2023_final_b,B. Max Degree Sum,,Unknown,,,,jsc2023-final,,
AtCoder,jsc2023_final_c,C. Power Convergence,,Unknown,,,,jsc2023-final,,
AtCoder,jsc2023_final_d,D. Two Xor,,Unknown,,,,jsc2023-final,,
AtCoder,jsc2023_final_e,E. Min Subtraction,,Unknown,,,,jsc2023-final,,
AtCoder,jsc2023_final_f,F. Adjacent Binomial Coefficients,,Unknown,,,,jsc2023-final,,
AtCoder,jsc2023_final_g,G. Fusion,,Unknown,,,,jsc2023-final,,
AtCoder,jsc2024_final_a,A. Random Descents,,Unknown,,,,jsc2024-final,,
AtCoder,jsc2024_final_b,B. Erase Multiples,,Unknown,,,,jsc2024-final,,
AtCoder,jsc2024_final_c,C. Subsequence Reversal,,Unknown,,,,jsc2024-final,,
AtCoder,jsc2024_final_d,D. Max of Sum of Prefix Min,,Unknown,,,,jsc2024-final,,
AtCoder,jsc2024_final_e,E. Tree and Back Edges,,Unknown,,,,jsc2024-final,,
AtCoder,jsc2024_final_f,F. Max of Sum of Reachable Min,,Unknown,,,,jsc2024-final,,
AtCoder,jsc2025_final_a,A. CatCoder Binary Contest,,Unknown,,,,jsc2025-final,,
AtCoder,jsc2025_final_b,B. CatCoder Knapsack Contest,,Unknown,,,,jsc2025-final,,
AtCoder,jsc2025_final_c,"C. Prefix Bounding Box, Mod, Minimize",,Unknown,,,,jsc2025-final,,
AtCoder,jsc2025_final_d,D. PBBMM Input Generator,,Unknown,,,,jsc2025-final,,
AtCoder,jsc2025_final_e,E. Politeness Matters,,Unknown,,,,jsc2025-final,,
AtCoder,jsc2025_final_f,F. Products of Low Elements,,Unknown,,,,jsc2025-final,,
AtCoder,judge_update_202004_a,A. Walking Takahashi,,Unknown,,,,judge-update-202004,,
AtCoder,judge_update_202004_b,B. Picking Balls,,Unknown,,,,judge-update-202004,,
AtCoder,judge_update_202004_c,C. Numbering Blocks,,Unknown,,,,judge-update-202004,,
AtCoder,judge_update_202004_d,D. Calculating GCD,,Unknown,,,,judge-update-202004,,
AtCoder,k2pc001_e1,A. ハンバーガー(Hamburger),,Unknown,,,,k2pc-easy,,
AtCoder,k2pc001_e2,B. ビットマニア(BITMANIA),,Unknown,,,,k2pc-easy,,
AtCoder,k2pc001_e3,C. 紅茶(Tea),,Unknown,,,,k2pc-easy,,
AtCoder,k2pc001_e4,D. 虫歯(Cavity),,Unknown,,,,k2pc-easy,,
AtCoder,k2pc001_e5,E. お気に入りの数2(Favorite Number2),,Unknown,,,,k2pc-easy,,
AtCoder,k2pc001_h1,A. 紅茶(Tea),,Unknown,,,,k2pc-hard,,
AtCoder,k2pc001_h2,B. 虫歯(Cavity),,Unknown,,,,k2pc-hard,,
AtCoder,k2pc001_h3,C. お気に入りの数2(Favorite Number2),,Unknown,,,,k2pc-hard,,
AtCoder,k2pc001_h4,D. マシュマロ(Marshmallow),,Unknown,,,,k2pc-hard,,
AtCoder,k2pc001_h5,E. 暗号化(Encipherment),,Unknown,,,,k2pc-hard,,
AtCoder,k4pc_a,A. ブロックの移動(Blocks),,Unknown,,,,k4pc,,
AtCoder,k4pc_b,B. コミュニケーション能力(Communication Ability),,Unknown,,,,k4pc,,
AtCoder,k4pc_c,C. 山登り(Mountain Climbing),,Unknown,,,,k4pc,,
AtCoder,k4pc_d,D. たのしい運動会(School Sports is Fun),,Unknown,,,,k4pc,,
AtCoder,k4pc_e,E. はじめての動的計画法(Easy Dynamic Programming),,Unknown,,,,k4pc,,
AtCoder,k4pc_f,F. タイトル未定(Untitled),,Unknown,,,,k4pc,,
AtCoder,k4pc_g,G. 42,,Unknown,,,,k4pc,,
AtCoder,keyence2019_a,A. Beginning,-564.0,Easy,,,,keyence2019,1871.0,False
AtCoder,keyence2019_b,B. KEYENCE String,446.0,Easy,,,,keyence2019,1871.0,False
AtCoder,keyence2019_c,C. Exam and Wizard,701.0,Easy,,,,keyence2019,1871.0,False
AtCoder,keyence2019_d,D. Double Landscape,1670.0,Medium,,,,keyence2019,1871.0,False
AtCoder,keyence2019_e,E. Connecting Cities,2623.0,Hard,,,,keyence2019,1871.0,False
AtCoder,keyence2019_f,F. Paper Cutting,2957.0,Hard,,,,keyence2019,1871.0,False
AtCoder,keyence2020_a,A. Painting,-808.0,Easy,,,,keyence2020,3560.0,False
AtCoder,keyence2020_b,B. Robot Arms,889.0,Medium,,,,keyence2020,3560.0,False
AtCoder,keyence2020_c,C. Subarray Sum,625.0,Easy,,,,keyence2020,3560.0,False
AtCoder,keyence2020_d,D. Swap and Flip,1841.0,Medium,,,,keyence2020,3560.0,False
AtCoder,keyence2020_e,E. Bichromization,2340.0,Hard,,,,keyence2020,3560.0,False
AtCoder,keyence2020_f,F. Monochromization,3402.0,Hard,,,,keyence2020,3560.0,False
AtCoder,keyence2021_a,A. Two Sequences 2,22.0,Easy,,,,keyence2021,3624.0,False
AtCoder,keyence2021_b,B. Mex Boxes,295.0,Easy,,,,keyence2021,3624.0,False
AtCoder,keyence2021_c,C. Robot on Grid,1468.0,Medium,,,,keyence2021,3624.0,False
AtCoder,keyence2021_d,D. Choosing Up Sides,2115.0,Hard,,,,keyence2021,3624.0,False
AtCoder,keyence2021_e,E. Greedy Ant,2560.0,Hard,,,,keyence2021,3624.0,False
AtCoder,keyence2021_f,F. Keyence Repetition,3461.0,Hard,,,,keyence2021,3624.0,False
AtCoder,kupc2012_1,A. アルデンテ,,Unknown,,,,kupc2012,,
AtCoder,kupc2012_10,J. 刺身,,Unknown,,,,kupc2012,,
AtCoder,kupc2012_11,K. XOR回廊,,Unknown,,,,kupc2012,,
AtCoder,kupc2012_2,B. 簡易オセロ,,Unknown,,,,kupc2012,,
AtCoder,kupc2012_3,C. ソーシャル,,Unknown,,,,kupc2012,,
AtCoder,kupc2012_4,D. 権力,,Unknown,,,,kupc2012,,
AtCoder,kupc2012_5,E. じゃんけん,,Unknown,,,,kupc2012,,
AtCoder,kupc2012_6,F. Acceleration of Network,,Unknown,,,,kupc2012,,
AtCoder,kupc2012_7,G. 村,,Unknown,,,,kupc2012,,
AtCoder,kupc2012_8,H. 植林,,Unknown,,,,kupc2012,,
AtCoder,kupc2012_9,I. 宝探し,,Unknown,,,,kupc2012,,
AtCoder,kupc2012pr_1,A. Wikipedia,,Unknown,,,,kupc2012pr,,
AtCoder,kupc2012pr_2,B. String Sorting,,Unknown,,,,kupc2012pr,,
AtCoder,kupc2012pr_3,C. パニクるな,,Unknown,,,,kupc2012pr,,
AtCoder,kupc2012pr_4,D. A mul B Problem,,Unknown,,,,kupc2012pr,,
AtCoder,kupc2013_a,A. 旧総合研究７号館,,Unknown,,,,kupc2013,,
AtCoder,kupc2013_b,B. ライオン,,Unknown,,,,kupc2013,,
AtCoder,kupc2013_c,C. チョコレート,,Unknown,,,,kupc2013,,
AtCoder,kupc2013_d,D. カーペット,,Unknown,,,,kupc2013,,
AtCoder,kupc2013_e,E. すごろく,,Unknown,,,,kupc2013,,
AtCoder,kupc2013_f,F. ７歳教,,Unknown,,,,kupc2013,,
AtCoder,kupc2013_g,G. 自由研究,,Unknown,,,,kupc2013,,
AtCoder,kupc2013_h,H. N and K,,Unknown,,,,kupc2013,,
AtCoder,kupc2013_i,I. σ,,Unknown,,,,kupc2013,,
AtCoder,kupc2013_j,J. タイル置き,,Unknown,,,,kupc2013,,
AtCoder,kupc2013_k,K. encode/decode,,Unknown,,,,kupc2013,,
AtCoder,kupc2014_a,A. マッサージチェア,,Unknown,,,,kupc2014,,
AtCoder,kupc2014_b,B. 数当てゲーム,,Unknown,,,,kupc2014,,
AtCoder,kupc2014_c,C. 占い,,Unknown,,,,kupc2014,,
AtCoder,kupc2014_d,D. ハミング,,Unknown,,,,kupc2014,,
AtCoder,kupc2014_e,E. 何しちゃおっかな？,,Unknown,,,,kupc2014,,
AtCoder,kupc2014_f,F. テレパシー,,Unknown,,,,kupc2014,,
AtCoder,kupc2014_g,G. Darkroom,,Unknown,,,,kupc2014,,
AtCoder,kupc2014_h,H. 自転車走,,Unknown,,,,kupc2014,,
AtCoder,kupc2014_i,I. Rain,,Unknown,,,,kupc2014,,
AtCoder,kupc2014_j,J. カード,,Unknown,,,,kupc2014,,
AtCoder,kupc2014_k,K. 弱点,,Unknown,,,,kupc2014,,
AtCoder,kupc2014_l,L. べき乗数,,Unknown,,,,kupc2014,,
AtCoder,kupc2015_a,A. 東京都,,Unknown,,,,kupc2015,,
AtCoder,kupc2015_b,B. GUARDIANS,,Unknown,,,,kupc2015,,
AtCoder,kupc2015_c,C. 最短経路,,Unknown,,,,kupc2015,,
AtCoder,kupc2015_d,D. 高橋君の旅行,,Unknown,,,,kupc2015,,
AtCoder,kupc2015_e,E. マッサージチェア2015,,Unknown,,,,kupc2015,,
AtCoder,kupc2015_f,F. 逆ポーランド記法,,Unknown,,,,kupc2015,,
AtCoder,kupc2015_g,G. ケンドー,,Unknown,,,,kupc2015,,
AtCoder,kupc2015_h,H. Bit Count,,Unknown,,,,kupc2015,,
AtCoder,kupc2015_i,I. ハウスシャッフル,,Unknown,,,,kupc2015,,
AtCoder,kupc2015_j,J. MODクエリ,,Unknown,,,,kupc2015,,
AtCoder,kupc2015_k,K. SOULBLOCK,,Unknown,,,,kupc2015,,
AtCoder,kupc2015_l,L. コインゲーム,,Unknown,,,,kupc2015,,
AtCoder,kupc2016_a,A. A Barricade,,Unknown,,,,kupc2016,,
AtCoder,kupc2016_b,B. Problem Committee,,Unknown,,,,kupc2016,,
AtCoder,kupc2016_c,C. Cookie Breeding Machine,,Unknown,,,,kupc2016,,
AtCoder,kupc2016_d,D. Long Blackboard,,Unknown,,,,kupc2016,,
AtCoder,kupc2016_e,E. Fences,,Unknown,,,,kupc2016,,
AtCoder,kupc2016_f,F. Speed Solving,,Unknown,,,,kupc2016,,
AtCoder,kupc2016_g,G. Exam,,Unknown,,,,kupc2016,,
AtCoder,kupc2016_h,H. WAAAAAAAAAAAAALL,,Unknown,,,,kupc2016,,
AtCoder,kupc2016_i,I. Handing out leaflets,,Unknown,,,,kupc2016,,
AtCoder,kupc2016_j,J. Coloring,,Unknown,,,,kupc2016,,
AtCoder,kupc2016_k,K. Hundred Eyes Monster,,Unknown,,,,kupc2016,,
AtCoder,kupc2017_a,A. Credits,,Unknown,,,,kupc2017,,
AtCoder,kupc2017_b,B. Camphor Tree,,Unknown,,,,kupc2017,,
AtCoder,kupc2017_c,C. Best Password,,Unknown,,,,kupc2017,,
AtCoder,kupc2017_d,D. Sanmoku,,Unknown,,,,kupc2017,,
AtCoder,kupc2017_e,E. Treasure Hunt,,Unknown,,,,kupc2017,,
AtCoder,kupc2017_f,F. 575,,Unknown,,,,kupc2017,,
AtCoder,kupc2017_g,G. encode/decode 2017,,Unknown,,,,kupc2017,,
AtCoder,kupc2017_h,H. Make a Potion,,Unknown,,,,kupc2017,,
AtCoder,kupc2017_i,I. Activate It!!,,Unknown,,,,kupc2017,,
AtCoder,kupc2017_j,J. Paint Red and Make Graph,,Unknown,,,,kupc2017,,
AtCoder,kupc2017_k,K. Xor Summation Pattern,,Unknown,,,,kupc2017,,
AtCoder,kupc2017_l,L. Coin Game 2017,,Unknown,,,,kupc2017,,
AtCoder,kupc2018_a,A. 立て看板,,Unknown,,,,kupc2018,,
AtCoder,kupc2018_b,B. 弾幕ゲーム,,Unknown,,,,kupc2018,,
AtCoder,kupc2018_c,C. 七目,,Unknown,,,,kupc2018,,
AtCoder,kupc2018_d,D. ロストテクノロジー,,Unknown,,,,kupc2018,,
AtCoder,kupc2018_e,E. 転倒数,,Unknown,,,,kupc2018,,
AtCoder,kupc2018_f,F. カード集め,,Unknown,,,,kupc2018,,
AtCoder,kupc2018_g,G. 数列を構成する問題,,Unknown,,,,kupc2018,,
AtCoder,kupc2018_h,H. カラフル数列,,Unknown,,,,kupc2018,,
AtCoder,kupc2018_i,I. League of Kyoto,,Unknown,,,,kupc2018,,
AtCoder,kupc2018_j,J. ニム?,,Unknown,,,,kupc2018,,
AtCoder,kupc2018_k,K. 光と闇の調和,,Unknown,,,,kupc2018,,
AtCoder,kupc2018_l,L. 凸包が映し出される平面,,Unknown,,,,kupc2018,,
AtCoder,kupc2018_m,M. 整数と根付き木,,Unknown,,,,kupc2018,,
AtCoder,kupc2019_a,A. November Festival,,Unknown,,,,kupc2019,,
AtCoder,kupc2019_b,B. ナップサック問題,,Unknown,,,,kupc2019,,
AtCoder,kupc2019_c,C. てんびんばかり,,Unknown,,,,kupc2019,,
AtCoder,kupc2019_d,D. Maximin Game,,Unknown,,,,kupc2019,,
AtCoder,kupc2019_e,E. 根付き森二人用ゲーム,,Unknown,,,,kupc2019,,
AtCoder,kupc2019_f,F. カズマ王国の陥落,,Unknown,,,,kupc2019,,
AtCoder,kupc2019_g,G. ABCのG問題,,Unknown,,,,kupc2019,,
AtCoder,kupc2019_h,H. 123パズル,,Unknown,,,,kupc2019,,
AtCoder,kupc2019_i,I. encode/decode 2019,,Unknown,,,,kupc2019,,
AtCoder,kupc2019_j,J. Link-cut tworee,,Unknown,,,,kupc2019,,
AtCoder,kupc2019_k,K. One or All,,Unknown,,,,kupc2019,,
AtCoder,kupc2019_l,L. タケノコ,,Unknown,,,,kupc2019,,
AtCoder,kupc2020_a,A. Classroom Distance,,Unknown,,,,kupc2020,,
AtCoder,kupc2020_b,B. Numbers on Papers,,Unknown,,,,kupc2020,,
AtCoder,kupc2020_c,C. Grid and Substrings,,Unknown,,,,kupc2020,,
AtCoder,kupc2020_d,D. Stick Combination,,Unknown,,,,kupc2020,,
AtCoder,kupc2020_e,E. Sequence Partitioning,,Unknown,,,,kupc2020,,
AtCoder,kupc2020_f,F. GRIDMST,,Unknown,,,,kupc2020,,
AtCoder,kupc2020_g,G. Counting Angels,,Unknown,,,,kupc2020,,
AtCoder,kupc2020_h,H. Beans on the Grid,,Unknown,,,,kupc2020,,
AtCoder,kupc2020_i,I. Coloring Paths,,Unknown,,,,kupc2020,,
AtCoder,kupc2020_j,J. Median Query,,Unknown,,,,kupc2020,,
AtCoder,kupc2020_k,K. Deleting Edges,,Unknown,,,,kupc2020,,
AtCoder,kupc2020_l,L. Inside Story of Median Query,,Unknown,,,,kupc2020,,
AtCoder,kupc2020_m,M. Many Parentheses,,Unknown,,,,kupc2020,,
AtCoder,kupc2021_a,A. Standing Sign,,Unknown,,,,kupc2021,,
AtCoder,kupc2021_b,B. Painting with Many Orders,,Unknown,,,,kupc2021,,
AtCoder,kupc2021_c,C. Gacha,,Unknown,,,,kupc2021,,
AtCoder,kupc2021_d,D. Stones,,Unknown,,,,kupc2021,,
AtCoder,kupc2021_e,E. PERMST,,Unknown,,,,kupc2021,,
AtCoder,kupc2021_f,F. One Yen Coin,,Unknown,,,,kupc2021,,
AtCoder,kupc2021_g,G. Two Step Sort,,Unknown,,,,kupc2021,,
AtCoder,kupc2021_h,H. Symmetric,,Unknown,,,,kupc2021,,
AtCoder,kupc2021_i,I. Good LACK,,Unknown,,,,kupc2021,,
AtCoder,kupc2021_j,J. Delete Balls,,Unknown,,,,kupc2021,,
AtCoder,kupc2021_k,K. Three Coloring,,Unknown,,,,kupc2021,,
AtCoder,kupc2021_l,L. Tag Game,,Unknown,,,,kupc2021,,
AtCoder,kupc2021_m,M. Formula,,Unknown,,,,kupc2021,,
AtCoder,kupc2024_a,A. Annual Tuition,,Unknown,,,,kupc2024,,
AtCoder,kupc2024_b,B. Brindled Torus,,Unknown,,,,kupc2024,,
AtCoder,kupc2024_c,C. Cake-Cutting Ceremony,,Unknown,,,,kupc2024,,
AtCoder,kupc2024_d,D. Detonate a Dynamite,,Unknown,,,,kupc2024,,
AtCoder,kupc2024_e,E. Enumerate Multiplication Table,,Unknown,,,,kupc2024,,
AtCoder,kupc2024_f,F. Find x,,Unknown,,,,kupc2024,,
AtCoder,kupc2024_g,G. Genjikou,,Unknown,,,,kupc2024,,
AtCoder,kupc2024_h,H. Hack Hash,,Unknown,,,,kupc2024,,
AtCoder,kupc2024_i,I. I Hate Xor Sum,,Unknown,,,,kupc2024,,
AtCoder,kupc2024_j,J. Joint for KUPC,,Unknown,,,,kupc2024,,
AtCoder,kupc2024_k,K. Kyoto the Capital,,Unknown,,,,kupc2024,,
AtCoder,kupc2024_l,L. Long Street,,Unknown,,,,kupc2024,,
AtCoder,kupc2024_m,M. Mahjong 2,,Unknown,,,,kupc2024,,
AtCoder,kupc2024_n,N. Nonsymmetric Matrix,,Unknown,,,,kupc2024,,
AtCoder,kupc2024_o,O. Ordinary Blossom Algorithm,,Unknown,,,,kupc2024,,
AtCoder,kupc2024_p,P. Pizza Destruction,,Unknown,,,,kupc2024,,
AtCoder,loadchecking_a,A. 好きな順列,,Unknown,,,,loadchecking,,
AtCoder,m_solutions2019_a,A. Sum of Interior Angles,-793.0,Easy,,,,m-solutions2019,3104.0,False
AtCoder,m_solutions2019_b,B. Sumo,-456.0,Easy,,,,m-solutions2019,3104.0,False
AtCoder,m_solutions2019_c,C. Best-of-(2n-1),2038.0,Hard,,,,m-solutions2019,3104.0,False
AtCoder,m_solutions2019_d,D. Maximum Sum of Minimum,1267.0,Medium,,,,m-solutions2019,3104.0,False
AtCoder,m_solutions2019_e,E. Product of Arithmetic Progression,2261.0,Hard,,,,m-solutions2019,3104.0,False
AtCoder,m_solutions2019_f,F. Random Tournament,2986.0,Hard,,,,m-solutions2019,3104.0,False
AtCoder,m_solutions2020_a,A. Kyu in AtCoder,-1071.0,Easy,,,,m-solutions2020,6073.0,False
AtCoder,m_solutions2020_b,B. Magic 2,-315.0,Easy,,,,m-solutions2020,6073.0,False
AtCoder,m_solutions2020_c,C. Marks,131.0,Easy,,,,m-solutions2020,6073.0,False
AtCoder,m_solutions2020_d,D. Road to Millionaire,665.0,Easy,,,,m-solutions2020,6073.0,False
AtCoder,m_solutions2020_e,E. M's Solution,2268.0,Hard,,,,m-solutions2020,6073.0,False
AtCoder,m_solutions2020_f,F. Air Safety,2005.0,Hard,,,,m-solutions2020,6073.0,False
AtCoder,masters2024_final_a,A. Windy Drone Control (A),,Unknown,,,,masters2024-final-open,,
AtCoder,masters2024_final_b,B. Windy Drone Control (B),,Unknown,,,,masters2024-final-open,,
AtCoder,masters2024_final_c,C. Windy Drone Control (C),,Unknown,,,,masters2024-final-open,,
AtCoder,masters2025_final_a,A. Cooperative Trash Sorting (A),,Unknown,,,,masters2025-final-open,,
AtCoder,masters2025_final_b,B. Cooperative Trash Sorting (B),,Unknown,,,,masters2025-final-open,,
AtCoder,masters2025_final_c,C. Cooperative Trash Sorting (C),,Unknown,,,,masters2025-final-open,,
AtCoder,masters2025_final_d,D. Submit Your Test Cases,,Unknown,,,,masters2025-final,,
AtCoder,masters2025_qual_a,A. Ore Rolling (A),,Unknown,,,,masters2025-qual,,
AtCoder,masters2025_qual_b,B. Ore Rolling (B),,Unknown,,,,masters2025-qual,,
AtCoder,masters2025_qual_c,C. Ore Rolling (C),,Unknown,,,,masters2025-qual,,
AtCoder,masters2026_final_a,A. Copy-Paste Painting (A),,Unknown,,,,masters2026-final,,
AtCoder,masters2026_final_b,B. Copy-Paste Painting (B),,Unknown,,,,masters2026-final,,
AtCoder,masters2026_final_c,C. Submit Your Test Cases,,Unknown,,,,masters2026-final,,
AtCoder,masters2026_qual_a,A. Periodic Patrol Automata (A),,Unknown,,,,masters2026-qual,,
AtCoder,masters2026_qual_b,B. Periodic Patrol Automata (B),,Unknown,,,,masters2026-qual,,
AtCoder,masters2026_qual_c,C. Periodic Patrol Automata (C),,Unknown,,,,masters2026-qual,,
AtCoder,masters_qual_a,A. Smoothing by Swaps,,Unknown,,,,masters-qual,,
AtCoder,math_and_algorithm_a,001. Print 5+N,,Unknown,,,,math-and-algorithm,,
AtCoder,math_and_algorithm_aa,027. Sorting,,Unknown,,,,math-and-algorithm,,
AtCoder,math_and_algorithm_ab,029. Climb Stairs,,Unknown,,,,math-and-algorithm,,
AtCoder,math_and_algorithm_ac,031. Taro's Vacation,,Unknown,,,,math-and-algorithm,,
AtCoder,math_and_algorithm_ad,032. Binary Search,,Unknown,,,,math-and-algorithm,,
AtCoder,math_and_algorithm_ae,033. Distance,,Unknown,,,,math-and-algorithm,,
AtCoder,math_and_algorithm_af,034. Nearest Points,,Unknown,,,,math-and-algorithm,,
AtCoder,math_and_algorithm_ag,035. Two Circles,,Unknown,,,,math-and-algorithm,,
AtCoder,math_and_algorithm_ah,037. Intersection,,Unknown,,,,math-and-algorithm,,
AtCoder,math_and_algorithm_ai,038. How Many Guests?,,Unknown,,,,math-and-algorithm,,
AtCoder,math_and_algorithm_aj,039. Snowy Days,,Unknown,,,,math-and-algorithm,,
AtCoder,math_and_algorithm_ak,040. Travel,,Unknown,,,,math-and-algorithm,,
AtCoder,math_and_algorithm_al,041. Convenience Store 2,,Unknown,,,,math-and-algorithm,,
AtCoder,math_and_algorithm_am,043. Is It Connected?,,Unknown,,,,math-and-algorithm,,
AtCoder,math_and_algorithm_an,044. Shortest Path Problem,,Unknown,,,,math-and-algorithm,,
AtCoder,math_and_algorithm_ao,047. Bipartite Graph,,Unknown,,,,math-and-algorithm,,
AtCoder,math_and_algorithm_ap,049. Fibonacci Easy (mod 1000000007),,Unknown,,,,math-and-algorithm,,
AtCoder,math_and_algorithm_aq,050. Power,,Unknown,,,,math-and-algorithm,,
AtCoder,math_and_algorithm_ar,051. Combination Hard,,Unknown,,,,math-and-algorithm,,
AtCoder,math_and_algorithm_as,053. Sum of 4^N,,Unknown,,,,math-and-algorithm,,
AtCoder,math_and_algorithm_at,054. Fibonacci Hard (mod 1000000000),,Unknown,,,,math-and-algorithm,,
AtCoder,math_and_algorithm_au,055. Recurrence Formula 1,,Unknown,,,,math-and-algorithm,,
AtCoder,math_and_algorithm_av,056. Recurrence Formula 2,,Unknown,,,,math-and-algorithm,,
AtCoder,math_and_algorithm_aw,057. Domino Tiling,,Unknown,,,,math-and-algorithm,,
AtCoder,math_and_algorithm_ax,058. Move on Squares 1,,Unknown,,,,math-and-algorithm,,
AtCoder,math_and_algorithm_ay,059. Power of Two,,Unknown,,,,math-and-algorithm,,
AtCoder,math_and_algorithm_az,060. Stones Game 1,,Unknown,,,,math-and-algorithm,,
AtCoder,math_and_algorithm_b,002. Sum of 3 Integers,,Unknown,,,,math-and-algorithm,,
AtCoder,math_and_algorithm_ba,061. Stones Game 2,,Unknown,,,,math-and-algorithm,,
AtCoder,math_and_algorithm_bb,063. Move on Squares 2,,Unknown,,,,math-and-algorithm,,
AtCoder,math_and_algorithm_bc,064. All Zero,,Unknown,,,,math-and-algorithm,,
AtCoder,math_and_algorithm_bd,066. Three Cards,,Unknown,,,,math-and-algorithm,,
AtCoder,math_and_algorithm_be,068. Number of Multiples 2,,Unknown,,,,math-and-algorithm,,
AtCoder,math_and_algorithm_bf,071. Linear Programming,,Unknown,,,,math-and-algorithm,,
AtCoder,math_and_algorithm_bg,073. Sum of Maximum,,Unknown,,,,math-and-algorithm,,
AtCoder,math_and_algorithm_bh,074. Sum of difference Easy,,Unknown,,,,math-and-algorithm,,
AtCoder,math_and_algorithm_bi,075. Pyramid,,Unknown,,,,math-and-algorithm,,
AtCoder,math_and_algorithm_bj,077. Distance Sum,,Unknown,,,,math-and-algorithm,,
AtCoder,math_and_algorithm_bk,078. Difference Optimization 1,,Unknown,,,,math-and-algorithm,,
AtCoder,math_and_algorithm_bl,080. Difference Optimization 2,,Unknown,,,,math-and-algorithm,,
AtCoder,math_and_algorithm_bm,081. Bill Changing Problem,,Unknown,,,,math-and-algorithm,,
AtCoder,math_and_algorithm_bn,082. Interval Scheduling Problem,,Unknown,,,,math-and-algorithm,,
AtCoder,math_and_algorithm_bo,085. Two Conditions,,Unknown,,,,math-and-algorithm,,
AtCoder,math_and_algorithm_bp,086. Parentheses Check,,Unknown,,,,math-and-algorithm,,
AtCoder,math_and_algorithm_bq,087. Simple Math Easy,,Unknown,,,,math-and-algorithm,,
AtCoder,math_and_algorithm_br,091. How Many Ways?,,Unknown,,,,math-and-algorithm,,
AtCoder,math_and_algorithm_bs,092. Beautiful Rectangle,,Unknown,,,,math-and-algorithm,,
AtCoder,math_and_algorithm_bt,097. Primes in an Interval,,Unknown,,,,math-and-algorithm,,
AtCoder,math_and_algorithm_bu,098. Polygon and Point,,Unknown,,,,math-and-algorithm,,
AtCoder,math_and_algorithm_bv,100. Simulation of Chemicals,,Unknown,,,,math-and-algorithm,,
AtCoder,math_and_algorithm_bw,103. Circle Packing,,Unknown,,,,math-and-algorithm,,
AtCoder,math_and_algorithm_bx,104. Graph Master,,Unknown,,,,math-and-algorithm,,
AtCoder,math_and_algorithm_by,089. Log Inequality 2,,Unknown,,,,math-and-algorithm,,
AtCoder,math_and_algorithm_c,003. Sum of N Integers,,Unknown,,,,math-and-algorithm,,
AtCoder,math_and_algorithm_d,004. Product of 3 Integers,,Unknown,,,,math-and-algorithm,,
AtCoder,math_and_algorithm_e,005. Modulo 100,,Unknown,,,,math-and-algorithm,,
AtCoder,math_and_algorithm_f,006. Print 2N+3,,Unknown,,,,math-and-algorithm,,
AtCoder,math_and_algorithm_g,007. Number of Multiples 1,,Unknown,,,,math-and-algorithm,,
AtCoder,math_and_algorithm_h,008. Brute Force 1,,Unknown,,,,math-and-algorithm,,
AtCoder,math_and_algorithm_i,009. Brute Force 2,,Unknown,,,,math-and-algorithm,,
AtCoder,math_and_algorithm_j,010. Factorial,,Unknown,,,,math-and-algorithm,,
AtCoder,math_and_algorithm_k,011. Print Prime Numbers,,Unknown,,,,math-and-algorithm,,
AtCoder,math_and_algorithm_l,012. Primality Test,,Unknown,,,,math-and-algorithm,,
AtCoder,math_and_algorithm_m,013. Divisor Enumeration,,Unknown,,,,math-and-algorithm,,
AtCoder,math_and_algorithm_n,014. Factorization,,Unknown,,,,math-and-algorithm,,
AtCoder,math_and_algorithm_o,015. Greatest Common Divisor,,Unknown,,,,math-and-algorithm,,
AtCoder,math_and_algorithm_p,016. Greatest Common Divisor of N Integers,,Unknown,,,,math-and-algorithm,,
AtCoder,math_and_algorithm_q,017. Least Common Multiple of N Integers,,Unknown,,,,math-and-algorithm,,
AtCoder,math_and_algorithm_r,018. Convenience Store 1,,Unknown,,,,math-and-algorithm,,
AtCoder,math_and_algorithm_s,019. Choose Cards 1,,Unknown,,,,math-and-algorithm,,
AtCoder,math_and_algorithm_t,020. Choose Cards 2,,Unknown,,,,math-and-algorithm,,
AtCoder,math_and_algorithm_u,021. Combination Easy,,Unknown,,,,math-and-algorithm,,
AtCoder,math_and_algorithm_v,022. Choose Cards 3,,Unknown,,,,math-and-algorithm,,
AtCoder,math_and_algorithm_w,023. Dice Expectation,,Unknown,,,,math-and-algorithm,,
AtCoder,math_and_algorithm_x,024. Answer Exam Randomly,,Unknown,,,,math-and-algorithm,,
AtCoder,math_and_algorithm_y,025. Jiro's Vacation,,Unknown,,,,math-and-algorithm,,
AtCoder,math_and_algorithm_z,026. Coin Gacha,,Unknown,,,,math-and-algorithm,,
AtCoder,maximum_2013_a,A. 特別作戦,,Unknown,,,,maximum-cup-2013,,
AtCoder,maximum_2013_b,B. Working for the World,,Unknown,,,,maximum-cup-2013,,
AtCoder,maximum_2013_c,C. 白蛇のお守り,,Unknown,,,,maximum-cup-2013,,
AtCoder,maximum_2013_d,D. 絆よりも恋人が大事,,Unknown,,,,maximum-cup-2013,,
AtCoder,maximum_2013_e,E. Alicia's Rare card Challenge,,Unknown,,,,maximum-cup-2013,,
AtCoder,maximum_2013_f,F. 3人の騎士と1匹の犬,,Unknown,,,,maximum-cup-2013,,
AtCoder,maximum_2013_g,G. King's Ring Tower,,Unknown,,,,maximum-cup-2013,,
AtCoder,maximum_2013_h,H. さいたまの矛盾,,Unknown,,,,maximum-cup-2013,,
AtCoder,maximum_2013_i,I. 実績: ヘビマスター,,Unknown,,,,maximum-cup-2013,,
AtCoder,maximum_2013_j,J. ALPHAのならび,,Unknown,,,,maximum-cup-2013,,
AtCoder,maximum_cup_2018_a,A. フィギュアスケート界の貴公子埼大選手,,Unknown,,,,maximum-cup-2018,,
AtCoder,maximum_cup_2018_b,B. 駆け抜けろ！埼大山車部！！,,Unknown,,,,maximum-cup-2018,,
AtCoder,maximum_cup_2018_c,C. 嘘つきな天使たち,,Unknown,,,,maximum-cup-2018,,
AtCoder,maximum_cup_2018_d,D. Many Go Round,,Unknown,,,,maximum-cup-2018,,
AtCoder,maximum_cup_2018_e,E. Interrupt Array,,Unknown,,,,maximum-cup-2018,,
AtCoder,maximum_cup_2018_f,F. 献立表制作,,Unknown,,,,maximum-cup-2018,,
AtCoder,maximum_cup_2018_g,G. Sparrow's trick,,Unknown,,,,maximum-cup-2018,,
AtCoder,maximum_cup_2018_h,H. Maxmin Tour,,Unknown,,,,maximum-cup-2018,,
AtCoder,maximum_cup_2023_a,A. 倍数ペア,,Unknown,,,,maximum-cup-2023,,
AtCoder,maximum_cup_2023_b,B. 等差数列と数え上げ,,Unknown,,,,maximum-cup-2023,,
AtCoder,maximum_cup_2023_c,C. 黒板,,Unknown,,,,maximum-cup-2023,,
AtCoder,maximum_cup_2023_d,D. 編集ゲーム,,Unknown,,,,maximum-cup-2023,,
AtCoder,maximum_cup_2023_e,E. 小大小大……,,Unknown,,,,maximum-cup-2023,,
AtCoder,maximum_cup_2023_f,F. 01文字列の構築,,Unknown,,,,maximum-cup-2023,,
AtCoder,maximum_cup_2023_g,G. イノシシ対策,,Unknown,,,,maximum-cup-2023,,
AtCoder,maximum_cup_2023_h,H. 変数の最大化,,Unknown,,,,maximum-cup-2023,,
AtCoder,monamieHB2021_a,A. Crab or Shrimp,,Unknown,,,,monamieHB2021,,
AtCoder,monamieHB2021_b,B. Lovely Sequence,,Unknown,,,,monamieHB2021,,
AtCoder,monamieHB2021_c,C. Ball in the Box,,Unknown,,,,monamieHB2021,,
AtCoder,monamieHB2021_d,D. Nice Couples,,Unknown,,,,monamieHB2021,,
AtCoder,monamieHB2021_e,E. Min Cost Sort,,Unknown,,,,monamieHB2021,,
AtCoder,mujin_pc_2016_a,A. MUJIN,-312.0,Easy,,,,mujin-pc-2016,449.0,True
AtCoder,mujin_pc_2016_b,B. Robot Arm,958.0,Medium,,,,mujin-pc-2016,449.0,True
AtCoder,mujin_pc_2016_c,C. Orange Graph,2093.0,Hard,,,,mujin-pc-2016,449.0,True
AtCoder,mujin_pc_2016_d,D. Parenthesis Sequence,2404.0,Hard,,,,mujin-pc-2016,449.0,True
AtCoder,mujin_pc_2016_e,E. Hexagon,3102.0,Hard,,,,mujin-pc-2016,449.0,True
AtCoder,mujin_pc_2017_a,A. Robot Racing,1900.0,Medium,,,,mujin-pc-2017,449.0,False
AtCoder,mujin_pc_2017_b,B. Row to Column,2177.0,Hard,,,,mujin-pc-2017,449.0,False
AtCoder,mujin_pc_2017_c,C. Robot and String,3096.0,Hard,,,,mujin-pc-2017,449.0,False
AtCoder,mujin_pc_2017_d,D. Oriented Tree,3960.0,Hard,,,,mujin-pc-2017,449.0,False
AtCoder,mujin_pc_2018_a,A. コンテスト名,,Unknown,,,,mujin-pc-2018,,
AtCoder,mujin_pc_2018_b,B. セキュリティ,,Unknown,,,,mujin-pc-2018,,
AtCoder,mujin_pc_2018_c,C. 右折,,Unknown,,,,mujin-pc-2018,,
AtCoder,mujin_pc_2018_d,D. うほょじご,,Unknown,,,,mujin-pc-2018,,
AtCoder,mujin_pc_2018_e,E. 迷路,,Unknown,,,,mujin-pc-2018,,
AtCoder,mujin_pc_2018_f,F. チーム分け,,Unknown,,,,mujin-pc-2018,,
AtCoder,mujin_pc_2018_g,G. 移動,,Unknown,,,,mujin-pc-2018,,
AtCoder,mujin_pc_2018_h,H. タイル張り,,Unknown,,,,mujin-pc-2018,,
AtCoder,nadafes2022_day1_a,A. Max Inversion,,Unknown,,,,nadafes2022_day1,,
AtCoder,nadafes2022_day1_b,B. Exist Multiples,,Unknown,,,,nadafes2022_day1,,
AtCoder,nadafes2022_day1_c,C. Flood,,Unknown,,,,nadafes2022_day1,,
AtCoder,nadafes2022_day1_d,D. Double Permutations,,Unknown,,,,nadafes2022_day1,,
AtCoder,nadafes2022_day1_e,E. Even Degree,,Unknown,,,,nadafes2022_day1,,
AtCoder,nadafes2022_day1_f,F. Mth Next Permutation,,Unknown,,,,nadafes2022_day1,,
AtCoder,nadafes2022_day1_g,G. Road Closed,,Unknown,,,,nadafes2022_day1,,
AtCoder,nadafes2022_day1_h,H. Traveling PCT Problem,,Unknown,,,,nadafes2022_day1,,
AtCoder,nadafes2022_day1_i,I. NPCA Kingdom,,Unknown,,,,nadafes2022_day1,,
AtCoder,nadafes2022_day1_j,J. Excluded LCM,,Unknown,,,,nadafes2022_day1,,
AtCoder,nadafes2022_day1_k,K. Li,,Unknown,,,,nadafes2022_day1,,
AtCoder,nadafes2022_day1_l,L. Lexicographic Euler Tour,,Unknown,,,,nadafes2022_day1,,
AtCoder,nadafes2022_day1_m,M. Random Drawing,,Unknown,,,,nadafes2022_day1,,
AtCoder,nadafes2022_day1_n,N. Range Flip,,Unknown,,,,nadafes2022_day1,,
AtCoder,nadafes2022_day1_o,O. Swapping Desks,,Unknown,,,,nadafes2022_day1,,
AtCoder,nadafes2022_day1_p,P. Sum of Max of Difference,,Unknown,,,,nadafes2022_day1,,
AtCoder,nadafes2022_day2_a,A. ACPN,,Unknown,,,,nadafes2022_day2,,
AtCoder,nadafes2022_day2_b,B. Min Max Min,,Unknown,,,,nadafes2022_day2,,
AtCoder,nadafes2022_day2_c,C. Time Bombs,,Unknown,,,,nadafes2022_day2,,
AtCoder,nadafes2022_day2_d,D. NPCA Network,,Unknown,,,,nadafes2022_day2,,
AtCoder,nadafes2022_day2_e,E. Hamiltonian Circuit,,Unknown,,,,nadafes2022_day2,,
AtCoder,nadafes2022_day2_f,F. Charge,,Unknown,,,,nadafes2022_day2,,
AtCoder,nadafes2022_day2_g,G. Interval GCD,,Unknown,,,,nadafes2022_day2,,
AtCoder,nadafes2022_day2_h,H. Tourist on Graph,,Unknown,,,,nadafes2022_day2,,
AtCoder,nadafes2022_day2_i,I. Product of LCM of GCD,,Unknown,,,,nadafes2022_day2,,
AtCoder,nadafes2022_day2_j,J. Sum Equality,,Unknown,,,,nadafes2022_day2,,
AtCoder,nadafes2022_day2_k,K. Exhibition 3,,Unknown,,,,nadafes2022_day2,,
AtCoder,nadafes2022_day2_l,L. Min Diff Min,,Unknown,,,,nadafes2022_day2,,
AtCoder,nadafes2022_day2_m,M. Swapping Brackets,,Unknown,,,,nadafes2022_day2,,
AtCoder,nadafes2022_day2_n,N. All Crosses,,Unknown,,,,nadafes2022_day2,,
AtCoder,nadafes2022_day2_o,O. Simple Inversion Problem,,Unknown,,,,nadafes2022_day2,,
AtCoder,nadafes2022_day2_p,P. Turn it Over,,Unknown,,,,nadafes2022_day2,,
AtCoder,ndpc2026_a,A. Polyomino,,Unknown,,,,ndpc,,
AtCoder,ndpc2026_b,B. DAG,,Unknown,,,,ndpc,,
AtCoder,ndpc2026_c,C. String,,Unknown,,,,ndpc,,
AtCoder,ndpc2026_d,D. Banknote,,Unknown,,,,ndpc,,
AtCoder,ndpc2026_e,E. Summer Vacation,,Unknown,,,,ndpc,,
AtCoder,ndpc2026_f,F. Set,,Unknown,,,,ndpc,,
AtCoder,ndpc2026_g,G. Mouth,,Unknown,,,,ndpc,,
AtCoder,ndpc2026_h,H. Coin,,Unknown,,,,ndpc,,
AtCoder,ndpc2026_i,I. Update Positions,,Unknown,,,,ndpc,,
AtCoder,ndpc2026_j,J. Number and Total,,Unknown,,,,ndpc,,
AtCoder,ndpc2026_k,K. Addition and Subtraction,,Unknown,,,,ndpc,,
AtCoder,ndpc2026_l,L. LCM,,Unknown,,,,ndpc,,
AtCoder,ndpc2026_m,M. Numeral,,Unknown,,,,ndpc,,
AtCoder,ndpc2026_n,N. Knapsack,,Unknown,,,,ndpc,,
AtCoder,ndpc2026_o,O. Game,,Unknown,,,,ndpc,,
AtCoder,ndpc2026_p,P. LIS,,Unknown,,,,ndpc,,
AtCoder,ndpc2026_q,Q. Union of Intervals,,Unknown,,,,ndpc,,
AtCoder,ndpc2026_r,R. Triples,,Unknown,,,,ndpc,,
AtCoder,ndpc2026_s,S. Two doors,,Unknown,,,,ndpc,,
AtCoder,ndpc2026_t,T. Independent Set,,Unknown,,,,ndpc,,
AtCoder,newjudge_2308_heuristic_a,A. AtCoder Contest Scheduling (Online Version),,Unknown,,,,newjudge-2308-heuristic,,
AtCoder,nikkei2019_2_final_a,A. Count Triplets,,Unknown,,,,nikkei2019-2-final,,
AtCoder,nikkei2019_2_final_b,B. NIKKEI String,,Unknown,,,,nikkei2019-2-final,,
AtCoder,nikkei2019_2_final_c,C. Largest N,,Unknown,,,,nikkei2019-2-final,,
AtCoder,nikkei2019_2_final_d,D. 木、,,Unknown,,,,nikkei2019-2-final,,
AtCoder,nikkei2019_2_final_e,E. Notorious B.I.T.,,Unknown,,,,nikkei2019-2-final,,
AtCoder,nikkei2019_2_final_f,F. Jumping over 2,,Unknown,,,,nikkei2019-2-final,,
AtCoder,nikkei2019_2_final_g,G. Road Trip,,Unknown,,,,nikkei2019-2-final,,
AtCoder,nikkei2019_2_final_h,H. 逆にする関数,,Unknown,,,,nikkei2019-2-final,,
AtCoder,nikkei2019_2_qual_a,A. Sum of Two Integers,-669.0,Easy,,,,nikkei2019-2-qual,3233.0,False
AtCoder,nikkei2019_2_qual_b,B. Counting of Trees,841.0,Medium,,,,nikkei2019-2-qual,3233.0,False
AtCoder,nikkei2019_2_qual_c,C. Swaps,2136.0,Hard,,,,nikkei2019-2-qual,3233.0,False
AtCoder,nikkei2019_2_qual_d,D. Shortest Path on a Line,1647.0,Medium,,,,nikkei2019-2-qual,3233.0,False
AtCoder,nikkei2019_2_qual_e,E. Non-triangular Triplets,2257.0,Hard,,,,nikkei2019-2-qual,3233.0,False
AtCoder,nikkei2019_2_qual_f,F. Mirror Frame,3805.0,Hard,,,,nikkei2019-2-qual,3233.0,False
AtCoder,nikkei2019_final_a,A. Abundant Resources,,Unknown,,,,nikkei2019-final,,
AtCoder,nikkei2019_final_b,B. Big Integers,,Unknown,,,,nikkei2019-final,,
AtCoder,nikkei2019_final_c,C. Come Together,,Unknown,,,,nikkei2019-final,,
AtCoder,nikkei2019_final_d,D. Deforestation,,Unknown,,,,nikkei2019-final,,
AtCoder,nikkei2019_final_e,E. Erasure,,Unknown,,,,nikkei2019-final,,
AtCoder,nikkei2019_final_f,F. Flights,,Unknown,,,,nikkei2019-final,,
AtCoder,nikkei2019_final_g,G. Greatest Journey,,Unknown,,,,nikkei2019-final,,
AtCoder,nikkei2019_final_h,H. Homework Scheduling,,Unknown,,,,nikkei2019-final,,
AtCoder,nikkei2019_qual_a,A. Subscribers,-437.0,Easy,,,,nikkei2019-qual,2176.0,False
AtCoder,nikkei2019_qual_b,B. Touitsu,-125.0,Easy,,,,nikkei2019-qual,2176.0,False
AtCoder,nikkei2019_qual_c,C. Different Strokes,1136.0,Medium,,,,nikkei2019-qual,2176.0,False
AtCoder,nikkei2019_qual_d,D. Restore the Tree,1541.0,Medium,,,,nikkei2019-qual,2176.0,False
AtCoder,nikkei2019_qual_e,E. Weights on Vertices and Edges,2294.0,Hard,,,,nikkei2019-qual,2176.0,False
AtCoder,nikkei2019_qual_f,F. Jewels,3778.0,Hard,,,,nikkei2019-qual,2176.0,False
AtCoder,nikkei2019ex_a,A. Prefix Array,,Unknown,,,,nikkei2019-ex,,
AtCoder,nikkei2019ex_b,B. 二乗,,Unknown,,,,nikkei2019-ex,,
AtCoder,nikkei2019ex_c,C. 11で割った余りの計算方法,,Unknown,,,,nikkei2019-ex,,
AtCoder,nikkei2019ex_d,D. 辞書順最小の数,,Unknown,,,,nikkei2019-ex,,
AtCoder,nikkei2019ex_e,F. コラッツ問題,,Unknown,,,,nikkei2019-ex,,
AtCoder,nikkei2019ex_f,E. スーパーFizzBuzz,,Unknown,,,,nikkei2019-ex,,
AtCoder,nikkei2019ex_g,G. 回文スコア,,Unknown,,,,nikkei2019-ex,,
AtCoder,nikkei2019ex_h,H. 8^kゲーム,,Unknown,,,,nikkei2019-ex,,
AtCoder,njpc2017_a,A. 入力フォーム,,Unknown,,,,njpc2017,,
AtCoder,njpc2017_b,B. 格子グラフ,,Unknown,,,,njpc2017,,
AtCoder,njpc2017_c,C. ハードル走,,Unknown,,,,njpc2017,,
AtCoder,njpc2017_d,D. NMパズル,,Unknown,,,,njpc2017,,
AtCoder,njpc2017_e,E. 限界集落,,Unknown,,,,njpc2017,,
AtCoder,njpc2017_f,F. ダブルス,,Unknown,,,,njpc2017,,
AtCoder,njpc2017_g,G. 交換法則,,Unknown,,,,njpc2017,,
AtCoder,njpc2017_h,H. 白黒ツリー,,Unknown,,,,njpc2017,,
AtCoder,nomura2020_a,A. Study Scheduling,-692.0,Easy,,,,nomura2020,5645.0,False
AtCoder,nomura2020_b,B. Postdocs,-144.0,Easy,,,,nomura2020,5645.0,False
AtCoder,nomura2020_c,C. Folia,1253.0,Medium,,,,nomura2020,5645.0,False
AtCoder,nomura2020_d,D. Urban Planning,2810.0,Hard,,,,nomura2020,5645.0,False
AtCoder,nomura2020_e,E. Binary Programming,2861.0,Hard,,,,nomura2020,5645.0,False
AtCoder,nomura2020_f,F. Sorting Game,3097.0,Hard,,,,nomura2020,5645.0,False
AtCoder,npcapc_2024_a,A. Welcome to NPCAPC,,Unknown,,,,npcapc_2024,,
AtCoder,npcapc_2024_b,B. Some Sum of Subset,,Unknown,,,,npcapc_2024,,
AtCoder,npcapc_2024_c,C. Solve with Friends,,Unknown,,,,npcapc_2024,,
AtCoder,npcapc_2024_d,D. Two Box,,Unknown,,,,npcapc_2024,,
AtCoder,npcapc_2024_e,E. Aim High,,Unknown,,,,npcapc_2024,,
AtCoder,npcapc_2024_f,F. Train Seats,,Unknown,,,,npcapc_2024,,
AtCoder,npcapc_2024_g,G. Many Common Segment Problems,,Unknown,,,,npcapc_2024,,
AtCoder,npcapc_2024_h,H. Music Game,,Unknown,,,,npcapc_2024,,
AtCoder,npcapc_2024_i,I. Left Equals Right,,Unknown,,,,npcapc_2024,,
AtCoder,npcapc_2024_j,J. Again Permutation Problem,,Unknown,,,,npcapc_2024,,
AtCoder,npcapc_2024_k,K. Peace with Magic,,Unknown,,,,npcapc_2024,,
AtCoder,npcapc_2024_l,L. Construction of Town,,Unknown,,,,npcapc_2024,,
AtCoder,npcapc_2024_m,M. Admired Person,,Unknown,,,,npcapc_2024,,
AtCoder,npcapc_2024_n,N. Product Matrix,,Unknown,,,,npcapc_2024,,
AtCoder,npcapc_2024_o,O. New School Term,,Unknown,,,,npcapc_2024,,
AtCoder,npcapc_2024_p,P. Make Testcase,,Unknown,,,,npcapc_2024,,
AtCoder,nupc2024_a,A. Equalization,,Unknown,,,,nupc2024,,
AtCoder,nupc2024_b,B. おつり,,Unknown,,,,nupc2024,,
AtCoder,nupc2024_c,C. Median of Medians,,Unknown,,,,nupc2024,,
AtCoder,nupc2024_d,D. Painting,,Unknown,,,,nupc2024,,
AtCoder,nupc2024_e,E. Exponential,,Unknown,,,,nupc2024,,
AtCoder,nupc2024_f,F. Labeled Tree Distance,,Unknown,,,,nupc2024,,
AtCoder,nupc2024_g,G. Super 累積 XOR,,Unknown,,,,nupc2024,,
AtCoder,nupc2024_h,H. LCS order,,Unknown,,,,nupc2024,,
AtCoder,nupc2024_i,I. Eat and Build,,Unknown,,,,nupc2024,,
AtCoder,nupc2024_j,J. Cops and Robbers on Namori,,Unknown,,,,nupc2024,,
AtCoder,nupc2024_k,K. A Shortcut,,Unknown,,,,nupc2024,,
AtCoder,nupc2024_l,L. Move It 2,,Unknown,,,,nupc2024,,
AtCoder,nupc2024_m,M. NUPaCking,,Unknown,,,,nupc2024,,
AtCoder,nupc2024_n,N. しゃくとり on Namori,,Unknown,,,,nupc2024,,
AtCoder,nupc2024_o,O. LRUD Maze,,Unknown,,,,nupc2024,,
AtCoder,nupc2024_p,P. 偶数けんけん,,Unknown,,,,nupc2024,,
AtCoder,nupc2024_q,Q. Stablest Permutation,,Unknown,,,,nupc2024,,
AtCoder,nyc2015_1,A. 2015,,Unknown,,,,NYC2015,,
AtCoder,nyc2015_10,J. ランダムウォーク,,Unknown,,,,NYC2015,,
AtCoder,nyc2015_11,K. チーム戦,,Unknown,,,,NYC2015,,
AtCoder,nyc2015_12,L. 机のしみ,,Unknown,,,,NYC2015,,
AtCoder,nyc2015_13,M. お絵かき,,Unknown,,,,NYC2015,,
AtCoder,nyc2015_2,B. 鏡餅,,Unknown,,,,NYC2015,,
AtCoder,nyc2015_3,C. 文字列の書き換え,,Unknown,,,,NYC2015,,
AtCoder,nyc2015_4,D. ジャンプ,,Unknown,,,,NYC2015,,
AtCoder,nyc2015_5,E. ひも,,Unknown,,,,NYC2015,,
AtCoder,nyc2015_6,F. 番号札,,Unknown,,,,NYC2015,,
AtCoder,nyc2015_7,G. ロボット,,Unknown,,,,NYC2015,,
AtCoder,nyc2015_8,H. 空港,,Unknown,,,,NYC2015,,
AtCoder,nyc2015_9,I. マージ,,Unknown,,,,NYC2015,,
AtCoder,oidashi_a,A. 不完全迷路,,Unknown,,,,oidashi,,
AtCoder,oidashi_b,B. ライツアウト,,Unknown,,,,oidashi,,
AtCoder,oidashi_c,C. 鏡餅,,Unknown,,,,oidashi,,
AtCoder,oidashi_d,D. 幾何問題を書こう,,Unknown,,,,oidashi,,
AtCoder,oidashi_e,E. 10進数の数列,,Unknown,,,,oidashi,,
AtCoder,otemae2019_a,"A. 寝坊だ！ピ太郎！ (You overslept, Pitaro)",,Unknown,,,,otemae2019,,
AtCoder,otemae2019_b,B. 駒 (Pieces),,Unknown,,,,otemae2019,,
AtCoder,otemae2019_c,C. カード並べ 2 (Arranging Card 2),,Unknown,,,,otemae2019,,
AtCoder,otemae2019_d,D. FizzBuzz (FizzBuzz),,Unknown,,,,otemae2019,,
AtCoder,otemae2019_e,E. 最悪の教頭 (Worst Head Teacher),,Unknown,,,,otemae2019,,
AtCoder,otemae2019_f,F. 天秤とコイン (Balance and Coins),,Unknown,,,,otemae2019,,
AtCoder,otemae2019_g,"G. 空をかけるピ太郎 (Pitaro, who Leaps through Air)",,Unknown,,,,otemae2019,,
AtCoder,otemae2019_h,H. 美味しい飴 (Candy is Delicious),,Unknown,,,,otemae2019,,
AtCoder,otemae2019_i,I. ピーターランドの道路整備 (Road Development in Peterland),,Unknown,,,,otemae2019,,
AtCoder,oupc2023_day1_a,A. Mijingiri,,Unknown,,,,oupc2023-day1,,
AtCoder,oupc2023_day1_b,B. Gomamayo,,Unknown,,,,oupc2023-day1,,
AtCoder,oupc2023_day1_c,C. Caesar Cipher,,Unknown,,,,oupc2023-day1,,
AtCoder,oupc2023_day1_d,D. Han Burger,,Unknown,,,,oupc2023-day1,,
AtCoder,oupc2023_day1_e,E. Han Burger 2,,Unknown,,,,oupc2023-day1,,
AtCoder,oupc2023_day1_f,F. Remainder of Max Problem,,Unknown,,,,oupc2023-day1,,
AtCoder,oupc2023_day1_g,G. Impassable Game,,Unknown,,,,oupc2023-day1,,
AtCoder,oupc2023_day1_h,H. Wonderful Stage,,Unknown,,,,oupc2023-day1,,
AtCoder,oupc2023_day1_i,I. Min!? Max!? Max!? Min!?,,Unknown,,,,oupc2023-day1,,
AtCoder,oupc2023_day1_j,J. Sum Sum,,Unknown,,,,oupc2023-day1,,
AtCoder,oupc2023_day1_k,K. Minimize Transfer Time,,Unknown,,,,oupc2023-day1,,
AtCoder,oupc2023_day1_l,L. KowerKoint Doko,,Unknown,,,,oupc2023-day1,,
AtCoder,oupc2023_day1_m,M. Can't Be UT,,Unknown,,,,oupc2023-day1,,
AtCoder,oupc2023_day1_n,N. Bench,,Unknown,,,,oupc2023-day1,,
AtCoder,oupc2023_day1_o,O. Special Matrix,,Unknown,,,,oupc2023-day1,,
AtCoder,oupc2023_day1_p,P. Score for Cutting Graph,,Unknown,,,,oupc2023-day1,,
AtCoder,oupc2023_day1_q,Q. Kurukuru,,Unknown,,,,oupc2023-day1,,
AtCoder,pakencamp_2018_day2_a,A. ひふみ　(Hihumi),,Unknown,,,,pakencamp-2018-day2,,
AtCoder,pakencamp_2018_day2_b,B. チーム戦　(Teamwork),,Unknown,,,,pakencamp-2018-day2,,
AtCoder,pakencamp_2018_day2_c,C. クリスマス飾り（Christmas Decorations）,,Unknown,,,,pakencamp-2018-day2,,
AtCoder,pakencamp_2018_day2_d,D. 一次元オセロ　(1D Othello),,Unknown,,,,pakencamp-2018-day2,,
AtCoder,pakencamp_2018_day2_e,E. クリスマスツリー　(Tree Coloring),,Unknown,,,,pakencamp-2018-day2,,
AtCoder,pakencamp_2018_day2_f,F. 同一経路　(Samepath),,Unknown,,,,pakencamp-2018-day2,,
AtCoder,pakencamp_2018_day2_g,G. グランド・グラフ　(Grand Graph),,Unknown,,,,pakencamp-2018-day2,,
AtCoder,pakencamp_2018_day2_h,H. プレゼント配り　(Santa Claus' Track),,Unknown,,,,pakencamp-2018-day2,,
AtCoder,pakencamp_2018_day3_a,A. ネクスト・クリスマス,,Unknown,,,,pakencamp-2018-day3,,
AtCoder,pakencamp_2018_day3_b,B. ㍻の終焉を告げる,,Unknown,,,,pakencamp-2018-day3,,
AtCoder,pakencamp_2018_day3_c,C. 竹の観察,,Unknown,,,,pakencamp-2018-day3,,
AtCoder,pakencamp_2018_day3_d,D. なぎさちゃんの別荘,,Unknown,,,,pakencamp-2018-day3,,
AtCoder,pakencamp_2018_day3_e,E. 美しい和音,,Unknown,,,,pakencamp-2018-day3,,
AtCoder,pakencamp_2018_day3_f,F. ミックスジュース,,Unknown,,,,pakencamp-2018-day3,,
AtCoder,pakencamp_2018_day3_g,G. 落単の危機,,Unknown,,,,pakencamp-2018-day3,,
AtCoder,pakencamp_2018_day3_h,H. 整数をつくろう！,,Unknown,,,,pakencamp-2018-day3,,
AtCoder,pakencamp_2019_day2_a,A. パ研君と塗り絵,,Unknown,,,,pakencamp-2019-day2,,
AtCoder,pakencamp_2019_day3_a,A. パ研合宿2103,,Unknown,,,,pakencamp-2019-day3,,
AtCoder,pakencamp_2019_day3_b,B. 多数決,,Unknown,,,,pakencamp-2019-day3,,
AtCoder,pakencamp_2019_day3_c,C. カラオケ,,Unknown,,,,pakencamp-2019-day3,,
AtCoder,pakencamp_2019_day3_d,D. パ研軍旗,,Unknown,,,,pakencamp-2019-day3,,
AtCoder,pakencamp_2019_day3_e,E. 大きなクリスマスプレゼント,,Unknown,,,,pakencamp-2019-day3,,
AtCoder,pakencamp_2019_day3_f,F. クリスマス飾り2,,Unknown,,,,pakencamp-2019-day3,,
AtCoder,pakencamp_2019_day3_g,G. プレゼント配り2,,Unknown,,,,pakencamp-2019-day3,,
AtCoder,pakencamp_2019_day3_h,H. パ研王国を守れ！,,Unknown,,,,pakencamp-2019-day3,,
AtCoder,pakencamp_2019_day4_a,A. 原稿用紙,,Unknown,,,,pakencamp-2019-day4,,
AtCoder,pakencamp_2019_day4_b,B. 情報の伝達,,Unknown,,,,pakencamp-2019-day4,,
AtCoder,pakencamp_2019_day4_c,C. 罰ゲーム,,Unknown,,,,pakencamp-2019-day4,,
AtCoder,pakencamp_2019_day4_d,D. リミックスジュース,,Unknown,,,,pakencamp-2019-day4,,
AtCoder,pakencamp_2019_day4_e,E. IOI のために,,Unknown,,,,pakencamp-2019-day4,,
AtCoder,pakencamp_2019_day4_f,F. イーハチはやる,,Unknown,,,,pakencamp-2019-day4,,
AtCoder,pakencamp_2019_day4_g,G. 三つの条件,,Unknown,,,,pakencamp-2019-day4,,
AtCoder,pakencamp_2019_day4_h,H. 板の重なり,,Unknown,,,,pakencamp-2019-day4,,
AtCoder,pakencamp_2020_day1_a,A. パ研合宿2020,,Unknown,,,,pakencamp-2020-day1,,
AtCoder,pakencamp_2020_day1_b,B. パ研合宿2403,,Unknown,,,,pakencamp-2020-day1,,
AtCoder,pakencamp_2020_day1_c,C. 皆勤賞,,Unknown,,,,pakencamp-2020-day1,,
AtCoder,pakencamp_2020_day1_d,D. 立方体を壊せ！,,Unknown,,,,pakencamp-2020-day1,,
AtCoder,pakencamp_2020_day1_e,E. Amary,,Unknown,,,,pakencamp-2020-day1,,
AtCoder,pakencamp_2020_day1_f,F. Fibonaccyan,,Unknown,,,,pakencamp-2020-day1,,
AtCoder,pakencamp_2020_day1_g,G. 同意書,,Unknown,,,,pakencamp-2020-day1,,
AtCoder,pakencamp_2020_day1_h,H. その計算、合ってますか？,,Unknown,,,,pakencamp-2020-day1,,
AtCoder,pakencamp_2020_day1_i,I. くねくね,,Unknown,,,,pakencamp-2020-day1,,
AtCoder,pakencamp_2020_day1_j,J. Output-only,,Unknown,,,,pakencamp-2020-day1,,
AtCoder,pakencamp_2020_day1_k,K. Gcd of Sum,,Unknown,,,,pakencamp-2020-day1,,
AtCoder,pakencamp_2020_day1_l,L. のびたす,,Unknown,,,,pakencamp-2020-day1,,
AtCoder,pakencamp_2020_day1_m,M. 貢ぎ物,,Unknown,,,,pakencamp-2020-day1,,
AtCoder,pakencamp_2020_day1_n,N. 背の順,,Unknown,,,,pakencamp-2020-day1,,
AtCoder,pakencamp_2020_day1_o,O. Xor Sum Sum,,Unknown,,,,pakencamp-2020-day1,,
AtCoder,pakencamp_2020_day2_a,A. Participants,,Unknown,,,,pakencamp-2020-day2,,
AtCoder,pakencamp_2020_day2_b,B. Walking,,Unknown,,,,pakencamp-2020-day2,,
AtCoder,pakencamp_2020_day2_c,C. A + B,,Unknown,,,,pakencamp-2020-day2,,
AtCoder,pakencamp_2020_day2_d,D. Animal Show,,Unknown,,,,pakencamp-2020-day2,,
AtCoder,pakencamp_2020_day2_e,E. 老朽化対策,,Unknown,,,,pakencamp-2020-day2,,
AtCoder,pakencamp_2020_day2_f,F. 来年も本選に20人送り込むので覚悟しておいてください,,Unknown,,,,pakencamp-2020-day2,,
AtCoder,pakencamp_2020_day2_g,G. 旅人計画問題,,Unknown,,,,pakencamp-2020-day2,,
AtCoder,pakencamp_2020_day2_h,H. 旅立ちの日に,,Unknown,,,,pakencamp-2020-day2,,
AtCoder,pakencamp_2021_day2_a,A. Participants 2,,Unknown,,,,pakencamp-2021-day2,,
AtCoder,pakencamp_2021_day2_b,B. Pasokon Power,,Unknown,,,,pakencamp-2021-day2,,
AtCoder,pakencamp_2021_day2_c,C. Participants 3,,Unknown,,,,pakencamp-2021-day2,,
AtCoder,pakencamp_2021_day2_d,D. 選択問題の正答はすべて同じ選択肢で…,,Unknown,,,,pakencamp-2021-day2,,
AtCoder,pakencamp_2021_day2_e,E. Banned Palindromes,,Unknown,,,,pakencamp-2021-day2,,
AtCoder,pakencamp_2021_day2_f,F. Fraction,,Unknown,,,,pakencamp-2021-day2,,
AtCoder,pakencamp_2021_day2_g,G. 進撃のパ研,,Unknown,,,,pakencamp-2021-day2,,
AtCoder,pakencamp_2021_day2_h,H. PuraPrime,,Unknown,,,,pakencamp-2021-day2,,
AtCoder,pakencamp_2021_day2_i,I. Multiple Swap,,Unknown,,,,pakencamp-2021-day2,,
AtCoder,pakencamp_2021_day2_j,J. Min-Max Sequence,,Unknown,,,,pakencamp-2021-day2,,
AtCoder,pakencamp_2021_day2_k,K. Bracket Inserting,,Unknown,,,,pakencamp-2021-day2,,
AtCoder,pakencamp_2021_day2_l,L. ジグザグ道,,Unknown,,,,pakencamp-2021-day2,,
AtCoder,pakencamp_2021_day2_m,M. Deque and Inversions,,Unknown,,,,pakencamp-2021-day2,,
AtCoder,pakencamp_2021_day2_n,N. Polynomial Comparison,,Unknown,,,,pakencamp-2021-day2,,
AtCoder,pakencamp_2021_day2_o,O. Golf,,Unknown,,,,pakencamp-2021-day2,,
AtCoder,pakencamp_2021_day2_p,P. A^k=k,,Unknown,,,,pakencamp-2021-day2,,
AtCoder,pakencamp_2021_day3_a,A. 出欠確認,,Unknown,,,,pakencamp-2021-day3,,
AtCoder,pakencamp_2021_day3_b,B. レートで2分割！,,Unknown,,,,pakencamp-2021-day3,,
AtCoder,pakencamp_2021_day3_c,C. Sum of Digit Sum,,Unknown,,,,pakencamp-2021-day3,,
AtCoder,pakencamp_2021_day3_d,D. 試験作り,,Unknown,,,,pakencamp-2021-day3,,
AtCoder,pakencamp_2021_day3_e,E. お菓子,,Unknown,,,,pakencamp-2021-day3,,
AtCoder,pakencamp_2021_day3_f,F. ワープ,,Unknown,,,,pakencamp-2021-day3,,
AtCoder,pakencamp_2021_day3_g,G. 旅人計画問題3,,Unknown,,,,pakencamp-2021-day3,,
AtCoder,pakencamp_2021_day3_h,H. パ研王国と貨物輸送,,Unknown,,,,pakencamp-2021-day3,,
AtCoder,pakencamp_2022_day1_a,A. Rook,,Unknown,,,,pakencamp-2022-day1,,
AtCoder,pakencamp_2022_day1_b,B. Power Strip,,Unknown,,,,pakencamp-2022-day1,,
AtCoder,pakencamp_2022_day1_c,C. Let's Make a Palindrome,,Unknown,,,,pakencamp-2022-day1,,
AtCoder,pakencamp_2022_day1_d,D. Social Distance 3,,Unknown,,,,pakencamp-2022-day1,,
AtCoder,pakencamp_2022_day1_e,E. Boombox,,Unknown,,,,pakencamp-2022-day1,,
AtCoder,pakencamp_2022_day1_f,F. Events Scheduling,,Unknown,,,,pakencamp-2022-day1,,
AtCoder,pakencamp_2022_day1_g,G. Ancestor Query,,Unknown,,,,pakencamp-2022-day1,,
AtCoder,pakencamp_2022_day1_h,H. Attack Survival ,,Unknown,,,,pakencamp-2022-day1,,
AtCoder,pakencamp_2022_day1_i,I. Forgotten Sequence,,Unknown,,,,pakencamp-2022-day1,,
AtCoder,pakencamp_2022_day1_j,J. An Unusual King in Paken Kingdom,,Unknown,,,,pakencamp-2022-day1,,
AtCoder,pakencamp_2022_day1_k,K. Beautifulness,,Unknown,,,,pakencamp-2022-day1,,
AtCoder,pakencamp_2022_day1_l,L. Mex on Blackboard 2,,Unknown,,,,pakencamp-2022-day1,,
AtCoder,pakencamp_2022_day1_m,M. 01 Tree,,Unknown,,,,pakencamp-2022-day1,,
AtCoder,pakencamp_2022_day1_n,N. Paken Machine,,Unknown,,,,pakencamp-2022-day1,,
AtCoder,pakencamp_2022_day1_o,O. Paken Land,,Unknown,,,,pakencamp-2022-day1,,
AtCoder,pakencamp_2022_day2_a,A. Venues,,Unknown,,,,pakencamp-2022-day2,,
AtCoder,pakencamp_2022_day2_b,B. Grades,,Unknown,,,,pakencamp-2022-day2,,
AtCoder,pakencamp_2022_day2_c,C. Collaboration,,Unknown,,,,pakencamp-2022-day2,,
AtCoder,pakencamp_2022_day2_d,D. Binary Strings,,Unknown,,,,pakencamp-2022-day2,,
AtCoder,pakencamp_2022_day2_e,E. Harmony,,Unknown,,,,pakencamp-2022-day2,,
AtCoder,pakencamp_2022_day2_f,F. Farthest,,Unknown,,,,pakencamp-2022-day2,,
AtCoder,pakencamp_2022_day2_g,G. Worst Town,,Unknown,,,,pakencamp-2022-day2,,
AtCoder,pakencamp_2022_day2_h,H. Habatu,,Unknown,,,,pakencamp-2022-day2,,
AtCoder,pakencamp_2022_day3_a,A. Moving Piece,,Unknown,,,,pakencamp-2022-day3,,
AtCoder,pakencamp_2022_day3_b,B. Chmax,,Unknown,,,,pakencamp-2022-day3,,
AtCoder,pakencamp_2022_day3_c,C. Permutation of Length 26,,Unknown,,,,pakencamp-2022-day3,,
AtCoder,pakencamp_2022_day3_d,D. Yet Another Balls and Boxes Problem,,Unknown,,,,pakencamp-2022-day3,,
AtCoder,pakencamp_2022_day3_e,E. Output-only,,Unknown,,,,pakencamp-2022-day3,,
AtCoder,pakencamp_2022_day3_f,F. Cycle and Xor,,Unknown,,,,pakencamp-2022-day3,,
AtCoder,pakencamp_2022_day3_g,G. 4x4,,Unknown,,,,pakencamp-2022-day3,,
AtCoder,pakencamp_2022_day3_h,H. Exactly K Square Numbers,,Unknown,,,,pakencamp-2022-day3,,
AtCoder,pakencamp_2022_day3_i,I. Prefix Or,,Unknown,,,,pakencamp-2022-day3,,
AtCoder,pakencamp_2022_day3_j,J. Balanced Permutation,,Unknown,,,,pakencamp-2022-day3,,
AtCoder,pakencamp_2022_day3_k,K. Inner Product,,Unknown,,,,pakencamp-2022-day3,,
AtCoder,pakencamp_2022_day3_l,L. X and Xor,,Unknown,,,,pakencamp-2022-day3,,
AtCoder,pakencamp_2023_day1_a,A. Kazuate Game,,Unknown,,,,pakencamp-2023-day1,,
AtCoder,pakencamp_2023_day1_b,B. Cutting Circle,,Unknown,,,,pakencamp-2023-day1,,
AtCoder,pakencamp_2023_day1_c,C. Infinity,,Unknown,,,,pakencamp-2023-day1,,
AtCoder,pakencamp_2023_day1_d,D. Bishop,,Unknown,,,,pakencamp-2023-day1,,
AtCoder,pakencamp_2023_day1_e,E. Thin Ice,,Unknown,,,,pakencamp-2023-day1,,
AtCoder,pakencamp_2023_day1_f,F. Mean Median Construction,,Unknown,,,,pakencamp-2023-day1,,
AtCoder,pakencamp_2023_day1_g,G. MST (Easy),,Unknown,,,,pakencamp-2023-day1,,
AtCoder,pakencamp_2023_day1_h,H. Winter Road,,Unknown,,,,pakencamp-2023-day1,,
AtCoder,pakencamp_2023_day1_i,I. Swap and Sort,,Unknown,,,,pakencamp-2023-day1,,
AtCoder,pakencamp_2023_day1_j,J. Wrapping,,Unknown,,,,pakencamp-2023-day1,,
AtCoder,pakencamp_2023_day1_k,K. Or Set,,Unknown,,,,pakencamp-2023-day1,,
AtCoder,pakencamp_2023_day1_l,L. Range Mex Sum Min,,Unknown,,,,pakencamp-2023-day1,,
AtCoder,pakencamp_2023_day1_m,M. + and Xor,,Unknown,,,,pakencamp-2023-day1,,
AtCoder,pakencamp_2023_day1_n,N. Chocolate Game,,Unknown,,,,pakencamp-2023-day1,,
AtCoder,pakencamp_2023_day1_o,O. Longest Bracket Subsequence,,Unknown,,,,pakencamp-2023-day1,,
AtCoder,pakencamp_2023_day1_p,P. MST (Hard),,Unknown,,,,pakencamp-2023-day1,,
AtCoder,pakencamp_2023_day2_a,A. SpeedRun,,Unknown,,,,pakencamp-2023-day2,,
AtCoder,pakencamp_2023_day2_b,B. Salesman X,,Unknown,,,,pakencamp-2023-day2,,
AtCoder,pakencamp_2023_day2_c,C. Arithmetic Progression and ...,,Unknown,,,,pakencamp-2023-day2,,
AtCoder,pakencamp_2023_day2_d,D. Many Dungeons,,Unknown,,,,pakencamp-2023-day2,,
AtCoder,pakencamp_2023_day2_e,E. Is Either 1?,,Unknown,,,,pakencamp-2023-day2,,
AtCoder,pakencamp_2023_day2_f,F. Make it incomplete,,Unknown,,,,pakencamp-2023-day2,,
AtCoder,pakencamp_2023_day2_g,G. Reducing x K,,Unknown,,,,pakencamp-2023-day2,,
AtCoder,pakencamp_2023_day2_h,H. Two PCities,,Unknown,,,,pakencamp-2023-day2,,
AtCoder,pakencamp_2023_day3_a,A. ABC,,Unknown,,,,pakencamp-2023-day3,,
AtCoder,pakencamp_2023_day3_b,B. AND,,Unknown,,,,pakencamp-2023-day3,,
AtCoder,pakencamp_2023_day3_c,C. DEC,,Unknown,,,,pakencamp-2023-day3,,
AtCoder,pakencamp_2023_day3_d,D. GCD,,Unknown,,,,pakencamp-2023-day3,,
AtCoder,pakencamp_2023_day3_e,E. MEX,,Unknown,,,,pakencamp-2023-day3,,
AtCoder,pakencamp_2023_day3_f,F. MEX2,,Unknown,,,,pakencamp-2023-day3,,
AtCoder,pakencamp_2023_day3_g,G. MOD,,Unknown,,,,pakencamp-2023-day3,,
AtCoder,pakencamp_2023_day3_h,H. ROT,,Unknown,,,,pakencamp-2023-day3,,
AtCoder,pakencamp_2023_day3_i,I. TREE,,Unknown,,,,pakencamp-2023-day3,,
AtCoder,pakencamp_2023_day3_j,J. XOR,,Unknown,,,,pakencamp-2023-day3,,
AtCoder,pakencamp_2024_day1_a,A. Ikaho,,Unknown,,,,pakencamp-2024-day1,,
AtCoder,pakencamp_2024_day1_b,B. Pakencamp,,Unknown,,,,pakencamp-2024-day1,,
AtCoder,pakencamp_2024_day1_c,C. One Half,,Unknown,,,,pakencamp-2024-day1,,
AtCoder,pakencamp_2024_day1_d,D. Coprime Shortest Path,,Unknown,,,,pakencamp-2024-day1,,
AtCoder,pakencamp_2024_day1_e,E. Goats,,Unknown,,,,pakencamp-2024-day1,,
AtCoder,pakencamp_2024_day1_f,F. Degree,,Unknown,,,,pakencamp-2024-day1,,
AtCoder,pakencamp_2024_day1_g,G. Sequence,,Unknown,,,,pakencamp-2024-day1,,
AtCoder,pakencamp_2024_day1_h,H. Buttons,,Unknown,,,,pakencamp-2024-day1,,
AtCoder,pakencamp_2024_day1_i,I. ×2±1,,Unknown,,,,pakencamp-2024-day1,,
AtCoder,pakencamp_2024_day1_j,J. Stamp,,Unknown,,,,pakencamp-2024-day1,,
AtCoder,pakencamp_2024_day1_k,K. Cube Construction,,Unknown,,,,pakencamp-2024-day1,,
AtCoder,pakencamp_2024_day1_l,L. Taxi of Paken Kingdom,,Unknown,,,,pakencamp-2024-day1,,
AtCoder,pakencamp_2024_day1_m,M. Strong String,,Unknown,,,,pakencamp-2024-day1,,
AtCoder,pakencamp_2024_day1_n,N. Go to School,,Unknown,,,,pakencamp-2024-day1,,
AtCoder,pakencamp_2024_day1_o,O. Triangle,,Unknown,,,,pakencamp-2024-day1,,
AtCoder,pakencamp_2024_day1_p,P. Bombard,,Unknown,,,,pakencamp-2024-day1,,
AtCoder,pakencamp_2024_day1_q,Q. Large Heap 2,,Unknown,,,,pakencamp-2024-day1,,
AtCoder,pakencamp_2024_day1_r,R. Maximum Water Flow,,Unknown,,,,pakencamp-2024-day1,,
AtCoder,pakencamp_2024_day2_a,A. An Easy Ranking Problem,,Unknown,,,,pakencamp-2024-day2,,
AtCoder,pakencamp_2024_day2_b,B. Biscuit and Ants,,Unknown,,,,pakencamp-2024-day2,,
AtCoder,pakencamp_2024_day2_c,C. Can Make Palindrome,,Unknown,,,,pakencamp-2024-day2,,
AtCoder,pakencamp_2024_day2_d,D. Double Mochi,,Unknown,,,,pakencamp-2024-day2,,
AtCoder,pakencamp_2024_day2_e,E. Excluded Children,,Unknown,,,,pakencamp-2024-day2,,
AtCoder,pakencamp_2024_day2_f,F. French Restaurant,,Unknown,,,,pakencamp-2024-day2,,
AtCoder,pakencamp_2024_day2_g,G. Greedy Robot,,Unknown,,,,pakencamp-2024-day2,,
AtCoder,pakencamp_2024_day2_h,H. Hold a Contest,,Unknown,,,,pakencamp-2024-day2,,
AtCoder,pakencamp_2024_day3_1_a,A. Many Many Shiomusubi,,Unknown,,,,pakencamp-2024-day3-1,,
AtCoder,pakencamp_2024_day3_1_b,B. Colourful Bottles,,Unknown,,,,pakencamp-2024-day3-2,,
AtCoder,pakencamp_2024_day3_1_c,C. GCD,,Unknown,,,,pakencamp-2024-day3-2,,
AtCoder,pakencamp_2024_day3_1_d,D. Convex,,Unknown,,,,pakencamp-2024-day3-1,,
AtCoder,pakencamp_2024_day3_1_e,E. Teamwork,,Unknown,,,,pakencamp-2024-day3-1,,
AtCoder,pakencamp_2024_day3_1_f,F. RGB Triangle,,Unknown,,,,pakencamp-2024-day3-2,,
AtCoder,pakencamp_2024_day3_1_g,G. Bracket Sequence Queries,,Unknown,,,,pakencamp-2024-day3-1,,
AtCoder,pakencamp_2024_day3_1_h,H. Big XOR Game,,Unknown,,,,pakencamp-2024-day3-2,,
AtCoder,pakencamp_2024_day3_1_i,I. Guess Sequence,,Unknown,,,,pakencamp-2024-day3-2,,
AtCoder,pakencamp_2024_day3_1_j,J. Adjacent Max,,Unknown,,,,pakencamp-2024-day3-1,,
AtCoder,pakencamp_2024_day3_1_k,K. 門松,,Unknown,,,,pakencamp-2024-day3-2,,
AtCoder,pakencamp_2024_day3_1_l,L. k!,,Unknown,,,,pakencamp-2024-day3-1,,
AtCoder,pakencamp_2024_day3_1_m,M. Two Permutations,,Unknown,,,,pakencamp-2024-day3-1,,
AtCoder,pakencamp_2024_day3_1_n,N. Increasing Path,,Unknown,,,,pakencamp-2024-day3-2,,
AtCoder,pakencamp_2024_day3_1_o,O. Prohibited Area,,Unknown,,,,pakencamp-2024-day3-1,,
AtCoder,pakencamp_2024_day3_2_a,A. Simple Card Game,,Unknown,,,,pakencamp-2024-day3-2,,
AtCoder,pakencamp_2024_day3_2_d,D. Equation,,Unknown,,,,pakencamp-2024-day3-2,,
AtCoder,pakencamp_2024_day3_2_e,E. Roller Coaster,,Unknown,,,,pakencamp-2024-day3-2,,
AtCoder,pakencamp_2024_day3_2_g,G. Bracket Sequence,,Unknown,,,,pakencamp-2024-day3-2,,
AtCoder,pakencamp_2024_day3_2_j,J. Maximum Product,,Unknown,,,,pakencamp-2024-day3-2,,
AtCoder,pakencamp_2024_day3_2_l,L. k^k,,Unknown,,,,pakencamp-2024-day3-2,,
AtCoder,pakencamp_2024_day3_2_m,M. Large Team,,Unknown,,,,pakencamp-2024-day3-2,,
AtCoder,pakencamp_2024_day3_2_o,O. GCD2,,Unknown,,,,pakencamp-2024-day3-2,,
AtCoder,pakencamp_2025_day1_a,A. Kamigo,,Unknown,,,,pakencamp-2025-day1,,
AtCoder,pakencamp_2025_day1_b,B. Keikyu Line,,Unknown,,,,pakencamp-2025-day1,,
AtCoder,pakencamp_2025_day1_c,C. 2nd Larger,,Unknown,,,,pakencamp-2025-day1,,
AtCoder,pakencamp_2025_day1_d,D. Kth abs min,,Unknown,,,,pakencamp-2025-day1,,
AtCoder,pakencamp_2025_day1_e,E. Starry Story String,,Unknown,,,,pakencamp-2025-day1,,
AtCoder,pakencamp_2025_day1_f,F. Increasing GCD,,Unknown,,,,pakencamp-2025-day1,,
AtCoder,pakencamp_2025_day1_g,G. Inclusive set,,Unknown,,,,pakencamp-2025-day1,,
AtCoder,pakencamp_2025_day1_h,H. Typical Piece Problem,,Unknown,,,,pakencamp-2025-day1,,
AtCoder,pakencamp_2025_day1_i,I. Dist Max,,Unknown,,,,pakencamp-2025-day1,,
AtCoder,pakencamp_2025_day1_j,J. Small Product,,Unknown,,,,pakencamp-2025-day1,,
AtCoder,pakencamp_2025_day1_k,K. Good Grid,,Unknown,,,,pakencamp-2025-day1,,
AtCoder,pakencamp_2025_day1_l,L. Typical Addition Problem,,Unknown,,,,pakencamp-2025-day1,,
AtCoder,pakencamp_2025_day1_m,M. Minimum Divisible Sequence,,Unknown,,,,pakencamp-2025-day1,,
AtCoder,pakencamp_2025_day1_n,N. Order of Linear,,Unknown,,,,pakencamp-2025-day1,,
AtCoder,pakencamp_2025_day1_o,O. Red and Blue Filling,,Unknown,,,,pakencamp-2025-day1,,
AtCoder,pakencamp_2025_day1_p,P. Champion,,Unknown,,,,pakencamp-2025-day1,,
AtCoder,pakencamp_2025_day1_q,Q. Reconstruct,,Unknown,,,,pakencamp-2025-day1,,
AtCoder,pakencamp_2025_day2_a,A. A Strange Ranking Problem,,Unknown,,,,pakencamp-2025-day2,,
AtCoder,pakencamp_2025_day2_b,B. Ants Sequence,,Unknown,,,,pakencamp-2025-day2,,
AtCoder,pakencamp_2025_day2_c,C. Pataro's Work,,Unknown,,,,pakencamp-2025-day2,,
AtCoder,pakencamp_2025_day2_d,D. Ice Melting,,Unknown,,,,pakencamp-2025-day2,,
AtCoder,pakencamp_2025_day2_e,E. Grand Paken,,Unknown,,,,pakencamp-2025-day2,,
AtCoder,pakencamp_2025_day2_f,F. Symmetry Point,,Unknown,,,,pakencamp-2025-day2,,
AtCoder,pakencamp_2025_day2_g,G. Supreme Dango Maker,,Unknown,,,,pakencamp-2025-day2,,
AtCoder,pakencamp_2025_day2_h,H. Sunk Islands,,Unknown,,,,pakencamp-2025-day2,,
AtCoder,pakencamp_2025_day3_a,A. 01 Matrix,,Unknown,,,,pakencamp-2025-day3,,
AtCoder,pakencamp_2025_day3_b,B. Birds-of-Paradise' Card Game,,Unknown,,,,pakencamp-2025-day3,,
AtCoder,pakencamp_2025_day3_c,C. Don't be Clockwise,,Unknown,,,,pakencamp-2025-day3,,
AtCoder,pakencamp_2025_day3_d,D. Except Ai,,Unknown,,,,pakencamp-2025-day3,,
AtCoder,pakencamp_2025_day3_e,E. Find ''rururutata'',,Unknown,,,,pakencamp-2025-day3,,
AtCoder,pakencamp_2025_day3_f,F. Increase Decrease,,Unknown,,,,pakencamp-2025-day3,,
AtCoder,pakencamp_2025_day3_g,G. Make T,,Unknown,,,,pakencamp-2025-day3,,
AtCoder,pakencamp_2025_day3_h,H. OR Preference,,Unknown,,,,pakencamp-2025-day3,,
AtCoder,pakencamp_2025_day3_i,I. Penguin Flicker,,Unknown,,,,pakencamp-2025-day3,,
AtCoder,pakencamp_2025_day3_j,J. Set Sequence,,Unknown,,,,pakencamp-2025-day3,,
AtCoder,pakencamp_2025_day3_k,K. Talk Event,,Unknown,,,,pakencamp-2025-day3,,
AtCoder,pakencamp_2025_day3_l,L. Unique Sheet,,Unknown,,,,pakencamp-2025-day3,,
AtCoder,pakencamp_2025_day3_m,M. Up-Down Sequence,,Unknown,,,,pakencamp-2025-day3,,
AtCoder,pakencamp_2025_day3_n,N. Complete Set,,Unknown,,,,pakencamp-2025-day3,,
AtCoder,pakencamp_2025_day3_o,O. Giraffe? Zebra?,,Unknown,,,,pakencamp-2025-day3,,
AtCoder,pakencamp_2025_day3_p,P. Simple Tree Paint Game,,Unknown,,,,pakencamp-2025-day3,,
AtCoder,pakencamp_2025_day3_q,Q. Thorny Path,,Unknown,,,,pakencamp-2025-day3,,
AtCoder,pakencamp_2025_day3_r,R. Subtree with Lower Limit,,Unknown,,,,pakencamp-2025-day3,,
AtCoder,panasonic2020_a,A. Kth Term,-888.0,Easy,,,,panasonic2020,5999.0,False
AtCoder,panasonic2020_b,B. Bishop,168.0,Easy,,,,panasonic2020,5999.0,False
AtCoder,panasonic2020_c,C. Sqrt Inequality,701.0,Easy,,,,panasonic2020,5999.0,False
AtCoder,panasonic2020_d,D. String Equivalence,1102.0,Medium,,,,panasonic2020,5999.0,False
AtCoder,panasonic2020_e,E. Three Substrings,2309.0,Hard,,,,panasonic2020,5999.0,False
AtCoder,panasonic2020_f,F. Fractal Shortest Path,2834.0,Hard,,,,panasonic2020,5999.0,False
AtCoder,past17_a,A. BMI,,Unknown,,,,past17-open,,
AtCoder,past17_b,B. フルコンボ,,Unknown,,,,past17-open,,
AtCoder,past17_c,C. 換金,,Unknown,,,,past17-open,,
AtCoder,past17_d,D. Webサービス,,Unknown,,,,past17-open,,
AtCoder,past17_e,E. 連長圧縮,,Unknown,,,,past17-open,,
AtCoder,past17_f,F. 構文木,,Unknown,,,,past17-open,,
AtCoder,past17_g,G. 蛇行する文字列,,Unknown,,,,past17-open,,
AtCoder,past17_h,H. 履修登録,,Unknown,,,,past17-open,,
AtCoder,past17_i,I. 部分列ペア,,Unknown,,,,past17-open,,
AtCoder,past17_j,J. カフェ,,Unknown,,,,past17-open,,
AtCoder,past17_k,K. 正しいチェックディジット,,Unknown,,,,past17-open,,
AtCoder,past17_l,L. 割引券,,Unknown,,,,past17-open,,
AtCoder,past17_m,M. 長方形,,Unknown,,,,past17-open,,
AtCoder,past17_n,N. ソフトウェアアップデート,,Unknown,,,,past17-open,,
AtCoder,past17_o,O. 整地クエリ,,Unknown,,,,past17-open,,
AtCoder,past18_a,A. 粗大ゴミ,,Unknown,,,,past18-open,,
AtCoder,past18_b,B. レーティング,,Unknown,,,,past18-open,,
AtCoder,past18_c,C. 信号,,Unknown,,,,past18-open,,
AtCoder,past18_d,D. 大乱闘,,Unknown,,,,past18-open,,
AtCoder,past18_e,E. 共通部分,,Unknown,,,,past18-open,,
AtCoder,past18_f,F. インタプリタをつくろう,,Unknown,,,,past18-open,,
AtCoder,past18_g,G. 二回の交換,,Unknown,,,,past18-open,,
AtCoder,past18_h,H. Cを探せ！,,Unknown,,,,past18-open,,
AtCoder,past18_i,I. 改行コード,,Unknown,,,,past18-open,,
AtCoder,past18_j,J. 反転ゲーム,,Unknown,,,,past18-open,,
AtCoder,past18_k,K. 2で割り切れる回数,,Unknown,,,,past18-open,,
AtCoder,past18_l,L. 書き換え,,Unknown,,,,past18-open,,
AtCoder,past18_m,M. グループ分け,,Unknown,,,,past18-open,,
AtCoder,past18_n,N. 平面徒競走,,Unknown,,,,past18-open,,
AtCoder,past18_o,O. 蟻の移動,,Unknown,,,,past18-open,,
AtCoder,past19_a,A. 毎時運行,,Unknown,,,,past19-open,,
AtCoder,past19_b,B. 入金と出金,,Unknown,,,,past19-open,,
AtCoder,past19_c,C. 良さそうな数,,Unknown,,,,past19-open,,
AtCoder,past19_d,D. コンテスト,,Unknown,,,,past19-open,,
AtCoder,past19_e,E. コメントの除去,,Unknown,,,,past19-open,,
AtCoder,past19_f,F. ドミノ倒し,,Unknown,,,,past19-open,,
AtCoder,past19_g,G. 結合律,,Unknown,,,,past19-open,,
AtCoder,past19_h,H. 加算と乗算,,Unknown,,,,past19-open,,
AtCoder,past19_i,I. 道の沈没,,Unknown,,,,past19-open,,
AtCoder,past19_j,J. 3 人組,,Unknown,,,,past19-open,,
AtCoder,past19_k,K. 隣接禁止,,Unknown,,,,past19-open,,
AtCoder,past19_l,L. 最長のジグザグ,,Unknown,,,,past19-open,,
AtCoder,past19_m,M. DAG ゲーム,,Unknown,,,,past19-open,,
AtCoder,past19_n,N. 有限べき級数,,Unknown,,,,past19-open,,
AtCoder,past19_o,O. 15パズル,,Unknown,,,,past19-open,,
AtCoder,past201912_a,A. Is It a Number?,,Unknown,,,,past201912-open,,
AtCoder,past201912_b,B. Up and Down,,Unknown,,,,past201912-open,,
AtCoder,past201912_c,C. The Third,,Unknown,,,,past201912-open,,
AtCoder,past201912_d,D. Duplicated?,,Unknown,,,,past201912-open,,
AtCoder,past201912_e,E. Restore,,Unknown,,,,past201912-open,,
AtCoder,past201912_f,F. DoubleCamelCase Sort,,Unknown,,,,past201912-open,,
AtCoder,past201912_g,G. Division,,Unknown,,,,past201912-open,,
AtCoder,past201912_h,H. Bulk Selling,,Unknown,,,,past201912-open,,
AtCoder,past201912_i,I. Procurement,,Unknown,,,,past201912-open,,
AtCoder,past201912_j,J. Leveling,,Unknown,,,,past201912-open,,
AtCoder,past201912_k,K. Conglomerate,,Unknown,,,,past201912-open,,
AtCoder,past201912_l,L. Gradation,,Unknown,,,,past201912-open,,
AtCoder,past201912_m,M. Auto Choice,,Unknown,,,,past201912-open,,
AtCoder,past201912_n,N. Land Clearing,,Unknown,,,,past201912-open,,
AtCoder,past201912_o,O. Endurance,,Unknown,,,,past201912-open,,
AtCoder,past202004_a,A. Elevator,,Unknown,,,,past202004-open,,
AtCoder,past202004_b,B. Plurality Voting,,Unknown,,,,past202004-open,,
AtCoder,past202004_c,C. Landslide,,Unknown,,,,past202004-open,,
AtCoder,past202004_d,D. String Match,,Unknown,,,,past202004-open,,
AtCoder,past202004_e,E. Permutation,,Unknown,,,,past202004-open,,
AtCoder,past202004_f,F. Tasking,,Unknown,,,,past202004-open,,
AtCoder,past202004_g,G. String Query,,Unknown,,,,past202004-open,,
AtCoder,past202004_h,H. 1-9 Grid,,Unknown,,,,past202004-open,,
AtCoder,past202004_i,I. Elimination,,Unknown,,,,past202004-open,,
AtCoder,past202004_j,J. Parse,,Unknown,,,,past202004-open,,
AtCoder,past202004_k,K. Parentheses,,Unknown,,,,past202004-open,,
AtCoder,past202004_l,L. Lexicographically Minimum,,Unknown,,,,past202004-open,,
AtCoder,past202004_m,M. Cafeteria,,Unknown,,,,past202004-open,,
AtCoder,past202004_n,N. Building Construction,,Unknown,,,,past202004-open,,
AtCoder,past202004_o,O. Variable Spanning Trees,,Unknown,,,,past202004-open,,
AtCoder,past202005_a,A. Case Sensitive,,Unknown,,,,past202005-open,,
AtCoder,past202005_b,B. Dynamic Scoring,,Unknown,,,,past202005-open,,
AtCoder,past202005_c,C. Geometric Progression,,Unknown,,,,past202005-open,,
AtCoder,past202005_d,D. Digital Display,,Unknown,,,,past202005-open,,
AtCoder,past202005_e,E. Sprinklers,,Unknown,,,,past202005-open,,
AtCoder,past202005_f,F. Palindromic Matrix,,Unknown,,,,past202005-open,,
AtCoder,past202005_g,G. Gold General Goes on the Grid,,Unknown,,,,past202005-open,,
AtCoder,past202005_h,H. Hurdling,,Unknown,,,,past202005-open,,
AtCoder,past202005_i,I. Matrix Operations,,Unknown,,,,past202005-open,,
AtCoder,past202005_j,J. Sushi-go-round,,Unknown,,,,past202005-open,,
AtCoder,past202005_k,K. Moving Containers,,Unknown,,,,past202005-open,,
AtCoder,past202005_l,L. Supamarket,,Unknown,,,,past202005-open,,
AtCoder,past202005_m,M. Real Traveling Salesman,,Unknown,,,,past202005-open,,
AtCoder,past202005_n,N. Swap and Sort,,Unknown,,,,past202005-open,,
AtCoder,past202005_o,O. Quoits,,Unknown,,,,past202005-open,,
AtCoder,past202010_a,A. 中央値,,Unknown,,,,past202010-open,,
AtCoder,past202010_b,B. 電卓,,Unknown,,,,past202010-open,,
AtCoder,past202010_c,C. 隣接カウント,,Unknown,,,,past202010-open,,
AtCoder,past202010_d,D. 分身,,Unknown,,,,past202010-open,,
AtCoder,past202010_e,E. アナグラム,,Unknown,,,,past202010-open,,
AtCoder,past202010_f,F. 構文解析,,Unknown,,,,past202010-open,,
AtCoder,past202010_g,G. 村整備,,Unknown,,,,past202010-open,,
AtCoder,past202010_h,H. マス目のカット,,Unknown,,,,past202010-open,,
AtCoder,past202010_i,I. ピザ,,Unknown,,,,past202010-open,,
AtCoder,past202010_j,J. ワープ,,Unknown,,,,past202010-open,,
AtCoder,past202010_k,K. 転倒数,,Unknown,,,,past202010-open,,
AtCoder,past202010_l,L. マンションの改築,,Unknown,,,,past202010-open,,
AtCoder,past202010_m,M. 筆塗り,,Unknown,,,,past202010-open,,
AtCoder,past202010_n,N. マス目の穴埋め,,Unknown,,,,past202010-open,,
AtCoder,past202010_o,O. 宝箱,,Unknown,,,,past202010-open,,
AtCoder,past202012_a,A. OX Game,,Unknown,,,,past202012-open,,
AtCoder,past202012_b,B. Overwrite,,Unknown,,,,past202012-open,,
AtCoder,past202012_c,C. Hexatridecimal,,Unknown,,,,past202012-open,,
AtCoder,past202012_d,D. Leading Zeros,,Unknown,,,,past202012-open,,
AtCoder,past202012_e,E. Stamp,,Unknown,,,,past202012-open,,
AtCoder,past202012_f,F. Dangerous Chemicals,,Unknown,,,,past202012-open,,
AtCoder,past202012_g,G. Snake,,Unknown,,,,past202012-open,,
AtCoder,past202012_h,H. Conveyor,,Unknown,,,,past202012-open,,
AtCoder,past202012_i,I. Evacuation Plan,,Unknown,,,,past202012-open,,
AtCoder,past202012_j,J. Long Long String,,Unknown,,,,past202012-open,,
AtCoder,past202012_k,K. Pitching,,Unknown,,,,past202012-open,,
AtCoder,past202012_l,L. Collecting T,,Unknown,,,,past202012-open,,
AtCoder,past202012_m,M. Shipping Sticks,,Unknown,,,,past202012-open,,
AtCoder,past202012_n,N. Travel Agency,,Unknown,,,,past202012-open,,
AtCoder,past202012_o,O. Notification,,Unknown,,,,past202012-open,,
AtCoder,past202104_a,A. POSTal Code,,Unknown,,,,past202104-open,,
AtCoder,past202104_b,B. PASTal Code,,Unknown,,,,past202104-open,,
AtCoder,past202104_c,C. Buying a Cellphone,,Unknown,,,,past202104-open,,
AtCoder,past202104_d,D. K Integers Summations,,Unknown,,,,past202104-open,,
AtCoder,past202104_e,E. Third from Front,,Unknown,,,,past202104-open,,
AtCoder,past202104_f,F. Safety System,,Unknown,,,,past202104-open,,
AtCoder,past202104_g,G. One Step at a Time,,Unknown,,,,past202104-open,,
AtCoder,past202104_h,H. Can Can Mart,,Unknown,,,,past202104-open,,
AtCoder,past202104_i,I. PAST to Fishing,,Unknown,,,,past202104-open,,
AtCoder,past202104_j,J. Points to Cost,,Unknown,,,,past202104-open,,
AtCoder,past202104_k,K. Common Coupon,,Unknown,,,,past202104-open,,
AtCoder,past202104_l,L. Urban Planning,,Unknown,,,,past202104-open,,
AtCoder,past202104_m,M. Equal Queries,,Unknown,,,,past202104-open,,
AtCoder,past202104_n,N. Activities,,Unknown,,,,past202104-open,,
AtCoder,past202104_o,O. Shortest Distance Query,,Unknown,,,,past202104-open,,
AtCoder,past202107_a,A. check digit,,Unknown,,,,past202107-open,,
AtCoder,past202107_b,B. Vapor Pressure,,Unknown,,,,past202107-open,,
AtCoder,past202107_c,C. Validation,,Unknown,,,,past202107-open,,
AtCoder,past202107_d,D. Replace,,Unknown,,,,past202107-open,,
AtCoder,past202107_e,E. Aoki's Trick,,Unknown,,,,past202107-open,,
AtCoder,past202107_f,F. Double Booking,,Unknown,,,,past202107-open,,
AtCoder,past202107_g,G. Power Expression,,Unknown,,,,past202107-open,,
AtCoder,past202107_h,H. Line Chart,,Unknown,,,,past202107-open,,
AtCoder,past202107_i,I. Nevus,,Unknown,,,,past202107-open,,
AtCoder,past202107_j,J. Never Ending Journey,,Unknown,,,,past202107-open,,
AtCoder,past202107_k,K. Flying Trip,,Unknown,,,,past202107-open,,
AtCoder,past202107_l,L. Multiple Min Query,,Unknown,,,,past202107-open,,
AtCoder,past202107_m,M. Divide,,Unknown,,,,past202107-open,,
AtCoder,past202107_n,N. Monochrome Design,,Unknown,,,,past202107-open,,
AtCoder,past202107_o,O. Computer,,Unknown,,,,past202107-open,,
AtCoder,past202109_a,A. Bubbler,,Unknown,,,,past202109-open,,
AtCoder,past202109_b,B. intersection,,Unknown,,,,past202109-open,,
AtCoder,past202109_c,C. Number of Apperance,,Unknown,,,,past202109-open,,
AtCoder,past202109_d,D. Divisor,,Unknown,,,,past202109-open,,
AtCoder,past202109_e,E. Colorful T-Shirts,,Unknown,,,,past202109-open,,
AtCoder,past202109_f,F. Incomplete Permutation,,Unknown,,,,past202109-open,,
AtCoder,past202109_g,G. K-th element,,Unknown,,,,past202109-open,,
AtCoder,past202109_h,H. Shortest Path,,Unknown,,,,past202109-open,,
AtCoder,past202109_i,I. /2 and *3,,Unknown,,,,past202109-open,,
AtCoder,past202109_j,J. Reverse Array,,Unknown,,,,past202109-open,,
AtCoder,past202109_k,K. Happy Wedding!,,Unknown,,,,past202109-open,,
AtCoder,past202109_l,L. K-th Abs,,Unknown,,,,past202109-open,,
AtCoder,past202109_m,M. Balance,,Unknown,,,,past202109-open,,
AtCoder,past202109_n,N. Zigzag Sequences,,Unknown,,,,past202109-open,,
AtCoder,past202109_o,O. Red Blue Tournament,,Unknown,,,,past202109-open,,
AtCoder,past202112_a,A. Attractions,,Unknown,,,,past202112-open,,
AtCoder,past202112_b,B. Perforated Coin,,Unknown,,,,past202112-open,,
AtCoder,past202112_c,C. Fastest Answer,,Unknown,,,,past202112-open,,
AtCoder,past202112_d,D. Examination,,Unknown,,,,past202112-open,,
AtCoder,past202112_e,E. Keyboard,,Unknown,,,,past202112-open,,
AtCoder,past202112_f,F. Like As Shogi,,Unknown,,,,past202112-open,,
AtCoder,past202112_g,G. Connectivity,,Unknown,,,,past202112-open,,
AtCoder,past202112_h,H. Longest Non-common Subsequence,,Unknown,,,,past202112-open,,
AtCoder,past202112_i,I. Direct Elevator,,Unknown,,,,past202112-open,,
AtCoder,past202112_j,J. Rotate and Reverse,,Unknown,,,,past202112-open,,
AtCoder,past202112_k,K. Gas Station,,Unknown,,,,past202112-open,,
AtCoder,past202112_l,L. Honest students,,Unknown,,,,past202112-open,,
AtCoder,past202112_m,M. Deadnames,,Unknown,,,,past202112-open,,
AtCoder,past202112_n,N. Intersection,,Unknown,,,,past202112-open,,
AtCoder,past202112_o,O. Pair Score,,Unknown,,,,past202112-open,,
AtCoder,past202203_a,A. Three cards,,Unknown,,,,past202203-open,,
AtCoder,past202203_b,B. Flowers,,Unknown,,,,past202203-open,,
AtCoder,past202203_c,C. Go Further,,Unknown,,,,past202203-open,,
AtCoder,past202203_d,D. High Score,,Unknown,,,,past202203-open,,
AtCoder,past202203_e,E. Only 2 kinds,,Unknown,,,,past202203-open,,
AtCoder,past202203_f,F. Coloring map,,Unknown,,,,past202203-open,,
AtCoder,past202203_g,G. Equations,,Unknown,,,,past202203-open,,
AtCoder,past202203_h,H. Connected Components,,Unknown,,,,past202203-open,,
AtCoder,past202203_i,I. Symmetric Transformation,,Unknown,,,,past202203-open,,
AtCoder,past202203_j,J. Expected Range,,Unknown,,,,past202203-open,,
AtCoder,past202203_k,K. Planning,,Unknown,,,,past202203-open,,
AtCoder,past202203_l,L. N mod M,,Unknown,,,,past202203-open,,
AtCoder,past202203_m,M. Ranking,,Unknown,,,,past202203-open,,
AtCoder,past202203_n,N. 40B of calculations,,Unknown,,,,past202203-open,,
AtCoder,past202203_o,O. 3-Permutation,,Unknown,,,,past202203-open,,
AtCoder,past202206_a,A. The Tortoise and the Hare,,Unknown,,,,past202206-open,,
AtCoder,past202206_b,B. Two Letters,,Unknown,,,,past202206-open,,
AtCoder,past202206_c,C. Order,,Unknown,,,,past202206-open,,
AtCoder,past202206_d,D. Similar Strings,,Unknown,,,,past202206-open,,
AtCoder,past202206_e,E. Strange Sequence,,Unknown,,,,past202206-open,,
AtCoder,past202206_f,F. Gun Shooting,,Unknown,,,,past202206-open,,
AtCoder,past202206_g,G. Is it a tree?,,Unknown,,,,past202206-open,,
AtCoder,past202206_h,H. Two Knapsacks,,Unknown,,,,past202206-open,,
AtCoder,past202206_i,I. Clean up,,Unknown,,,,past202206-open,,
AtCoder,past202206_j,J. Holidays,,Unknown,,,,past202206-open,,
AtCoder,past202206_k,K. Subsequence,,Unknown,,,,past202206-open,,
AtCoder,past202206_l,L. Almost LCS,,Unknown,,,,past202206-open,,
AtCoder,past202206_m,M. Reversal,,Unknown,,,,past202206-open,,
AtCoder,past202206_n,N. Building Plan,,Unknown,,,,past202206-open,,
AtCoder,past202206_o,O. Area Queries,,Unknown,,,,past202206-open,,
AtCoder,past202209_a,A. Trafic Light,,Unknown,,,,past202209-open,,
AtCoder,past202209_b,B. Credits,,Unknown,,,,past202209-open,,
AtCoder,past202209_c,C. Biased Dice,,Unknown,,,,past202209-open,,
AtCoder,past202209_d,D. Marking,,Unknown,,,,past202209-open,,
AtCoder,past202209_e,E. Hitting Stick Game,,Unknown,,,,past202209-open,,
AtCoder,past202209_f,F. Pharmacist,,Unknown,,,,past202209-open,,
AtCoder,past202209_g,G. Wildcards,,Unknown,,,,past202209-open,,
AtCoder,past202209_h,H. Three Types of Coins,,Unknown,,,,past202209-open,,
AtCoder,past202209_i,I. Buying Apple Everyday,,Unknown,,,,past202209-open,,
AtCoder,past202209_j,J. Sprinkler,,Unknown,,,,past202209-open,,
AtCoder,past202209_k,K. Checking Connectivity,,Unknown,,,,past202209-open,,
AtCoder,past202209_l,L. Exhibition,,Unknown,,,,past202209-open,,
AtCoder,past202209_m,M. series,,Unknown,,,,past202209-open,,
AtCoder,past202209_n,N. From Above and From the Side,,Unknown,,,,past202209-open,,
AtCoder,past202209_o,O. Pick Two Numbers,,Unknown,,,,past202209-open,,
AtCoder,past202212_a,A. Tokens,,Unknown,,,,past202212-open,,
AtCoder,past202212_b,B. Fractional Comparison,,Unknown,,,,past202212-open,,
AtCoder,past202212_c,C. Triplet Product,,Unknown,,,,past202212-open,,
AtCoder,past202212_d,D. Bozu Mekuri,,Unknown,,,,past202212-open,,
AtCoder,past202212_e,E. Parentheses,,Unknown,,,,past202212-open,,
AtCoder,past202212_f,F. Average Ranking,,Unknown,,,,past202212-open,,
AtCoder,past202212_g,G. Range Sum,,Unknown,,,,past202212-open,,
AtCoder,past202212_h,H. Digit Diff  Sum,,Unknown,,,,past202212-open,,
AtCoder,past202212_i,I. Order of Height,,Unknown,,,,past202212-open,,
AtCoder,past202212_j,J. Crossing,,Unknown,,,,past202212-open,,
AtCoder,past202212_k,K. Buy an Integer,,Unknown,,,,past202212-open,,
AtCoder,past202212_l,L. Segments,,Unknown,,,,past202212-open,,
AtCoder,past202212_m,M. Tree and Intervals,,Unknown,,,,past202212-open,,
AtCoder,past202212_n,N. Sequence and Function,,Unknown,,,,past202212-open,,
AtCoder,past202212_o,O. Shift and Shift,,Unknown,,,,past202212-open,,
AtCoder,past202303_a,A. シンプル石取りゲーム,,Unknown,,,,past202303-open,,
AtCoder,past202303_b,B. 小数点第 D 位,,Unknown,,,,past202303-open,,
AtCoder,past202303_c,C. 逆順列,,Unknown,,,,past202303-open,,
AtCoder,past202303_d,D. シューティング,,Unknown,,,,past202303-open,,
AtCoder,past202303_e,E. 図形のシャッフル,,Unknown,,,,past202303-open,,
AtCoder,past202303_f,F. 集合の問題,,Unknown,,,,past202303-open,,
AtCoder,past202303_g,G. 隣り合うマス,,Unknown,,,,past202303-open,,
AtCoder,past202303_h,H. 3 枚階段,,Unknown,,,,past202303-open,,
AtCoder,past202303_i,I. 簡易オマハポーカー,,Unknown,,,,past202303-open,,
AtCoder,past202303_j,J. 図形のシフト,,Unknown,,,,past202303-open,,
AtCoder,past202303_k,K. 金貨と袋のゲーム,,Unknown,,,,past202303-open,,
AtCoder,past202303_l,L. 順位表,,Unknown,,,,past202303-open,,
AtCoder,past202303_m,M. お片付け,,Unknown,,,,past202303-open,,
AtCoder,past202303_n,N. ゴミ出し,,Unknown,,,,past202303-open,,
AtCoder,past202303_o,O. 区間ソートクエリ,,Unknown,,,,past202303-open,,
AtCoder,past202306_a,A. ペナルティ,,Unknown,,,,past15-open,,
AtCoder,past202306_b,B. 殿堂入り,,Unknown,,,,past15-open,,
AtCoder,past202306_c,C. 円の描画,,Unknown,,,,past15-open,,
AtCoder,past202306_d,D. レコーダー,,Unknown,,,,past15-open,,
AtCoder,past202306_e,E. 合計得点,,Unknown,,,,past15-open,,
AtCoder,past202306_f,F. 番号付け,,Unknown,,,,past15-open,,
AtCoder,past202306_g,G. N-SAT,,Unknown,,,,past15-open,,
AtCoder,past202306_h,H. 和で表現,,Unknown,,,,past15-open,,
AtCoder,past202306_i,I. 最大公約数の最大値,,Unknown,,,,past15-open,,
AtCoder,past202306_j,J. 忍者,,Unknown,,,,past15-open,,
AtCoder,past202306_k,K. 入れ替えてソート,,Unknown,,,,past15-open,,
AtCoder,past202306_l,L. ビット行列,,Unknown,,,,past15-open,,
AtCoder,past202306_m,M. 点の距離,,Unknown,,,,past15-open,,
AtCoder,past202306_n,N. 度数分布,,Unknown,,,,past15-open,,
AtCoder,past202306_o,O. 数列と素数,,Unknown,,,,past15-open,,
AtCoder,past202309_a,A. ツバメ,,Unknown,,,,past16-open,,
AtCoder,past202309_b,B. スロット,,Unknown,,,,past16-open,,
AtCoder,past202309_c,C. コンテスト,,Unknown,,,,past16-open,,
AtCoder,past202309_d,D. 相対評価のスコア,,Unknown,,,,past16-open,,
AtCoder,past202309_e,E. 10 の n 乗,,Unknown,,,,past16-open,,
AtCoder,past202309_f,F. 式の評価,,Unknown,,,,past16-open,,
AtCoder,past202309_g,G. N個の三角形,,Unknown,,,,past16-open,,
AtCoder,past202309_h,H. 休暇,,Unknown,,,,past16-open,,
AtCoder,past202309_i,I. アメ,,Unknown,,,,past16-open,,
AtCoder,past202309_j,J. 除夜の鐘,,Unknown,,,,past16-open,,
AtCoder,past202309_k,K. マス目,,Unknown,,,,past16-open,,
AtCoder,past202309_l,L. 平均クエリ,,Unknown,,,,past16-open,,
AtCoder,past202309_m,M. 線分の交差判定,,Unknown,,,,past16-open,,
AtCoder,past202309_n,N. ソートと関数,,Unknown,,,,past16-open,,
AtCoder,past202309_o,O. 数列の足し算,,Unknown,,,,past16-open,,
AtCoder,past20_a,A. ドルと円の比較,,Unknown,,,,past20-open,,
AtCoder,past20_b,B. 電車の乗り換え,,Unknown,,,,past20-open,,
AtCoder,past20_c,C. XX反転,,Unknown,,,,past20-open,,
AtCoder,past20_d,D. 回転した v,,Unknown,,,,past20-open,,
AtCoder,past20_e,E. リンゴ集め,,Unknown,,,,past20-open,,
AtCoder,past20_f,F. 試験の結果,,Unknown,,,,past20-open,,
AtCoder,past20_g,G. ご飯とパン,,Unknown,,,,past20-open,,
AtCoder,past20_h,H. 温度管理,,Unknown,,,,past20-open,,
AtCoder,past20_i,I. 入れ替えパズル,,Unknown,,,,past20-open,,
AtCoder,past20_j,J. グリッドの禁止パターン,,Unknown,,,,past20-open,,
AtCoder,past20_k,K. 良いグリッド,,Unknown,,,,past20-open,,
AtCoder,past20_l,L. 直径のペア,,Unknown,,,,past20-open,,
AtCoder,past20_m,M. 結合の中央値,,Unknown,,,,past20-open,,
AtCoder,past20_n,N. パワーアップ,,Unknown,,,,past20-open,,
AtCoder,past20_o,O. 超過クエリ,,Unknown,,,,past20-open,,
AtCoder,past21_a,A. Clock,,Unknown,,,,past21-open,,
AtCoder,past21_b,B. Separation,,Unknown,,,,past21-open,,
AtCoder,past21_c,C. Spring Thief,,Unknown,,,,past21-open,,
AtCoder,past21_d,D. Remove Duplicated,,Unknown,,,,past21-open,,
AtCoder,past21_e,E. Broken Computer,,Unknown,,,,past21-open,,
AtCoder,past21_f,F. Maximum Concatenation,,Unknown,,,,past21-open,,
AtCoder,past21_g,G. Car Safety,,Unknown,,,,past21-open,,
AtCoder,past21_h,H. Cleaning Service,,Unknown,,,,past21-open,,
AtCoder,past21_i,I. Find Permutations,,Unknown,,,,past21-open,,
AtCoder,past21_j,J. Turn Right,,Unknown,,,,past21-open,,
AtCoder,past21_k,K. Strange Equation,,Unknown,,,,past21-open,,
AtCoder,past21_l,L. Power Station,,Unknown,,,,past21-open,,
AtCoder,past21_m,M. Difference Restricted Sequence,,Unknown,,,,past21-open,,
AtCoder,past21_n,N. Maximum Subarray Sum,,Unknown,,,,past21-open,,
AtCoder,past21_o,O. Manhattan Rope,,Unknown,,,,past21-open,,
AtCoder,past22_a,A. Orange,,Unknown,,,,past22-open,,
AtCoder,past22_b,B. Southern Island,,Unknown,,,,past22-open,,
AtCoder,past22_c,C. AEIOU,,Unknown,,,,past22-open,,
AtCoder,past22_d,D. S+ring Cards,,Unknown,,,,past22-open,,
AtCoder,past22_e,E. Piano,,Unknown,,,,past22-open,,
AtCoder,past22_f,F. Subsequence,,Unknown,,,,past22-open,,
AtCoder,past22_g,G. Level Up,,Unknown,,,,past22-open,,
AtCoder,past22_h,H. Bus Line,,Unknown,,,,past22-open,,
AtCoder,past22_i,I. Big X,,Unknown,,,,past22-open,,
AtCoder,past22_j,J. XOR of XOR,,Unknown,,,,past22-open,,
AtCoder,past22_k,K. Otemae,,Unknown,,,,past22-open,,
AtCoder,past22_l,L. Deterministic League,,Unknown,,,,past22-open,,
AtCoder,past22_m,M. Inversion Number of Large Sequence,,Unknown,,,,past22-open,,
AtCoder,past22_n,N. Shortest Container,,Unknown,,,,past22-open,,
AtCoder,past22_o,O. Maximum Range Sum,,Unknown,,,,past22-open,,
AtCoder,past23_a,A. Thoughtful Shopping,,Unknown,,,,past23-open,,
AtCoder,past23_b,B. Before After,,Unknown,,,,past23-open,,
AtCoder,past23_c,C. Postponement of meetings,,Unknown,,,,past23-open,,
AtCoder,past23_d,D. Character Adjacent,,Unknown,,,,past23-open,,
AtCoder,past23_e,E. Sort Fractions,,Unknown,,,,past23-open,,
AtCoder,past23_f,F. Love Triangle,,Unknown,,,,past23-open,,
AtCoder,past23_g,G. Long Sum,,Unknown,,,,past23-open,,
AtCoder,past23_h,H. Sandwich triplet,,Unknown,,,,past23-open,,
AtCoder,past23_i,I. Num of Unique Characters,,Unknown,,,,past23-open,,
AtCoder,past23_j,J. Office,,Unknown,,,,past23-open,,
AtCoder,past23_k,K. Most Frequent Character Query,,Unknown,,,,past23-open,,
AtCoder,past23_l,L. Sushi-Go-Round,,Unknown,,,,past23-open,,
AtCoder,past23_m,M. Boost Takahashi,,Unknown,,,,past23-open,,
AtCoder,past23_n,N. Sorting Substrings,,Unknown,,,,past23-open,,
AtCoder,past23_o,O. Grid Maximize,,Unknown,,,,past23-open,,
AtCoder,practice2_a,A. Disjoint Set Union,,Unknown,,,,practice2,,
AtCoder,practice2_b,B. Fenwick Tree,,Unknown,,,,practice2,,
AtCoder,practice2_c,C. Floor Sum,,Unknown,,,,practice2,,
AtCoder,practice2_d,D. Maxflow,,Unknown,,,,practice2,,
AtCoder,practice2_e,E. MinCostFlow,,Unknown,,,,practice2,,
AtCoder,practice2_f,F. Convolution,,Unknown,,,,practice2,,
AtCoder,practice2_g,G. SCC,,Unknown,,,,practice2,,
AtCoder,practice2_h,H. Two SAT,,Unknown,,,,practice2,,
AtCoder,practice2_i,I. Number of Substrings,,Unknown,,,,practice2,,
AtCoder,practice2_j,J. Segment Tree,,Unknown,,,,practice2,,
AtCoder,practice2_k,K. Range Affine Range Sum,,Unknown,,,,practice2,,
AtCoder,practice2_l,L. Lazy Segment Tree,,Unknown,,,,practice2,,
AtCoder,practice_1,A. Welcome to AtCoder,,Unknown,,,,practice,,
AtCoder,practice_2,B. Interactive Sorting,,Unknown,,,,practice,,
AtCoder,qupc2014_a,A. 成績判定,,Unknown,,,,qupc2014,,
AtCoder,qupc2014_b,B. 元素の系統名,,Unknown,,,,qupc2014,,
AtCoder,qupc2014_c,C. 案内所,,Unknown,,,,qupc2014,,
AtCoder,qupc2014_d,D. 切符分割,,Unknown,,,,qupc2014,,
AtCoder,qupc2014_e,E. 捕獲,,Unknown,,,,qupc2014,,
AtCoder,qupc2014_f,F. 設備移転,,Unknown,,,,qupc2014,,
AtCoder,qupc2014_g,G. 立ち入り禁止区域,,Unknown,,,,qupc2014,,
AtCoder,qupc2014_h,H. お風呂は気持ちいい,,Unknown,,,,qupc2014,,
AtCoder,qupc2018_a,A. QUPC,,Unknown,,,,qupc2018,,
AtCoder,qupc2018_b,B. Tapu & Tapi,,Unknown,,,,qupc2018,,
AtCoder,qupc2018_c,C. Ito Campus,,Unknown,,,,qupc2018,,
AtCoder,qupc2018_d,D. Novelist,,Unknown,,,,qupc2018,,
AtCoder,qupc2018_e,E. Treeone,,Unknown,,,,qupc2018,,
AtCoder,qupc2018_f,F. Team Making,,Unknown,,,,qupc2018,,
AtCoder,qupc2018_g,G. Tapu & Tapi 2,,Unknown,,,,qupc2018,,
AtCoder,qupc2018_h,H. ukuku,,Unknown,,,,qupc2018,,
AtCoder,qupc2018_i,I. Buffalo,,Unknown,,,,qupc2018,,
AtCoder,qupc2018_j,J. Repeat Strings,,Unknown,,,,qupc2018,,
AtCoder,rcl_contest_2020_final_a,A. ハイパー覆面すごろく,,Unknown,,,,rcl-contest-2020-final,,
AtCoder,rcl_contest_2020_final_b,B. ハイパーお掃除ロボット,,Unknown,,,,rcl-contest-2020-final,,
AtCoder,rcl_contest_2020_qual_a,A. ゲーマーXとモノス大会,,Unknown,,,,rcl-contest-2020-qual,,
AtCoder,rcl_contest_2020_qual_b,B. イラストレーターXと不思議なペン,,Unknown,,,,rcl-contest-2020-qual,,
AtCoder,rcl_contest_2021_a,A. 魔法使いXの戦い,,Unknown,,,,rcl-contest-2021,,
AtCoder,rcl_contest_2021_b,B. マッサージチェア2021,,Unknown,,,,rcl-contest-2021,,
AtCoder,rcl_contest_2021_long_a,A. Farm King X,3195.0,Hard,,,,rcl-contest-2021-long,407.0,False
AtCoder,rco_contest_2017_final_a,A. 石油王Xの憂鬱,,Unknown,,,,rco-contest-2017-final,,
AtCoder,rco_contest_2017_final_b,B. 日本橋大渋滞,,Unknown,,,,rco-contest-2017-final,,
AtCoder,rco_contest_2017_qual_a,A. Multiple Pieces,,Unknown,,,,rco-contest-2017-qual,,
AtCoder,rco_contest_2017_qual_b,B. Food Collector,,Unknown,,,,rco-contest-2017-qual,,
AtCoder,rco_contest_2018_final_a,A. ぐるぐる庭園,,Unknown,,,,rco-contest-2018-final,,
AtCoder,rco_contest_2018_final_b,B. くるくる寿司,,Unknown,,,,rco-contest-2018-final,,
AtCoder,rco_contest_2018_qual_a,A. ゲーム実況者Xの挑戦,,Unknown,,,,rco-contest-2018-qual,,
AtCoder,rco_contest_2018_qual_b,B. ゲーム実況者Xのデフラグ,,Unknown,,,,rco-contest-2018-qual,,
AtCoder,rco_contest_2019_final_a,A. めくってそろえる,,Unknown,,,,rco-contest-2019-final,,
AtCoder,rco_contest_2019_final_b,B. まわしてそろえる,,Unknown,,,,rco-contest-2019-final,,
AtCoder,rco_contest_2019_qual_a,A. ツーリストXの旅行計画,,Unknown,,,,rco-contest-2019-qual,,
AtCoder,rco_contest_2019_qual_b,B. ファーマーXの収穫計画,,Unknown,,,,rco-contest-2019-qual,,
AtCoder,recruite_2013_pre_a,A. ババ抜き,,Unknown,,,,Recruit-Programing-contest-practice,,
AtCoder,recruite_2013_pre_b,B. ブロック並べ,,Unknown,,,,Recruit-Programing-contest-practice,,
AtCoder,relay2018_a,A. カレンダー,,Unknown,,,,cf18-relay-open,,
AtCoder,relay2018_b,B. ロボット,,Unknown,,,,cf18-relay-open,,
AtCoder,relay2018_c,C. 積まれた本,,Unknown,,,,cf18-relay-open,,
AtCoder,relay2018_d,D. 数直線,,Unknown,,,,cf18-relay-open,,
AtCoder,relay2018_e,E. 狼と狐,,Unknown,,,,cf18-relay-open,,
AtCoder,relay2018_f,F. バス旅行,,Unknown,,,,cf18-relay-open,,
AtCoder,relay2018_g,G. バス停と凸包,,Unknown,,,,cf18-relay-open,,
AtCoder,relay2018_h,H. 最悪のバス停決定戦,,Unknown,,,,cf18-relay-open,,
AtCoder,relay2018_i,I. 一円を笑う者は一円に泣く,,Unknown,,,,cf18-relay-open,,
AtCoder,relay2018_j,J. 健康診断,,Unknown,,,,cf18-relay-open,,
AtCoder,relay2_a,A. Kaiden,,Unknown,,,,cf17-relay-open,,
AtCoder,relay2_b,B. Evergrowing Tree,,Unknown,,,,cf17-relay-open,,
AtCoder,relay2_c,C. Garden,,Unknown,,,,cf17-relay-open,,
AtCoder,relay2_d,D. Shock,,Unknown,,,,cf17-relay-open,,
AtCoder,relay2_e,E. White and Blue,,Unknown,,,,cf17-relay-open,,
AtCoder,relay2_f,F. Capture,,Unknown,,,,cf17-relay-open,,
AtCoder,relay2_g,G. Coinage,,Unknown,,,,cf17-relay-open,,
AtCoder,relay2_h,H. Akashic Records,,Unknown,,,,cf17-relay-open,,
AtCoder,relay2_i,I. Nice to Meet You,,Unknown,,,,cf17-relay-open,,
AtCoder,relay2_j,J. Indifferent,,Unknown,,,,cf17-relay-open,,
AtCoder,relay_a,A. Equivalent Resistance,,Unknown,,,,cf16-relay-open,,
AtCoder,relay_b,B. Mirror String,,Unknown,,,,cf16-relay-open,,
AtCoder,relay_c,C. Kode Festival,,Unknown,,,,cf16-relay-open,,
AtCoder,relay_d,D. Magic Square 2,,Unknown,,,,cf16-relay-open,,
AtCoder,relay_e,E. Segment on Grid Paper,,Unknown,,,,cf16-relay-open,,
AtCoder,relay_f,F. Trichotomy,,Unknown,,,,cf16-relay-open,,
AtCoder,relay_g,G. Magician,,Unknown,,,,cf16-relay-open,,
AtCoder,relay_h,H. Early Bird,,Unknown,,,,cf16-relay-open,,
AtCoder,relay_i,I. 3y3s Challenge,,Unknown,,,,cf16-relay-open,,
AtCoder,relay_j,J. Connected Checkerboard,,Unknown,,,,cf16-relay-open,,
AtCoder,relay_k,K. Problem on Tree,,Unknown,,,,cf16-relay-open,,
AtCoder,s8pc_1_a,A. E869120列車 (E869120 Trains),,Unknown,,,,s8pc-1,,
AtCoder,s8pc_1_b,B. ケーキ・カッティング (Cake Cutting),,Unknown,,,,s8pc-1,,
AtCoder,s8pc_1_c,C. お金の街 (The Money Town),,Unknown,,,,s8pc-1,,
AtCoder,s8pc_1_d,D. square1001の通学経路 (square1001's School Road),,Unknown,,,,s8pc-1,,
AtCoder,s8pc_1_e,E. 散歩 (E869120 and Path Length),,Unknown,,,,s8pc-1,,
AtCoder,s8pc_1_f,F. square1001の好きな回文数 (square1001's Favorite Palindrome),,Unknown,,,,s8pc-1,,
AtCoder,s8pc_1_g,G. Revenge of Traveling Salesman Problem,,Unknown,,,,s8pc-1,,
AtCoder,s8pc_1_h,H. 3人の昼食 (The Lunch),,Unknown,,,,s8pc-1,,
AtCoder,s8pc_2_a,A. IOI列車で行こう2,,Unknown,,,,s8pc-2,,
AtCoder,s8pc_2_b,B. Division 2,,Unknown,,,,s8pc-2,,
AtCoder,s8pc_2_c,C. 何通りの分割方法がある？,,Unknown,,,,s8pc-2,,
AtCoder,s8pc_2_d,D. 2016,,Unknown,,,,s8pc-2,,
AtCoder,s8pc_2_e,E. 部分文字列,,Unknown,,,,s8pc-2,,
AtCoder,s8pc_2_f,F. Range Sum Queries,,Unknown,,,,s8pc-2,,
AtCoder,s8pc_2_g,G. 道とN個のAtCoder社,,Unknown,,,,s8pc-2,,
AtCoder,s8pc_2_h,H. Counting 1's,,Unknown,,,,s8pc-2,,
AtCoder,s8pc_3_a,A. Calendar,,Unknown,,,,s8pc-3,,
AtCoder,s8pc_3_b,B. Falling Stone Game,,Unknown,,,,s8pc-3,,
AtCoder,s8pc_3_c,C. Solving XOR-Puzzles,,Unknown,,,,s8pc-3,,
AtCoder,s8pc_3_d,D. Souvenirs,,Unknown,,,,s8pc-3,,
AtCoder,s8pc_3_e,E. Circle and Many Triangles,,Unknown,,,,s8pc-3,,
AtCoder,s8pc_3_f,F. Sushi,,Unknown,,,,s8pc-3,,
AtCoder,s8pc_3_g,G. Sum of Fibonacci Sequence,,Unknown,,,,s8pc-3,,
AtCoder,s8pc_3_h,H. Bombs Searching Game,,Unknown,,,,s8pc-3,,
AtCoder,s8pc_4_a,A. Atcoder Handles,,Unknown,,,,s8pc-4,,
AtCoder,s8pc_4_b,B. Buildings are Colorful!,,Unknown,,,,s8pc-4,,
AtCoder,s8pc_4_c,C. Calendar 2,,Unknown,,,,s8pc-4,,
AtCoder,s8pc_4_d,D. Driving on a Tree,,Unknown,,,,s8pc-4,,
AtCoder,s8pc_4_e,E. Enormous Atcoder Railroad,,Unknown,,,,s8pc-4,,
AtCoder,s8pc_4_f,F. Find the Route!,,Unknown,,,,s8pc-4,,
AtCoder,s8pc_4_g,G. Get the Salary of Atcoder,,Unknown,,,,s8pc-4,,
AtCoder,s8pc_4_h,H. Huge Kingdom: Atcoder,,Unknown,,,,s8pc-4,,
AtCoder,s8pc_5_a,A. Sushi 2,,Unknown,,,,s8pc-5,,
AtCoder,s8pc_5_b,B. Emblem,,Unknown,,,,s8pc-5,,
AtCoder,s8pc_5_c,C. Two Parentheses ,,Unknown,,,,s8pc-5,,
AtCoder,s8pc_5_d,D. Battle with E869120!,,Unknown,,,,s8pc-5,,
AtCoder,s8pc_5_e,E. Broken Skateboard,,Unknown,,,,s8pc-5,,
AtCoder,s8pc_5_f,F. Lunch Menu,,Unknown,,,,s8pc-5,,
AtCoder,s8pc_5_g,G. Snake Escaping 2,,Unknown,,,,s8pc-5,,
AtCoder,s8pc_5_h,H. Percepts of Atcoder,,Unknown,,,,s8pc-5,,
AtCoder,s8pc_5_i,I. Collecting Gems is Fun,,Unknown,,,,s8pc-5,,
AtCoder,s8pc_6_a,"A. E869120, who Leaps through Time",,Unknown,,,,s8pc-6,,
AtCoder,s8pc_6_b,B. AtCoder Market,,Unknown,,,,s8pc-6,,
AtCoder,s8pc_6_c,C. Infinite Grid,,Unknown,,,,s8pc-6,,
AtCoder,s8pc_6_d,D. Snowballs,,Unknown,,,,s8pc-6,,
AtCoder,s8pc_6_e,E. 90-degree Rotations,,Unknown,,,,s8pc-6,,
AtCoder,s8pc_6_f,F. Random Shuffles,,Unknown,,,,s8pc-6,,
AtCoder,s8pc_6_g,G. Medals,,Unknown,,,,s8pc-6,,
AtCoder,s8pc_6_h,H. Percepts of AtCoder 2,,Unknown,,,,s8pc-6,,
AtCoder,s8pc_6_i,I. Garden 2,,Unknown,,,,s8pc-6,,
AtCoder,scpc2026_div1_a,A. CUBRID HA Load Balance,,Unknown,,,,scpc2026-div1,,
AtCoder,scpc2026_div1_b,B. Sushisushi Ruins,,Unknown,,,,scpc2026-div1,,
AtCoder,scpc2026_div1_c,C. SCSC Magical Garden,,Unknown,,,,scpc2026-div1,,
AtCoder,scpc2026_div1_d,D. Mobilint Tensor Scheduling (ARIES),,Unknown,,,,scpc2026-div1,,
AtCoder,scpc2026_div1_e,E. I Wanna be The Prism,,Unknown,,,,scpc2026-div1,,
AtCoder,scpc2026_div1_f,F. Connecting Chips,,Unknown,,,,scpc2026-div1,,
AtCoder,scpc2026_div1_g,G. 오fill,,Unknown,,,,scpc2026-div1,,
AtCoder,scpc2026_div1_h,H. SCSC Card Game,,Unknown,,,,scpc2026-div1,,
AtCoder,scpc2026_div1_i,"I. Tree, Game, and Query",,Unknown,,,,scpc2026-div1,,
AtCoder,scpc2026_div1_j,J. ChannelTalk Workflow ,,Unknown,,,,scpc2026-div1,,
AtCoder,scpc2026_div1_k,K. Storing Roll Cake,,Unknown,,,,scpc2026-div1,,
AtCoder,scpc2026_div1_l,"L. Lulu, the Magician",,Unknown,,,,scpc2026-div1,,
AtCoder,scpc2026_div2_a,A. Mobilint Tensor Scheduling (REGULUS),,Unknown,,,,scpc2026-div2,,
AtCoder,scpc2026_div2_b,B. SCSC Card Game,,Unknown,,,,scpc2026-div2,,
AtCoder,scpc2026_div2_c,C. Rearrangement,,Unknown,,,,scpc2026-div2,,
AtCoder,scpc2026_div2_d,D. Coloring,,Unknown,,,,scpc2026-div2,,
AtCoder,scpc2026_div2_e,E. Opening Magical Box,,Unknown,,,,scpc2026-div2,,
AtCoder,scpc2026_div2_f,F. The Kth Smallest Number,,Unknown,,,,scpc2026-div2,,
AtCoder,scpc2026_div2_g,G. SCSC Game,,Unknown,,,,scpc2026-div2,,
AtCoder,scpc2026_div2_h,H. CUBRID HA Load Balance,,Unknown,,,,scpc2026-div2,,
AtCoder,scpc2026_div2_i,I. Sum and Difference,,Unknown,,,,scpc2026-div2,,
AtCoder,scpc2026_div2_j,J. DETOX,,Unknown,,,,scpc2026-div2,,
AtCoder,scpc2026_div2_k,K. Cosmic Playground,,Unknown,,,,scpc2026-div2,,
AtCoder,scpc2026_div2_l,L. ChannelTalk Workflow,,Unknown,,,,scpc2026-div2,,
AtCoder,scpc2026_div3_a,A. Find the Missing Letter,,Unknown,,,,scpc2026-div3,,
AtCoder,scpc2026_div3_b,B. Mobilint Tensor Scheduling (REGULUS),,Unknown,,,,scpc2026-div3,,
AtCoder,scpc2026_div3_c,C. The Kth Smallest Number,,Unknown,,,,scpc2026-div3,,
AtCoder,scpc2026_div3_d,D. Sushisushi Conveyor Belt Sushi Restaurant,,Unknown,,,,scpc2026-div3,,
AtCoder,scpc2026_div3_e,E. DETOX,,Unknown,,,,scpc2026-div3,,
AtCoder,scpc2026_div3_f,F. SQL,,Unknown,,,,scpc2026-div3,,
AtCoder,scpc2026_div3_g,G. SCSC Game,,Unknown,,,,scpc2026-div3,,
AtCoder,scpc2026_div3_h,H. Cramming,,Unknown,,,,scpc2026-div3,,
AtCoder,scpc2026_div3_i,I. CUBRID HA Load Balance,,Unknown,,,,scpc2026-div3,,
AtCoder,scpc2026_div3_j,J. ChannelTalk Workflow,,Unknown,,,,scpc2026-div3,,
AtCoder,snuke21_a,A. Candles,,Unknown,,,,snuke21,,
AtCoder,snuke21_b,B. Snuke,,Unknown,,,,snuke21,,
AtCoder,snuke21_c,C. Supermarket,,Unknown,,,,snuke21,,
AtCoder,snuke21_d,D. Subsequence,,Unknown,,,,snuke21,,
AtCoder,snuke21_e,E. Tournament,,Unknown,,,,snuke21,,
AtCoder,snuke21_f,F. Lake,,Unknown,,,,snuke21,,
AtCoder,snuke21_g,G. Medals,,Unknown,,,,snuke21,,
AtCoder,snuke21_h,H. Snuke Density,,Unknown,,,,snuke21,,
AtCoder,snuke21_i,I. Convex Polygon,,Unknown,,,,snuke21,,
AtCoder,snuke21_j,J. Drink Bar,,Unknown,,,,snuke21,,
AtCoder,soundhound2018_a,A. SoundHound,,Unknown,,,,soundhound2018,,
AtCoder,soundhound2018_b,B. 音量,,Unknown,,,,soundhound2018,,
AtCoder,soundhound2018_c,C. 広告,,Unknown,,,,soundhound2018,,
AtCoder,soundhound2018_d,D. 建物,,Unknown,,,,soundhound2018,,
AtCoder,soundhound2018_e,E. カッコ列,,Unknown,,,,soundhound2018,,
AtCoder,soundhound2018_summer_final_a,A. Feel the  Beat,,Unknown,,,,soundhound2018-summer-final,,
AtCoder,soundhound2018_summer_final_b,B. Neutralize,,Unknown,,,,soundhound2018-summer-final,,
AtCoder,soundhound2018_summer_final_c,C. Not Too Close,,Unknown,,,,soundhound2018-summer-final,,
AtCoder,soundhound2018_summer_final_d,D. Propagating Edges,,Unknown,,,,soundhound2018-summer-final,,
AtCoder,soundhound2018_summer_final_e,E. Hash Swapping,,Unknown,,,,soundhound2018-summer-final,,
AtCoder,soundhound2018_summer_qual_a,A. F,-545.0,Easy,,,,soundhound2018-summer-qual,1721.0,False
AtCoder,soundhound2018_summer_qual_b,B. Acrostic,-115.0,Easy,,,,soundhound2018-summer-qual,1721.0,False
AtCoder,soundhound2018_summer_qual_c,C. Ordinary Beauty,1225.0,Medium,,,,soundhound2018-summer-qual,1721.0,False
AtCoder,soundhound2018_summer_qual_d,D. Saving Snuuk,1637.0,Medium,,,,soundhound2018-summer-qual,1721.0,False
AtCoder,soundhound2018_summer_qual_e,E. + Graph,2164.0,Hard,,,,soundhound2018-summer-qual,1721.0,False
AtCoder,stage0_2021_a,A. Patrolling,,Unknown,,,,stage0-2021,,
AtCoder,stpc2025_1_a,A. Depth of Interval,,Unknown,,,,stpc2025_1,,
AtCoder,stpc2025_1_b,B. Increasing Swaps,,Unknown,,,,stpc2025_1,,
AtCoder,stpc2025_1_c,C. Sum of Three Inversions,,Unknown,,,,stpc2025_2,,
AtCoder,stpc2025_1_d,D. Grid Path Tree,,Unknown,,,,stpc2025_1,,
AtCoder,stpc2025_1_e,E. Max Twice Subsequences,,Unknown,,,,stpc2025_1,,
AtCoder,stpc2025_1_f,F. Decimal Pyramid,,Unknown,,,,stpc2025_2,,
AtCoder,stpc2025_1_g,G. Don't make zero,,Unknown,,,,stpc2025_1,,
AtCoder,stpc2025_1_h,H. Akari Counting,,Unknown,,,,stpc2025_2,,
AtCoder,stpc2025_1_i,I. Subgrid Connected Components,,Unknown,,,,stpc2025_2,,
AtCoder,stpc2025_1_j,J. Divide Polygon,,Unknown,,,,stpc2025_1,,
AtCoder,stpc2025_1_k,K. Two-Way Communication,,Unknown,,,,stpc2025_2,,
AtCoder,stpc2025_1_l,L. Colorful Quadrilateral,,Unknown,,,,stpc2025_1,,
AtCoder,stpc2025_1_m,M. Many Approaches,,Unknown,,,,stpc2025_1,,
AtCoder,stpc2025_2_a,A. Various Roots,,Unknown,,,,stpc2025_2,,
AtCoder,stpc2025_2_b,B. Heavy Rotation,,Unknown,,,,stpc2025_2,,
AtCoder,stpc2025_2_d,D. Boomerang,,Unknown,,,,stpc2025_2,,
AtCoder,stpc2025_2_e,E. Max Twice Subsequences (Easy),,Unknown,,,,stpc2025_2,,
AtCoder,stpc2025_2_g,G. Team Division,,Unknown,,,,stpc2025_2,,
AtCoder,stpc2025_2_j,J. KinGin's Summit,,Unknown,,,,stpc2025_2,,
AtCoder,stpc2025_2_l,L. Avoid Multiple,,Unknown,,,,stpc2025_2,,
AtCoder,stpc2025_2_m,M. Take K,,Unknown,,,,stpc2025_2,,
AtCoder,stpc2025_2_n,N. Fair Flags,,Unknown,,,,stpc2025_2,,
AtCoder,stpc2025_2_o,O. Next STPC,,Unknown,,,,stpc2025_2,,
AtCoder,sumitb2019_a,A. November 30,-768.0,Easy,,,,sumitrust2019,3700.0,False
AtCoder,sumitb2019_b,B. Tax Rate,-139.0,Easy,,,,sumitrust2019,3700.0,False
AtCoder,sumitb2019_c,C. 100 to 105,216.0,Easy,,,,sumitrust2019,3700.0,False
AtCoder,sumitb2019_d,D. Lucky PIN,838.0,Medium,,,,sumitrust2019,3700.0,False
AtCoder,sumitb2019_e,E. Colorful Hats 2,1176.0,Medium,,,,sumitrust2019,3700.0,False
AtCoder,sumitb2019_f,F. Interval Running,1526.0,Medium,,,,sumitrust2019,3700.0,False
AtCoder,summerfes2018_a,A. 夏祭り会議 (Summer Festival Meeting),,Unknown,,,,summerfes2018-div2,,
AtCoder,summerfes2018_b,B. 太鼓の名人 (Taiko Expert),,Unknown,,,,summerfes2018-div2,,
AtCoder,summerfes2018_c,C. 整数占い (Uranai Integer),,Unknown,,,,summerfes2018-div2,,
AtCoder,summerfes2018_d,D. 木からパスへ (Tree--->path),,Unknown,,,,summerfes2018-div1,,
AtCoder,summerfes2018_e,E. 石積み (Pyramid Piling),,Unknown,,,,summerfes2018-div1,,
AtCoder,summerfes2018_f,F. 冪冪ゲーム (Powerful Fever!),,Unknown,,,,summerfes2018-div1,,
AtCoder,summerfes2018_g,G. 屋台衝突 (Food Stall Collision),,Unknown,,,,summerfes2018-div1,,
AtCoder,summerfes2018_h,H. 圧縮おみくじ (Compressed Omikuji),,Unknown,,,,summerfes2018-div1,,
AtCoder,summerfes2018_i,I. うっかり者のニム (Careless Nim),,Unknown,,,,summerfes2018-div1,,
AtCoder,summerfes2018_j,J. 楽しい結界作り (Making Barriers Is Fun),,Unknown,,,,summerfes2018-div1,,
AtCoder,tdpc_ball,J. ボール,,Unknown,,,,tdpc,,
AtCoder,tdpc_cat,L. 猫,,Unknown,,,,tdpc,,
AtCoder,tdpc_concatenation,Q. 連結,,Unknown,,,,tdpc,,
AtCoder,tdpc_contest,A. コンテスト,,Unknown,,,,tdpc,,
AtCoder,tdpc_dice,D. サイコロ,,Unknown,,,,tdpc,,
AtCoder,tdpc_eel,P. うなぎ,,Unknown,,,,tdpc,,
AtCoder,tdpc_fibonacci,T. フィボナッチ,,Unknown,,,,tdpc,,
AtCoder,tdpc_game,B. ゲーム,,Unknown,,,,tdpc,,
AtCoder,tdpc_graph,R. グラフ,,Unknown,,,,tdpc,,
AtCoder,tdpc_grid,S. マス目,,Unknown,,,,tdpc,,
AtCoder,tdpc_house,M. 家,,Unknown,,,,tdpc,,
AtCoder,tdpc_iwi,I. イウィ,,Unknown,,,,tdpc,,
AtCoder,tdpc_knapsack,H. ナップザック,,Unknown,,,,tdpc,,
AtCoder,tdpc_lexicographical,G. 辞書順,,Unknown,,,,tdpc,,
AtCoder,tdpc_number,E. 数,,Unknown,,,,tdpc,,
AtCoder,tdpc_semiexp,F. 準急,,Unknown,,,,tdpc,,
AtCoder,tdpc_string,O. 文字列,,Unknown,,,,tdpc,,
AtCoder,tdpc_target,K. ターゲット,,Unknown,,,,tdpc,,
AtCoder,tdpc_tournament,C. トーナメント,,Unknown,,,,tdpc,,
AtCoder,tdpc_tree,N. 木,,Unknown,,,,tdpc,,
AtCoder,tenka1_2012_10,B. ロイヤルストレートフラッシュ,1080.0,Medium,,,,tenka1-2012-qualC,148.0,True
AtCoder,tenka1_2012_11,C. 席替え,,Unknown,,,,tenka1-2012-qualC,,True
AtCoder,tenka1_2012_12,D. ゆうびんやさんのお花畑,3066.0,Hard,,,,tenka1-2012-qualC,148.0,True
AtCoder,tenka1_2012_5,A. 孫子算経,-126.0,Easy,,,,tenka1-2012-qualB,141.0,True
AtCoder,tenka1_2012_6,B. camel_case,1526.0,Medium,,,,tenka1-2012-qualB,141.0,True
AtCoder,tenka1_2012_7,C. 席が足りない,1936.0,Medium,,,,tenka1-2012-qualB,141.0,True
AtCoder,tenka1_2012_8,D. 大爆発,2830.0,Hard,,,,tenka1-2012-qualB,141.0,True
AtCoder,tenka1_2012_9,A. 与えられた数より小さい素数の個数について,369.0,Easy,,,,tenka1-2012-qualC,148.0,True
AtCoder,tenka1_2012_final_a,A. ぶんたん,,Unknown,,,,tenka1-2012-final,,True
AtCoder,tenka1_2012_final_b,B. よんてん,,Unknown,,,,tenka1-2012-final,,True
AtCoder,tenka1_2012_final_c,C. Code Art Online,,Unknown,,,,tenka1-2012-final,,True
AtCoder,tenka1_2012_final_d,D. さんかく,,Unknown,,,,tenka1-2012-final,,True
AtCoder,tenka1_2012_final_e,E. GO!GO! サイコロ線路,,Unknown,,,,tenka1-2012-final,,True
AtCoder,tenka1_2012_qualA_1,A. 算盤の書,8.0,Easy,,,,tenka1-2012-qualA,178.0,True
AtCoder,tenka1_2012_qualA_2,B. 分類たん,414.0,Easy,,,,tenka1-2012-qualA,178.0,True
AtCoder,tenka1_2012_qualA_3,C. 敵対的引用,1996.0,Medium,,,,tenka1-2012-qualA,178.0,True
AtCoder,tenka1_2012_qualA_4,D. アリの巣,3239.0,Hard,,,,tenka1-2012-qualA,178.0,True
AtCoder,tenka1_2013_final_a,A. 天下一有無,,Unknown,,,,tenka1-2013-final,,True
AtCoder,tenka1_2013_final_b,B. 天下一マジック,,Unknown,,,,tenka1-2013-final,,True
AtCoder,tenka1_2013_final_c,C. 天下一ジグソーパズルみたび,,Unknown,,,,tenka1-2013-final,,True
AtCoder,tenka1_2013_final_d,D. 天下一ボディービルコンテスト,,Unknown,,,,tenka1-2013-final,,True
AtCoder,tenka1_2013_final_e,E. 天下一折れ線遊戯,,Unknown,,,,tenka1-2013-final,,True
AtCoder,tenka1_2013_qualA_a,A. 天下一株式会社採用情報,-399.0,Easy,,,,tenka1-2013-quala,252.0,True
AtCoder,tenka1_2013_qualA_b,B. 天下一難易度設定,223.0,Easy,,,,tenka1-2013-quala,252.0,True
AtCoder,tenka1_2013_qualA_c,C. 天下一二三パズル,1988.0,Medium,,,,tenka1-2013-quala,252.0,True
AtCoder,tenka1_2013_qualA_d,D. 天下一展開,2507.0,Hard,,,,tenka1-2013-quala,252.0,True
AtCoder,tenka1_2013_qualA_e,E. 天下一ジグソーパズル,2800.0,Hard,,,,tenka1-2013-quala,252.0,True
AtCoder,tenka1_2013_qualB_a,A. 天下一人力比較,147.0,Easy,,,,tenka1-2013-qualb,185.0,True
AtCoder,tenka1_2013_qualB_b,B. 天下一後入れ先出しデータ構造,1286.0,Medium,,,,tenka1-2013-qualb,185.0,True
AtCoder,tenka1_2013_qualB_c,C. 天下一ジグソーパズルふたたび,2613.0,Hard,,,,tenka1-2013-qualb,185.0,True
AtCoder,tenka1_2013_qualB_d,D. 天下一二三パズル リベンジ,3182.0,Hard,,,,tenka1-2013-qualb,185.0,True
AtCoder,tenka1_2013_qualB_e,E. 天下一最短路コンテスト,2217.0,Hard,,,,tenka1-2013-qualb,185.0,True
AtCoder,tenka1_2014_final_a,A. 塙さん,,Unknown,,,,tenka1-2014-final-open,,True
AtCoder,tenka1_2014_final_b,B. 天体位置観測,,Unknown,,,,tenka1-2014-final-open,,True
AtCoder,tenka1_2014_final_c,C. シークエンサー,,Unknown,,,,tenka1-2014-final-open,,True
AtCoder,tenka1_2014_final_d,D. 高橋君,,Unknown,,,,tenka1-2014-final-open,,True
AtCoder,tenka1_2014_final_e,E. 田端でバタバタ,,Unknown,,,,tenka1-2014-final-open,,True
AtCoder,tenka1_2014_qualA_a,A. 天下一序数,344.0,Easy,,,,tenka1-2014-quala,373.0,True
AtCoder,tenka1_2014_qualA_b,B. かぶりん！,1576.0,Medium,,,,tenka1-2014-quala,373.0,True
AtCoder,tenka1_2014_qualA_c,C. 天下一文字列集合,2024.0,Hard,,,,tenka1-2014-quala,373.0,True
AtCoder,tenka1_2014_qualA_d,D.  EMLauncher,2341.0,Hard,,,,tenka1-2014-quala,373.0,True
AtCoder,tenka1_2014_qualA_e,E. パズルの移動,2750.0,Hard,,,,tenka1-2014-quala,373.0,True
AtCoder,tenka1_2014_qualB_a,A. HAGIXILE,-3.0,Easy,,,,tenka1-2014-qualb,290.0,True
AtCoder,tenka1_2014_qualB_b,B. エターナルスタティックファイナル ,1258.0,Medium,,,,tenka1-2014-qualb,290.0,True
AtCoder,tenka1_2014_qualB_c,C. 天下一王国の歴史,2065.0,Hard,,,,tenka1-2014-qualb,290.0,True
AtCoder,tenka1_2014_qualB_d,D. 天下一芸術,2572.0,Hard,,,,tenka1-2014-qualb,290.0,True
AtCoder,tenka1_2014_qualB_e,E. カラオケランキング,3284.0,Hard,,,,tenka1-2014-qualb,290.0,True
AtCoder,tenka1_2015_final_a,A. A 問題,,Unknown,,,,tenka1-2015-final,,True
AtCoder,tenka1_2015_final_b,B. B 問題,,Unknown,,,,tenka1-2015-final,,True
AtCoder,tenka1_2015_final_c,C. 天下一不正,,Unknown,,,,tenka1-2015-final,,True
AtCoder,tenka1_2015_final_d,D. ほぼピタゴラスの三角形,,Unknown,,,,tenka1-2015-final,,True
AtCoder,tenka1_2015_final_e,E. 天下一コップ,,Unknown,,,,tenka1-2015-final,,True
AtCoder,tenka1_2015_final_f,F. 根付き木のみさわさん,,Unknown,,,,tenka1-2015-final,,True
AtCoder,tenka1_2015_final_g,G. 天下一ゲーム,,Unknown,,,,tenka1-2015-final,,True
AtCoder,tenka1_2015_qualA_a,A. 展開図プログラマーコンテスト,488.0,Easy,,,,tenka1-2015-quala,345.0,True
AtCoder,tenka1_2015_qualA_b,B. stepモード,2115.0,Hard,,,,tenka1-2015-quala,345.0,True
AtCoder,tenka1_2015_qualA_c,C. 天下一美術館,2078.0,Hard,,,,tenka1-2015-quala,345.0,True
AtCoder,tenka1_2015_qualA_d,D. ハシポン,2559.0,Hard,,,,tenka1-2015-quala,345.0,True
AtCoder,tenka1_2015_qualA_e,E. 天下一魔法使い,3359.0,Hard,,,,tenka1-2015-quala,345.0,True
AtCoder,tenka1_2015_qualB_a,A. 天下一プログラマーコンテスト1998,445.0,Easy,,,,tenka1-2015-qualb,272.0,True
AtCoder,tenka1_2015_qualB_b,B. 天下一リテラル,1269.0,Medium,,,,tenka1-2015-qualb,272.0,True
AtCoder,tenka1_2015_qualB_c,C. 擬二等辺三角形,2087.0,Hard,,,,tenka1-2015-qualb,272.0,True
AtCoder,tenka1_2015_qualB_d,D. 天下一電卓英作文,2798.0,Hard,,,,tenka1-2015-qualb,272.0,True
AtCoder,tenka1_2015_qualB_e,E. 天下一演算,3228.0,Hard,,,,tenka1-2015-qualb,272.0,True
AtCoder,tenka1_2016_final_a,A. 今年の A 問題,,Unknown,,,,tenka1-2016-final,,
AtCoder,tenka1_2016_final_b,B. 今年の B 問題,,Unknown,,,,tenka1-2016-final,,
AtCoder,tenka1_2016_final_c,C. たんごたくさん,,Unknown,,,,tenka1-2016-final,,
AtCoder,tenka1_2016_final_d,D. 右往左往,,Unknown,,,,tenka1-2016-final,,
AtCoder,tenka1_2016_final_e,E. 串焼きパーティ,,Unknown,,,,tenka1-2016-final,,
AtCoder,tenka1_2016_final_f,F. Blind Purchase,,Unknown,,,,tenka1-2016-final,,
AtCoder,tenka1_2016_qualA_a,A. 天下一プログラマーゲーム,,Unknown,,,,tenka1-2016-quala,,
AtCoder,tenka1_2016_qualA_b,B. PackDrop,,Unknown,,,,tenka1-2016-quala,,
AtCoder,tenka1_2016_qualA_c,C. 山田山本問題,,Unknown,,,,tenka1-2016-quala,,
AtCoder,tenka1_2016_qualA_d,D. グラフィカルグラフ,,Unknown,,,,tenka1-2016-quala,,
AtCoder,tenka1_2016_qualA_e,E. 無限グラフ,,Unknown,,,,tenka1-2016-quala,,
AtCoder,tenka1_2016_qualB_a,A. 天下一合成関数,,Unknown,,,,tenka1-2016-qualb,,
AtCoder,tenka1_2016_qualB_b,B. 天下一魔力発電,,Unknown,,,,tenka1-2016-qualb,,
AtCoder,tenka1_2016_qualB_c,C. 天下一プログラマーコンテスト1999,,Unknown,,,,tenka1-2016-qualb,,
AtCoder,tenka1_2016_qualB_d,D. 天下一数列にクエリを投げます,,Unknown,,,,tenka1-2016-qualb,,
AtCoder,tenka1_2016_qualB_e,E. 天下一合体,,Unknown,,,,tenka1-2016-qualb,,
AtCoder,tenka1_2017_a,A. Accepted...?,-523.0,Easy,,,,tenka1-2017-beginner,475.0,False
AtCoder,tenka1_2017_b,B. Different Distribution,188.0,Easy,,,,tenka1-2017-beginner,475.0,False
AtCoder,tenka1_2017_c,C. 4/N,1158.0,Medium,,,,tenka1-2017,1097.0,False
AtCoder,tenka1_2017_d,D. IntegerotS,1789.0,Medium,,,,tenka1-2017,1097.0,False
AtCoder,tenka1_2017_e,E. CARtesian Coodinate,2703.0,Hard,,,,tenka1-2017,622.0,False
AtCoder,tenka1_2017_f,F. ModularPowerEquation!!,3653.0,Hard,,,,tenka1-2017,622.0,False
AtCoder,tenka1_2018_a,A. Measure,-562.0,Easy,,,,tenka1-2018-beginner,1144.0,False
AtCoder,tenka1_2018_b,B. Exchange,-239.0,Easy,,,,tenka1-2018-beginner,1144.0,False
AtCoder,tenka1_2018_c,C. Align,1095.0,Medium,,,,tenka1-2018,1908.0,False
AtCoder,tenka1_2018_d,D. Crossing,1351.0,Medium,,,,tenka1-2018,1908.0,False
AtCoder,tenka1_2018_e,E. Equilateral,2459.0,Hard,,,,tenka1-2018,764.0,False
AtCoder,tenka1_2018_f,F. Circular,3493.0,Hard,,,,tenka1-2018,764.0,False
AtCoder,tenka1_2019_a,A. On the Way,-746.0,Easy,,,,tenka1-2019-beginner,2667.0,False
AtCoder,tenka1_2019_b,B. *e**** ********e* *e****e* ****e**,-500.0,Easy,,,,tenka1-2019-beginner,2667.0,False
AtCoder,tenka1_2019_c,C. Stones,944.0,Medium,,,,tenka1-2019,3959.0,False
AtCoder,tenka1_2019_d,D. Three Colors,2237.0,Hard,,,,tenka1-2019,3959.0,False
AtCoder,tenka1_2019_e,E. Polynomial Divisors,2746.0,Hard,,,,tenka1-2019,1292.0,False
AtCoder,tenka1_2019_f,F. Banned X,2891.0,Hard,,,,tenka1-2019,1292.0,False
AtCoder,tessoku_book_a,A01. The First Problem,,Unknown,,,,tessoku-book,,
AtCoder,tessoku_book_ab,A28. Blackboard,,Unknown,,,,tessoku-book,,
AtCoder,tessoku_book_ad,A30. Combination,,Unknown,,,,tessoku-book,,
AtCoder,tessoku_book_ae,A31. Divisors,,Unknown,,,,tessoku-book,,
AtCoder,tessoku_book_af,A32. Game 1,,Unknown,,,,tessoku-book,,
AtCoder,tessoku_book_ag,A33. Game 2,,Unknown,,,,tessoku-book,,
AtCoder,tessoku_book_ah,A34. Game 3,,Unknown,,,,tessoku-book,,
AtCoder,tessoku_book_ai,A35. Game 4,,Unknown,,,,tessoku-book,,
AtCoder,tessoku_book_aj,A36. Travel,,Unknown,,,,tessoku-book,,
AtCoder,tessoku_book_ak,A37. Travel 2,,Unknown,,,,tessoku-book,,
AtCoder,tessoku_book_al,A38. Black Company 1,,Unknown,,,,tessoku-book,,
AtCoder,tessoku_book_an,A40. Triangle,,Unknown,,,,tessoku-book,,
AtCoder,tessoku_book_ao,A41. Tile Coloring,,Unknown,,,,tessoku-book,,
AtCoder,tessoku_book_ap,A42. Soccer,,Unknown,,,,tessoku-book,,
AtCoder,tessoku_book_aq,A43. Travel 3,,Unknown,,,,tessoku-book,,
AtCoder,tessoku_book_ar,A44. Change and Reverse,,Unknown,,,,tessoku-book,,
AtCoder,tessoku_book_as,A45. Card Elimination,,Unknown,,,,tessoku-book,,
AtCoder,tessoku_book_at,A46. Heuristic 1,,Unknown,,,,tessoku-book,,
AtCoder,tessoku_book_aw,A49. Heuristic 2,,Unknown,,,,tessoku-book,,
AtCoder,tessoku_book_ay,A51. Stack,,Unknown,,,,tessoku-book,,
AtCoder,tessoku_book_az,A52. Queue,,Unknown,,,,tessoku-book,,
AtCoder,tessoku_book_b,A02. Linear Search,,Unknown,,,,tessoku-book,,
AtCoder,tessoku_book_ba,A53. Priority Queue,,Unknown,,,,tessoku-book,,
AtCoder,tessoku_book_bb,A54. Map,,Unknown,,,,tessoku-book,,
AtCoder,tessoku_book_bc,A55. Set,,Unknown,,,,tessoku-book,,
AtCoder,tessoku_book_bd,A56. String Hash,,Unknown,,,,tessoku-book,,
AtCoder,tessoku_book_be,A57. Doubling,,Unknown,,,,tessoku-book,,
AtCoder,tessoku_book_bf,A58. RMQ (Range Maximum Queries),,Unknown,,,,tessoku-book,,
AtCoder,tessoku_book_bg,A59. RSQ (Range Sum Queries),,Unknown,,,,tessoku-book,,
AtCoder,tessoku_book_bh,A60. Stock Price,,Unknown,,,,tessoku-book,,
AtCoder,tessoku_book_bi,A61. Adjacent Vertices,,Unknown,,,,tessoku-book,,
AtCoder,tessoku_book_bl,A64. Shortest Path 2,,Unknown,,,,tessoku-book,,
AtCoder,tessoku_book_bm,A65. Road to Promotion,,Unknown,,,,tessoku-book,,
AtCoder,tessoku_book_bn,A66. Connect Query,,Unknown,,,,tessoku-book,,
AtCoder,tessoku_book_bo,A67. MST (Minimum Spanning Tree),,Unknown,,,,tessoku-book,,
AtCoder,tessoku_book_bp,A68. Maximum Flow,,Unknown,,,,tessoku-book,,
AtCoder,tessoku_book_bq,A69. Bipartite Matching,,Unknown,,,,tessoku-book,,
AtCoder,tessoku_book_br,A70. Lanterns,,Unknown,,,,tessoku-book,,
AtCoder,tessoku_book_bs,A71. Homework,,Unknown,,,,tessoku-book,,
AtCoder,tessoku_book_bt,A72. Tile Painting,,Unknown,,,,tessoku-book,,
AtCoder,tessoku_book_bu,A73. Marathon Route,,Unknown,,,,tessoku-book,,
AtCoder,tessoku_book_bv,A74. Board Game,,Unknown,,,,tessoku-book,,
AtCoder,tessoku_book_bw,A75. Examination,,Unknown,,,,tessoku-book,,
AtCoder,tessoku_book_bx,A76. River Crossing,,Unknown,,,,tessoku-book,,
AtCoder,tessoku_book_bz,B01. A+B Problem,,Unknown,,,,tessoku-book,,
AtCoder,tessoku_book_c,A03. Two Cards,,Unknown,,,,tessoku-book,,
AtCoder,tessoku_book_ca,B02. Divisor Check,,Unknown,,,,tessoku-book,,
AtCoder,tessoku_book_cb,B03. Supermarket 1,,Unknown,,,,tessoku-book,,
AtCoder,tessoku_book_cc,B04. Binary Representation 2,,Unknown,,,,tessoku-book,,
AtCoder,tessoku_book_ce,B06. Lottery,,Unknown,,,,tessoku-book,,
AtCoder,tessoku_book_cg,B08. Counting Points,,Unknown,,,,tessoku-book,,
AtCoder,tessoku_book_ch,B09. Papers,,Unknown,,,,tessoku-book,,
AtCoder,tessoku_book_cj,B11. Binary Search 2,,Unknown,,,,tessoku-book,,
AtCoder,tessoku_book_ck,B12. Equation,,Unknown,,,,tessoku-book,,
AtCoder,tessoku_book_cl,B13. Supermarket 2,,Unknown,,,,tessoku-book,,
AtCoder,tessoku_book_cm,B14. Another Subset Sum,,Unknown,,,,tessoku-book,,
AtCoder,tessoku_book_cp,B17. Frog 1 with Restoration,,Unknown,,,,tessoku-book,,
AtCoder,tessoku_book_cq,B18. Subset Sum with Restoration,,Unknown,,,,tessoku-book,,
AtCoder,tessoku_book_cr,B19. Knapsack 2,,Unknown,,,,tessoku-book,,
AtCoder,tessoku_book_cs,B20. Edit Distance,,Unknown,,,,tessoku-book,,
AtCoder,tessoku_book_ct,B21. Longest Subpalindrome,,Unknown,,,,tessoku-book,,
AtCoder,tessoku_book_cv,B23. Traveling Salesman Problem,,Unknown,,,,tessoku-book,,
AtCoder,tessoku_book_cw,B24. Many Boxes,,Unknown,,,,tessoku-book,,
AtCoder,tessoku_book_cy,B26. Output Prime Numbers,,Unknown,,,,tessoku-book,,
AtCoder,tessoku_book_cz,B27. Calculate LCM,,Unknown,,,,tessoku-book,,
AtCoder,tessoku_book_d,A04. Binary Representation 1,,Unknown,,,,tessoku-book,,
AtCoder,tessoku_book_db,B29. Power Hard,,Unknown,,,,tessoku-book,,
AtCoder,tessoku_book_dc,B30. Combination 2,,Unknown,,,,tessoku-book,,
AtCoder,tessoku_book_dd,B31. Divisors Hard,,Unknown,,,,tessoku-book,,
AtCoder,tessoku_book_de,B32. Game 5,,Unknown,,,,tessoku-book,,
AtCoder,tessoku_book_df,B33. Game 6,,Unknown,,,,tessoku-book,,
AtCoder,tessoku_book_dg,B34. Game 7,,Unknown,,,,tessoku-book,,
AtCoder,tessoku_book_di,B36. Switching Lights,,Unknown,,,,tessoku-book,,
AtCoder,tessoku_book_dj,B37. Sum of Digits,,Unknown,,,,tessoku-book,,
AtCoder,tessoku_book_dk,B38. Heights of Grass,,Unknown,,,,tessoku-book,,
AtCoder,tessoku_book_dl,B39. Taro's Job,,Unknown,,,,tessoku-book,,
AtCoder,tessoku_book_dm,B40. Divide by 100,,Unknown,,,,tessoku-book,,
AtCoder,tessoku_book_dn,B41. Reverse of Euclid,,Unknown,,,,tessoku-book,,
AtCoder,tessoku_book_do,B42. Two Faced Cards,,Unknown,,,,tessoku-book,,
AtCoder,tessoku_book_dp,B43. Quiz Contest,,Unknown,,,,tessoku-book,,
AtCoder,tessoku_book_dq,B44. Grid Operations,,Unknown,,,,tessoku-book,,
AtCoder,tessoku_book_dr,B45. Blackboard 2,,Unknown,,,,tessoku-book,,
AtCoder,tessoku_book_dx,B51. Bracket,,Unknown,,,,tessoku-book,,
AtCoder,tessoku_book_dy,B52. Ball Simulation,,Unknown,,,,tessoku-book,,
AtCoder,tessoku_book_e,A05. Three Cards,,Unknown,,,,tessoku-book,,
AtCoder,tessoku_book_ea,B54. Counting Same Values,,Unknown,,,,tessoku-book,,
AtCoder,tessoku_book_eb,B55. Difference,,Unknown,,,,tessoku-book,,
AtCoder,tessoku_book_ec,B56. Palindrome Queries,,Unknown,,,,tessoku-book,,
AtCoder,tessoku_book_ed,B57. Calculator,,Unknown,,,,tessoku-book,,
AtCoder,tessoku_book_ee,B58. Jumping,,Unknown,,,,tessoku-book,,
AtCoder,tessoku_book_ef,B59. Number of Inversions,,Unknown,,,,tessoku-book,,
AtCoder,tessoku_book_eh,B61. Influencer,,Unknown,,,,tessoku-book,,
AtCoder,tessoku_book_ei,B62. Print a Path,,Unknown,,,,tessoku-book,,
AtCoder,tessoku_book_ek,B64. Shortest Path with Restoration,,Unknown,,,,tessoku-book,,
AtCoder,tessoku_book_el,B65. Road to Promotion Hard,,Unknown,,,,tessoku-book,,
AtCoder,tessoku_book_em,B66. Typhoon,,Unknown,,,,tessoku-book,,
AtCoder,tessoku_book_en,B67. Max MST,,Unknown,,,,tessoku-book,,
AtCoder,tessoku_book_eo,B68. ALGO Express,,Unknown,,,,tessoku-book,,
AtCoder,tessoku_book_ep,B69. Black Company 2,,Unknown,,,,tessoku-book,,
AtCoder,tessoku_book_ey,C01. Tax Rate,,Unknown,,,,tessoku-book,,
AtCoder,tessoku_book_ez,C02. Two Balls,,Unknown,,,,tessoku-book,,
AtCoder,tessoku_book_fa,C03. Stock Queries,,Unknown,,,,tessoku-book,,
AtCoder,tessoku_book_fb,C04. Divisor Enumeration,,Unknown,,,,tessoku-book,,
AtCoder,tessoku_book_fc,C05. Lucky Numbers,,Unknown,,,,tessoku-book,,
AtCoder,tessoku_book_fd,C06. Regular Graph,,Unknown,,,,tessoku-book,,
AtCoder,tessoku_book_fe,C07. ALGO-MARKET,,Unknown,,,,tessoku-book,,
AtCoder,tessoku_book_ff,C08. ALGO4,,Unknown,,,,tessoku-book,,
AtCoder,tessoku_book_fh,C10. A Long Grid,,Unknown,,,,tessoku-book,,
AtCoder,tessoku_book_fi,C11. Election,,Unknown,,,,tessoku-book,,
AtCoder,tessoku_book_fj,C12. Taro the Novel Writer,,Unknown,,,,tessoku-book,,
AtCoder,tessoku_book_fk,C13. Select 2,,Unknown,,,,tessoku-book,,
AtCoder,tessoku_book_fl,C14. Commute Route,,Unknown,,,,tessoku-book,,
AtCoder,tessoku_book_fm,C15. Many Meetings,,Unknown,,,,tessoku-book,,
AtCoder,tessoku_book_fn,C16. Flights,,Unknown,,,,tessoku-book,,
AtCoder,tessoku_book_fo,C17. Strange Data Structure?,,Unknown,,,,tessoku-book,,
AtCoder,tessoku_book_fq,C19. Gasoline Optimization Problem,,Unknown,,,,tessoku-book,,
AtCoder,tessoku_book_fr,C20. Mayor's Challenge,,Unknown,,,,tessoku-book,,
AtCoder,tessoku_book_g,A07. Event Attendance,,Unknown,,,,tessoku-book,,
AtCoder,tessoku_book_h,A08. Two Dimensional Sum,,Unknown,,,,tessoku-book,,
AtCoder,tessoku_book_i,A09. Winter in ALGO Kingdom,,Unknown,,,,tessoku-book,,
AtCoder,tessoku_book_j,A10. Resort Hotel,,Unknown,,,,tessoku-book,,
AtCoder,tessoku_book_k,A11. Binary Search 1,,Unknown,,,,tessoku-book,,
AtCoder,tessoku_book_l,A12. Printer,,Unknown,,,,tessoku-book,,
AtCoder,tessoku_book_m,A13. Close Pairs,,Unknown,,,,tessoku-book,,
AtCoder,tessoku_book_n,A14. Four Boxes,,Unknown,,,,tessoku-book,,
AtCoder,tessoku_book_o,A15. Compression,,Unknown,,,,tessoku-book,,
AtCoder,tessoku_book_p,A16. Dungeon 1（※初版第 1 刷の B22 も同じ問題です）,,Unknown,,,,tessoku-book,,
AtCoder,tessoku_book_q,A17. Dungeon 2,,Unknown,,,,tessoku-book,,
AtCoder,tessoku_book_r,A18. Subset Sum,,Unknown,,,,tessoku-book,,
AtCoder,tessoku_book_s,A19. Knapsack 1,,Unknown,,,,tessoku-book,,
AtCoder,tessoku_book_t,A20. LCS,,Unknown,,,,tessoku-book,,
AtCoder,tessoku_book_u,A21. Block Game,,Unknown,,,,tessoku-book,,
AtCoder,tessoku_book_v,A22. Sugoroku,,Unknown,,,,tessoku-book,,
AtCoder,tessoku_book_w,A23. All Free,,Unknown,,,,tessoku-book,,
AtCoder,tessoku_book_x,A24. LIS,,Unknown,,,,tessoku-book,,
AtCoder,tessoku_book_y,A25. Number of Routes,,Unknown,,,,tessoku-book,,
AtCoder,tessoku_book_z,A26. Prime Check,,Unknown,,,,tessoku-book,,
AtCoder,test001_a,A. センター採点,,Unknown,,,,language-test-ver1,,
AtCoder,test001_b,B. 帰ってきた器物損壊！高橋君,,Unknown,,,,language-test-ver1,,
AtCoder,test001_c,C. おとぎの国の高橋君,,Unknown,,,,language-test-ver1,,
AtCoder,test001_d,D. 超大型連休,,Unknown,,,,language-test-ver1,,
AtCoder,test001_e,E. 平均値太郎の憂鬱,,Unknown,,,,language-test-ver1,,
AtCoder,test001_f,F. THE☆たこ焼き祭り2012,,Unknown,,,,language-test-ver1,,
AtCoder,test001_g,G. アルファベット探し,,Unknown,,,,language-test-ver1,,
AtCoder,tkppc2015_a,A. 足し算の宿題 (A + B Home work),,Unknown,,,,tkppc,,
AtCoder,tkppc2015_b,B. 金髪の少女 (Blonde girls),,Unknown,,,,tkppc,,
AtCoder,tkppc2015_c,C. お姉ちゃんって呼んで (Call me sister),,Unknown,,,,tkppc,,
AtCoder,tkppc2015_d,D. サポーター (Supporter),,Unknown,,,,tkppc,,
AtCoder,tkppc2015_e,E. 不可視境界線 (The Invisible Borderline),,Unknown,,,,tkppc,,
AtCoder,tkppc2015_f,F. 吹奏楽部 (Brass Band),,Unknown,,,,tkppc,,
AtCoder,tkppc2015_g,G. おおきなかずを作った (I made a huge number),,Unknown,,,,tkppc,,
AtCoder,tkppc2015_h,H. 私、木になります (I become a tree),,Unknown,,,,tkppc,,
AtCoder,tkppc2015_i,I. 重要証拠 (Important evidence),,Unknown,,,,tkppc,,
AtCoder,tkppc2015_j,J. 仕事をしよう！ (Working!),,Unknown,,,,tkppc,,
AtCoder,tkppc2016_a,A. 入社（Join the Company）,,Unknown,,,,tkppc2,,
AtCoder,tkppc2016_b,B. 書き換え（Rewrite）,,Unknown,,,,tkppc2,,
AtCoder,tkppc2016_c,C. 有給休暇（Paid Vacation）,,Unknown,,,,tkppc2,,
AtCoder,tkppc2016_d,D. エンブレム（Emblem）,,Unknown,,,,tkppc2,,
AtCoder,tkppc2016_e,E. 歩くNPCたち（Walking NPCs）,,Unknown,,,,tkppc2,,
AtCoder,tkppc2016_f,F. NPCの家 (NPC's House),,Unknown,,,,tkppc2,,
AtCoder,tkppc2016_g,G. 貢物（Tribute）,,Unknown,,,,tkppc2,,
AtCoder,tkppc2016_h,H. デバッグ（Debug）,,Unknown,,,,tkppc2,,
AtCoder,tkppc2016_i,I. ボス（Boss）,,Unknown,,,,tkppc2,,
AtCoder,tkppc2016_j,J. 次のお仕事 (New Game),,Unknown,,,,tkppc2,,
AtCoder,tkppc3_a,A. 時差,,Unknown,,,,tkppc3,,
AtCoder,tkppc3_b,B. 鰻と忖度,,Unknown,,,,tkppc3,,
AtCoder,tkppc3_c,C. 新入生歓迎数列 - Easy,,Unknown,,,,tkppc3,,
AtCoder,tkppc3_d,D. 巨大チェスボード,,Unknown,,,,tkppc3,,
AtCoder,tkppc3_e,E. デフレゲーム,,Unknown,,,,tkppc3,,
AtCoder,tkppc3_f,F. 天使とふすま,,Unknown,,,,tkppc3,,
AtCoder,tkppc3_g,G. パソコンの買い替え,,Unknown,,,,tkppc3,,
AtCoder,tkppc3_h,H. 新入生歓迎数列 - Hard,,Unknown,,,,tkppc3,,
AtCoder,tkppc3_i,I. 王国と M 種類の店,,Unknown,,,,tkppc3,,
AtCoder,tkppc3_j,J. 円の重なり,,Unknown,,,,tkppc3,,
AtCoder,tkppc4_1_a,A. ヘビがヘビー,,Unknown,,,,tkppc4-1,,
AtCoder,tkppc4_1_b,B. Long Long Ago,,Unknown,,,,tkppc4-1,,
AtCoder,tkppc4_1_c,C. 異世界転生,,Unknown,,,,tkppc4-1,,
AtCoder,tkppc4_1_d,D. スキップ,,Unknown,,,,tkppc4-1,,
AtCoder,tkppc4_1_e,E. Osmium_1008と課題,,Unknown,,,,tkppc4-1,,
AtCoder,tkppc4_1_f,F. 不便な橋,,Unknown,,,,tkppc4-1,,
AtCoder,tkppc4_1_g,G. バラバラ掛け算,,Unknown,,,,tkppc4-1,,
AtCoder,tkppc4_1_h,H. don't be late,,Unknown,,,,tkppc4-1,,
AtCoder,tkppc4_1_i,I. school competition 1,,Unknown,,,,tkppc4-1,,
AtCoder,tkppc4_1_j,J. school competition 2,,Unknown,,,,tkppc4-1,,
AtCoder,tkppc4_1_k,K. 天使と宿題,,Unknown,,,,tkppc4-1,,
AtCoder,tkppc4_1_l,L. じゃんけん,,Unknown,,,,tkppc4-1,,
AtCoder,tkppc4_1_m,M. Pakenのうさぎ,,Unknown,,,,tkppc4-1,,
AtCoder,tkppc4_1_n,N. multiple,,Unknown,,,,tkppc4-1,,
AtCoder,tkppc4_1_o,O. Height Changer,,Unknown,,,,tkppc4-1,,
AtCoder,tkppc4_1_p,P. Flip Cards,,Unknown,,,,tkppc4-1,,
AtCoder,tkppc4_2_a,A. Jumping!!,,Unknown,,,,tkppc4-2,,
AtCoder,tkppc4_2_b,B. Stalker,,Unknown,,,,tkppc4-2,,
AtCoder,tkppc4_2_c,C. Parity,,Unknown,,,,tkppc4-2,,
AtCoder,tkppc4_2_d,D. 新入生歓迎数列 2,,Unknown,,,,tkppc4-2,,
AtCoder,tkppc4_2_e,E. 引きこもり,,Unknown,,,,tkppc4-2,,
AtCoder,tkppc4_2_f,F. Segtree☆Magica,,Unknown,,,,tkppc4-2,,
AtCoder,tkppc4_2_g,G. 平均レーティング,,Unknown,,,,tkppc4-2,,
AtCoder,tkppc4_2_h,H. 打鍵戦争,,Unknown,,,,tkppc4-2,,
AtCoder,tkppc4_2_i,I. 互いに素でないペアを持つ N の約数の集合の個数を求めてください。,,Unknown,,,,tkppc4-2,,
AtCoder,tkppc4_2_j,J. ドライブ旅行,,Unknown,,,,tkppc4-2,,
AtCoder,tkppc4_2_k,K. 時をかけるTMJN,,Unknown,,,,tkppc4-2,,
AtCoder,tkppc4_2_l,L. 建物と魔女,,Unknown,,,,tkppc4-2,,
AtCoder,tkppc6_1_a,A. 技術室奥プログラミングコンテストの未来,,Unknown,,,,tkppc6-1,,
AtCoder,tkppc6_1_b,B. カラフルパ研,,Unknown,,,,tkppc6-1,,
AtCoder,tkppc6_1_c,C. Grip,,Unknown,,,,tkppc6-1,,
AtCoder,tkppc6_1_d,D. ABS SUM,,Unknown,,,,tkppc6-1,,
AtCoder,tkppc6_1_e,E. And Xor Or,,Unknown,,,,tkppc6-1,,
AtCoder,tkppc6_1_f,F. Frog and Tadpole,,Unknown,,,,tkppc6-1,,
AtCoder,tkppc6_1_g,G. At Most Two,,Unknown,,,,tkppc6-1,,
AtCoder,tkppc6_1_h,H. Marbles and Boxes,,Unknown,,,,tkppc6-1,,
AtCoder,tkppc6_1_i,I. 1<->k,,Unknown,,,,tkppc6-1,,
AtCoder,tkppc6_1_j,J. Two Paths,,Unknown,,,,tkppc6-1,,
AtCoder,tkppc6_1_k,K. Dial Key,,Unknown,,,,tkppc6-1,,
AtCoder,tkppc6_1_l,L. Polyomino Tiling,,Unknown,,,,tkppc6-1,,
AtCoder,tkppc6_1_m,M. To The LCA,,Unknown,,,,tkppc6-1,,
AtCoder,tkppc6_1_n,N. Jump and Walk,,Unknown,,,,tkppc6-1,,
AtCoder,tkppc6_1_o,O. ペンギンくんの仕事計画,,Unknown,,,,tkppc6-1,,
AtCoder,tkppc6_1_p,P. Game on Colored Tree,,Unknown,,,,tkppc6-1,,
AtCoder,tkppc6_2_a,A. >_<,,Unknown,,,,tkppc6-2,,
AtCoder,tkppc6_2_b,B. Replace to the Other,,Unknown,,,,tkppc6-2,,
AtCoder,tkppc6_2_c,C. Strange Paper,,Unknown,,,,tkppc6-2,,
AtCoder,tkppc6_2_d,D. NG Word Game,,Unknown,,,,tkppc6-2,,
AtCoder,tkppc6_2_e,E. Exactly K Triangles,,Unknown,,,,tkppc6-2,,
AtCoder,tkppc6_2_f,F. Shortest Path Construction,,Unknown,,,,tkppc6-2,,
AtCoder,tkppc6_2_g,G. Must be Distinct!,,Unknown,,,,tkppc6-2,,
AtCoder,tkppc6_2_h,H. Reversi Pieces,,Unknown,,,,tkppc6-2,,
AtCoder,tkppc6_2_i,I. 旅人計画問題2,,Unknown,,,,tkppc6-2,,
AtCoder,tkppc6_2_j,J. Common Divisors Shortest Path Queries,,Unknown,,,,tkppc6-2,,
AtCoder,tkppc6_2_k,K. Ball in the Box 2,,Unknown,,,,tkppc6-2,,
AtCoder,tkppc6_2_l,L. Go To,,Unknown,,,,tkppc6-2,,
AtCoder,tkppc6_2_m,M. 山分け,,Unknown,,,,tkppc6-2,,
AtCoder,tokiomarine2020_a,A. Nickname,-942.0,Easy,,,,tokiomarine2020,5539.0,False
AtCoder,tokiomarine2020_b,B. Tag,114.0,Easy,,,,tokiomarine2020,5539.0,False
AtCoder,tokiomarine2020_c,C. Lamps,1274.0,Medium,,,,tokiomarine2020,5539.0,False
AtCoder,tokiomarine2020_d,D. Knapsack Queries on a tree,2158.0,Hard,,,,tokiomarine2020,5539.0,False
AtCoder,tokiomarine2020_e,E. O(rand),2756.0,Hard,,,,tokiomarine2020,5539.0,False
AtCoder,tokiomarine2020_f,F. Triangles,3385.0,Hard,,,,tokiomarine2020,5539.0,False
AtCoder,toyota2023spring_final_a,A. Area Sum,,Unknown,,,,toyota2023spring-final-open,,
AtCoder,toyota2023spring_final_b,B. Best Strategy,,Unknown,,,,toyota2023spring-final-open,,
AtCoder,toyota2023spring_final_c,C. Count Dividing XOR,,Unknown,,,,toyota2023spring-final-open,,
AtCoder,toyota2023spring_final_d,D. Dual Rotation,,Unknown,,,,toyota2023spring-final-open,,
AtCoder,toyota2023spring_final_e,E. East-Northeast,,Unknown,,,,toyota2023spring-final-open,,
AtCoder,toyota2023spring_final_f,F. Forbidden Pattern,,Unknown,,,,toyota2023spring-final-open,,
AtCoder,toyota2023spring_final_g,G. Git Gud,,Unknown,,,,toyota2023spring-final-open,,
AtCoder,toyota2023summer_final_a,A. Transit Warehouse,,Unknown,,,,toyota2023summer-final-open,,
AtCoder,toyota_hc_2023spring_a,A. Container Loading,,Unknown,,,,toyota-hc-2023spring,,
AtCoder,tricky_1,A. 整数割り算,,Unknown,,,,tricky,,
AtCoder,tricky_2,B. 一変数方程式,,Unknown,,,,tricky,,
AtCoder,tricky_3,C. 階乗と素因数,,Unknown,,,,tricky,,
AtCoder,tricky_4,D. 高橋くんレーシング,,Unknown,,,,tricky,,
AtCoder,tricky_5,E. 雲と影,,Unknown,,,,tricky,,
AtCoder,ttpc2015_a,A. ぼくの学生証,,Unknown,,,,ttpc2015,,
AtCoder,ttpc2015_b,B. ラー油,,Unknown,,,,ttpc2015,,
AtCoder,ttpc2015_c,C. おおおかやま,,Unknown,,,,ttpc2015,,
AtCoder,ttpc2015_d,D. 文字列と素数,,Unknown,,,,ttpc2015,,
AtCoder,ttpc2015_e,E. マス目色ぬり,,Unknown,,,,ttpc2015,,
AtCoder,ttpc2015_f,F. レシート,,Unknown,,,,ttpc2015,,
AtCoder,ttpc2015_g,G. titech分離,,Unknown,,,,ttpc2015,,
AtCoder,ttpc2015_h,H. 包囲,,Unknown,,,,ttpc2015,,
AtCoder,ttpc2015_i,I. そーっとソート,,Unknown,,,,ttpc2015,,
AtCoder,ttpc2015_j,J. 指さし,,Unknown,,,,ttpc2015,,
AtCoder,ttpc2015_k,K. 麻雀,,Unknown,,,,ttpc2015,,
AtCoder,ttpc2015_l,L. グラフ色ぬり,,Unknown,,,,ttpc2015,,
AtCoder,ttpc2015_m,M. コインと無向グラフ,,Unknown,,,,ttpc2015,,
AtCoder,ttpc2015_n,N. 何かグラフの問題,,Unknown,,,,ttpc2015,,
AtCoder,ttpc2015_o,O. 数列色ぬり,,Unknown,,,,ttpc2015,,
AtCoder,ttpc2015_p,P. Dancing stars on regular expression!,,Unknown,,,,ttpc2015,,
AtCoder,ttpc2019_a,A. Next TTPC,,Unknown,,,,ttpc2019,,
AtCoder,ttpc2019_b,B. okyoech,,Unknown,,,,ttpc2019,,
AtCoder,ttpc2019_c,C. XOR Filling,,Unknown,,,,ttpc2019,,
AtCoder,ttpc2019_d,D. 素数取りゲーム,,Unknown,,,,ttpc2019,,
AtCoder,ttpc2019_e,E. N法陣,,Unknown,,,,ttpc2019,,
AtCoder,ttpc2019_f,F. Road Construction,,Unknown,,,,ttpc2019,,
AtCoder,ttpc2019_g,G. Palindromic Love Letter,,Unknown,,,,ttpc2019,,
AtCoder,ttpc2019_h,H. 救援,,Unknown,,,,ttpc2019,,
AtCoder,ttpc2019_i,I. I hate P,,Unknown,,,,ttpc2019,,
AtCoder,ttpc2019_j,J. 動的無計画法,,Unknown,,,,ttpc2019,,
AtCoder,ttpc2019_k,K. サーキュレーション,,Unknown,,,,ttpc2019,,
AtCoder,ttpc2019_l,L. 多項式の零点の個数,,Unknown,,,,ttpc2019,,
AtCoder,ttpc2019_m,M. Inversion Numbers of Tree,,Unknown,,,,ttpc2019,,
AtCoder,ttpc2019_n,N. 瓜二つ,,Unknown,,,,ttpc2019,,
AtCoder,ttpc2019_o,O. oneesan puzzle,,Unknown,,,,ttpc2019,,
AtCoder,ttpc2022_a,A. Next TTPC 2,,Unknown,,,,ttpc2022,,
AtCoder,ttpc2022_b,B. Magical Wallet,,Unknown,,,,ttpc2022,,
AtCoder,ttpc2022_c,C. Five Med Sum,,Unknown,,,,ttpc2022,,
AtCoder,ttpc2022_d,D. XOR Tree Path,,Unknown,,,,ttpc2022,,
AtCoder,ttpc2022_e,E. Name Value,,Unknown,,,,ttpc2022,,
AtCoder,ttpc2022_f,F. Make Convex Sequence,,Unknown,,,,ttpc2022,,
AtCoder,ttpc2022_g,G. Count Arithmetic Progression,,Unknown,,,,ttpc2022,,
AtCoder,ttpc2022_h,H. Colorful Graph,,Unknown,,,,ttpc2022,,
AtCoder,ttpc2022_i,I. XOR Reachable,,Unknown,,,,ttpc2022,,
AtCoder,ttpc2022_j,J. Jewel Game,,Unknown,,,,ttpc2022,,
AtCoder,ttpc2022_k,K. Peaceful Results,,Unknown,,,,ttpc2022,,
AtCoder,ttpc2022_l,L. Range NEQ,,Unknown,,,,ttpc2022,,
AtCoder,ttpc2022_m,M. Many Products,,Unknown,,,,ttpc2022,,
AtCoder,ttpc2022_n,N. Expanded Hull,,Unknown,,,,ttpc2022,,
AtCoder,ttpc2022_o,O. Parallel Processing,,Unknown,,,,ttpc2022,,
AtCoder,ttpc2023_a,A. Numerous Elimination,,Unknown,,,,ttpc2023,,
AtCoder,ttpc2023_b,B. Almost Large,,Unknown,,,,ttpc2023,,
AtCoder,ttpc2023_c,C. Yet Another Simple Math Problem,,Unknown,,,,ttpc2023,,
AtCoder,ttpc2023_d,D. Spacecraft,,Unknown,,,,ttpc2023,,
AtCoder,ttpc2023_e,E. R-Connected Components,,Unknown,,,,ttpc2023,,
AtCoder,ttpc2023_f,F. N^a (log N)^b,,Unknown,,,,ttpc2023,,
AtCoder,ttpc2023_g,G. Cola,,Unknown,,,,ttpc2023,,
AtCoder,ttpc2023_h,H. 404 Chotto Found,,Unknown,,,,ttpc2023,,
AtCoder,ttpc2023_i,I. T Tile Placement Counting,,Unknown,,,,ttpc2023,,
AtCoder,ttpc2023_j,J. Set Construction,,Unknown,,,,ttpc2023,,
AtCoder,ttpc2023_k,K. Dense Planting,,Unknown,,,,ttpc2023,,
AtCoder,ttpc2023_l,L. Next TTPC 3,,Unknown,,,,ttpc2023,,
AtCoder,ttpc2023_m,M. Sum is Integer,,Unknown,,,,ttpc2023,,
AtCoder,ttpc2023_n,N. Bracket Sequestion,,Unknown,,,,ttpc2023,,
AtCoder,ttpc2023_o,O. 2D Parentheses,,Unknown,,,,ttpc2023,,
AtCoder,ttpc2023_p,P. Bridge Elimination,,Unknown,,,,ttpc2023,,
AtCoder,ttpc2024_1_a,A. Don't Detect Cycle,,Unknown,,,,ttpc2024_2,,
AtCoder,ttpc2024_1_b,B. Self Checkout,,Unknown,,,,ttpc2024_2,,
AtCoder,ttpc2024_1_c,C. Segment Tree,,Unknown,,,,ttpc2024_2,,
AtCoder,ttpc2024_1_d,D. A xor B plus C ,,Unknown,,,,ttpc2024_1,,
AtCoder,ttpc2024_1_e,E. ReTravel,,Unknown,,,,ttpc2024_2,,
AtCoder,ttpc2024_1_f,F. Origami Warp,,Unknown,,,,ttpc2024_1,,
AtCoder,ttpc2024_1_g,G. Diverge and Converge,,Unknown,,,,ttpc2024_1,,
AtCoder,ttpc2024_1_h,H. Two Convex Sets,,Unknown,,,,ttpc2024_1,,
AtCoder,ttpc2024_1_i,I. Near Pair,,Unknown,,,,ttpc2024_2,,
AtCoder,ttpc2024_1_j,J. Grid Construction,,Unknown,,,,ttpc2024_2,,
AtCoder,ttpc2024_1_k,K. Sum is One,,Unknown,,,,ttpc2024_1,,
AtCoder,ttpc2024_1_l,L. Long Sequence Inversion 2,,Unknown,,,,ttpc2024_2,,
AtCoder,ttpc2024_1_m,M. Cartesian Trees,,Unknown,,,,ttpc2024_1,,
AtCoder,ttpc2024_2_d,D. Odd Xor,,Unknown,,,,ttpc2024_2,,
AtCoder,ttpc2024_2_f,F. I prefer ISCT,,Unknown,,,,ttpc2024_2,,
AtCoder,ttpc2024_2_g,G. Coloring Tree,,Unknown,,,,ttpc2024_2,,
AtCoder,ttpc2024_2_h,H. TTPC Never Ends,,Unknown,,,,ttpc2024_2,,
AtCoder,ttpc2024_2_k,K. 01 Abs Sum,,Unknown,,,,ttpc2024_2,,
AtCoder,ttpc2024_2_m,M. Colorful Stone Sorting ,,Unknown,,,,ttpc2024_2,,
AtCoder,ttpc2024_2_n,N. Adjacent Game,,Unknown,,,,ttpc2024_2,,
AtCoder,ttpc2024_2_o,O. Marunomi for All Prefixes,,Unknown,,,,ttpc2024_2,,
AtCoder,tupc2022_a,A. Sum Sort,,Unknown,,,,tupc2022,,
AtCoder,tupc2022_b,B. Snowy Aobayama,,Unknown,,,,tupc2022,,
AtCoder,tupc2022_c,C. Flip Grid,,Unknown,,,,tupc2022,,
AtCoder,tupc2022_d,D. Zeta Sum,,Unknown,,,,tupc2022,,
AtCoder,tupc2022_e,E. 00-11 Rotation,,Unknown,,,,tupc2022,,
AtCoder,tupc2022_f,F. Block Rotation,,Unknown,,,,tupc2022,,
AtCoder,tupc2022_g,G. All Pairs,,Unknown,,,,tupc2022,,
AtCoder,tupc2022_h,H. Next Permutation,,Unknown,,,,tupc2022,,
AtCoder,tupc2022_i,I. Count Setwise Coprime,,Unknown,,,,tupc2022,,
AtCoder,tupc2022_j,J. AMidA,,Unknown,,,,tupc2022,,
AtCoder,tupc2022_k,K. Lebesgue Integral,,Unknown,,,,tupc2022,,
AtCoder,tupc2022_l,L. Inversion High and Low,,Unknown,,,,tupc2022,,
AtCoder,tupc2022_m,M. Fractal Tree Isomorphism,,Unknown,,,,tupc2022,,
AtCoder,tupc2022_n,N. Matrix Game,,Unknown,,,,tupc2022,,
AtCoder,tupc2022_o,O. Equidistant Binary String,,Unknown,,,,tupc2022,,
AtCoder,tupc2023_a,A. Namboku / Tozai Line,,Unknown,,,,tupc2023,,
AtCoder,tupc2023_b,B. 012 Grid,,Unknown,,,,tupc2023,,
AtCoder,tupc2023_c,C. Topological Sort,,Unknown,,,,tupc2023,,
AtCoder,tupc2023_d,D. Shift Puzzle,,Unknown,,,,tupc2023,,
AtCoder,tupc2023_e,E. And DNA,,Unknown,,,,tupc2023,,
AtCoder,tupc2023_f,F. Hotel,,Unknown,,,,tupc2023,,
AtCoder,tupc2023_g,G. Min Nim,,Unknown,,,,tupc2023,,
AtCoder,tupc2023_h,H. Count Pseudo-Palindromes,,Unknown,,,,tupc2023,,
AtCoder,tupc2023_i,I. Maximize Array,,Unknown,,,,tupc2023,,
AtCoder,tupc2023_j,J. Colored Complete Graph,,Unknown,,,,tupc2023,,
AtCoder,tupc2023_k,K. (mod HW+1),,Unknown,,,,tupc2023,,
AtCoder,tupc2023_l,L. Random Mex,,Unknown,,,,tupc2023,,
AtCoder,tupc2023_m,M. Vivid Colors,,Unknown,,,,tupc2023,,
AtCoder,tupc2023_n,N. Do Not Turn Back,,Unknown,,,,tupc2023,,
AtCoder,tupc2023_o,O. 0100 Insertion,,Unknown,,,,tupc2023,,
AtCoder,tupc2023_p,P. Sub Brackets,,Unknown,,,,tupc2023,,
AtCoder,tupc2024_a,A. Inversions of PQ and QP,,Unknown,,,,tupc2024,,
AtCoder,tupc2024_b,B. Matching Query,,Unknown,,,,tupc2024,,
AtCoder,tupc2024_c,C. 2-Power Rush,,Unknown,,,,tupc2024,,
AtCoder,tupc2024_d,D. Swap Counter,,Unknown,,,,tupc2024,,
AtCoder,tupc2024_e,E. 010-11 Shorten,,Unknown,,,,tupc2024,,
AtCoder,tupc2024_f,F. Another Long Sequence Inversion,,Unknown,,,,tupc2024,,
AtCoder,tupc2024_g,G. Convex Hull of Intersections,,Unknown,,,,tupc2024,,
AtCoder,tupc2024_h,H. 12 Grid,,Unknown,,,,tupc2024,,
AtCoder,tupc2024_i,I. Small Steps,,Unknown,,,,tupc2024,,
AtCoder,tupc2024_j,J. Median Operations,,Unknown,,,,tupc2024,,
AtCoder,tupc2024_k,K. Shuffle and Max Bracket Score,,Unknown,,,,tupc2024,,
AtCoder,tupc2024_l,L. Square Connection,,Unknown,,,,tupc2024,,
AtCoder,tupc2024_m,M. Divide Digit String,,Unknown,,,,tupc2024,,
AtCoder,tupc2024_n,N. Palindromic Path,,Unknown,,,,tupc2024,,
AtCoder,tupc2024_o,O. Twin Contests,,Unknown,,,,tupc2024,,
AtCoder,tupc2024_p,P. Adjacent Reset,,Unknown,,,,tupc2024,,
AtCoder,tupc2024_q,Q. Make Intervals Disjoint,,Unknown,,,,tupc2024,,
AtCoder,tupc2024_r,R. Bracket Game,,Unknown,,,,tupc2024,,
AtCoder,typical90_a,001. Yokan Party（★4）,,Unknown,,,,typical90,,
AtCoder,typical90_aa,027. Sign Up Requests （★2）,,Unknown,,,,typical90,,
AtCoder,typical90_ab,028. Cluttered Paper（★4）,,Unknown,,,,typical90,,
AtCoder,typical90_ac,029. Long Bricks（★5）,,Unknown,,,,typical90,,
AtCoder,typical90_ad,030. K Factors（★5）,,Unknown,,,,typical90,,
AtCoder,typical90_ae,031. VS AtCoder（★6）,,Unknown,,,,typical90,,
AtCoder,typical90_af,032. AtCoder Ekiden（★3）,,Unknown,,,,typical90,,
AtCoder,typical90_ag,033. Not Too Bright（★2）,,Unknown,,,,typical90,,
AtCoder,typical90_ah,034. There are few types of elements（★4）,,Unknown,,,,typical90,,
AtCoder,typical90_ai,035. Preserve Connectivity（★7）,,Unknown,,,,typical90,,
AtCoder,typical90_aj,036. Max Manhattan Distance（★5）,,Unknown,,,,typical90,,
AtCoder,typical90_ak,037. Don't Leave the Spice（★5）,,Unknown,,,,typical90,,
AtCoder,typical90_al,038. Large LCM（★3）,,Unknown,,,,typical90,,
AtCoder,typical90_am,039. Tree Distance（★5）,,Unknown,,,,typical90,,
AtCoder,typical90_an,040. Get More Money（★7）,,Unknown,,,,typical90,,
AtCoder,typical90_ao,041. Piles in AtCoder Farm（★7）,,Unknown,,,,typical90,,
AtCoder,typical90_ap,042. Multiple of 9（★4）,,Unknown,,,,typical90,,
AtCoder,typical90_aq,043. Maze Challenge with Lack of Sleep（★4）,,Unknown,,,,typical90,,
AtCoder,typical90_ar,044. Shift and Swapping（★3）,,Unknown,,,,typical90,,
AtCoder,typical90_as,045. Simple Grouping（★6）,,Unknown,,,,typical90,,
AtCoder,typical90_at,046. I Love 46（★3）,,Unknown,,,,typical90,,
AtCoder,typical90_au,047. Monochromatic Diagonal（★7）,,Unknown,,,,typical90,,
AtCoder,typical90_av,048. I will not drop out（★3）,,Unknown,,,,typical90,,
AtCoder,typical90_aw,049. Flip Digits 2（★6）,,Unknown,,,,typical90,,
AtCoder,typical90_ax,050. Stair Jump（★3）,,Unknown,,,,typical90,,
AtCoder,typical90_ay,051. Typical Shop（★5）,,Unknown,,,,typical90,,
AtCoder,typical90_az,052. Dice Product（★3）,,Unknown,,,,typical90,,
AtCoder,typical90_b,002. Encyclopedia of Parentheses（★3）,,Unknown,,,,typical90,,
AtCoder,typical90_ba,053. Discrete Dowsing（★7）,,Unknown,,,,typical90,,
AtCoder,typical90_bb,054. Takahashi Number（★6）,,Unknown,,,,typical90,,
AtCoder,typical90_bc,055. Select 5（★2）,,Unknown,,,,typical90,,
AtCoder,typical90_bd,056. Lucky Bag（★5）,,Unknown,,,,typical90,,
AtCoder,typical90_be,057. Flip Flap（★6）,,Unknown,,,,typical90,,
AtCoder,typical90_bf,058. Original Calculator（★4）,,Unknown,,,,typical90,,
AtCoder,typical90_bg,059. Many Graph Queries（★7）,,Unknown,,,,typical90,,
AtCoder,typical90_bh,060. Chimera（★5）,,Unknown,,,,typical90,,
AtCoder,typical90_bi,061. Deck（★2）,,Unknown,,,,typical90,,
AtCoder,typical90_bj,062. Paint All（★6）,,Unknown,,,,typical90,,
AtCoder,typical90_bk,063. Monochromatic Subgrid（★4）,,Unknown,,,,typical90,,
AtCoder,typical90_bl,064. Uplift（★3）,,Unknown,,,,typical90,,
AtCoder,typical90_bm,065. RGB Balls 2（★7）,,Unknown,,,,typical90,,
AtCoder,typical90_bn,066. Various Arrays（★5）,,Unknown,,,,typical90,,
AtCoder,typical90_bo,067. Base 8 to 9（★2）,,Unknown,,,,typical90,,
AtCoder,typical90_bp,068. Paired Information（★5）,,Unknown,,,,typical90,,
AtCoder,typical90_bq,069. Colorful Blocks 2（★3）,,Unknown,,,,typical90,,
AtCoder,typical90_br,070. Plant Planning（★4）,,Unknown,,,,typical90,,
AtCoder,typical90_bs,071. Fuzzy Priority（★7）,,Unknown,,,,typical90,,
AtCoder,typical90_bt,072. Loop Railway Plan（★4）,,Unknown,,,,typical90,,
AtCoder,typical90_bu,073. We Need Both a and b（★5）,,Unknown,,,,typical90,,
AtCoder,typical90_bv,074. ABC String 2（★6）,,Unknown,,,,typical90,,
AtCoder,typical90_bw,075. Magic For Balls（★3）,,Unknown,,,,typical90,,
AtCoder,typical90_bx,076. Cake Cut（★3）,,Unknown,,,,typical90,,
AtCoder,typical90_by,077. Planes on a 2D Plane（★7）,,Unknown,,,,typical90,,
AtCoder,typical90_bz,078. Easy Graph Problem（★2）,,Unknown,,,,typical90,,
AtCoder,typical90_c,003. Longest Circular Road（★4）,,Unknown,,,,typical90,,
AtCoder,typical90_ca,079. Two by Two（★3）,,Unknown,,,,typical90,,
AtCoder,typical90_cb,080. Let's Share Bit（★6）,,Unknown,,,,typical90,,
AtCoder,typical90_cc,081. Friendly Group（★5）,,Unknown,,,,typical90,,
AtCoder,typical90_cd,082. Counting Numbers（★3）,,Unknown,,,,typical90,,
AtCoder,typical90_ce,083. Colorful Graph（★6）,,Unknown,,,,typical90,,
AtCoder,typical90_cf,084. There are two types of characters（★3）,,Unknown,,,,typical90,,
AtCoder,typical90_cg,085. Multiplication 085（★4）,,Unknown,,,,typical90,,
AtCoder,typical90_ch,086. Snuke's Favorite Arrays（★5）,,Unknown,,,,typical90,,
AtCoder,typical90_ci,087. Chokudai's Demand（★5）,,Unknown,,,,typical90,,
AtCoder,typical90_cj,088. Similar but Different Ways（★6）,,Unknown,,,,typical90,,
AtCoder,typical90_ck,089. Partitions and Inversions（★7）,,Unknown,,,,typical90,,
AtCoder,typical90_cl,090. Tenkei90's Last Problem（★7）,,Unknown,,,,typical90,,
AtCoder,typical90_d,004. Cross Sum（★2）,,Unknown,,,,typical90,,
AtCoder,typical90_e,005. Restricted Digits（★7）,,Unknown,,,,typical90,,
AtCoder,typical90_f,006. Smallest Subsequence（★5）,,Unknown,,,,typical90,,
AtCoder,typical90_g,007. CP Classes（★3）,,Unknown,,,,typical90,,
AtCoder,typical90_h,008. AtCounter（★4）,,Unknown,,,,typical90,,
AtCoder,typical90_i,009. Three Point Angle（★6）,,Unknown,,,,typical90,,
AtCoder,typical90_j,010. Score Sum Queries（★2）,,Unknown,,,,typical90,,
AtCoder,typical90_k,011. Gravy Jobs（★6）,,Unknown,,,,typical90,,
AtCoder,typical90_l,012. Red Painting（★4）,,Unknown,,,,typical90,,
AtCoder,typical90_m,013. Passing（★5）,,Unknown,,,,typical90,,
AtCoder,typical90_n,014. We Used to Sing a Song Together（★3）,,Unknown,,,,typical90,,
AtCoder,typical90_o,015. Don't be too close（★6）,,Unknown,,,,typical90,,
AtCoder,typical90_p,016. Minimum Coins（★3）,,Unknown,,,,typical90,,
AtCoder,typical90_q,017. Crossing Segments（★7）,,Unknown,,,,typical90,,
AtCoder,typical90_r,018. Statue of Chokudai（★3）,,Unknown,,,,typical90,,
AtCoder,typical90_s,019. Pick Two（★6）,,Unknown,,,,typical90,,
AtCoder,typical90_t,020. Log Inequality（★3）,,Unknown,,,,typical90,,
AtCoder,typical90_u,021. Come Back in One Piece（★5）,,Unknown,,,,typical90,,
AtCoder,typical90_v,022. Cubic Cake（★2）,,Unknown,,,,typical90,,
AtCoder,typical90_w,023. Avoid War（★7）,,Unknown,,,,typical90,,
AtCoder,typical90_x,024. Select +／- One（★2）,,Unknown,,,,typical90,,
AtCoder,typical90_y,025. Digit Product Equation（★7）,,Unknown,,,,typical90,,
AtCoder,typical90_z,026. Independent Set on a Tree（★4）,,Unknown,,,,typical90,,
AtCoder,ukuku09_a,A. UkuNumber,,Unknown,,,,ukuku09,,
AtCoder,ukuku09_b,B. Sprinkler,,Unknown,,,,ukuku09,,
AtCoder,ukuku09_c,C. Maze,,Unknown,,,,ukuku09,,
AtCoder,ukuku09_d,D. ukuku,,Unknown,,,,ukuku09,,
AtCoder,ukuku09_e,E. Couple,,Unknown,,,,ukuku09,,
AtCoder,unionfind_a,B. Union Find,,Unknown,,,,atc001,,
AtCoder,utpc2011_1,A. プログラミングコンテスト,,Unknown,,,,utpc2011,,
AtCoder,utpc2011_10,J. 乱択平衡分二分探索木,,Unknown,,,,utpc2011,,
AtCoder,utpc2011_11,K. 巡回セールスマン問題,,Unknown,,,,utpc2011,,
AtCoder,utpc2011_12,L. L番目の数字,,Unknown,,,,utpc2011,,
AtCoder,utpc2011_2,B. (iwi),,Unknown,,,,utpc2011,,
AtCoder,utpc2011_3,C. [[iwi]],,Unknown,,,,utpc2011,,
AtCoder,utpc2011_4,D. 停止問題,,Unknown,,,,utpc2011,,
AtCoder,utpc2011_5,E. ファーストアクセプタンス,,Unknown,,,,utpc2011,,
AtCoder,utpc2011_6,F. 全域木,,Unknown,,,,utpc2011,,
AtCoder,utpc2011_7,G. プログラミングコンテストチャレンジブック,,Unknown,,,,utpc2011,,
AtCoder,utpc2011_8,H. キャッシュ戦略,,Unknown,,,,utpc2011,,
AtCoder,utpc2011_9,I. ビット演算,,Unknown,,,,utpc2011,,
AtCoder,utpc2012_01,A. 2012年12月02日,,Unknown,,,,utpc2012,,
AtCoder,utpc2012_02,B. 残像に口紅を,,Unknown,,,,utpc2012,,
AtCoder,utpc2012_03,C. 森ですか？,,Unknown,,,,utpc2012,,
AtCoder,utpc2012_04,D. 地図が２枚,,Unknown,,,,utpc2012,,
AtCoder,utpc2012_05,E. 選挙,,Unknown,,,,utpc2012,,
AtCoder,utpc2012_06,F. Uinny,,Unknown,,,,utpc2012,,
AtCoder,utpc2012_07,G. k番目の文字列,,Unknown,,,,utpc2012,,
AtCoder,utpc2012_08,H. 区間スケジューリングクエリ,,Unknown,,,,utpc2012,,
AtCoder,utpc2012_09,I. 最短路クエリ,,Unknown,,,,utpc2012,,
AtCoder,utpc2012_10,J. きたまさの逆襲,,Unknown,,,,utpc2012,,
AtCoder,utpc2012_11,K. ラッピング,,Unknown,,,,utpc2012,,
AtCoder,utpc2012_12,L. じょうしょうツリー,,Unknown,,,,utpc2012,,
AtCoder,utpc2013_01,A. UTPC,,Unknown,,,,utpc2013,,
AtCoder,utpc2013_02,B. 13月,,Unknown,,,,utpc2013,,
AtCoder,utpc2013_03,C. 直径,,Unknown,,,,utpc2013,,
AtCoder,utpc2013_04,D. 壊れかけのヒープ,,Unknown,,,,utpc2013,,
AtCoder,utpc2013_05,E. 2-SAT,,Unknown,,,,utpc2013,,
AtCoder,utpc2013_06,F. 魔法の糸,,Unknown,,,,utpc2013,,
AtCoder,utpc2013_07,G. 夏休みの掃除当番,,Unknown,,,,utpc2013,,
AtCoder,utpc2013_08,H. Asteroids2,,Unknown,,,,utpc2013,,
AtCoder,utpc2013_09,I. 支配と友好,,Unknown,,,,utpc2013,,
AtCoder,utpc2013_10,J. K番目の閉路,,Unknown,,,,utpc2013,,
AtCoder,utpc2013_11,K. 辞書順最小頂点被覆,,Unknown,,,,utpc2013,,
AtCoder,utpc2013_12,L. 1円ロード,,Unknown,,,,utpc2013,,
AtCoder,utpc2014_a,A. 二重否定除去法則,,Unknown,,,,utpc2014,,
AtCoder,utpc2014_b,B. 交点,,Unknown,,,,utpc2014,,
AtCoder,utpc2014_c,C. 最小カットと最大カット,,Unknown,,,,utpc2014,,
AtCoder,utpc2014_d,D. ラボライブ　タフグローバルフェスティバル,,Unknown,,,,utpc2014,,
AtCoder,utpc2014_e,E. 宝くじ,,Unknown,,,,utpc2014,,
AtCoder,utpc2014_f,F. チェックディジット,,Unknown,,,,utpc2014,,
AtCoder,utpc2014_g,G. 唯一の組み合わせ,,Unknown,,,,utpc2014,,
AtCoder,utpc2014_h,H. 回すだけ,,Unknown,,,,utpc2014,,
AtCoder,utpc2014_i,I. 盆栽,,Unknown,,,,utpc2014,,
AtCoder,utpc2014_j,J. 看板の塗り替え,,Unknown,,,,utpc2014,,
AtCoder,utpc2014_k,K. 乱数調整,,Unknown,,,,utpc2014,,
AtCoder,utpc2014_l,L. セミ時雨ハッシュ,,Unknown,,,,utpc2014,,
AtCoder,utpc2020_a,A. Row of Tents,,Unknown,,,,utpc2020,,
AtCoder,utpc2020_b,B. JANKEN Machine,,Unknown,,,,utpc2020,,
AtCoder,utpc2020_c,C. Range Flip,,Unknown,,,,utpc2020,,
AtCoder,utpc2020_d,D. Idol Group Costume,,Unknown,,,,utpc2020,,
AtCoder,utpc2020_e,E. Sort Segments,,Unknown,,,,utpc2020,,
AtCoder,utpc2020_f,F. Save Your MP,,Unknown,,,,utpc2020,,
AtCoder,utpc2020_g,G. D. D. Construction,,Unknown,,,,utpc2020,,
AtCoder,utpc2020_h,H. Grid Eraser,,Unknown,,,,utpc2020,,
AtCoder,utpc2020_i,I. UTPC Kingdom,,Unknown,,,,utpc2020,,
AtCoder,utpc2020_j,J. Merge and Decrement,,Unknown,,,,utpc2020,,
AtCoder,utpc2020_k,K. Special Chopsticks,,Unknown,,,,utpc2020,,
AtCoder,utpc2020_l,L. Euclidean Distance Product,,Unknown,,,,utpc2020,,
AtCoder,utpc2020_m,M. Not Another Geometry Game!,,Unknown,,,,utpc2020,,
AtCoder,utpc2021_a,A. Make UTPC,,Unknown,,,,utpc2021,,
AtCoder,utpc2021_b,B. Swap and Maximize,,Unknown,,,,utpc2021,,
AtCoder,utpc2021_c,C. Product Matching,,Unknown,,,,utpc2021,,
AtCoder,utpc2021_d,D. Chain Graph Pair,,Unknown,,,,utpc2021,,
AtCoder,utpc2021_e,E. Bounding Box,,Unknown,,,,utpc2021,,
AtCoder,utpc2021_f,F. Red and Blue Medals,,Unknown,,,,utpc2021,,
AtCoder,utpc2021_g,G. Matrix Compressor,,Unknown,,,,utpc2021,,
AtCoder,utpc2021_h,H. Quantum Multiplication,,Unknown,,,,utpc2021,,
AtCoder,utpc2021_i,I. Card Decks,,Unknown,,,,utpc2021,,
AtCoder,utpc2021_j,J. Do you like Interval Scheduling Problems?,,Unknown,,,,utpc2021,,
AtCoder,utpc2021_k,K. Divide Polynomials by #Subset Sums,,Unknown,,,,utpc2021,,
AtCoder,utpc2021_l,L. Maze Game,,Unknown,,,,utpc2021,,
AtCoder,utpc2021_m,M. Open the Door,,Unknown,,,,utpc2021,,
AtCoder,utpc2021_n,N. Tree Swapping,,Unknown,,,,utpc2021,,
AtCoder,utpc2022_a,A. Shuffle and GCD,,Unknown,,,,utpc2022,,
AtCoder,utpc2022_b,B. Cross Laser Beam,,Unknown,,,,utpc2022,,
AtCoder,utpc2022_c,C. Nim is Time-consuming,,Unknown,,,,utpc2022,,
AtCoder,utpc2022_d,D. Balance,,Unknown,,,,utpc2022,,
AtCoder,utpc2022_e,E. Parallel Swapping,,Unknown,,,,utpc2022,,
AtCoder,utpc2022_f,F. K inversions,,Unknown,,,,utpc2022,,
AtCoder,utpc2022_g,G. K flipping,,Unknown,,,,utpc2022,,
AtCoder,utpc2022_h,H. Digit Slot,,Unknown,,,,utpc2022,,
AtCoder,utpc2022_i,I. Which must be deleted?,,Unknown,,,,utpc2022,,
AtCoder,utpc2022_j,J. Divide and Sort,,Unknown,,,,utpc2022,,
AtCoder,utpc2022_k,K. Grid Coloring,,Unknown,,,,utpc2022,,
AtCoder,utpc2022_l,L. Small RPS Tournament,,Unknown,,,,utpc2022,,
AtCoder,utpc2022_m,M. Minimize XOR by Redistribution,,Unknown,,,,utpc2022,,
AtCoder,utpc2022_n,N. 01 String Game,,Unknown,,,,utpc2022,,
AtCoder,utpc2022_o,O. Move to Rest,,Unknown,,,,utpc2022,,
AtCoder,utpc2023_a,A. Again Make UTPC,,Unknown,,,,utpc2023,,
AtCoder,utpc2023_b,B. Black or White 2,,Unknown,,,,utpc2023,,
AtCoder,utpc2023_c,C. Contour Multiplication,,Unknown,,,,utpc2023,,
AtCoder,utpc2023_d,D. DRD String,,Unknown,,,,utpc2023,,
AtCoder,utpc2023_e,E. Equally Dividing,,Unknown,,,,utpc2023,,
AtCoder,utpc2023_f,F. Flip or Not,,Unknown,,,,utpc2023,,
AtCoder,utpc2023_g,G. Graph Weighting,,Unknown,,,,utpc2023,,
AtCoder,utpc2023_h,H. Huge Segment Tree,,Unknown,,,,utpc2023,,
AtCoder,utpc2023_i,I. I Love Marathon Contest,,Unknown,,,,utpc2023,,
AtCoder,utpc2023_j,J. Japanese Gift Money,,Unknown,,,,utpc2023,,
AtCoder,utpc2023_k,K. Kth Sum,,Unknown,,,,utpc2023,,
AtCoder,utpc2023_l,L. Largest Triangle,,Unknown,,,,utpc2023,,
AtCoder,utpc2023_m,M. Majority and Permutation,,Unknown,,,,utpc2023,,
AtCoder,utpc2023_n,N. Number of Abbreviations,,Unknown,,,,utpc2023,,
AtCoder,utpc2023_o,O. Optimal Train Operation,,Unknown,,,,utpc2023,,
AtCoder,utpc2023_p,P. Priority Queue 3,,Unknown,,,,utpc2023,,
AtCoder,utpc2023_q,Q. Quotient Sum,,Unknown,,,,utpc2023,,
AtCoder,utpc2024_a,A. Array Similarity,,Unknown,,,,utpc2024,,
AtCoder,utpc2024_b,B. Bracket Character Frequency,,Unknown,,,,utpc2024,,
AtCoder,utpc2024_c,C. Card Deck,,Unknown,,,,utpc2024,,
AtCoder,utpc2024_d,D. Digits of Prefix Product,,Unknown,,,,utpc2024,,
AtCoder,utpc2024_e,E. Edge Coloring Problem,,Unknown,,,,utpc2024,,
AtCoder,utpc2024_f,F. Fourier Coefficients,,Unknown,,,,utpc2024,,
AtCoder,utpc2024_g,G. Guarding Plan,,Unknown,,,,utpc2024,,
AtCoder,utpc2024_h,H. Hidden Sequence Rotation,,Unknown,,,,utpc2024,,
AtCoder,utpc2024_i,I. Insert AB or BA,,Unknown,,,,utpc2024,,
AtCoder,utpc2024_j,J. Journey through the Fractal,,Unknown,,,,utpc2024,,
AtCoder,utpc2024_k,K. K-rep Array,,Unknown,,,,utpc2024,,
AtCoder,utpc2024_l,L. LIS Triangle,,Unknown,,,,utpc2024,,
AtCoder,utpc2024_m,M. Minimum Distance Tree,,Unknown,,,,utpc2024,,
AtCoder,utpc2024_n,N. Nice Bouquets,,Unknown,,,,utpc2024,,
AtCoder,utpc2024_o,O. One Different Inequality,,Unknown,,,,utpc2024,,
AtCoder,utpc2024_p,P. Perfect Suika Game on a Tree,,Unknown,,,,utpc2024,,
AtCoder,utpc2024_q,Q. Quadratic Pieces,,Unknown,,,,utpc2024,,
AtCoder,utpc2025_a,A. Apparently Make UTPC,,Unknown,,,,utpc2025,,
AtCoder,utpc2025_b,B. Binary Tree Counting,,Unknown,,,,utpc2025,,
AtCoder,utpc2025_c,C. Convex Crusher,,Unknown,,,,utpc2025,,
AtCoder,utpc2025_d,D. Divisible by 11,,Unknown,,,,utpc2025,,
AtCoder,utpc2025_e,E. Exchange or Not,,Unknown,,,,utpc2025,,
AtCoder,utpc2025_f,F. Finite Bracket Sequence,,Unknown,,,,utpc2025,,
AtCoder,utpc2025_g,G. Greatest Bracket Sequence,,Unknown,,,,utpc2025,,
AtCoder,utpc2025_h,H. Heyawake-like Problem,,Unknown,,,,utpc2025,,
AtCoder,utpc2025_i,I. Inversion Graph,,Unknown,,,,utpc2025,,
AtCoder,utpc2025_j,J. Jelly,,Unknown,,,,utpc2025,,
AtCoder,utpc2025_k,K. Keep or Gamble,,Unknown,,,,utpc2025,,
AtCoder,utpc2025_l,L. Linear Floor,,Unknown,,,,utpc2025,,
AtCoder,utpc2025_m,M. Max Conference,,Unknown,,,,utpc2025,,
AtCoder,utpc2025_n,N. Numerical Error,,Unknown,,,,utpc2025,,
AtCoder,waipc_qual_a,A. Take Mod for All,,Unknown,,,,waipc-qual,,
AtCoder,waipc_qual_b,B. Prepare the Winning Game,,Unknown,,,,waipc-qual,,
AtCoder,waipc_qual_c,C. Odd Even Counters,,Unknown,,,,waipc-qual,,
AtCoder,waipc_qual_d,D. Cyclic Present Exchange,,Unknown,,,,waipc-qual,,
AtCoder,waipc_qual_e,E. XOR and Shift,,Unknown,,,,waipc-qual,,
AtCoder,waipc_qual_f,F. Sorted Factors,,Unknown,,,,waipc-qual,,
AtCoder,waipc_qual_g,G. Sum of Max of Sum of K Segments,,Unknown,,,,waipc-qual,,
AtCoder,wn2017_1_a,A. Satellite data compression,,Unknown,,,,wn2017_1,,
AtCoder,wtf19_a,A. Magic,,Unknown,,,,wtf19-open,,False
AtCoder,wtf19_b,B. Multiple of Nine,,Unknown,,,,wtf19-open,,False
AtCoder,wtf19_c1,C1. Triangular Lamps Easy,,Unknown,,,,wtf19-open,,False
AtCoder,wtf19_c2,C2. Triangular Lamps Hard,,Unknown,,,,wtf19-open,,False
AtCoder,wtf19_d,D. Distinct Boxes,,Unknown,,,,wtf19-open,,False
AtCoder,wtf19_e,E. e,,Unknown,,,,wtf19-open,,False
AtCoder,wtf22_day1_a,A. Save the Monsters,1246.0,Medium,,,,wtf22-day1-open,312.0,False
AtCoder,wtf22_day1_b,B. Non-Overlapping Swaps,2945.0,Hard,,,,wtf22-day1-open,312.0,False
AtCoder,wtf22_day1_c,C. Shrink the Tree,3884.0,Hard,,,,wtf22-day1-open,312.0,False
AtCoder,wtf22_day1_d,D. Welcome to Tokyo!,3884.0,Hard,,,,wtf22-day1-open,312.0,False
AtCoder,wtf22_day1_e,E. Sort A[i]-i,3884.0,Hard,,,,wtf22-day1-open,312.0,False
AtCoder,wtf22_day2_a,A. Hat Puzzle,,Unknown,,,,wtf22-day2,,False
AtCoder,wtf22_day2_b,B. The Greatest Two,,Unknown,,,,wtf22-day2,,False
AtCoder,wtf22_day2_c,C. Jewel Pairs,,Unknown,,,,wtf22-day2,,False
AtCoder,wtf22_day2_d,D. Cat Jumps,,Unknown,,,,wtf22-day2,,False
AtCoder,wtf22_day2_e,E. Adjacent Xor Game,,Unknown,,,,wtf22-day2,,False
AtCoder,wupc2012_1,A. 招待状,,Unknown,,,,wupc2012,,
AtCoder,wupc2012_2,B. パスワード,,Unknown,,,,wupc2012,,
AtCoder,wupc2012_3,C. 自宅からの脱出,,Unknown,,,,wupc2012,,
AtCoder,wupc2012_4,D. 三角パズル,,Unknown,,,,wupc2012,,
AtCoder,wupc2012_5,E. 会場への道,,Unknown,,,,wupc2012,,
AtCoder,wupc2012_6,F. 最後の問題,,Unknown,,,,wupc2012,,
AtCoder,wupc2019_a,A. WAsedAC,,Unknown,,,,wupc2019,,
AtCoder,wupc2019_b,B. 10 puzzle,,Unknown,,,,wupc2019,,
AtCoder,wupc2019_c,C. Permutation City,,Unknown,,,,wupc2019,,
AtCoder,wupc2019_d,D. Choose Your Characters,,Unknown,,,,wupc2019,,
AtCoder,wupc2019_e,E. Artist,,Unknown,,,,wupc2019,,
AtCoder,wupc2019_f,F. RPG,,Unknown,,,,wupc2019,,
AtCoder,wupc2019_g,G. Teishoku,,Unknown,,,,wupc2019,,
AtCoder,wupc2019_h,H. Doki Doki Programming Clubs!,,Unknown,,,,wupc2019,,
AtCoder,wupc2019_i,I. Ramen,,Unknown,,,,wupc2019,,
AtCoder,wupc2019_j,J. Color Ball,,Unknown,,,,wupc2019,,
AtCoder,wupc_01,A. 団子とうさぎ,,Unknown,,,,wupc2nd,,
AtCoder,wupc_02,B. 雨上がり,,Unknown,,,,wupc2nd,,
AtCoder,wupc_03,C. 至高のケーキ,,Unknown,,,,wupc2nd,,
AtCoder,wupc_04,D. 5キューブ,,Unknown,,,,wupc2nd,,
AtCoder,wupc_05,E. 独立記念日,,Unknown,,,,wupc2nd,,
AtCoder,wupc_06,F. 僕は宇宙人,,Unknown,,,,wupc2nd,,
AtCoder,wupc_07,G. だるま落とし,,Unknown,,,,wupc2nd,,
AtCoder,wupc_08,H. ダイヤグラム,,Unknown,,,,wupc2nd,,
AtCoder,wupc_09,I. その味は甘くて,,Unknown,,,,wupc2nd,,
AtCoder,xmascon16_a,A. Array Sum,,Unknown,,,,xmascon16midnight,,
AtCoder,xmascon16_b,B. Binary Tree,,Unknown,,,,xmascon16midnight,,
AtCoder,xmascon16_c,C. Cutting Swiss Roll,,Unknown,,,,xmascon16midnight,,
AtCoder,xmascon16_d,D. Distributed Sorting,,Unknown,,,,xmascon16midnight,,
AtCoder,xmascon16_e,"E. Examination, Estimation",,Unknown,,,,xmascon16midnight,,
AtCoder,xmascon16_f,F. Fifty-Fifty?,,Unknown,,,,xmascon16midnight,,
AtCoder,xmascon16_g,G. Guide Passengers,,Unknown,,,,xmascon16midnight,,
AtCoder,xmascon16_h,H. High-powered Illuminations,,Unknown,,,,xmascon16midnight,,
AtCoder,xmascon16_i,I. ISOLT,,Unknown,,,,xmascon16midnight,,
AtCoder,xmascon16_j,J. Just a Single Testcase,,Unknown,,,,xmascon16midnight,,
AtCoder,xmascon17_a,A. Compressor,,Unknown,,,,xmascon17,,
AtCoder,xmascon17_b,"B. Hello, Xmas Contest 2017",,Unknown,,,,xmascon17,,
AtCoder,xmascon17_c,C. Revenge of Kurousa,,Unknown,,,,xmascon17,,
AtCoder,xmascon17_d,D. Inversion Number,,Unknown,,,,xmascon17,,
AtCoder,xmascon17_e,E. String Problem,,Unknown,,,,xmascon17,,
AtCoder,xmascon17_f,F. Tree Disassembly,,Unknown,,,,xmascon17,,
AtCoder,xmascon17_g,G. Maze,,Unknown,,,,xmascon17,,
AtCoder,xmascon17_h,H. Ango,,Unknown,,,,xmascon17,,
AtCoder,xmascon17_i,I. SAT Puzzle,,Unknown,,,,xmascon17,,
AtCoder,xmascon18_a,A. Art Time,,Unknown,,,,xmascon18,,
AtCoder,xmascon18_b,B. Bit Smaller,,Unknown,,,,xmascon18,,
AtCoder,xmascon18_c,C. CombinatioN,,Unknown,,,,xmascon18,,
AtCoder,xmascon18_d,D. Devilish Dice,,Unknown,,,,xmascon18,,
AtCoder,xmascon18_e,E. Exclusive☆OR,,Unknown,,,,xmascon18,,
AtCoder,xmascon18_f,F. Fluffy Fox,,Unknown,,,,xmascon18,,
AtCoder,xmascon18_g,G. Good Game,,Unknown,,,,xmascon18,,
AtCoder,xmascon18_h,"H. Hello, Xmas Contest 2018",,Unknown,,,,xmascon18,,
AtCoder,xmascon18_i,I. Interesting Equation,,Unknown,,,,xmascon18,,
AtCoder,xmascon18_j,J. Japanese Exponentation,,Unknown,,,,xmascon18,,
AtCoder,xmascon19_a,A. Signboard 1,,Unknown,,,,xmascon19,,
AtCoder,xmascon19_b,B. Set of Integers,,Unknown,,,,xmascon19,,
AtCoder,xmascon19_c,C. Sokoban,,Unknown,,,,xmascon19,,
AtCoder,xmascon19_d,D. Sum of (-1)^f(n),,Unknown,,,,xmascon19,,
AtCoder,xmascon19_e,E. Sum of f(n),,Unknown,,,,xmascon19,,
AtCoder,xmascon19_f,F. Stamps 1,,Unknown,,,,xmascon19,,
AtCoder,xmascon19_g,G. Stamps 2,,Unknown,,,,xmascon19,,
AtCoder,xmascon19_h,H. Stamps 3,,Unknown,,,,xmascon19,,
AtCoder,xmascon19_i,I. Stamps 4,,Unknown,,,,xmascon19,,
AtCoder,xmascon19_j,J. Sub-Post Correspondence Problem,,Unknown,,,,xmascon19,,
AtCoder,xmascon19_k,K. Set of Trees,,Unknown,,,,xmascon19,,
AtCoder,xmascon19_l,L. Signboard 2,,Unknown,,,,xmascon19,,
AtCoder,xmascon20_a,A. Additive-Subtractive Stamps,,Unknown,,,,xmascon20,,
AtCoder,xmascon20_b,B. Beterminant,,Unknown,,,,xmascon20,,
AtCoder,xmascon20_c,C. Candies Candidates,,Unknown,,,,xmascon20,,
AtCoder,xmascon20_d,D. Determinant,,Unknown,,,,xmascon20,,
AtCoder,xmascon20_e,E. Eternal Dice,,Unknown,,,,xmascon20,,
AtCoder,xmascon20_f,F. Famous in Russia,,Unknown,,,,xmascon20,,
AtCoder,xmascon20_g,G. Graph Products,,Unknown,,,,xmascon20,,
AtCoder,xmascon20_h,H. Hierarchical Phylogeny,,Unknown,,,,xmascon20,,
AtCoder,xmascon20_i,I. Implement Me,,Unknown,,,,xmascon20,,
AtCoder,xmascon21_a,A. At Random,,Unknown,,,,xmascon21,,
AtCoder,xmascon21_b,B. Bad Mood,,Unknown,,,,xmascon21,,
AtCoder,xmascon21_c,C. Count Me,,Unknown,,,,xmascon21,,
AtCoder,xmascon21_d,D. Determinant?,,Unknown,,,,xmascon21,,
AtCoder,xmascon21_e,E. E and PI,,Unknown,,,,xmascon21,,
AtCoder,xmascon21_f,F. Fractal and Palindrome,,Unknown,,,,xmascon21,,
AtCoder,xmascon21_g,G. Game of Distinction,,Unknown,,,,xmascon21,,
AtCoder,xmascon21_h,H. Homework from Zhejiang,,Unknown,,,,xmascon21,,
AtCoder,xmascon21_i,I. Interactive Moles,,Unknown,,,,xmascon21,,
AtCoder,xmascon22_a,A. Arte Del Latte,,Unknown,,,,xmascon22,,
AtCoder,xmascon22_b,B. Battle Solving,,Unknown,,,,xmascon22,,
AtCoder,xmascon22_c,C. Conditional Swap,,Unknown,,,,xmascon22,,
AtCoder,xmascon22_d,D. Dichotomy,,Unknown,,,,xmascon22,,
AtCoder,xmascon22_e,E. Educational Statement,,Unknown,,,,xmascon22,,
AtCoder,xmascon22_f,F. Fast as Fast as Ryser,,Unknown,,,,xmascon22,,
AtCoder,xmascon22_g,G. Generator SAT,,Unknown,,,,xmascon22,,
AtCoder,xmascon22_h,H. Happy Game,,Unknown,,,,xmascon22,,
AtCoder,xmascon23_a,A. Art Irrationnel,,Unknown,,,,xmascon23,,
AtCoder,xmascon23_b,B. Beautiful Rotation,,Unknown,,,,xmascon23,,
AtCoder,xmascon23_c,C. Clamp Clamp Clamp,,Unknown,,,,xmascon23,,
AtCoder,xmascon23_d,D. Distance Construction,,Unknown,,,,xmascon23,,
AtCoder,xmascon23_e,E. Exponent of PI,,Unknown,,,,xmascon23,,
AtCoder,xmascon23_f,F. Failed Failure Link,,Unknown,,,,xmascon23,,
AtCoder,xmascon23_g,G. Group Structure,,Unknown,,,,xmascon23,,
AtCoder,xmascon23_h,H. How to Pose Such a Problem,,Unknown,,,,xmascon23,,
AtCoder,xmascon24_a,A. Artistic Modulus,,Unknown,,,,xmascon24,,
AtCoder,xmascon24_b,B. BNF Backup,,Unknown,,,,xmascon24,,
AtCoder,xmascon24_c,C. Compose Your Library,,Unknown,,,,xmascon24,,
AtCoder,xmascon24_d,D. Divisibility Power,,Unknown,,,,xmascon24,,
AtCoder,xmascon24_e,E. Embed the Tree,,Unknown,,,,xmascon24,,
AtCoder,xmascon24_f,F. Finite Field Training,,Unknown,,,,xmascon24,,
AtCoder,xmascon24_g,G. Game Pack,,Unknown,,,,xmascon24,,
AtCoder,xmascon25_a,A. Artwork Sum,,Unknown,,,,xmascon25,,
AtCoder,xmascon25_b,B. Binary Beauty,,Unknown,,,,xmascon25,,
AtCoder,xmascon25_c,C. Combination,,Unknown,,,,xmascon25,,
AtCoder,xmascon25_d,D. D-infinite,,Unknown,,,,xmascon25,,
AtCoder,xmascon25_e,E. Evaluation,,Unknown,,,,xmascon25,,
AtCoder,xmascon25_f,F. Fluffian,,Unknown,,,,xmascon25,,
AtCoder,xmascon25_g,G. Gon Pack,,Unknown,,,,xmascon25,,
AtCoder,xmascontest2015_a,A. Accumulation,,Unknown,,,,xmascontest2015,,
AtCoder,xmascontest2015_b,B. Broken Christmas Tree,,Unknown,,,,xmascontest2015,,
AtCoder,xmascontest2015_c,C. Colored Tiles,,Unknown,,,,xmascontest2015,,
AtCoder,xmascontest2015_d,D. Destroy the Duplicated Poem,,Unknown,,,,xmascontest2015,,
AtCoder,xmascontest2015_e,E. Esolang?,,Unknown,,,,xmascontest2015,,
AtCoder,xmascontest2015_f,F. FILO Sort,,Unknown,,,,xmascontest2015,,
AtCoder,xmascontest2015_g,G. Good Sequence,,Unknown,,,,xmascontest2015,,
AtCoder,xmascontest2015_h,H. Hybrid Testcase,,Unknown,,,,xmascontest2015,,
AtCoder,yahoo_procon2017_final_a,A. YahooYahooYahoo,,Unknown,,,,yahoo-procon2017-final,,
AtCoder,yahoo_procon2017_final_b,B. チーム決め,,Unknown,,,,yahoo-procon2017-final,,
AtCoder,yahoo_procon2017_final_c,C. 倍数クエリ,,Unknown,,,,yahoo-procon2017-final,,
AtCoder,yahoo_procon2017_final_d,D. KthLIS,,Unknown,,,,yahoo-procon2017-final,,
AtCoder,yahoo_procon2017_final_e,E. 瞬間移動装置,,Unknown,,,,yahoo-procon2017-final,,
AtCoder,yahoo_procon2017_qual_a,A. Yahoo,,Unknown,,,,yahoo-procon2017-qual,,
AtCoder,yahoo_procon2017_qual_b,B. オークション,,Unknown,,,,yahoo-procon2017-qual,,
AtCoder,yahoo_procon2017_qual_c,C. 検索,,Unknown,,,,yahoo-procon2017-qual,,
AtCoder,yahoo_procon2017_qual_d,D. 工場,,Unknown,,,,yahoo-procon2017-qual,,
AtCoder,yahoo_procon2017_qual_e,E. 遊園地,,Unknown,,,,yahoo-procon2017-qual,,
AtCoder,yahoo_procon2018_final_a,A. Uncommon,,Unknown,,,,yahoo-procon2018-final,,
AtCoder,yahoo_procon2018_final_b,B. 経路が色々,,Unknown,,,,yahoo-procon2018-final,,
AtCoder,yahoo_procon2018_final_c,C. 木の問題,,Unknown,,,,yahoo-procon2018-final,,
AtCoder,yahoo_procon2018_final_d,"D. LCP(prefix,suffix)",,Unknown,,,,yahoo-procon2018-final,,
AtCoder,yahoo_procon2018_final_e,E. ネットワークの構築,,Unknown,,,,yahoo-procon2018-final,,
AtCoder,yahoo_procon2018_qual_a,A. yahoo,,Unknown,,,,yahoo-procon2018-qual,,
AtCoder,yahoo_procon2018_qual_b,B. オークション,,Unknown,,,,yahoo-procon2018-qual,,
AtCoder,yahoo_procon2018_qual_c,C. 駆引取引,,Unknown,,,,yahoo-procon2018-qual,,
AtCoder,yahoo_procon2018_qual_d,D. XOR XorY,,Unknown,,,,yahoo-procon2018-qual,,
AtCoder,yahoo_procon2018_qual_e,E. グラフの問題,,Unknown,,,,yahoo-procon2018-qual,,
AtCoder,yahoo_procon2019_final_a,A. Affiches,,Unknown,,,,yahoo-procon2019-final,,
AtCoder,yahoo_procon2019_final_b,B. Bonsai Grafting,,Unknown,,,,yahoo-procon2019-final,,
AtCoder,yahoo_procon2019_final_c,C. Checkered Stamps,,Unknown,,,,yahoo-procon2019-final,,
AtCoder,yahoo_procon2019_final_d,D. Dangerous Hopscotch,,Unknown,,,,yahoo-procon2019-final,,
AtCoder,yahoo_procon2019_final_e,E. Espionage,,Unknown,,,,yahoo-procon2019-final,,
AtCoder,yahoo_procon2019_qual_a,A. Anti-Adjacency,-278.0,Easy,,,,yahoo-procon2019-qual,2575.0,False
AtCoder,yahoo_procon2019_qual_b,B. Path,-122.0,Easy,,,,yahoo-procon2019-qual,2575.0,False
AtCoder,yahoo_procon2019_qual_c,C. When I hit my pocket...,547.0,Easy,,,,yahoo-procon2019-qual,2575.0,False
AtCoder,yahoo_procon2019_qual_d,D. Ears,1998.0,Medium,,,,yahoo-procon2019-qual,2575.0,False
AtCoder,yahoo_procon2019_qual_e,E. Odd Subrectangles,2585.0,Hard,,,,yahoo-procon2019-qual,2575.0,False
AtCoder,yahoo_procon2019_qual_f,F. Pass,2253.0,Hard,,,,yahoo-procon2019-qual,2575.0,False
AtCoder,yamato_contest2019_a,A. 問題１,,Unknown,,,,kuronekoyamato-contest2019,,
AtCoder,yamato_contest2019_b,B. 問題２,,Unknown,,,,kuronekoyamato-contest2019,,
AtCoder,yuha_c83_01,A. Revenge of Voronoi - ボロノイの逆襲,,Unknown,,,,yuha-c83,,
AtCoder,yuha_c83_02,B. Sun and Moon - 秘密結社太陽と月の団,,Unknown,,,,yuha-c83,,
AtCoder,yuha_c83_03,C. Dendrogram - 樹形図,,Unknown,,,,yuha-c83,,
AtCoder,yuha_c83_04,D. Psychic Accelerator - とある超能力の物体加速器,,Unknown,,,,yuha-c83,,
AtCoder,yuha_c83_05,E. Camera Control - カメラ・コントロール,,Unknown,,,,yuha-c83,,
AtCoder,yuha_c88_a,A. エンド・オブ・ビギニング,,Unknown,,,,yuha-c88,,
AtCoder,yuha_c88_b,B. ハヌマーンの試練,,Unknown,,,,yuha-c88,,
AtCoder,yuha_c88_c,C. 酒場の冒険者たち,,Unknown,,,,yuha-c88,,
AtCoder,yuha_c88_d,D. 氷柱の上の聖剣,,Unknown,,,,yuha-c88,,
AtCoder,yuha_c88_e,E. 必殺！無限覇王斬！,,Unknown,,,,yuha-c88,,
AtCoder,yuha_c88_f,F. やって来たぜ！魔王城！,,Unknown,,,,yuha-c88,,
AtCoder,yuha_c88_g,G. 志なかばで死んだ勇者の名は…,,Unknown,,,,yuha-c88,,
AtCoder,yuha_c88_h,H. 恐怖！不幸を呼ぶ盾,,Unknown,,,,yuha-c88,,
AtCoder,yuha_c88_i,I. 姫への愛情と朽ちた兜,,Unknown,,,,yuha-c88,,
AtCoder,yuha_c88_j,J. 勇者最後の戦い！倒せ悪の大魔王！,,Unknown,,,,yuha-c88,,
AtCoder,zone2021_a,A. UFO Invasion,-1001.0,Easy,,,,zone2021,6541.0,False
AtCoder,zone2021_b,B. Sign of Friendship,-22.0,Easy,,,,zone2021,6541.0,False
AtCoder,zone2021_c,C. MAD TEAM,1497.0,Medium,,,,zone2021,6541.0,False
AtCoder,zone2021_d,D. Message from Aliens,719.0,Easy,,,,zone2021,6541.0,False
AtCoder,zone2021_e,E. Sneaking,1624.0,Medium,,,,zone2021,6541.0,False
AtCoder,zone2021_f,F. Encounter and Farewell,2197.0,Hard,,,,zone2021,6541.0,False
