platform,problem_id,title,difficulty_raw,difficulty_band,accepted_count,submission_count,acceptance_rate,paid_only,tags
LeetCode,1,Two Sum,1,Easy,,,57.63842784907515,False,"['Array', 'Hash Table']"
LeetCode,2,Add Two Numbers,2,Medium,,,48.64132654450405,False,"['Linked List', 'Math', 'Recursion']"
LeetCode,3,Longest Substring Without Repeating Characters,2,Medium,,,39.237242980240694,False,"['Hash Table', 'String', 'Sliding Window']"
LeetCode,4,Median of Two Sorted Arrays,3,Hard,,,46.76685123782128,False,"['Array', 'Binary Search', 'Divide and Conquer']"
LeetCode,5,Longest Palindromic Substring,2,Medium,,,37.9881992776602,False,"['Two Pointers', 'String', 'Dynamic Programming']"
LeetCode,6,Zigzag Conversion,2,Medium,,,54.312954177941855,False,['String']
LeetCode,7,Reverse Integer,2,Medium,,,32.00542666439768,False,['Math']
LeetCode,8,String to Integer (atoi),2,Medium,,,21.139001329807908,False,['String']
LeetCode,9,Palindrome Number,1,Easy,,,60.65699923742167,False,['Math']
LeetCode,10,Regular Expression Matching,3,Hard,,,31.073324545816728,False,"['String', 'Dynamic Programming', 'Recursion']"
LeetCode,11,Container With Most Water,2,Medium,,,60.18446736794708,False,"['Array', 'Two Pointers', 'Greedy']"
LeetCode,12,Integer to Roman,2,Medium,,,71.12271455315152,False,"['Hash Table', 'Math', 'String']"
LeetCode,13,Roman to Integer,1,Easy,,,66.75161133527945,False,"['Hash Table', 'Math', 'String']"
LeetCode,14,Longest Common Prefix,1,Easy,,,47.726713909430444,False,"['Array', 'String', 'Trie']"
LeetCode,15,3Sum,2,Medium,,,39.244937372043914,False,"['Array', 'Two Pointers', 'Sorting']"
LeetCode,16,3Sum Closest,2,Medium,,,48.70465663379411,False,"['Array', 'Two Pointers', 'Sorting']"
LeetCode,17,Letter Combinations of a Phone Number,2,Medium,,,66.21139908129743,False,"['Hash Table', 'String', 'Backtracking']"
LeetCode,18,4Sum,2,Medium,,,40.83799939210196,False,"['Array', 'Two Pointers', 'Sorting']"
LeetCode,19,Remove Nth Node From End of List,2,Medium,,,51.814274856095324,False,"['Linked List', 'Two Pointers']"
LeetCode,20,Valid Parentheses,1,Easy,,,44.3144018109495,False,"['String', 'Stack']"
LeetCode,21,Merge Two Sorted Lists,1,Easy,,,68.41219199449303,False,"['Linked List', 'Recursion']"
LeetCode,22,Generate Parentheses,2,Medium,,,78.76611843819701,False,"['String', 'Dynamic Programming', 'Backtracking']"
LeetCode,23,Merge k Sorted Lists,3,Hard,,,59.76898370105113,False,"['Linked List', 'Divide and Conquer', 'Heap (Priority Queue)', 'Merge Sort']"
LeetCode,24,Swap Nodes in Pairs,2,Medium,,,69.67000300755309,False,"['Linked List', 'Recursion']"
LeetCode,25,Reverse Nodes in k-Group,3,Hard,,,66.33789210168182,False,"['Linked List', 'Recursion']"
LeetCode,26,Remove Duplicates from Sorted Array,1,Easy,,,63.013493457083506,False,"['Array', 'Two Pointers']"
LeetCode,27,Remove Element,1,Easy,,,61.925169763935685,False,"['Array', 'Two Pointers']"
LeetCode,28,Find the Index of the First Occurrence in a String,1,Easy,,,46.78110046631077,False,"['Two Pointers', 'String', 'String Matching']"
LeetCode,29,Divide Two Integers,2,Medium,,,19.89317825930065,False,"['Math', 'Bit Manipulation']"
LeetCode,30,Substring with Concatenation of All Words,3,Hard,,,34.541410006152255,False,"['Hash Table', 'String', 'Sliding Window']"
LeetCode,31,Next Permutation,2,Medium,,,45.45797733976741,False,"['Array', 'Two Pointers']"
LeetCode,32,Longest Valid Parentheses,3,Hard,,,38.96599113485473,False,"['String', 'Dynamic Programming', 'Stack']"
LeetCode,33,Search in Rotated Sorted Array,2,Medium,,,45.03579348742483,False,"['Array', 'Binary Search']"
LeetCode,34,Find First and Last Position of Element in Sorted Array,2,Medium,,,49.05572221036139,False,"['Array', 'Binary Search']"
LeetCode,35,Search Insert Position,1,Easy,,,51.44748384022607,False,"['Array', 'Binary Search']"
LeetCode,36,Valid Sudoku,2,Medium,,,64.62927539308915,False,"['Array', 'Hash Table', 'Matrix']"
LeetCode,37,Sudoku Solver,3,Hard,,,65.54890575265703,False,"['Array', 'Hash Table', 'Backtracking', 'Matrix']"
LeetCode,38,Count and Say,2,Medium,,,63.06570828649116,False,['String']
LeetCode,39,Combination Sum,2,Medium,,,76.66493021121829,False,"['Array', 'Backtracking']"
LeetCode,40,Combination Sum II,2,Medium,,,59.59300925835809,False,"['Array', 'Backtracking']"
LeetCode,41,First Missing Positive,3,Hard,,,43.05769808156209,False,"['Array', 'Hash Table']"
LeetCode,42,Trapping Rain Water,3,Hard,,,67.55110942840444,False,"['Array', 'Two Pointers', 'Dynamic Programming', 'Stack', 'Monotonic Stack']"
LeetCode,43,Multiply Strings,2,Medium,,,44.28404640276042,False,"['Math', 'String', 'Simulation']"
LeetCode,44,Wildcard Matching,3,Hard,,,32.144969477534836,False,"['String', 'Dynamic Programming', 'Greedy', 'Recursion']"
LeetCode,45,Jump Game II,2,Medium,,,42.99468665836055,False,"['Array', 'Dynamic Programming', 'Greedy']"
LeetCode,46,Permutations,2,Medium,,,82.01070492444273,False,"['Array', 'Backtracking']"
LeetCode,47,Permutations II,2,Medium,,,63.57506194750343,False,"['Array', 'Backtracking', 'Sorting']"
LeetCode,48,Rotate Image,2,Medium,,,80.24172969710361,False,"['Array', 'Math', 'Matrix']"
LeetCode,49,Group Anagrams,2,Medium,,,72.74490182002285,False,"['Array', 'Hash Table', 'String', 'Sorting']"
LeetCode,50,"Pow(x, n)",2,Medium,,,38.79230674630421,False,"['Math', 'Recursion']"
LeetCode,51,N-Queens,3,Hard,,,75.74869740936411,False,"['Array', 'Backtracking']"
LeetCode,52,N-Queens II,3,Hard,,,78.81350725943523,False,['Backtracking']
LeetCode,53,Maximum Subarray,2,Medium,,,53.43145036211359,False,"['Array', 'Divide and Conquer', 'Dynamic Programming']"
LeetCode,54,Spiral Matrix,2,Medium,,,56.99935352213784,False,"['Array', 'Matrix', 'Simulation']"
LeetCode,55,Jump Game,2,Medium,,,41.02158713912725,False,"['Array', 'Dynamic Programming', 'Greedy']"
LeetCode,56,Merge Intervals,2,Medium,,,52.04607149618943,False,"['Array', 'Sorting']"
LeetCode,57,Insert Interval,2,Medium,,,45.36582734540583,False,['Array']
LeetCode,58,Length of Last Word,1,Easy,,,58.99246201962862,False,['String']
LeetCode,59,Spiral Matrix II,2,Medium,,,75.19908204877028,False,"['Array', 'Matrix', 'Simulation']"
LeetCode,60,Permutation Sequence,3,Hard,,,53.352057373876626,False,"['Math', 'Recursion']"
LeetCode,61,Rotate List,2,Medium,,,42.72507844085152,False,"['Linked List', 'Two Pointers']"
LeetCode,62,Unique Paths,2,Medium,,,66.93083224779274,False,"['Math', 'Dynamic Programming', 'Combinatorics']"
LeetCode,63,Unique Paths II,2,Medium,,,44.59588009633752,False,"['Array', 'Dynamic Programming', 'Matrix']"
LeetCode,64,Minimum Path Sum,2,Medium,,,68.36341976133265,False,"['Array', 'Dynamic Programming', 'Matrix']"
LeetCode,65,Valid Number,3,Hard,,,23.09460517192519,False,['String']
LeetCode,66,Plus One,1,Easy,,,50.074462288940566,False,"['Array', 'Math']"
LeetCode,67,Add Binary,1,Easy,,,58.145925142976154,False,"['Math', 'String', 'Bit Manipulation', 'Simulation']"
LeetCode,68,Text Justification,3,Hard,,,51.323975621103855,False,"['Array', 'String', 'Simulation']"
LeetCode,69,Sqrt(x),1,Easy,,,41.91702905758434,False,"['Math', 'Binary Search']"
LeetCode,70,Climbing Stairs,1,Easy,,,54.14202054485647,False,"['Math', 'Dynamic Programming', 'Memoization']"
LeetCode,71,Simplify Path,2,Medium,,,50.74576074891179,False,"['String', 'Stack']"
LeetCode,72,Edit Distance,2,Medium,,,60.75553637012015,False,"['String', 'Dynamic Programming']"
LeetCode,73,Set Matrix Zeroes,2,Medium,,,63.11909108908629,False,"['Array', 'Hash Table', 'Matrix']"
LeetCode,74,Search a 2D Matrix,2,Medium,,,54.10553504399278,False,"['Array', 'Binary Search', 'Matrix']"
LeetCode,75,Sort Colors,2,Medium,,,69.8115290136975,False,"['Array', 'Two Pointers', 'Sorting']"
LeetCode,76,Minimum Window Substring,3,Hard,,,47.73732882588112,False,"['Hash Table', 'String', 'Sliding Window']"
LeetCode,77,Combinations,2,Medium,,,74.69019675479007,False,['Backtracking']
LeetCode,78,Subsets,2,Medium,,,82.44025133809336,False,"['Array', 'Backtracking', 'Bit Manipulation']"
LeetCode,79,Word Search,2,Medium,,,47.53136376367777,False,"['Array', 'String', 'Backtracking', 'Depth-First Search', 'Matrix']"
LeetCode,80,Remove Duplicates from Sorted Array II,2,Medium,,,64.82225838259127,False,"['Array', 'Two Pointers']"
LeetCode,81,Search in Rotated Sorted Array II,2,Medium,,,40.13771220113862,False,"['Array', 'Binary Search']"
LeetCode,82,Remove Duplicates from Sorted List II,2,Medium,,,51.93585306069494,False,"['Linked List', 'Two Pointers']"
LeetCode,83,Remove Duplicates from Sorted List,1,Easy,,,56.88251744938406,False,['Linked List']
LeetCode,84,Largest Rectangle in Histogram,3,Hard,,,50.107587422964784,False,"['Array', 'Stack', 'Monotonic Stack']"
LeetCode,85,Maximal Rectangle,3,Hard,,,58.991479685330994,False,"['Array', 'Dynamic Programming', 'Stack', 'Matrix', 'Monotonic Stack']"
LeetCode,86,Partition List,2,Medium,,,61.356763378329035,False,"['Linked List', 'Two Pointers']"
LeetCode,87,Scramble String,3,Hard,,,44.77751951431049,False,"['String', 'Dynamic Programming']"
LeetCode,88,Merge Sorted Array,1,Easy,,,55.03569056049711,False,"['Array', 'Two Pointers', 'Sorting']"
LeetCode,89,Gray Code,2,Medium,,,65.10706419650842,False,"['Math', 'Backtracking', 'Bit Manipulation']"
LeetCode,90,Subsets II,2,Medium,,,61.44548265619687,False,"['Array', 'Backtracking', 'Bit Manipulation']"
LeetCode,91,Decode Ways,2,Medium,,,38.094105914484196,False,"['String', 'Dynamic Programming']"
LeetCode,92,Reverse Linked List II,2,Medium,,,51.684053697178015,False,['Linked List']
LeetCode,93,Restore IP Addresses,2,Medium,,,56.20669509380692,False,"['String', 'Backtracking']"
LeetCode,94,Binary Tree Inorder Traversal,1,Easy,,,80.18480355521746,False,"['Stack', 'Tree', 'Depth-First Search', 'Binary Tree']"
LeetCode,95,Unique Binary Search Trees II,2,Medium,,,62.64725764636091,False,"['Dynamic Programming', 'Backtracking', 'Tree', 'Binary Search Tree', 'Binary Tree']"
LeetCode,96,Unique Binary Search Trees,2,Medium,,,63.793027144873015,False,"['Math', 'Dynamic Programming', 'Tree', 'Binary Search Tree', 'Binary Tree']"
LeetCode,97,Interleaving String,2,Medium,,,44.16580284583681,False,"['String', 'Dynamic Programming']"
LeetCode,98,Validate Binary Search Tree,2,Medium,,,35.8660012254351,False,"['Tree', 'Depth-First Search', 'Binary Search Tree', 'Binary Tree']"
LeetCode,99,Recover Binary Search Tree,2,Medium,,,59.91703078207079,False,"['Tree', 'Depth-First Search', 'Binary Search Tree', 'Binary Tree']"
LeetCode,100,Same Tree,1,Easy,,,67.29942320406018,False,"['Tree', 'Depth-First Search', 'Breadth-First Search', 'Binary Tree']"
LeetCode,101,Symmetric Tree,1,Easy,,,61.36759644917764,False,"['Tree', 'Depth-First Search', 'Breadth-First Search', 'Binary Tree']"
LeetCode,102,Binary Tree Level Order Traversal,2,Medium,,,72.84325360789884,False,"['Tree', 'Breadth-First Search', 'Binary Tree']"
LeetCode,103,Binary Tree Zigzag Level Order Traversal,2,Medium,,,63.85823766637757,False,"['Tree', 'Breadth-First Search', 'Binary Tree']"
LeetCode,104,Maximum Depth of Binary Tree,1,Easy,,,78.26851574726473,False,"['Tree', 'Depth-First Search', 'Breadth-First Search', 'Binary Tree']"
LeetCode,105,Construct Binary Tree from Preorder and Inorder Traversal,2,Medium,,,68.98481698089583,False,"['Array', 'Hash Table', 'Divide and Conquer', 'Tree', 'Binary Tree']"
LeetCode,106,Construct Binary Tree from Inorder and Postorder Traversal,2,Medium,,,68.85001610997745,False,"['Array', 'Hash Table', 'Divide and Conquer', 'Tree', 'Binary Tree']"
LeetCode,107,Binary Tree Level Order Traversal II,2,Medium,,,68.37187433350353,False,"['Tree', 'Breadth-First Search', 'Binary Tree']"
LeetCode,108,Convert Sorted Array to Binary Search Tree,1,Easy,,,75.66716031800091,False,"['Array', 'Divide and Conquer', 'Tree', 'Binary Search Tree', 'Binary Tree']"
LeetCode,109,Convert Sorted List to Binary Search Tree,2,Medium,,,66.78828956146286,False,"['Linked List', 'Divide and Conquer', 'Tree', 'Binary Search Tree', 'Binary Tree']"
LeetCode,110,Balanced Binary Tree,1,Easy,,,58.52903855494051,False,"['Tree', 'Depth-First Search', 'Binary Tree']"
LeetCode,111,Minimum Depth of Binary Tree,1,Easy,,,53.105625740800534,False,"['Tree', 'Depth-First Search', 'Breadth-First Search', 'Binary Tree']"
LeetCode,112,Path Sum,1,Easy,,,55.09022736797169,False,"['Tree', 'Depth-First Search', 'Breadth-First Search', 'Binary Tree']"
LeetCode,113,Path Sum II,2,Medium,,,62.350431275623954,False,"['Backtracking', 'Tree', 'Depth-First Search', 'Binary Tree']"
LeetCode,114,Flatten Binary Tree to Linked List,2,Medium,,,70.90012869629166,False,"['Linked List', 'Stack', 'Tree', 'Depth-First Search', 'Binary Tree']"
LeetCode,115,Distinct Subsequences,3,Hard,,,52.02974261815275,False,"['String', 'Dynamic Programming']"
LeetCode,116,Populating Next Right Pointers in Each Node,2,Medium,,,67.307472079904,False,"['Linked List', 'Tree', 'Depth-First Search', 'Breadth-First Search', 'Binary Tree']"
LeetCode,117,Populating Next Right Pointers in Each Node II,2,Medium,,,57.6850673373762,False,"['Linked List', 'Tree', 'Depth-First Search', 'Breadth-First Search', 'Binary Tree']"
LeetCode,118,Pascal's Triangle,1,Easy,,,79.05598052598977,False,"['Array', 'Dynamic Programming']"
LeetCode,119,Pascal's Triangle II,1,Easy,,,67.57751144910561,False,"['Array', 'Dynamic Programming']"
LeetCode,120,Triangle,2,Medium,,,59.91702631893637,False,"['Array', 'Dynamic Programming']"
LeetCode,121,Best Time to Buy and Sell Stock,1,Easy,,,56.92171547676437,False,"['Array', 'Dynamic Programming']"
LeetCode,122,Best Time to Buy and Sell Stock II,2,Medium,,,71.20272377682244,False,"['Array', 'Dynamic Programming', 'Greedy']"
LeetCode,123,Best Time to Buy and Sell Stock III,3,Hard,,,53.934573166914,False,"['Array', 'Dynamic Programming']"
LeetCode,124,Binary Tree Maximum Path Sum,3,Hard,,,42.39979028540845,False,"['Dynamic Programming', 'Tree', 'Depth-First Search', 'Binary Tree']"
LeetCode,125,Valid Palindrome,1,Easy,,,53.52095591398004,False,"['Two Pointers', 'String']"
LeetCode,126,Word Ladder II,3,Hard,,,27.76250183852738,False,"['Hash Table', 'String', 'Backtracking', 'Breadth-First Search']"
LeetCode,127,Word Ladder,3,Hard,,,45.77076797170287,False,"['Hash Table', 'String', 'Breadth-First Search']"
LeetCode,128,Longest Consecutive Sequence,2,Medium,,,47.13393305046464,False,"['Array', 'Hash Table', 'Union-Find']"
LeetCode,129,Sum Root to Leaf Numbers,2,Medium,,,70.03474821980826,False,"['Tree', 'Depth-First Search', 'Binary Tree']"
LeetCode,130,Surrounded Regions,2,Medium,,,45.533367445969084,False,"['Array', 'Depth-First Search', 'Breadth-First Search', 'Union-Find', 'Matrix']"
LeetCode,131,Palindrome Partitioning,2,Medium,,,74.16150003955572,False,"['String', 'Dynamic Programming', 'Backtracking']"
LeetCode,132,Palindrome Partitioning II,3,Hard,,,37.22971589080375,False,"['String', 'Dynamic Programming']"
LeetCode,133,Clone Graph,2,Medium,,,65.50176903852629,False,"['Hash Table', 'Depth-First Search', 'Breadth-First Search', 'Graph Theory']"
LeetCode,134,Gas Station,2,Medium,,,48.12438640947298,False,"['Array', 'Greedy']"
LeetCode,135,Candy,3,Hard,,,48.60806685170914,False,"['Array', 'Greedy']"
LeetCode,136,Single Number,1,Easy,,,77.81584672636758,False,"['Array', 'Bit Manipulation']"
LeetCode,137,Single Number II,2,Medium,,,67.2429297343743,False,"['Array', 'Bit Manipulation']"
LeetCode,138,Copy List with Random Pointer,2,Medium,,,63.08501105748066,False,"['Hash Table', 'Linked List']"
LeetCode,139,Word Break,2,Medium,,,49.547028865821645,False,"['Array', 'Hash Table', 'String', 'Dynamic Programming', 'Trie', 'Memoization']"
LeetCode,140,Word Break II,3,Hard,,,55.6811525114229,False,"['Array', 'Hash Table', 'String', 'Dynamic Programming', 'Backtracking', 'Trie', 'Memoization']"
LeetCode,141,Linked List Cycle,1,Easy,,,54.492506046391675,False,"['Hash Table', 'Linked List', 'Two Pointers']"
LeetCode,142,Linked List Cycle II,2,Medium,,,58.21481101631327,False,"['Hash Table', 'Linked List', 'Two Pointers']"
LeetCode,143,Reorder List,2,Medium,,,65.47028382189774,False,"['Linked List', 'Two Pointers', 'Stack', 'Recursion']"
LeetCode,144,Binary Tree Preorder Traversal,1,Easy,,,75.93807056343714,False,"['Stack', 'Tree', 'Depth-First Search', 'Binary Tree']"
LeetCode,145,Binary Tree Postorder Traversal,1,Easy,,,78.32994690706401,False,"['Stack', 'Tree', 'Depth-First Search', 'Binary Tree']"
LeetCode,146,LRU Cache,2,Medium,,,47.50155210164896,False,"['Hash Table', 'Linked List', 'Design', 'Doubly-Linked List']"
LeetCode,147,Insertion Sort List,2,Medium,,,59.352681242971464,False,"['Linked List', 'Sorting']"
LeetCode,148,Sort List,2,Medium,,,64.63482516465264,False,"['Linked List', 'Two Pointers', 'Divide and Conquer', 'Sorting', 'Merge Sort']"
LeetCode,149,Max Points on a Line,3,Hard,,,30.88941592793617,False,"['Array', 'Hash Table', 'Math', 'Geometry']"
LeetCode,150,Evaluate Reverse Polish Notation,2,Medium,,,57.960085846733854,False,"['Array', 'Math', 'Stack']"
LeetCode,151,Reverse Words in a String,2,Medium,,,56.706939673704504,False,"['Two Pointers', 'String']"
LeetCode,152,Maximum Product Subarray,2,Medium,,,36.52472910327784,False,"['Array', 'Dynamic Programming']"
LeetCode,153,Find Minimum in Rotated Sorted Array,2,Medium,,,54.81455174649452,False,"['Array', 'Binary Search']"
LeetCode,154,Find Minimum in Rotated Sorted Array II,3,Hard,,,46.66286017516798,False,"['Array', 'Binary Search']"
LeetCode,155,Min Stack,2,Medium,,,58.27110030839735,False,"['Stack', 'Design']"
LeetCode,156,Binary Tree Upside Down,2,Medium,,,65.51963718126166,True,"['Tree', 'Depth-First Search', 'Binary Tree']"
LeetCode,157,Read N Characters Given Read4,1,Easy,,,42.57266128622913,True,"['Array', 'Simulation', 'Interactive']"
LeetCode,158,Read N Characters Given read4 II - Call Multiple Times,3,Hard,,,43.304979640219074,True,"['Array', 'Simulation', 'Interactive']"
LeetCode,159,Longest Substring with At Most Two Distinct Characters,2,Medium,,,57.10180369529326,True,"['Hash Table', 'String', 'Sliding Window']"
LeetCode,160,Intersection of Two Linked Lists,1,Easy,,,63.9525622527149,False,"['Hash Table', 'Linked List', 'Two Pointers']"
LeetCode,161,One Edit Distance,2,Medium,,,34.57475979547157,True,"['Two Pointers', 'String']"
LeetCode,162,Find Peak Element,2,Medium,,,46.996551758915025,False,"['Array', 'Binary Search']"
LeetCode,163,Missing Ranges,1,Easy,,,35.66619325653569,True,['Array']
LeetCode,164,Maximum Gap,2,Medium,,,52.245233183482185,False,"['Array', 'Sorting', 'Bucket Sort', 'Radix Sort']"
LeetCode,165,Compare Version Numbers,2,Medium,,,46.50913790645075,False,"['Two Pointers', 'String']"
LeetCode,166,Fraction to Recurring Decimal,2,Medium,,,30.990818091286165,False,"['Hash Table', 'Math', 'String']"
LeetCode,167,Two Sum II - Input Array Is Sorted,2,Medium,,,65.23778772662241,False,"['Array', 'Two Pointers', 'Binary Search']"
LeetCode,168,Excel Sheet Column Title,1,Easy,,,46.7105732452742,False,"['Math', 'String']"
LeetCode,169,Majority Element,1,Easy,,,66.34940049207346,False,"['Array', 'Hash Table', 'Divide and Conquer', 'Sorting', 'Counting']"
LeetCode,170,Two Sum III - Data structure design,1,Easy,,,39.156975439391445,True,"['Array', 'Hash Table', 'Two Pointers', 'Design', 'Data Stream']"
LeetCode,171,Excel Sheet Column Number,1,Easy,,,67.89815369099611,False,"['Math', 'String']"
LeetCode,172,Factorial Trailing Zeroes,2,Medium,,,46.864340970634984,False,['Math']
LeetCode,173,Binary Search Tree Iterator,2,Medium,,,76.57319837437258,False,"['Stack', 'Tree', 'Design', 'Binary Search Tree', 'Binary Tree', 'Iterator']"
LeetCode,174,Dungeon Game,3,Hard,,,41.496243570257946,False,"['Array', 'Dynamic Programming', 'Matrix']"
LeetCode,179,Largest Number,2,Medium,,,43.182704215310764,False,"['Array', 'String', 'Greedy', 'Sorting']"
LeetCode,186,Reverse Words in a String II,2,Medium,,,56.728988598427954,True,"['Two Pointers', 'String']"
LeetCode,187,Repeated DNA Sequences,2,Medium,,,53.44860486707158,False,"['Hash Table', 'String', 'Bit Manipulation', 'Sliding Window', 'Rolling Hash', 'Hash Function']"
LeetCode,188,Best Time to Buy and Sell Stock IV,3,Hard,,,50.38543240246215,False,"['Array', 'Dynamic Programming']"
LeetCode,189,Rotate Array,2,Medium,,,45.0492844861228,False,"['Array', 'Math', 'Two Pointers']"
LeetCode,190,Reverse Bits,1,Easy,,,68.60734280252503,False,"['Divide and Conquer', 'Bit Manipulation']"
LeetCode,191,Number of 1 Bits,1,Easy,,,76.97956677454276,False,"['Divide and Conquer', 'Bit Manipulation']"
LeetCode,198,House Robber,2,Medium,,,53.29537307857206,False,"['Array', 'Dynamic Programming']"
LeetCode,199,Binary Tree Right Side View,2,Medium,,,70.41908384455552,False,"['Tree', 'Depth-First Search', 'Breadth-First Search', 'Binary Tree']"
LeetCode,200,Number of Islands,2,Medium,,,64.54077712537833,False,"['Array', 'Depth-First Search', 'Breadth-First Search', 'Union-Find', 'Matrix']"
LeetCode,201,Bitwise AND of Numbers Range,2,Medium,,,49.07377431789436,False,['Bit Manipulation']
LeetCode,202,Happy Number,1,Easy,,,59.78228789142154,False,"['Hash Table', 'Math', 'Two Pointers']"
LeetCode,203,Remove Linked List Elements,1,Easy,,,54.661850122788344,False,"['Linked List', 'Recursion']"
LeetCode,204,Count Primes,2,Medium,,,36.137000291637385,False,"['Array', 'Math', 'Enumeration', 'Number Theory']"
LeetCode,205,Isomorphic Strings,1,Easy,,,48.51447667485193,False,"['Hash Table', 'String']"
LeetCode,206,Reverse Linked List,1,Easy,,,80.66994958064429,False,"['Linked List', 'Recursion']"
LeetCode,207,Course Schedule,2,Medium,,,51.59247429679527,False,"['Depth-First Search', 'Breadth-First Search', 'Graph Theory', 'Topological Sort']"
LeetCode,208,Implement Trie (Prefix Tree),2,Medium,,,69.64296744291457,False,"['Hash Table', 'String', 'Design', 'Trie']"
LeetCode,209,Minimum Size Subarray Sum,2,Medium,,,51.90974161791343,False,"['Array', 'Binary Search', 'Sliding Window', 'Prefix Sum']"
LeetCode,210,Course Schedule II,2,Medium,,,55.68732642045825,False,"['Depth-First Search', 'Breadth-First Search', 'Graph Theory', 'Topological Sort']"
LeetCode,211,Design Add and Search Words Data Structure,2,Medium,,,48.599985301682956,False,"['String', 'Depth-First Search', 'Design', 'Trie']"
LeetCode,212,Word Search II,3,Hard,,,38.55588441786769,False,"['Array', 'String', 'Backtracking', 'Trie', 'Matrix']"
LeetCode,213,House Robber II,2,Medium,,,45.034418422300824,False,"['Array', 'Dynamic Programming']"
LeetCode,214,Shortest Palindrome,3,Hard,,,42.587673779075566,False,"['String', 'Rolling Hash', 'String Matching', 'Hash Function']"
LeetCode,215,Kth Largest Element in an Array,2,Medium,,,68.9999431923322,False,"['Array', 'Divide and Conquer', 'Sorting', 'Heap (Priority Queue)', 'Quickselect']"
LeetCode,216,Combination Sum III,2,Medium,,,73.36238186014742,False,"['Array', 'Backtracking']"
LeetCode,217,Contains Duplicate,1,Easy,,,64.43028856478925,False,"['Array', 'Hash Table', 'Sorting']"
LeetCode,218,The Skyline Problem,3,Hard,,,45.45628401715057,False,"['Array', 'Divide and Conquer', 'Binary Indexed Tree', 'Segment Tree', 'Sweep Line', 'Sorting', 'Heap (Priority Queue)', 'Ordered Set']"
LeetCode,219,Contains Duplicate II,1,Easy,,,51.406813192463204,False,"['Array', 'Hash Table', 'Sliding Window']"
LeetCode,220,Contains Duplicate III,3,Hard,,,24.838188826268905,False,"['Array', 'Sliding Window', 'Sorting', 'Bucket Sort', 'Ordered Set']"
LeetCode,221,Maximal Square,2,Medium,,,50.44007812659036,False,"['Array', 'Dynamic Programming', 'Matrix']"
LeetCode,222,Count Complete Tree Nodes,1,Easy,,,72.81792329006855,False,"['Binary Search', 'Bit Manipulation', 'Tree', 'Binary Tree']"
LeetCode,223,Rectangle Area,2,Medium,,,49.748742862013124,False,"['Math', 'Geometry']"
LeetCode,224,Basic Calculator,3,Hard,,,46.94481238514578,False,"['Math', 'String', 'Stack', 'Recursion']"
LeetCode,225,Implement Stack using Queues,1,Easy,,,70.13632366395589,False,"['Stack', 'Design', 'Queue']"
LeetCode,226,Invert Binary Tree,1,Easy,,,80.14256640303189,False,"['Tree', 'Depth-First Search', 'Breadth-First Search', 'Binary Tree']"
LeetCode,227,Basic Calculator II,2,Medium,,,46.95600387179239,False,"['Math', 'String', 'Stack']"
LeetCode,228,Summary Ranges,1,Easy,,,54.32006549637289,False,['Array']
LeetCode,229,Majority Element II,2,Medium,,,56.31799329451026,False,"['Array', 'Hash Table', 'Sorting', 'Counting']"
LeetCode,230,Kth Smallest Element in a BST,2,Medium,,,76.93423507150833,False,"['Tree', 'Depth-First Search', 'Binary Search Tree', 'Binary Tree']"
LeetCode,231,Power of Two,1,Easy,,,50.18342261952697,False,"['Math', 'Bit Manipulation', 'Recursion']"
LeetCode,232,Implement Queue using Stacks,1,Easy,,,69.9286661779513,False,"['Stack', 'Design', 'Queue']"
LeetCode,233,Number of Digit One,3,Hard,,,38.97549416973249,False,"['Math', 'Dynamic Programming', 'Recursion']"
LeetCode,234,Palindrome Linked List,1,Easy,,,58.14966397282759,False,"['Linked List', 'Two Pointers', 'Stack', 'Recursion']"
LeetCode,235,Lowest Common Ancestor of a Binary Search Tree,2,Medium,,,70.75679402351052,False,"['Tree', 'Depth-First Search', 'Binary Search Tree', 'Binary Tree']"
LeetCode,236,Lowest Common Ancestor of a Binary Tree,2,Medium,,,69.5014888235237,False,"['Tree', 'Depth-First Search', 'Binary Tree']"
LeetCode,237,Delete Node in a Linked List,2,Medium,,,84.00097004261026,False,['Linked List']
LeetCode,238,Product of Array Except Self,2,Medium,,,68.9790104354309,False,"['Array', 'Prefix Sum']"
LeetCode,239,Sliding Window Maximum,3,Hard,,,48.85473345461464,False,"['Array', 'Queue', 'Sliding Window', 'Heap (Priority Queue)', 'Monotonic Queue']"
LeetCode,240,Search a 2D Matrix II,2,Medium,,,57.44075130901841,False,"['Array', 'Binary Search', 'Divide and Conquer', 'Matrix']"
LeetCode,241,Different Ways to Add Parentheses,2,Medium,,,73.36113874646055,False,"['Math', 'String', 'Dynamic Programming', 'Recursion', 'Memoization']"
LeetCode,242,Valid Anagram,1,Easy,,,68.21729006726763,False,"['Hash Table', 'String', 'Sorting']"
LeetCode,243,Shortest Word Distance,1,Easy,,,66.34596030755606,True,"['Array', 'String']"
LeetCode,244,Shortest Word Distance II,2,Medium,,,62.91498759270907,True,"['Array', 'Hash Table', 'Two Pointers', 'String', 'Design']"
LeetCode,245,Shortest Word Distance III,2,Medium,,,59.49330537892246,True,"['Array', 'String']"
LeetCode,246,Strobogrammatic Number,1,Easy,,,47.50727046115497,True,"['Hash Table', 'Two Pointers', 'String']"
LeetCode,247,Strobogrammatic Number II,2,Medium,,,53.52347777989952,True,"['Array', 'String', 'Recursion']"
LeetCode,248,Strobogrammatic Number III,3,Hard,,,42.70546117584274,True,"['Array', 'String', 'Recursion']"
LeetCode,249,Group Shifted Strings,2,Medium,,,67.83069054035887,True,"['Array', 'Hash Table', 'String']"
LeetCode,250,Count Univalue Subtrees,2,Medium,,,57.55857505164682,True,"['Tree', 'Depth-First Search', 'Binary Tree']"
LeetCode,251,Flatten 2D Vector,2,Medium,,,50.51466919039835,True,"['Array', 'Two Pointers', 'Design', 'Iterator']"
LeetCode,252,Meeting Rooms,1,Easy,,,59.46111208169877,True,"['Array', 'Sorting']"
LeetCode,253,Meeting Rooms II,2,Medium,,,52.71684317253007,True,"['Array', 'Two Pointers', 'Greedy', 'Sorting', 'Heap (Priority Queue)', 'Prefix Sum']"
LeetCode,254,Factor Combinations,2,Medium,,,50.560127498240114,True,['Backtracking']
LeetCode,255,Verify Preorder Sequence in Binary Search Tree,2,Medium,,,51.78516668857055,True,"['Array', 'Stack', 'Tree', 'Binary Search Tree', 'Recursion', 'Monotonic Stack', 'Binary Tree']"
LeetCode,256,Paint House,2,Medium,,,64.45844202889108,True,"['Array', 'Dynamic Programming']"
LeetCode,257,Binary Tree Paths,1,Easy,,,68.79725908924593,False,"['String', 'Backtracking', 'Tree', 'Depth-First Search', 'Binary Tree']"
LeetCode,258,Add Digits,1,Easy,,,68.99825165498812,False,"['Math', 'Simulation', 'Number Theory']"
LeetCode,259,3Sum Smaller,2,Medium,,,51.36149713561219,True,"['Array', 'Two Pointers', 'Binary Search', 'Sorting']"
LeetCode,260,Single Number III,2,Medium,,,70.22704921046343,False,"['Array', 'Bit Manipulation']"
LeetCode,261,Graph Valid Tree,2,Medium,,,50.03315437698057,True,"['Depth-First Search', 'Breadth-First Search', 'Union-Find', 'Graph Theory']"
LeetCode,263,Ugly Number,1,Easy,,,43.64786335587784,False,['Math']
LeetCode,264,Ugly Number II,2,Medium,,,49.640682734775716,False,"['Hash Table', 'Math', 'Dynamic Programming', 'Heap (Priority Queue)']"
LeetCode,265,Paint House II,3,Hard,,,57.17813023409425,True,"['Array', 'Dynamic Programming']"
LeetCode,266,Palindrome Permutation,1,Easy,,,68.68182242881502,True,"['Hash Table', 'String', 'Bit Manipulation']"
LeetCode,267,Palindrome Permutation II,2,Medium,,,42.36763070077864,True,"['Hash Table', 'String', 'Backtracking']"
LeetCode,268,Missing Number,1,Easy,,,72.1459163032661,False,"['Array', 'Hash Table', 'Math', 'Binary Search', 'Bit Manipulation', 'Sorting']"
LeetCode,269,Alien Dictionary,3,Hard,,,37.23924338796409,True,"['Array', 'String', 'Depth-First Search', 'Breadth-First Search', 'Graph Theory', 'Topological Sort']"
LeetCode,270,Closest Binary Search Tree Value,1,Easy,,,49.17786515129573,True,"['Binary Search', 'Tree', 'Depth-First Search', 'Binary Search Tree', 'Binary Tree']"
LeetCode,271,Encode and Decode Strings,2,Medium,,,51.658694466250644,True,"['Array', 'String', 'Design']"
LeetCode,272,Closest Binary Search Tree Value II,3,Hard,,,61.23332507465411,True,"['Two Pointers', 'Stack', 'Tree', 'Depth-First Search', 'Binary Search Tree', 'Heap (Priority Queue)', 'Binary Tree']"
LeetCode,273,Integer to English Words,3,Hard,,,35.05502804385527,False,"['Math', 'String', 'Recursion']"
LeetCode,274,H-Index,2,Medium,,,41.52226400380908,False,"['Array', 'Sorting', 'Counting Sort']"
LeetCode,275,H-Index II,2,Medium,,,39.67263007694755,False,"['Array', 'Binary Search']"
LeetCode,276,Paint Fence,2,Medium,,,48.44396106933133,True,['Dynamic Programming']
LeetCode,277,Find the Celebrity,2,Medium,,,49.02024204199348,True,"['Two Pointers', 'Graph Theory', 'Interactive']"
LeetCode,278,First Bad Version,1,Easy,,,47.23805381197492,False,"['Binary Search', 'Interactive']"
LeetCode,279,Perfect Squares,2,Medium,,,56.61305572830073,False,"['Math', 'Dynamic Programming', 'Breadth-First Search']"
LeetCode,280,Wiggle Sort,2,Medium,,,68.46207753457757,True,"['Array', 'Greedy', 'Sorting']"
LeetCode,281,Zigzag Iterator,2,Medium,,,67.0471704163193,True,"['Array', 'Design', 'Queue', 'Iterator']"
LeetCode,282,Expression Add Operators,3,Hard,,,43.309475879603625,False,"['Math', 'String', 'Backtracking']"
LeetCode,283,Move Zeroes,1,Easy,,,63.94877997315923,False,"['Array', 'Two Pointers']"
LeetCode,284,Peeking Iterator,2,Medium,,,61.57755737954096,False,"['Array', 'Design', 'Iterator']"
LeetCode,285,Inorder Successor in BST,2,Medium,,,51.22486389256953,True,"['Tree', 'Depth-First Search', 'Binary Search Tree', 'Binary Tree']"
LeetCode,286,Walls and Gates,2,Medium,,,64.0303571136668,True,"['Array', 'Breadth-First Search', 'Matrix']"
LeetCode,287,Find the Duplicate Number,2,Medium,,,64.48016706297464,False,"['Array', 'Two Pointers', 'Binary Search', 'Bit Manipulation']"
LeetCode,288,Unique Word Abbreviation,2,Medium,,,27.5305136116648,True,"['Array', 'Hash Table', 'String', 'Design']"
LeetCode,289,Game of Life,2,Medium,,,72.6974009845301,False,"['Array', 'Matrix', 'Simulation']"
LeetCode,290,Word Pattern,1,Easy,,,44.19912807842138,False,"['Hash Table', 'String']"
LeetCode,291,Word Pattern II,2,Medium,,,48.841370256124264,True,"['Hash Table', 'String', 'Backtracking']"
LeetCode,292,Nim Game,1,Easy,,,59.90498399967421,False,"['Math', 'Brainteaser', 'Game Theory']"
LeetCode,293,Flip Game,1,Easy,,,65.05364482468397,True,['String']
LeetCode,294,Flip Game II,2,Medium,,,52.34362644994053,True,"['Math', 'Dynamic Programming', 'Backtracking', 'Memoization', 'Game Theory']"
LeetCode,295,Find Median from Data Stream,3,Hard,,,54.57623918036458,False,"['Two Pointers', 'Design', 'Sorting', 'Heap (Priority Queue)', 'Data Stream']"
LeetCode,296,Best Meeting Point,3,Hard,,,61.45656786310623,True,"['Array', 'Math', 'Sorting', 'Matrix']"
LeetCode,297,Serialize and Deserialize Binary Tree,3,Hard,,,60.909601179472986,False,"['String', 'Tree', 'Depth-First Search', 'Breadth-First Search', 'Design', 'Binary Tree']"
LeetCode,298,Binary Tree Longest Consecutive Sequence,2,Medium,,,54.787530001284004,True,"['Tree', 'Depth-First Search', 'Binary Tree']"
LeetCode,299,Bulls and Cows,2,Medium,,,52.57690228926535,False,"['Hash Table', 'String', 'Counting']"
LeetCode,300,Longest Increasing Subsequence,2,Medium,,,59.52958972697342,False,"['Array', 'Binary Search', 'Dynamic Programming']"
LeetCode,301,Remove Invalid Parentheses,3,Hard,,,49.98371466523827,False,"['String', 'Backtracking', 'Breadth-First Search']"
LeetCode,302,Smallest Rectangle Enclosing Black Pixels,3,Hard,,,60.92839432918689,True,"['Array', 'Binary Search', 'Depth-First Search', 'Breadth-First Search', 'Matrix']"
LeetCode,303,Range Sum Query - Immutable,1,Easy,,,72.41424221328894,False,"['Array', 'Design', 'Prefix Sum']"
LeetCode,304,Range Sum Query 2D - Immutable,2,Medium,,,58.43303042936547,False,"['Array', 'Design', 'Matrix', 'Prefix Sum']"
LeetCode,305,Number of Islands II,3,Hard,,,40.64476322690113,True,"['Array', 'Hash Table', 'Union-Find']"
LeetCode,306,Additive Number,2,Medium,,,33.95964395663231,False,"['String', 'Backtracking']"
LeetCode,307,Range Sum Query - Mutable,2,Medium,,,43.22254064332967,False,"['Array', 'Divide and Conquer', 'Design', 'Binary Indexed Tree', 'Segment Tree']"
LeetCode,308,Range Sum Query 2D - Mutable,2,Medium,,,45.50681016002252,True,"['Array', 'Design', 'Binary Indexed Tree', 'Segment Tree', 'Matrix']"
LeetCode,309,Best Time to Buy and Sell Stock with Cooldown,2,Medium,,,62.21788916349825,False,"['Array', 'Dynamic Programming']"
LeetCode,310,Minimum Height Trees,2,Medium,,,42.598975346660524,False,"['Depth-First Search', 'Breadth-First Search', 'Graph Theory', 'Topological Sort']"
LeetCode,311,Sparse Matrix Multiplication,2,Medium,,,69.31207596691922,True,"['Array', 'Hash Table', 'Matrix']"
LeetCode,312,Burst Balloons,3,Hard,,,63.68314537740063,False,"['Array', 'Dynamic Programming']"
LeetCode,313,Super Ugly Number,2,Medium,,,46.214705957551985,False,"['Array', 'Math', 'Dynamic Programming']"
LeetCode,314,Binary Tree Vertical Order Traversal,2,Medium,,,57.855362800868505,True,"['Hash Table', 'Tree', 'Depth-First Search', 'Breadth-First Search', 'Sorting', 'Binary Tree']"
LeetCode,315,Count of Smaller Numbers After Self,3,Hard,,,43.70774266308452,False,"['Array', 'Binary Search', 'Divide and Conquer', 'Binary Indexed Tree', 'Segment Tree', 'Merge Sort', 'Ordered Set']"
LeetCode,316,Remove Duplicate Letters,2,Medium,,,53.38593100093432,False,"['String', 'Stack', 'Greedy', 'Monotonic Stack']"
LeetCode,317,Shortest Distance from All Buildings,3,Hard,,,44.944083246143634,True,"['Array', 'Breadth-First Search', 'Matrix']"
LeetCode,318,Maximum Product of Word Lengths,2,Medium,,,61.311206543084666,False,"['Array', 'String', 'Bit Manipulation']"
LeetCode,319,Bulb Switcher,2,Medium,,,56.00443000431889,False,"['Math', 'Brainteaser']"
LeetCode,320,Generalized Abbreviation,2,Medium,,,60.437699731306736,True,"['String', 'Backtracking', 'Bit Manipulation']"
LeetCode,321,Create Maximum Number,3,Hard,,,35.65210362526775,False,"['Array', 'Two Pointers', 'Stack', 'Greedy', 'Monotonic Stack']"
LeetCode,322,Coin Change,2,Medium,,,48.57790167068517,False,"['Array', 'Dynamic Programming', 'Breadth-First Search']"
LeetCode,323,Number of Connected Components in an Undirected Graph,2,Medium,,,65.02166000358017,True,"['Depth-First Search', 'Breadth-First Search', 'Union-Find', 'Graph Theory']"
LeetCode,324,Wiggle Sort II,2,Medium,,,37.55535505574675,False,"['Array', 'Divide and Conquer', 'Greedy', 'Sorting', 'Quickselect']"
LeetCode,325,Maximum Size Subarray Sum Equals k,2,Medium,,,50.892524038296486,True,"['Array', 'Hash Table', 'Prefix Sum']"
LeetCode,326,Power of Three,1,Easy,,,51.190534118961175,False,"['Math', 'Recursion']"
LeetCode,327,Count of Range Sum,3,Hard,,,39.093422059269315,False,"['Array', 'Binary Search', 'Divide and Conquer', 'Binary Indexed Tree', 'Segment Tree', 'Merge Sort', 'Ordered Set']"
LeetCode,328,Odd Even Linked List,2,Medium,,,62.58072955187535,False,['Linked List']
LeetCode,329,Longest Increasing Path in a Matrix,3,Hard,,,56.712702589413325,False,"['Array', 'Dynamic Programming', 'Depth-First Search', 'Breadth-First Search', 'Graph Theory', 'Topological Sort', 'Memoization', 'Matrix']"
LeetCode,330,Patching Array,3,Hard,,,54.34431425474919,False,"['Array', 'Greedy']"
LeetCode,331,Verify Preorder Serialization of a Binary Tree,2,Medium,,,47.443238017224324,False,"['String', 'Stack', 'Tree', 'Binary Tree']"
LeetCode,332,Reconstruct Itinerary,3,Hard,,,44.64982803146892,False,"['Array', 'String', 'Depth-First Search', 'Graph Theory', 'Sorting', 'Heap (Priority Queue)', 'Eulerian Circuit']"
LeetCode,333,Largest BST Subtree,2,Medium,,,45.89817503625462,True,"['Dynamic Programming', 'Tree', 'Depth-First Search', 'Binary Search Tree', 'Binary Tree']"
LeetCode,334,Increasing Triplet Subsequence,2,Medium,,,39.412152476221365,False,"['Array', 'Greedy']"
LeetCode,335,Self Crossing,3,Hard,,,35.129810334858554,False,"['Array', 'Math', 'Geometry']"
LeetCode,336,Palindrome Pairs,3,Hard,,,37.269822597592764,False,"['Array', 'Hash Table', 'String', 'Trie', 'Hash Function']"
LeetCode,337,House Robber III,2,Medium,,,55.98839250497372,False,"['Dynamic Programming', 'Tree', 'Depth-First Search', 'Binary Tree']"
LeetCode,338,Counting Bits,1,Easy,,,80.65790455030775,False,"['Dynamic Programming', 'Bit Manipulation']"
LeetCode,339,Nested List Weight Sum,2,Medium,,,85.97188943507152,True,"['Depth-First Search', 'Breadth-First Search']"
LeetCode,340,Longest Substring with At Most K Distinct Characters,2,Medium,,,50.04160179361027,True,"['Hash Table', 'String', 'Sliding Window']"
LeetCode,341,Flatten Nested List Iterator,2,Medium,,,65.73725075638829,False,"['Stack', 'Tree', 'Depth-First Search', 'Design', 'Queue', 'Iterator']"
LeetCode,342,Power of Four,1,Easy,,,52.14900221067933,False,"['Math', 'Bit Manipulation', 'Recursion']"
LeetCode,343,Integer Break,2,Medium,,,62.38311069365206,False,"['Math', 'Dynamic Programming']"
LeetCode,344,Reverse String,1,Easy,,,80.89754734760508,False,"['Two Pointers', 'String']"
LeetCode,345,Reverse Vowels of a String,1,Easy,,,61.49157429759434,False,"['Two Pointers', 'String']"
LeetCode,346,Moving Average from Data Stream,1,Easy,,,80.22782079894553,True,"['Array', 'Design', 'Queue', 'Data Stream']"
LeetCode,347,Top K Frequent Elements,2,Medium,,,66.62874730995355,False,"['Array', 'Hash Table', 'Divide and Conquer', 'Sorting', 'Heap (Priority Queue)', 'Bucket Sort', 'Counting', 'Quickselect']"
LeetCode,348,Design Tic-Tac-Toe,2,Medium,,,58.7431380884609,True,"['Array', 'Hash Table', 'Design', 'Matrix', 'Simulation']"
LeetCode,349,Intersection of Two Arrays,1,Easy,,,77.8947488731724,False,"['Array', 'Hash Table', 'Two Pointers', 'Binary Search', 'Sorting']"
LeetCode,350,Intersection of Two Arrays II,1,Easy,,,59.9931899708701,False,"['Array', 'Hash Table', 'Two Pointers', 'Binary Search', 'Sorting']"
LeetCode,351,Android Unlock Patterns,2,Medium,,,53.85689332024327,True,"['Dynamic Programming', 'Backtracking', 'Bit Manipulation', 'Bitmask']"
LeetCode,352,Data Stream as Disjoint Intervals,3,Hard,,,60.20071143783253,False,"['Hash Table', 'Binary Search', 'Union-Find', 'Design', 'Data Stream', 'Ordered Set']"
LeetCode,353,Design Snake Game,2,Medium,,,40.033866867915464,True,"['Array', 'Hash Table', 'Design', 'Queue', 'Simulation']"
LeetCode,354,Russian Doll Envelopes,3,Hard,,,37.94976342447048,False,"['Array', 'Binary Search', 'Dynamic Programming', 'Sorting']"
LeetCode,355,Design Twitter,2,Medium,,,44.892124226496705,False,"['Hash Table', 'Linked List', 'Design', 'Heap (Priority Queue)']"
LeetCode,356,Line Reflection,2,Medium,,,36.37540251214359,True,"['Array', 'Hash Table', 'Math']"
LeetCode,357,Count Numbers with Unique Digits,2,Medium,,,55.80495220276551,False,"['Math', 'Dynamic Programming', 'Backtracking']"
LeetCode,358,Rearrange String k Distance Apart,3,Hard,,,39.95359179080773,True,"['Hash Table', 'String', 'Greedy', 'Sorting', 'Heap (Priority Queue)', 'Counting']"
LeetCode,359,Logger Rate Limiter,1,Easy,,,76.84679191227,True,"['Hash Table', 'Design', 'Data Stream']"
LeetCode,360,Sort Transformed Array,2,Medium,,,58.17810665986221,True,"['Array', 'Math', 'Two Pointers', 'Sorting']"
LeetCode,361,Bomb Enemy,2,Medium,,,52.82898610546252,True,"['Array', 'Dynamic Programming', 'Matrix']"
LeetCode,362,Design Hit Counter,2,Medium,,,69.71697459254699,True,"['Array', 'Binary Search', 'Design', 'Queue', 'Data Stream']"
LeetCode,363,Max Sum of Rectangle No Larger Than K,3,Hard,,,45.63603940750601,False,"['Array', 'Binary Search', 'Matrix', 'Prefix Sum', 'Ordered Set']"
LeetCode,364,Nested List Weight Sum II,2,Medium,,,66.98088410991637,True,"['Stack', 'Depth-First Search', 'Breadth-First Search']"
LeetCode,365,Water and Jug Problem,2,Medium,,,45.841098562968355,False,"['Math', 'Depth-First Search', 'Breadth-First Search']"
LeetCode,366,Find Leaves of Binary Tree,2,Medium,,,81.33395857669153,True,"['Tree', 'Depth-First Search', 'Binary Tree']"
LeetCode,367,Valid Perfect Square,1,Easy,,,44.994445230159855,False,"['Math', 'Binary Search']"
LeetCode,368,Largest Divisible Subset,2,Medium,,,49.72324266133976,False,"['Array', 'Math', 'Dynamic Programming', 'Sorting']"
LeetCode,369,Plus One Linked List,2,Medium,,,61.22405114195776,True,"['Linked List', 'Math']"
LeetCode,370,Range Addition,2,Medium,,,73.04287236658743,True,"['Array', 'Prefix Sum']"
LeetCode,371,Sum of Two Integers,2,Medium,,,55.630559757707424,False,"['Math', 'Bit Manipulation']"
LeetCode,372,Super Pow,2,Medium,,,37.03904764239658,False,"['Math', 'Divide and Conquer']"
LeetCode,373,Find K Pairs with Smallest Sums,2,Medium,,,42.01127543187292,False,"['Array', 'Heap (Priority Queue)']"
LeetCode,374,Guess Number Higher or Lower,1,Easy,,,57.6958455082643,False,"['Binary Search', 'Interactive']"
LeetCode,375,Guess Number Higher or Lower II,2,Medium,,,52.90714125418338,False,"['Math', 'Dynamic Programming', 'Game Theory']"
LeetCode,376,Wiggle Subsequence,2,Medium,,,49.49457063508733,False,"['Array', 'Dynamic Programming', 'Greedy']"
LeetCode,377,Combination Sum IV,2,Medium,,,55.15909533811143,False,"['Array', 'Dynamic Programming']"
LeetCode,378,Kth Smallest Element in a Sorted Matrix,2,Medium,,,64.71534542854589,False,"['Array', 'Binary Search', 'Sorting', 'Heap (Priority Queue)', 'Matrix']"
LeetCode,379,Design Phone Directory,2,Medium,,,53.18532087347552,True,"['Array', 'Hash Table', 'Linked List', 'Design', 'Queue']"
LeetCode,380,Insert Delete GetRandom O(1),2,Medium,,,55.39683923932445,False,"['Array', 'Hash Table', 'Math', 'Design', 'Randomized']"
LeetCode,381,Insert Delete GetRandom O(1) - Duplicates allowed,3,Hard,,,36.67793338394454,False,"['Array', 'Hash Table', 'Math', 'Design', 'Randomized']"
LeetCode,382,Linked List Random Node,2,Medium,,,64.89692709325982,False,"['Linked List', 'Math', 'Reservoir Sampling', 'Randomized']"
LeetCode,383,Ransom Note,1,Easy,,,66.05890979414997,False,"['Hash Table', 'String', 'Counting']"
LeetCode,384,Shuffle an Array,2,Medium,,,59.776103492076835,False,"['Array', 'Math', 'Design', 'Randomized']"
LeetCode,385,Mini Parser,2,Medium,,,42.758371367888294,False,"['String', 'Stack', 'Depth-First Search']"
LeetCode,386,Lexicographical Numbers,2,Medium,,,76.25900551271812,False,"['Depth-First Search', 'Trie']"
LeetCode,387,First Unique Character in a String,1,Easy,,,65.64467694545031,False,"['Hash Table', 'String', 'Queue', 'Counting']"
LeetCode,388,Longest Absolute File Path,2,Medium,,,49.52884977397072,False,"['String', 'Stack', 'Depth-First Search']"
LeetCode,389,Find the Difference,1,Easy,,,60.395914921583405,False,"['Hash Table', 'String', 'Bit Manipulation', 'Sorting']"
LeetCode,390,Elimination Game,2,Medium,,,46.49340593676096,False,"['Math', 'Recursion']"
LeetCode,391,Perfect Rectangle,3,Hard,,,38.19840226021725,False,"['Array', 'Hash Table', 'Math', 'Geometry', 'Sweep Line']"
LeetCode,392,Is Subsequence,1,Easy,,,49.09489066411341,False,"['Two Pointers', 'String', 'Dynamic Programming']"
LeetCode,393,UTF-8 Validation,2,Medium,,,46.32144119148268,False,"['Array', 'Bit Manipulation']"
LeetCode,394,Decode String,2,Medium,,,62.743057676739,False,"['String', 'Stack', 'Recursion']"
LeetCode,395,Longest Substring with At Least K Repeating Characters,2,Medium,,,46.36802173813486,False,"['Hash Table', 'String', 'Divide and Conquer', 'Sliding Window']"
LeetCode,396,Rotate Function,2,Medium,,,54.20215001143623,False,"['Array', 'Math', 'Dynamic Programming']"
LeetCode,397,Integer Replacement,2,Medium,,,37.61229759535209,False,"['Dynamic Programming', 'Greedy', 'Bit Manipulation', 'Memoization']"
LeetCode,398,Random Pick Index,2,Medium,,,65.05914276151121,False,"['Hash Table', 'Math', 'Reservoir Sampling', 'Randomized']"
LeetCode,399,Evaluate Division,2,Medium,,,64.30257060075601,False,"['Array', 'String', 'Depth-First Search', 'Breadth-First Search', 'Union-Find', 'Graph Theory', 'Shortest Path']"
LeetCode,400,Nth Digit,2,Medium,,,38.41116070312652,False,"['Math', 'Binary Search']"
LeetCode,401,Binary Watch,1,Easy,,,65.62585925613624,False,"['Backtracking', 'Bit Manipulation']"
LeetCode,402,Remove K Digits,2,Medium,,,37.02828440413361,False,"['String', 'Stack', 'Greedy', 'Monotonic Stack']"
LeetCode,403,Frog Jump,3,Hard,,,47.354678408381915,False,"['Array', 'Dynamic Programming']"
LeetCode,404,Sum of Left Leaves,1,Easy,,,62.79759684718286,False,"['Tree', 'Depth-First Search', 'Breadth-First Search', 'Binary Tree']"
LeetCode,405,Convert a Number to Hexadecimal,1,Easy,,,54.283908670181326,False,"['Math', 'String', 'Bit Manipulation']"
LeetCode,406,Queue Reconstruction by Height,2,Medium,,,74.77843204676353,False,"['Array', 'Binary Indexed Tree', 'Segment Tree', 'Sorting']"
LeetCode,407,Trapping Rain Water II,3,Hard,,,64.09697143061466,False,"['Array', 'Breadth-First Search', 'Heap (Priority Queue)', 'Matrix']"
LeetCode,408,Valid Word Abbreviation,1,Easy,,,37.04225581712851,True,"['Two Pointers', 'String']"
LeetCode,409,Longest Palindrome,1,Easy,,,56.024880447827144,False,"['Hash Table', 'String', 'Greedy']"
LeetCode,410,Split Array Largest Sum,3,Hard,,,60.64447971056808,False,"['Array', 'Binary Search', 'Dynamic Programming', 'Greedy', 'Prefix Sum']"
LeetCode,411,Minimum Unique Word Abbreviation,3,Hard,,,40.53083728683164,True,"['Array', 'String', 'Backtracking', 'Bit Manipulation']"
LeetCode,412,Fizz Buzz,1,Easy,,,75.58534586659434,False,"['Math', 'String', 'Simulation']"
LeetCode,413,Arithmetic Slices,2,Medium,,,64.82806614647217,False,"['Array', 'Dynamic Programming', 'Sliding Window']"
LeetCode,414,Third Maximum Number,1,Easy,,,39.58722918203947,False,"['Array', 'Sorting']"
LeetCode,415,Add Strings,1,Easy,,,52.168482458580975,False,"['Math', 'String', 'Simulation']"
LeetCode,416,Partition Equal Subset Sum,2,Medium,,,49.5873653577476,False,"['Array', 'Dynamic Programming']"
LeetCode,417,Pacific Atlantic Water Flow,2,Medium,,,61.06350083236626,False,"['Array', 'Depth-First Search', 'Breadth-First Search', 'Matrix']"
LeetCode,418,Sentence Screen Fitting,2,Medium,,,36.41168383713234,True,"['Array', 'String', 'Dynamic Programming']"
LeetCode,419,Battleships in a Board,2,Medium,,,77.57439782806014,False,"['Array', 'Depth-First Search', 'Matrix']"
LeetCode,420,Strong Password Checker,3,Hard,,,15.896495698912766,False,"['String', 'Greedy', 'Heap (Priority Queue)']"
LeetCode,421,Maximum XOR of Two Numbers in an Array,2,Medium,,,53.544751485428655,False,"['Array', 'Hash Table', 'Bit Manipulation', 'Trie']"
LeetCode,422,Valid Word Square,1,Easy,,,42.88383793010511,True,"['Array', 'Matrix']"
LeetCode,423,Reconstruct Original Digits from English,2,Medium,,,52.96760896403089,False,"['Hash Table', 'Math', 'String']"
LeetCode,424,Longest Repeating Character Replacement,2,Medium,,,59.856370943893026,False,"['Hash Table', 'String', 'Sliding Window']"
LeetCode,425,Word Squares,3,Hard,,,54.71286585604764,True,"['Array', 'String', 'Backtracking', 'Trie']"
LeetCode,426,Convert Binary Search Tree to Sorted Doubly Linked List,2,Medium,,,65.63229779123851,True,"['Linked List', 'Stack', 'Tree', 'Depth-First Search', 'Binary Search Tree', 'Binary Tree', 'Doubly-Linked List']"
LeetCode,427,Construct Quad Tree,2,Medium,,,78.41252505909459,False,"['Array', 'Divide and Conquer', 'Tree', 'Matrix']"
LeetCode,428,Serialize and Deserialize N-ary Tree,3,Hard,,,68.82412857269813,True,"['String', 'Tree', 'Depth-First Search', 'Breadth-First Search']"
LeetCode,429,N-ary Tree Level Order Traversal,2,Medium,,,71.56202422078474,False,"['Tree', 'Breadth-First Search']"
LeetCode,430,Flatten a Multilevel Doubly Linked List,2,Medium,,,63.0018925115446,False,"['Linked List', 'Depth-First Search', 'Doubly-Linked List']"
LeetCode,431,Encode N-ary Tree to Binary Tree,3,Hard,,,80.64165307232192,True,"['Tree', 'Depth-First Search', 'Breadth-First Search', 'Design', 'Binary Tree']"
LeetCode,432,All O`one Data Structure,3,Hard,,,44.325906464819084,False,"['Hash Table', 'Linked List', 'Design', 'Doubly-Linked List']"
LeetCode,433,Minimum Genetic Mutation,2,Medium,,,56.79004762999183,False,"['Hash Table', 'String', 'Breadth-First Search']"
LeetCode,434,Number of Segments in a String,1,Easy,,,37.36196963135032,False,['String']
LeetCode,435,Non-overlapping Intervals,2,Medium,,,57.22734583302924,False,"['Array', 'Dynamic Programming', 'Greedy', 'Sorting']"
LeetCode,436,Find Right Interval,2,Medium,,,55.98476234570002,False,"['Array', 'Binary Search', 'Sorting']"
LeetCode,437,Path Sum III,2,Medium,,,46.464160856860374,False,"['Tree', 'Depth-First Search', 'Binary Tree']"
LeetCode,438,Find All Anagrams in a String,2,Medium,,,53.91025621360615,False,"['Hash Table', 'String', 'Sliding Window']"
LeetCode,439,Ternary Expression Parser,2,Medium,,,62.63928864305125,True,"['String', 'Stack', 'Recursion']"
LeetCode,440,K-th Smallest in Lexicographical Order,3,Hard,,,46.36967329641982,False,['Trie']
LeetCode,441,Arranging Coins,1,Easy,,,48.30818304129282,False,"['Math', 'Binary Search']"
LeetCode,442,Find All Duplicates in an Array,2,Medium,,,76.99055646038899,False,"['Array', 'Hash Table', 'Sorting']"
LeetCode,443,String Compression,2,Medium,,,60.152006191831916,False,"['Two Pointers', 'String']"
LeetCode,444,Sequence Reconstruction,2,Medium,,,30.897381332111067,True,"['Array', 'Graph Theory', 'Topological Sort']"
LeetCode,445,Add Two Numbers II,2,Medium,,,62.71899552487985,False,"['Linked List', 'Math', 'Stack']"
LeetCode,446,Arithmetic Slices II - Subsequence,3,Hard,,,55.09433109358199,False,"['Array', 'Dynamic Programming']"
LeetCode,447,Number of Boomerangs,2,Medium,,,57.68103005610025,False,"['Array', 'Hash Table', 'Math']"
LeetCode,448,Find All Numbers Disappeared in an Array,1,Easy,,,64.25155196168409,False,"['Array', 'Hash Table']"
LeetCode,449,Serialize and Deserialize BST,2,Medium,,,59.69911178963484,False,"['String', 'Tree', 'Depth-First Search', 'Breadth-First Search', 'Design', 'Binary Search Tree', 'Binary Tree']"
LeetCode,450,Delete Node in a BST,2,Medium,,,54.81449405341211,False,"['Tree', 'Binary Search Tree', 'Binary Tree']"
LeetCode,451,Sort Characters By Frequency,2,Medium,,,75.41328717266809,False,"['Hash Table', 'String', 'Sorting', 'Heap (Priority Queue)', 'Bucket Sort', 'Counting']"
LeetCode,452,Minimum Number of Arrows to Burst Balloons,2,Medium,,,61.538349045276256,False,"['Array', 'Greedy', 'Sorting']"
LeetCode,453,Minimum Moves to Equal Array Elements,2,Medium,,,58.80904262073052,False,"['Array', 'Math']"
LeetCode,454,4Sum II,2,Medium,,,58.02390237392684,False,"['Array', 'Hash Table']"
LeetCode,455,Assign Cookies,1,Easy,,,55.1066459618289,False,"['Array', 'Two Pointers', 'Greedy', 'Sorting']"
LeetCode,456,132 Pattern,2,Medium,,,34.827027630500766,False,"['Array', 'Binary Search', 'Stack', 'Monotonic Stack', 'Ordered Set']"
LeetCode,457,Circular Array Loop,2,Medium,,,37.62332533628056,False,"['Array', 'Hash Table', 'Two Pointers']"
LeetCode,458,Poor Pigs,3,Hard,,,59.12621913465043,False,"['Math', 'Dynamic Programming', 'Combinatorics']"
LeetCode,459,Repeated Substring Pattern,1,Easy,,,48.36563579413913,False,"['String', 'String Matching']"
LeetCode,460,LFU Cache,3,Hard,,,49.439050158474615,False,"['Hash Table', 'Linked List', 'Design', 'Doubly-Linked List']"
LeetCode,461,Hamming Distance,1,Easy,,,76.83502802964581,False,['Bit Manipulation']
LeetCode,462,Minimum Moves to Equal Array Elements II,2,Medium,,,62.0433699452568,False,"['Array', 'Math', 'Sorting']"
LeetCode,463,Island Perimeter,1,Easy,,,74.50900505063954,False,"['Array', 'Depth-First Search', 'Breadth-First Search', 'Matrix']"
LeetCode,464,Can I Win,2,Medium,,,31.448966567335184,False,"['Math', 'Dynamic Programming', 'Bit Manipulation', 'Memoization', 'Game Theory', 'Bitmask']"
LeetCode,465,Optimal Account Balancing,3,Hard,,,50.4919886079527,True,"['Array', 'Dynamic Programming', 'Backtracking', 'Bit Manipulation', 'Bitmask']"
LeetCode,466,Count The Repetitions,3,Hard,,,34.43432664622299,False,"['Two Pointers', 'String', 'Dynamic Programming']"
LeetCode,467,Unique Substrings in Wraparound String,2,Medium,,,43.26207205860368,False,"['String', 'Dynamic Programming']"
LeetCode,468,Validate IP Address,2,Medium,,,28.355726435004286,False,['String']
LeetCode,469,Convex Polygon,2,Medium,,,40.28116729110095,True,"['Array', 'Math', 'Geometry']"
LeetCode,470,Implement Rand10() Using Rand7(),2,Medium,,,46.458221829451965,False,"['Math', 'Rejection Sampling', 'Randomized', 'Probability and Statistics']"
LeetCode,471,Encode String with Shortest Length,3,Hard,,,50.5866071147737,True,"['String', 'Dynamic Programming']"
LeetCode,472,Concatenated Words,3,Hard,,,49.82431482782853,False,"['Array', 'String', 'Dynamic Programming', 'Depth-First Search', 'Trie', 'Sorting']"
LeetCode,473,Matchsticks to Square,2,Medium,,,41.94736710760967,False,"['Array', 'Dynamic Programming', 'Backtracking', 'Bit Manipulation', 'Bitmask']"
LeetCode,474,Ones and Zeroes,2,Medium,,,53.450517799401396,False,"['Array', 'String', 'Dynamic Programming']"
LeetCode,475,Heaters,2,Medium,,,42.06977842914168,False,"['Array', 'Two Pointers', 'Binary Search', 'Sorting']"
LeetCode,476,Number Complement,1,Easy,,,70.45320197044335,False,['Bit Manipulation']
LeetCode,477,Total Hamming Distance,2,Medium,,,54.96056339150848,False,"['Array', 'Math', 'Bit Manipulation']"
LeetCode,478,Generate Random Point in a Circle,2,Medium,,,43.076647648107354,False,"['Math', 'Geometry', 'Rejection Sampling', 'Randomized']"
LeetCode,479,Largest Palindrome Product,3,Hard,,,39.111724137931034,False,"['Math', 'Enumeration']"
LeetCode,480,Sliding Window Median,3,Hard,,,39.00441435625425,False,"['Array', 'Hash Table', 'Sliding Window', 'Heap (Priority Queue)']"
LeetCode,481,Magical String,2,Medium,,,55.48375464966219,False,"['Two Pointers', 'String']"
LeetCode,482,License Key Formatting,1,Easy,,,46.140974980292526,False,['String']
LeetCode,483,Smallest Good Base,3,Hard,,,46.38331309379242,False,"['Math', 'Binary Search']"
LeetCode,484,Find Permutation,2,Medium,,,66.8389491281076,True,"['Array', 'String', 'Stack', 'Greedy']"
LeetCode,485,Max Consecutive Ones,1,Easy,,,65.36859288676851,False,['Array']
LeetCode,486,Predict the Winner,2,Medium,,,56.282579451824446,False,"['Array', 'Math', 'Dynamic Programming', 'Recursion', 'Game Theory']"
LeetCode,487,Max Consecutive Ones II,2,Medium,,,52.05187836929592,True,"['Array', 'Dynamic Programming', 'Sliding Window']"
LeetCode,488,Zuma Game,3,Hard,,,29.58278436539306,False,"['String', 'Dynamic Programming', 'Stack', 'Breadth-First Search', 'Memoization']"
LeetCode,489,Robot Room Cleaner,3,Hard,,,78.04885162231133,True,"['Backtracking', 'Interactive']"
LeetCode,490,The Maze,2,Medium,,,60.43590309569744,True,"['Array', 'Depth-First Search', 'Breadth-First Search', 'Matrix']"
LeetCode,491,Non-decreasing Subsequences,2,Medium,,,62.78547008044063,False,"['Array', 'Hash Table', 'Backtracking', 'Bit Manipulation']"
LeetCode,492,Construct the Rectangle,1,Easy,,,63.986068532660944,False,['Math']
LeetCode,493,Reverse Pairs,3,Hard,,,34.52709634488591,False,"['Array', 'Binary Search', 'Divide and Conquer', 'Binary Indexed Tree', 'Segment Tree', 'Merge Sort', 'Ordered Set']"
LeetCode,494,Target Sum,2,Medium,,,52.36224788159615,False,"['Array', 'Dynamic Programming', 'Backtracking']"
LeetCode,495,Teemo Attacking,1,Easy,,,57.79852019330166,False,"['Array', 'Simulation']"
LeetCode,496,Next Greater Element I,1,Easy,,,76.28843412088297,False,"['Array', 'Hash Table', 'Stack', 'Monotonic Stack']"
LeetCode,497,Random Point in Non-overlapping Rectangles,2,Medium,,,39.95222718626974,False,"['Array', 'Math', 'Binary Search', 'Reservoir Sampling', 'Prefix Sum', 'Ordered Set', 'Randomized']"
LeetCode,498,Diagonal Traverse,2,Medium,,,67.21706941729401,False,"['Array', 'Matrix', 'Simulation']"
LeetCode,499,The Maze III,3,Hard,,,52.422879177377894,True,"['Array', 'String', 'Depth-First Search', 'Breadth-First Search', 'Graph Theory', 'Heap (Priority Queue)', 'Matrix', 'Shortest Path']"
LeetCode,500,Keyboard Row,1,Easy,,,73.97509755732318,False,"['Array', 'Hash Table', 'String']"
LeetCode,501,Find Mode in Binary Search Tree,1,Easy,,,58.99114351392638,False,"['Tree', 'Depth-First Search', 'Binary Search Tree', 'Binary Tree']"
LeetCode,502,IPO,3,Hard,,,53.55962253833854,False,"['Array', 'Greedy', 'Sorting', 'Heap (Priority Queue)']"
LeetCode,503,Next Greater Element II,2,Medium,,,68.54650294137446,False,"['Array', 'Stack', 'Monotonic Stack']"
LeetCode,504,Base 7,1,Easy,,,54.682122943910414,False,"['Math', 'String']"
LeetCode,505,The Maze II,2,Medium,,,55.111292385213126,True,"['Array', 'Depth-First Search', 'Breadth-First Search', 'Graph Theory', 'Heap (Priority Queue)', 'Matrix', 'Shortest Path']"
LeetCode,506,Relative Ranks,1,Easy,,,74.76186685770384,False,"['Array', 'Sorting', 'Heap (Priority Queue)']"
LeetCode,507,Perfect Number,1,Easy,,,49.06278727363772,False,['Math']
LeetCode,508,Most Frequent Subtree Sum,2,Medium,,,69.32815042347377,False,"['Hash Table', 'Tree', 'Depth-First Search', 'Binary Tree']"
LeetCode,509,Fibonacci Number,1,Easy,,,74.22610176000244,False,"['Math', 'Dynamic Programming', 'Recursion', 'Memoization']"
LeetCode,510,Inorder Successor in BST II,2,Medium,,,61.094918565731945,True,"['Tree', 'Binary Search Tree', 'Binary Tree']"
LeetCode,513,Find Bottom Left Tree Value,2,Medium,,,72.36306830077464,False,"['Tree', 'Depth-First Search', 'Breadth-First Search', 'Binary Tree']"
LeetCode,514,Freedom Trail,3,Hard,,,59.39544103072348,False,"['String', 'Dynamic Programming', 'Depth-First Search', 'Breadth-First Search']"
LeetCode,515,Find Largest Value in Each Tree Row,2,Medium,,,66.32997014985578,False,"['Tree', 'Depth-First Search', 'Breadth-First Search', 'Binary Tree']"
LeetCode,516,Longest Palindromic Subsequence,2,Medium,,,65.55119525542868,False,"['String', 'Dynamic Programming']"
LeetCode,517,Super Washing Machines,3,Hard,,,44.68587777573072,False,"['Array', 'Greedy']"
LeetCode,518,Coin Change II,2,Medium,,,59.838644797400484,False,"['Array', 'Dynamic Programming']"
LeetCode,519,Random Flip Matrix,2,Medium,,,46.07549691967918,False,"['Hash Table', 'Math', 'Reservoir Sampling', 'Randomized']"
LeetCode,520,Detect Capital,1,Easy,,,56.713630979353994,False,['String']
LeetCode,521,Longest Uncommon Subsequence I,1,Easy,,,62.32541871366659,False,['String']
LeetCode,522,Longest Uncommon Subsequence II,2,Medium,,,45.02231354124406,False,"['Array', 'Hash Table', 'Two Pointers', 'String', 'Sorting']"
LeetCode,523,Continuous Subarray Sum,2,Medium,,,31.421765279894892,False,"['Array', 'Hash Table', 'Math', 'Prefix Sum']"
LeetCode,524,Longest Word in Dictionary through Deleting,2,Medium,,,52.762245709739744,False,"['Array', 'Two Pointers', 'String', 'Sorting']"
LeetCode,525,Contiguous Array,2,Medium,,,51.52586790005884,False,"['Array', 'Hash Table', 'Prefix Sum']"
LeetCode,526,Beautiful Arrangement,2,Medium,,,64.82426161521579,False,"['Array', 'Dynamic Programming', 'Backtracking', 'Bit Manipulation', 'Bitmask']"
LeetCode,527,Word Abbreviation,3,Hard,,,62.74187895445574,True,"['Array', 'String', 'Greedy', 'Trie', 'Sorting']"
LeetCode,528,Random Pick with Weight,2,Medium,,,49.1144868211211,False,"['Array', 'Math', 'Binary Search', 'Prefix Sum', 'Randomized']"
LeetCode,529,Minesweeper,2,Medium,,,68.8033153750518,False,"['Array', 'Depth-First Search', 'Breadth-First Search', 'Matrix']"
LeetCode,530,Minimum Absolute Difference in BST,1,Easy,,,59.45210627255568,False,"['Tree', 'Depth-First Search', 'Breadth-First Search', 'Binary Search Tree', 'Binary Tree']"
LeetCode,531,Lonely Pixel I,2,Medium,,,62.704918032786885,True,"['Array', 'Hash Table', 'Matrix']"
LeetCode,532,K-diff Pairs in an Array,2,Medium,,,46.014204696030106,False,"['Array', 'Hash Table', 'Two Pointers', 'Binary Search', 'Sorting']"
LeetCode,533,Lonely Pixel II,2,Medium,,,48.87872628726287,True,"['Array', 'Hash Table', 'Matrix']"
LeetCode,535,Encode and Decode TinyURL,2,Medium,,,86.65419920499214,False,"['Hash Table', 'String', 'Design', 'Hash Function']"
LeetCode,536,Construct Binary Tree from String,2,Medium,,,58.691113231288284,True,"['String', 'Stack', 'Tree', 'Depth-First Search', 'Binary Tree']"
LeetCode,537,Complex Number Multiplication,2,Medium,,,73.58404788664807,False,"['Math', 'String', 'Simulation']"
LeetCode,538,Convert BST to Greater Tree,2,Medium,,,71.70396040589928,False,"['Tree', 'Depth-First Search', 'Binary Search Tree', 'Binary Tree']"
LeetCode,539,Minimum Time Difference,2,Medium,,,62.61695906432748,False,"['Array', 'Math', 'String', 'Sorting']"
LeetCode,540,Single Element in a Sorted Array,2,Medium,,,59.285911879436235,False,"['Array', 'Binary Search']"
LeetCode,541,Reverse String II,1,Easy,,,53.922275956158174,False,"['Two Pointers', 'String']"
LeetCode,542,01 Matrix,2,Medium,,,54.111600329578756,False,"['Array', 'Dynamic Programming', 'Breadth-First Search', 'Matrix']"
LeetCode,543,Diameter of Binary Tree,1,Easy,,,65.67676171910452,False,"['Tree', 'Depth-First Search', 'Binary Tree']"
LeetCode,544,Output Contest Matches,2,Medium,,,77.54836259055267,True,"['String', 'Recursion', 'Simulation']"
LeetCode,545,Boundary of Binary Tree,2,Medium,,,48.132449037188195,True,"['Tree', 'Depth-First Search', 'Binary Tree']"
LeetCode,546,Remove Boxes,3,Hard,,,49.473357635926476,False,"['Array', 'Dynamic Programming', 'Memoization']"
LeetCode,547,Number of Provinces,2,Medium,,,70.53557467296373,False,"['Depth-First Search', 'Breadth-First Search', 'Union-Find', 'Graph Theory']"
LeetCode,548,Split Array with Equal Sum,3,Hard,,,50.06882518403256,True,"['Array', 'Hash Table', 'Prefix Sum']"
LeetCode,549,Binary Tree Longest Consecutive Sequence II,2,Medium,,,50.12712166454138,True,"['Tree', 'Depth-First Search', 'Binary Tree']"
LeetCode,551,Student Attendance Record I,1,Easy,,,50.263368135449404,False,['String']
LeetCode,552,Student Attendance Record II,3,Hard,,,56.65176854886218,False,['Dynamic Programming']
LeetCode,553,Optimal Division,2,Medium,,,63.2142899615874,False,"['Array', 'Math', 'Dynamic Programming']"
LeetCode,554,Brick Wall,2,Medium,,,56.0644512622891,False,"['Array', 'Hash Table']"
LeetCode,555,Split Concatenated Strings,2,Medium,,,43.59327480346589,True,"['Array', 'String', 'Greedy']"
LeetCode,556,Next Greater Element III,2,Medium,,,35.39297315026164,False,"['Math', 'Two Pointers', 'String']"
LeetCode,557,Reverse Words in a String III,1,Easy,,,84.02102010809674,False,"['Two Pointers', 'String']"
LeetCode,558,Logical OR of Two Binary Grids Represented as Quad-Trees,2,Medium,,,52.68474628953299,False,"['Divide and Conquer', 'Tree']"
LeetCode,559,Maximum Depth of N-ary Tree,1,Easy,,,73.62713084301333,False,"['Tree', 'Depth-First Search', 'Breadth-First Search']"
LeetCode,560,Subarray Sum Equals K,2,Medium,,,47.499503050159305,False,"['Array', 'Hash Table', 'Prefix Sum']"
LeetCode,561,Array Partition,1,Easy,,,81.82790950674344,False,"['Array', 'Greedy', 'Sorting', 'Counting Sort']"
LeetCode,562,Longest Line of Consecutive One in Matrix,2,Medium,,,50.60936577483608,True,"['Array', 'Dynamic Programming', 'Matrix']"
LeetCode,563,Binary Tree Tilt,1,Easy,,,65.96760657129352,False,"['Tree', 'Depth-First Search', 'Binary Tree']"
LeetCode,564,Find the Closest Palindrome,3,Hard,,,31.99817683341617,False,"['Math', 'String']"
LeetCode,565,Array Nesting,2,Medium,,,56.68609354247638,False,"['Array', 'Depth-First Search']"
LeetCode,566,Reshape the Matrix,1,Easy,,,65.08434263420375,False,"['Array', 'Matrix', 'Simulation']"
LeetCode,567,Permutation in String,2,Medium,,,49.04681078749314,False,"['Hash Table', 'Two Pointers', 'String', 'Sliding Window']"
LeetCode,568,Maximum Vacation Days,3,Hard,,,46.7902223325174,True,"['Array', 'Dynamic Programming', 'Matrix']"
LeetCode,572,Subtree of Another Tree,1,Easy,,,51.7316478689193,False,"['Tree', 'Depth-First Search', 'String Matching', 'Binary Tree', 'Hash Function']"
LeetCode,573,Squirrel Simulation,2,Medium,,,57.374445998151344,True,"['Array', 'Math']"
LeetCode,575,Distribute Candies,1,Easy,,,71.27390833634067,False,"['Array', 'Hash Table']"
LeetCode,576,Out of Boundary Paths,2,Medium,,,48.46187134282865,False,['Dynamic Programming']
LeetCode,581,Shortest Unsorted Continuous Subarray,2,Medium,,,38.279525194698714,False,"['Array', 'Two Pointers', 'Stack', 'Greedy', 'Sorting', 'Monotonic Stack']"
LeetCode,582,Kill Process,2,Medium,,,70.68924603602632,True,"['Array', 'Hash Table', 'Tree', 'Depth-First Search', 'Breadth-First Search']"
LeetCode,583,Delete Operation for Two Strings,2,Medium,,,65.74780614964953,False,"['String', 'Dynamic Programming']"
LeetCode,587,Erect the Fence,3,Hard,,,53.03396167627356,False,"['Array', 'Math', 'Geometry']"
LeetCode,588,Design In-Memory File System,3,Hard,,,48.33890022572141,True,"['Hash Table', 'String', 'Design', 'Trie', 'Sorting']"
LeetCode,589,N-ary Tree Preorder Traversal,1,Easy,,,76.82602333375085,False,"['Stack', 'Tree', 'Depth-First Search']"
LeetCode,590,N-ary Tree Postorder Traversal,1,Easy,,,81.11348054475434,False,"['Stack', 'Tree', 'Depth-First Search']"
LeetCode,591,Tag Validator,3,Hard,,,40.690727710660575,False,"['String', 'Stack']"
LeetCode,592,Fraction Addition and Subtraction,2,Medium,,,66.47044184087602,False,"['Math', 'String', 'Simulation']"
LeetCode,593,Valid Square,2,Medium,,,45.246584494559734,False,"['Math', 'Geometry']"
LeetCode,594,Longest Harmonious Subsequence,1,Easy,,,64.74176120305496,False,"['Array', 'Hash Table', 'Sliding Window', 'Sorting', 'Counting']"
LeetCode,598,Range Addition II,1,Easy,,,58.81947406746725,False,"['Array', 'Math']"
LeetCode,599,Minimum Index Sum of Two Lists,1,Easy,,,59.99127865084846,False,"['Array', 'Hash Table', 'String']"
LeetCode,600,Non-negative Integers without Consecutive Ones,3,Hard,,,42.61620764810778,False,['Dynamic Programming']
LeetCode,604,Design Compressed String Iterator,1,Easy,,,40.41256493703382,True,"['Array', 'String', 'Design', 'Iterator']"
LeetCode,605,Can Place Flowers,1,Easy,,,29.168742845530442,False,"['Array', 'Greedy']"
LeetCode,606,Construct String from Binary Tree,2,Medium,,,70.76116326002179,False,"['String', 'Tree', 'Depth-First Search', 'Binary Tree']"
LeetCode,609,Find Duplicate File in System,2,Medium,,,67.49369725698585,False,"['Array', 'Hash Table', 'String']"
LeetCode,611,Valid Triangle Number,2,Medium,,,56.95068847648006,False,"['Array', 'Two Pointers', 'Binary Search', 'Greedy', 'Sorting']"
LeetCode,616,Add Bold Tag in String,2,Medium,,,51.435697477684215,True,"['Array', 'Hash Table', 'String', 'Trie', 'String Matching']"
LeetCode,617,Merge Two Binary Trees,1,Easy,,,79.08692195458636,False,"['Tree', 'Depth-First Search', 'Breadth-First Search', 'Binary Tree']"
LeetCode,621,Task Scheduler,2,Medium,,,63.23513230654279,False,"['Array', 'Hash Table', 'Greedy', 'Sorting', 'Heap (Priority Queue)', 'Counting']"
LeetCode,622,Design Circular Queue,2,Medium,,,54.81523764753287,False,"['Array', 'Linked List', 'Design', 'Queue']"
LeetCode,623,Add One Row to Tree,2,Medium,,,64.13827619639945,False,"['Tree', 'Depth-First Search', 'Breadth-First Search', 'Binary Tree']"
LeetCode,624,Maximum Distance in Arrays,2,Medium,,,45.605598475844225,False,"['Array', 'Greedy']"
LeetCode,625,Minimum Factorization,2,Medium,,,34.04990190931447,True,"['Math', 'Greedy']"
LeetCode,628,Maximum Product of Three Numbers,1,Easy,,,46.01139055252027,False,"['Array', 'Math', 'Sorting']"
LeetCode,629,K Inverse Pairs Array,3,Hard,,,48.99530913298643,False,['Dynamic Programming']
LeetCode,630,Course Schedule III,3,Hard,,,41.77108784176847,False,"['Array', 'Greedy', 'Sorting', 'Heap (Priority Queue)']"
LeetCode,631,Design Excel Sum Formula,3,Hard,,,39.6121358194133,True,"['Array', 'Hash Table', 'String', 'Graph Theory', 'Design', 'Topological Sort', 'Matrix']"
LeetCode,632,Smallest Range Covering Elements from K Lists,3,Hard,,,70.17620045071894,False,"['Array', 'Hash Table', 'Greedy', 'Sliding Window', 'Sorting', 'Heap (Priority Queue)']"
LeetCode,633,Sum of Square Numbers,2,Medium,,,36.89455094825978,False,"['Math', 'Two Pointers', 'Binary Search']"
LeetCode,634,Find the Derangement of An Array,2,Medium,,,41.67350018040476,True,"['Math', 'Dynamic Programming', 'Combinatorics']"
LeetCode,635,Design Log Storage System,2,Medium,,,59.593196935700156,True,"['Hash Table', 'String', 'Design', 'Ordered Set']"
LeetCode,636,Exclusive Time of Functions,2,Medium,,,66.20675705937168,False,"['Array', 'Stack']"
LeetCode,637,Average of Levels in Binary Tree,1,Easy,,,74.97541235022311,False,"['Tree', 'Depth-First Search', 'Breadth-First Search', 'Binary Tree']"
LeetCode,638,Shopping Offers,2,Medium,,,52.55606716890273,False,"['Array', 'Dynamic Programming', 'Backtracking', 'Bit Manipulation', 'Memoization', 'Bitmask']"
LeetCode,639,Decode Ways II,3,Hard,,,31.97721379075798,False,"['String', 'Dynamic Programming']"
LeetCode,640,Solve the Equation,2,Medium,,,46.246410624551324,False,"['Math', 'String', 'Simulation']"
LeetCode,641,Design Circular Deque,2,Medium,,,64.76376494982782,False,"['Array', 'Linked List', 'Design', 'Queue']"
LeetCode,642,Design Search Autocomplete System,3,Hard,,,49.98381429403837,True,"['String', 'Depth-First Search', 'Design', 'Trie', 'Sorting', 'Heap (Priority Queue)', 'Data Stream']"
LeetCode,643,Maximum Average Subarray I,1,Easy,,,48.03733490740058,False,"['Array', 'Sliding Window']"
LeetCode,644,Maximum Average Subarray II,3,Hard,,,37.784841075794624,True,"['Array', 'Binary Search', 'Prefix Sum']"
LeetCode,645,Set Mismatch,1,Easy,,,43.48601885447057,False,"['Array', 'Hash Table', 'Bit Manipulation', 'Sorting']"
LeetCode,646,Maximum Length of Pair Chain,2,Medium,,,61.878983908730426,False,"['Array', 'Dynamic Programming', 'Greedy', 'Sorting']"
LeetCode,647,Palindromic Substrings,2,Medium,,,72.8876684542516,False,"['Two Pointers', 'String', 'Dynamic Programming']"
LeetCode,648,Replace Words,2,Medium,,,68.78405182688051,False,"['Array', 'Hash Table', 'String', 'Trie']"
LeetCode,649,Dota2 Senate,2,Medium,,,49.997874232810624,False,"['String', 'Greedy', 'Queue']"
LeetCode,650,2 Keys Keyboard,2,Medium,,,59.38203080941498,False,"['Math', 'Dynamic Programming']"
LeetCode,651,4 Keys Keyboard,2,Medium,,,56.48820397520571,True,"['Math', 'Dynamic Programming']"
LeetCode,652,Find Duplicate Subtrees,2,Medium,,,60.73853132325754,False,"['Hash Table', 'Tree', 'Depth-First Search', 'Binary Tree']"
LeetCode,653,Two Sum IV - Input is a BST,1,Easy,,,63.375024471238476,False,"['Hash Table', 'Two Pointers', 'Tree', 'Depth-First Search', 'Breadth-First Search', 'Binary Search Tree', 'Binary Tree']"
LeetCode,654,Maximum Binary Tree,2,Medium,,,86.38752804896674,False,"['Array', 'Divide and Conquer', 'Stack', 'Tree', 'Monotonic Stack', 'Binary Tree']"
LeetCode,655,Print Binary Tree,2,Medium,,,66.64135584983597,False,"['Tree', 'Depth-First Search', 'Breadth-First Search', 'Binary Tree']"
LeetCode,656,Coin Path,3,Hard,,,34.320963284642716,True,"['Array', 'Dynamic Programming']"
LeetCode,657,Robot Return to Origin,1,Easy,,,78.13621675708922,False,"['String', 'Simulation']"
LeetCode,658,Find K Closest Elements,2,Medium,,,49.769294562143976,False,"['Array', 'Two Pointers', 'Binary Search', 'Sliding Window', 'Sorting', 'Heap (Priority Queue)']"
LeetCode,659,Split Array into Consecutive Subsequences,2,Medium,,,52.214167328235774,False,"['Array', 'Hash Table', 'Greedy', 'Heap (Priority Queue)']"
LeetCode,660,Remove 9,3,Hard,,,57.48418121994432,True,['Math']
LeetCode,661,Image Smoother,1,Easy,,,69.35884065083877,False,"['Array', 'Matrix']"
LeetCode,662,Maximum Width of Binary Tree,2,Medium,,,45.68866492105458,False,"['Tree', 'Depth-First Search', 'Breadth-First Search', 'Binary Tree']"
LeetCode,663,Equal Tree Partition,2,Medium,,,42.29496180408416,True,"['Tree', 'Depth-First Search', 'Binary Tree']"
LeetCode,664,Strange Printer,3,Hard,,,60.9503144560135,False,"['String', 'Dynamic Programming']"
LeetCode,665,Non-decreasing Array,2,Medium,,,25.47718249780994,False,['Array']
LeetCode,666,Path Sum IV,2,Medium,,,62.87253087812731,True,"['Array', 'Hash Table', 'Tree', 'Depth-First Search', 'Binary Tree']"
LeetCode,667,Beautiful Arrangement II,2,Medium,,,61.15694362600668,False,"['Array', 'Math']"
LeetCode,668,Kth Smallest Number in Multiplication Table,3,Hard,,,54.245041306820305,False,"['Math', 'Binary Search']"
LeetCode,669,Trim a Binary Search Tree,2,Medium,,,66.73626958770728,False,"['Tree', 'Depth-First Search', 'Binary Search Tree', 'Binary Tree']"
LeetCode,670,Maximum Swap,2,Medium,,,52.02330906901869,False,"['Math', 'Greedy']"
LeetCode,671,Second Minimum Node In a Binary Tree,1,Easy,,,46.168588095229204,False,"['Tree', 'Depth-First Search', 'Binary Tree']"
LeetCode,672,Bulb Switcher II,2,Medium,,,50.24995550953714,False,"['Math', 'Bit Manipulation', 'Depth-First Search', 'Breadth-First Search']"
LeetCode,673,Number of Longest Increasing Subsequence,2,Medium,,,52.063107890741264,False,"['Array', 'Dynamic Programming', 'Binary Indexed Tree', 'Segment Tree']"
LeetCode,674,Longest Continuous Increasing Subsequence,1,Easy,,,52.14431765714662,False,['Array']
LeetCode,675,Cut Off Trees for Golf Event,3,Hard,,,36.500758635051916,False,"['Array', 'Breadth-First Search', 'Heap (Priority Queue)', 'Matrix']"
LeetCode,676,Implement Magic Dictionary,2,Medium,,,57.93305622870226,False,"['Hash Table', 'String', 'Depth-First Search', 'Design', 'Trie']"
LeetCode,677,Map Sum Pairs,2,Medium,,,57.2382833112138,False,"['Hash Table', 'String', 'Design', 'Trie']"
LeetCode,678,Valid Parenthesis String,2,Medium,,,40.197260230494,False,"['String', 'Dynamic Programming', 'Stack', 'Greedy']"
LeetCode,679,24 Game,3,Hard,,,59.54395456149211,False,"['Array', 'Math', 'Backtracking']"
LeetCode,680,Valid Palindrome II,1,Easy,,,44.348614260715976,False,"['Two Pointers', 'String', 'Greedy']"
LeetCode,681,Next Closest Time,2,Medium,,,46.9991965137404,True,"['Hash Table', 'String', 'Backtracking', 'Enumeration']"
LeetCode,682,Baseball Game,1,Easy,,,80.57409792293427,False,"['Array', 'Stack', 'Simulation']"
LeetCode,683,K Empty Slots,3,Hard,,,37.99772724715625,True,"['Array', 'Binary Indexed Tree', 'Segment Tree', 'Queue', 'Sliding Window', 'Heap (Priority Queue)', 'Ordered Set', 'Monotonic Queue']"
LeetCode,684,Redundant Connection,2,Medium,,,67.74652974236145,False,"['Depth-First Search', 'Breadth-First Search', 'Union-Find', 'Graph Theory']"
LeetCode,685,Redundant Connection II,3,Hard,,,36.288041281979545,False,"['Depth-First Search', 'Breadth-First Search', 'Union-Find', 'Graph Theory']"
LeetCode,686,Repeated String Match,2,Medium,,,39.07966299742758,False,"['String', 'String Matching']"
LeetCode,687,Longest Univalue Path,2,Medium,,,44.01300677532647,False,"['Tree', 'Depth-First Search', 'Binary Tree']"
LeetCode,688,Knight Probability in Chessboard,2,Medium,,,57.052463616605685,False,['Dynamic Programming']
LeetCode,689,Maximum Sum of 3 Non-Overlapping Subarrays,3,Hard,,,59.837772912485555,False,"['Array', 'Dynamic Programming', 'Sliding Window', 'Prefix Sum']"
LeetCode,690,Employee Importance,2,Medium,,,69.49256769074627,False,"['Array', 'Hash Table', 'Tree', 'Depth-First Search', 'Breadth-First Search']"
LeetCode,691,Stickers to Spell Word,3,Hard,,,50.92853299622318,False,"['Array', 'Hash Table', 'String', 'Dynamic Programming', 'Backtracking', 'Bit Manipulation', 'Memoization', 'Bitmask']"
LeetCode,692,Top K Frequent Words,2,Medium,,,60.26526124532604,False,"['Array', 'Hash Table', 'String', 'Trie', 'Sorting', 'Heap (Priority Queue)', 'Bucket Sort', 'Counting']"
LeetCode,693,Binary Number with Alternating Bits,1,Easy,,,69.89759089982057,False,['Bit Manipulation']
LeetCode,694,Number of Distinct Islands,2,Medium,,,62.862117808392206,True,"['Array', 'Hash Table', 'Depth-First Search', 'Breadth-First Search', 'Union-Find', 'Sorting', 'Matrix', 'Hash Function']"
LeetCode,695,Max Area of Island,2,Medium,,,74.03697802652111,False,"['Array', 'Depth-First Search', 'Breadth-First Search', 'Union-Find', 'Matrix']"
LeetCode,696,Count Binary Substrings,1,Easy,,,70.45976861281572,False,"['Two Pointers', 'String']"
LeetCode,697,Degree of an Array,1,Easy,,,58.434188824599175,False,"['Array', 'Hash Table']"
LeetCode,698,Partition to K Equal Sum Subsets,2,Medium,,,38.70943811541072,False,"['Array', 'Dynamic Programming', 'Backtracking', 'Bit Manipulation', 'Memoization', 'Bitmask']"
LeetCode,699,Falling Squares,3,Hard,,,48.002261106400475,False,"['Array', 'Segment Tree', 'Ordered Set']"
LeetCode,700,Search in a Binary Search Tree,1,Easy,,,82.77450276225335,False,"['Tree', 'Binary Search Tree', 'Binary Tree']"
LeetCode,701,Insert into a Binary Search Tree,2,Medium,,,73.49343133840648,False,"['Tree', 'Binary Search Tree', 'Binary Tree']"
LeetCode,702,Search in a Sorted Array of Unknown Size,2,Medium,,,73.13805003759568,True,"['Array', 'Binary Search', 'Interactive']"
LeetCode,703,Kth Largest Element in a Stream,1,Easy,,,61.13005901438161,False,"['Tree', 'Design', 'Binary Search Tree', 'Heap (Priority Queue)', 'Binary Tree', 'Data Stream']"
LeetCode,704,Binary Search,1,Easy,,,60.97574193827317,False,"['Array', 'Binary Search']"
LeetCode,705,Design HashSet,1,Easy,,,68.12896836954623,False,"['Array', 'Hash Table', 'Linked List', 'Design', 'Hash Function']"
LeetCode,706,Design HashMap,1,Easy,,,66.64172761770234,False,"['Array', 'Hash Table', 'Linked List', 'Design', 'Hash Function']"
LeetCode,707,Design Linked List,2,Medium,,,30.37805113750999,False,"['Linked List', 'Design']"
LeetCode,708,Insert into a Sorted Circular Linked List,2,Medium,,,38.56961289341836,True,['Linked List']
LeetCode,709,To Lower Case,1,Easy,,,84.91171604173485,False,['String']
LeetCode,710,Random Pick with Blacklist,3,Hard,,,35.08224691004285,False,"['Array', 'Hash Table', 'Math', 'Binary Search', 'Sorting', 'Randomized']"
LeetCode,711,Number of Distinct Islands II,3,Hard,,,55.47203268956478,True,"['Array', 'Hash Table', 'Depth-First Search', 'Breadth-First Search', 'Union-Find', 'Sorting', 'Matrix', 'Hash Function']"
LeetCode,712,Minimum ASCII Delete Sum for Two Strings,2,Medium,,,71.0508093135982,False,"['String', 'Dynamic Programming']"
LeetCode,713,Subarray Product Less Than K,2,Medium,,,54.4403110677634,False,"['Array', 'Binary Search', 'Sliding Window', 'Prefix Sum']"
LeetCode,714,Best Time to Buy and Sell Stock with Transaction Fee,2,Medium,,,72.1389882423169,False,"['Array', 'Dynamic Programming', 'Greedy']"
LeetCode,715,Range Module,3,Hard,,,45.17781485508605,False,"['Design', 'Segment Tree', 'Ordered Set']"
LeetCode,716,Max Stack,3,Hard,,,45.94481057826079,True,"['Linked List', 'Stack', 'Design', 'Doubly-Linked List', 'Ordered Set']"
LeetCode,717,1-bit and 2-bit Characters,1,Easy,,,49.62477990767432,False,['Array']
LeetCode,718,Maximum Length of Repeated Subarray,2,Medium,,,51.41265248290065,False,"['Array', 'Binary Search', 'Dynamic Programming', 'Sliding Window', 'Rolling Hash', 'Hash Function']"
LeetCode,719,Find K-th Smallest Pair Distance,3,Hard,,,46.58992656093232,False,"['Array', 'Two Pointers', 'Binary Search', 'Sorting']"
LeetCode,720,Longest Word in Dictionary,2,Medium,,,54.9393014390412,False,"['Array', 'Hash Table', 'String', 'Trie', 'Sorting']"
LeetCode,721,Accounts Merge,2,Medium,,,61.47078903173584,False,"['Array', 'Hash Table', 'String', 'Depth-First Search', 'Breadth-First Search', 'Union-Find', 'Sorting']"
LeetCode,722,Remove Comments,2,Medium,,,40.20668534324031,False,"['Array', 'String']"
LeetCode,723,Candy Crush,2,Medium,,,77.61095091312849,True,"['Array', 'Two Pointers', 'Matrix', 'Simulation']"
LeetCode,724,Find Pivot Index,1,Easy,,,62.91551032994141,False,"['Array', 'Prefix Sum']"
LeetCode,725,Split Linked List in Parts,2,Medium,,,70.58610964908836,False,['Linked List']
LeetCode,726,Number of Atoms,3,Hard,,,65.11851556264963,False,"['Hash Table', 'String', 'Stack', 'Sorting']"
LeetCode,727,Minimum Window Subsequence,3,Hard,,,43.829351866960074,True,"['String', 'Dynamic Programming', 'Sliding Window']"
LeetCode,728,Self Dividing Numbers,1,Easy,,,80.8982585213578,False,['Math']
LeetCode,729,My Calendar I,2,Medium,,,58.32307557316019,False,"['Array', 'Binary Search', 'Design', 'Segment Tree', 'Ordered Set']"
LeetCode,730,Count Different Palindromic Subsequences,3,Hard,,,47.97521047222597,False,"['String', 'Dynamic Programming']"
LeetCode,731,My Calendar II,2,Medium,,,63.21261334650594,False,"['Array', 'Binary Search', 'Design', 'Segment Tree', 'Prefix Sum', 'Ordered Set']"
LeetCode,732,My Calendar III,3,Hard,,,71.85126075236725,False,"['Binary Search', 'Design', 'Segment Tree', 'Prefix Sum', 'Ordered Set']"
LeetCode,733,Flood Fill,1,Easy,,,68.41259569770706,False,"['Array', 'Depth-First Search', 'Breadth-First Search', 'Matrix']"
LeetCode,734,Sentence Similarity,1,Easy,,,44.851817005762676,True,"['Array', 'Hash Table', 'String']"
LeetCode,735,Asteroid Collision,2,Medium,,,48.12666994274482,False,"['Array', 'Stack', 'Simulation']"
LeetCode,736,Parse Lisp Expression,3,Hard,,,53.6639015751701,False,"['Hash Table', 'String', 'Stack', 'Recursion']"
LeetCode,737,Sentence Similarity II,2,Medium,,,51.31505208031384,True,"['Array', 'Hash Table', 'String', 'Depth-First Search', 'Breadth-First Search', 'Union-Find']"
LeetCode,738,Monotone Increasing Digits,2,Medium,,,49.723089529676045,False,"['Math', 'Greedy']"
LeetCode,739,Daily Temperatures,2,Medium,,,68.78464704553518,False,"['Array', 'Stack', 'Monotonic Stack']"
LeetCode,740,Delete and Earn,2,Medium,,,57.287070455549696,False,"['Array', 'Hash Table', 'Dynamic Programming']"
LeetCode,741,Cherry Pickup,3,Hard,,,39.67627128590514,False,"['Array', 'Dynamic Programming', 'Matrix']"
LeetCode,742,Closest Leaf in a Binary Tree,2,Medium,,,47.45512517713746,True,"['Tree', 'Depth-First Search', 'Breadth-First Search', 'Binary Tree']"
LeetCode,743,Network Delay Time,2,Medium,,,60.6796580137091,False,"['Depth-First Search', 'Breadth-First Search', 'Graph Theory', 'Heap (Priority Queue)', 'Shortest Path']"
LeetCode,744,Find Smallest Letter Greater Than Target,1,Easy,,,59.2806655919091,False,"['Array', 'Binary Search']"
LeetCode,745,Prefix and Suffix Search,3,Hard,,,40.971370180598235,False,"['Array', 'Hash Table', 'String', 'Design', 'Trie']"
LeetCode,746,Min Cost Climbing Stairs,1,Easy,,,68.35984765587122,False,"['Array', 'Dynamic Programming']"
LeetCode,747,Largest Number At Least Twice of Others,1,Easy,,,52.622389311677885,False,"['Array', 'Sorting']"
LeetCode,748,Shortest Completing Word,1,Easy,,,63.30080658807603,False,"['Array', 'Hash Table', 'String']"
LeetCode,749,Contain Virus,3,Hard,,,55.056083323795356,False,"['Array', 'Depth-First Search', 'Breadth-First Search', 'Matrix', 'Simulation']"
LeetCode,750,Number Of Corner Rectangles,2,Medium,,,67.88025481989479,True,"['Array', 'Math', 'Dynamic Programming', 'Matrix']"
LeetCode,751,IP to CIDR,2,Medium,,,53.69520661157024,True,"['String', 'Bit Manipulation']"
LeetCode,752,Open the Lock,2,Medium,,,61.351317132026004,False,"['Array', 'Hash Table', 'String', 'Breadth-First Search']"
LeetCode,753,Cracking the Safe,3,Hard,,,58.498326545425215,False,"['String', 'Depth-First Search', 'Graph Theory', 'Eulerian Circuit']"
LeetCode,754,Reach a Number,2,Medium,,,45.22312566452176,False,"['Math', 'Binary Search']"
LeetCode,755,Pour Water,2,Medium,,,49.0841594256109,True,"['Array', 'Simulation']"
LeetCode,756,Pyramid Transition Matrix,2,Medium,,,60.584766176592744,False,"['Hash Table', 'String', 'Backtracking', 'Bit Manipulation']"
LeetCode,757,Set Intersection Size At Least Two,3,Hard,,,58.05707747745622,False,"['Array', 'Greedy', 'Sorting']"
LeetCode,758,Bold Words in String,2,Medium,,,52.53072849005696,True,"['Array', 'Hash Table', 'String', 'Trie', 'String Matching']"
LeetCode,759,Employee Free Time,3,Hard,,,72.94728575320948,True,"['Array', 'Sweep Line', 'Sorting', 'Heap (Priority Queue)']"
LeetCode,760,Find Anagram Mappings,1,Easy,,,83.98099402159365,True,"['Array', 'Hash Table']"
LeetCode,761,Special Binary String,3,Hard,,,79.3639508224223,False,"['String', 'Divide and Conquer', 'Sorting']"
LeetCode,762,Prime Number of Set Bits in Binary Representation,1,Easy,,,78.85840133950795,False,"['Math', 'Bit Manipulation']"
LeetCode,763,Partition Labels,2,Medium,,,81.9089526171632,False,"['Hash Table', 'Two Pointers', 'String', 'Greedy']"
LeetCode,764,Largest Plus Sign,2,Medium,,,49.2490901231297,False,"['Array', 'Dynamic Programming']"
LeetCode,765,Couples Holding Hands,3,Hard,,,59.447602094094066,False,"['Greedy', 'Depth-First Search', 'Breadth-First Search', 'Union-Find', 'Graph Theory']"
LeetCode,766,Toeplitz Matrix,1,Easy,,,69.72519619130503,False,"['Array', 'Matrix']"
LeetCode,767,Reorganize String,2,Medium,,,57.18919243402849,False,"['Hash Table', 'String', 'Greedy', 'Sorting', 'Heap (Priority Queue)', 'Counting']"
LeetCode,768,Max Chunks To Make Sorted II,3,Hard,,,54.883625436287964,False,"['Array', 'Stack', 'Greedy', 'Sorting', 'Monotonic Stack']"
LeetCode,769,Max Chunks To Make Sorted,2,Medium,,,64.18647112681883,False,"['Array', 'Stack', 'Greedy', 'Sorting', 'Monotonic Stack']"
LeetCode,770,Basic Calculator IV,3,Hard,,,49.8501439211846,False,"['Hash Table', 'Math', 'String', 'Stack', 'Recursion']"
LeetCode,771,Jewels and Stones,1,Easy,,,89.57785297782529,False,"['Hash Table', 'String']"
LeetCode,772,Basic Calculator III,3,Hard,,,53.39537027310034,True,"['Math', 'String', 'Stack', 'Recursion']"
LeetCode,773,Sliding Puzzle,3,Hard,,,74.47492286639836,False,"['Array', 'Dynamic Programming', 'Backtracking', 'Breadth-First Search', 'Memoization', 'Matrix']"
LeetCode,774,Minimize Max Distance to Gas Station,3,Hard,,,54.00294660353878,True,"['Array', 'Binary Search']"
LeetCode,775,Global and Local Inversions,2,Medium,,,42.875916447641444,False,"['Array', 'Math']"
LeetCode,776,Split BST,2,Medium,,,82.16573054197973,True,"['Tree', 'Binary Search Tree', 'Recursion', 'Binary Tree']"
LeetCode,777,Swap Adjacent in LR String,2,Medium,,,38.18691068110097,False,"['Two Pointers', 'String']"
LeetCode,778,Swim in Rising Water,3,Hard,,,67.90317230301866,False,"['Array', 'Binary Search', 'Depth-First Search', 'Breadth-First Search', 'Union-Find', 'Heap (Priority Queue)', 'Matrix']"
LeetCode,779,K-th Symbol in Grammar,2,Medium,,,48.367203588409566,False,"['Math', 'Bit Manipulation', 'Recursion']"
LeetCode,780,Reaching Points,3,Hard,,,34.44575831393867,False,['Math']
LeetCode,781,Rabbits in Forest,2,Medium,,,58.053080065533955,False,"['Array', 'Hash Table', 'Math', 'Greedy']"
LeetCode,782,Transform to Chessboard,3,Hard,,,51.485332343111764,False,"['Array', 'Math', 'Bit Manipulation', 'Matrix']"
LeetCode,783,Minimum Distance Between BST Nodes,1,Easy,,,61.44974955195074,False,"['Tree', 'Depth-First Search', 'Breadth-First Search', 'Binary Search Tree', 'Binary Tree']"
LeetCode,784,Letter Case Permutation,2,Medium,,,75.89918423485015,False,"['String', 'Backtracking', 'Bit Manipulation']"
LeetCode,785,Is Graph Bipartite?,2,Medium,,,59.41434558732303,False,"['Depth-First Search', 'Breadth-First Search', 'Union-Find', 'Graph Theory']"
LeetCode,786,K-th Smallest Prime Fraction,2,Medium,,,69.12436382617774,False,"['Array', 'Two Pointers', 'Binary Search', 'Sorting', 'Heap (Priority Queue)']"
LeetCode,787,Cheapest Flights Within K Stops,2,Medium,,,41.99370322479701,False,"['Dynamic Programming', 'Depth-First Search', 'Breadth-First Search', 'Graph Theory', 'Heap (Priority Queue)', 'Shortest Path']"
LeetCode,788,Rotated Digits,2,Medium,,,64.03656448367514,False,"['Math', 'Dynamic Programming']"
LeetCode,789,Escape The Ghosts,2,Medium,,,63.841153375812574,False,"['Array', 'Math']"
LeetCode,790,Domino and Tromino Tiling,2,Medium,,,51.339649927871235,False,['Dynamic Programming']
LeetCode,791,Custom Sort String,2,Medium,,,72.30022717037033,False,"['Hash Table', 'String', 'Sorting']"
LeetCode,792,Number of Matching Subsequences,2,Medium,,,50.60989007995671,False,"['Array', 'Hash Table', 'String', 'Binary Search', 'Dynamic Programming', 'Trie', 'Sorting']"
LeetCode,793,Preimage Size of Factorial Zeroes Function,3,Hard,,,47.160987384261446,False,"['Math', 'Binary Search']"
LeetCode,794,Valid Tic-Tac-Toe State,2,Medium,,,34.85950068430773,False,"['Array', 'Matrix']"
LeetCode,795,Number of Subarrays with Bounded Maximum,2,Medium,,,55.04768069815811,False,"['Array', 'Two Pointers']"
LeetCode,796,Rotate String,1,Easy,,,66.73571306363932,False,"['String', 'String Matching']"
LeetCode,797,All Paths From Source to Target,2,Medium,,,83.65996738043879,False,"['Backtracking', 'Depth-First Search', 'Breadth-First Search', 'Graph Theory']"
LeetCode,798,Smallest Rotation with Highest Score,3,Hard,,,53.811340088807924,False,"['Array', 'Prefix Sum']"
LeetCode,799,Champagne Tower,2,Medium,,,64.1457507146883,False,['Dynamic Programming']
LeetCode,800,Similar RGB Color,1,Easy,,,67.97015034568533,True,"['Math', 'String', 'Enumeration']"
LeetCode,801,Minimum Swaps To Make Sequences Increasing,3,Hard,,,41.57540873999693,False,"['Array', 'Dynamic Programming']"
LeetCode,802,Find Eventual Safe States,2,Medium,,,70.92819762466644,False,"['Depth-First Search', 'Breadth-First Search', 'Graph Theory', 'Topological Sort']"
LeetCode,803,Bricks Falling When Hit,3,Hard,,,37.38353590736552,False,"['Array', 'Union-Find', 'Matrix']"
LeetCode,804,Unique Morse Code Words,1,Easy,,,83.64074347146986,False,"['Array', 'Hash Table', 'String']"
LeetCode,805,Split Array With Same Average,3,Hard,,,27.110794242471876,False,"['Array', 'Hash Table', 'Math', 'Dynamic Programming', 'Bit Manipulation', 'Bitmask']"
LeetCode,806,Number of Lines To Write String,1,Easy,,,72.70718988413049,False,"['Array', 'String']"
LeetCode,807,Max Increase to Keep City Skyline,2,Medium,,,86.44010919743513,False,"['Array', 'Greedy', 'Matrix']"
LeetCode,808,Soup Servings,2,Medium,,,59.59668141679787,False,"['Math', 'Dynamic Programming', 'Probability and Statistics']"
LeetCode,809,Expressive Words,2,Medium,,,46.86597924073783,False,"['Array', 'Two Pointers', 'String']"
LeetCode,810,Chalkboard XOR Game,3,Hard,,,66.49899727126278,False,"['Array', 'Math', 'Bit Manipulation', 'Brainteaser', 'Game Theory']"
LeetCode,811,Subdomain Visit Count,2,Medium,,,77.24259613001064,False,"['Array', 'Hash Table', 'String', 'Counting']"
LeetCode,812,Largest Triangle Area,1,Easy,,,71.6971152527631,False,"['Array', 'Math', 'Geometry']"
LeetCode,813,Largest Sum of Averages,2,Medium,,,55.126386381222595,False,"['Array', 'Dynamic Programming', 'Prefix Sum']"
LeetCode,814,Binary Tree Pruning,2,Medium,,,72.50603278228915,False,"['Tree', 'Depth-First Search', 'Binary Tree']"
LeetCode,815,Bus Routes,3,Hard,,,47.35938212084143,False,"['Array', 'Hash Table', 'Breadth-First Search']"
LeetCode,816,Ambiguous Coordinates,2,Medium,,,56.56099934589429,False,"['String', 'Backtracking', 'Enumeration']"
LeetCode,817,Linked List Components,2,Medium,,,58.0008556578097,False,"['Array', 'Hash Table', 'Linked List']"
LeetCode,818,Race Car,3,Hard,,,44.78910771536828,False,['Dynamic Programming']
LeetCode,819,Most Common Word,1,Easy,,,45.17684078160734,False,"['Array', 'Hash Table', 'String', 'Counting']"
LeetCode,820,Short Encoding of Words,2,Medium,,,60.9048783407144,False,"['Array', 'Hash Table', 'String', 'Trie']"
LeetCode,821,Shortest Distance to a Character,1,Easy,,,72.83796930118957,False,"['Array', 'Two Pointers', 'String']"
LeetCode,822,Card Flipping Game,2,Medium,,,50.489397937604096,False,"['Array', 'Hash Table']"
LeetCode,823,Binary Trees With Factors,2,Medium,,,53.12177502579979,False,"['Array', 'Hash Table', 'Dynamic Programming', 'Sorting']"
LeetCode,824,Goat Latin,1,Easy,,,70.0479035166817,False,['String']
LeetCode,825,Friends Of Appropriate Ages,2,Medium,,,49.92206686283008,False,"['Array', 'Two Pointers', 'Binary Search', 'Sorting']"
LeetCode,826,Most Profit Assigning Work,2,Medium,,,56.23312572603596,False,"['Array', 'Two Pointers', 'Binary Search', 'Greedy', 'Sorting']"
LeetCode,827,Making A Large Island,3,Hard,,,56.739096981916745,False,"['Array', 'Depth-First Search', 'Breadth-First Search', 'Union-Find', 'Matrix']"
LeetCode,828,Count Unique Characters of All Substrings of a Given String,3,Hard,,,53.67984814931983,False,"['Hash Table', 'String', 'Dynamic Programming']"
LeetCode,829,Consecutive Numbers Sum,3,Hard,,,42.72682168215571,False,"['Math', 'Enumeration']"
LeetCode,830,Positions of Large Groups,1,Easy,,,54.063969730188475,False,['String']
LeetCode,831,Masking Personal Information,2,Medium,,,55.501428095051686,False,['String']
LeetCode,832,Flipping an Image,1,Easy,,,83.79743550805514,False,"['Array', 'Two Pointers', 'Bit Manipulation', 'Matrix', 'Simulation']"
LeetCode,833,Find And Replace in String,2,Medium,,,50.77885597548519,False,"['Array', 'Hash Table', 'String', 'Sorting']"
LeetCode,834,Sum of Distances in Tree,3,Hard,,,65.64090788660249,False,"['Dynamic Programming', 'Tree', 'Depth-First Search', 'Graph Theory']"
LeetCode,835,Image Overlap,2,Medium,,,64.07207272332965,False,"['Array', 'Matrix']"
LeetCode,836,Rectangle Overlap,1,Easy,,,46.76545185543042,False,"['Math', 'Geometry']"
LeetCode,837,New 21 Game,2,Medium,,,51.9546784000821,False,"['Math', 'Dynamic Programming', 'Sliding Window', 'Probability and Statistics']"
LeetCode,838,Push Dominoes,2,Medium,,,63.01735136862984,False,"['Two Pointers', 'String', 'Dynamic Programming']"
LeetCode,839,Similar String Groups,3,Hard,,,56.34147577341487,False,"['Array', 'Hash Table', 'String', 'Depth-First Search', 'Breadth-First Search', 'Union-Find']"
LeetCode,840,Magic Squares In Grid,2,Medium,,,55.19144168460045,False,"['Array', 'Hash Table', 'Math', 'Matrix']"
LeetCode,841,Keys and Rooms,2,Medium,,,75.85040687570346,False,"['Depth-First Search', 'Breadth-First Search', 'Graph Theory']"
LeetCode,842,Split Array into Fibonacci Sequence,2,Medium,,,40.434734766084595,False,"['String', 'Backtracking']"
LeetCode,843,Guess the Word,3,Hard,,,36.69995148944574,False,"['Array', 'Math', 'String', 'Interactive', 'Game Theory']"
LeetCode,844,Backspace String Compare,1,Easy,,,49.950215282109504,False,"['Two Pointers', 'String', 'Stack', 'Simulation']"
LeetCode,845,Longest Mountain in Array,2,Medium,,,42.209528739031846,False,"['Array', 'Two Pointers', 'Dynamic Programming', 'Enumeration']"
LeetCode,846,Hand of Straights,2,Medium,,,58.07567779457161,False,"['Array', 'Hash Table', 'Greedy', 'Sorting']"
LeetCode,847,Shortest Path Visiting All Nodes,3,Hard,,,66.03923114159281,False,"['Dynamic Programming', 'Bit Manipulation', 'Breadth-First Search', 'Graph Theory', 'Bitmask']"
LeetCode,848,Shifting Letters,2,Medium,,,46.271838237505136,False,"['Array', 'String', 'Prefix Sum']"
LeetCode,849,Maximize Distance to Closest Person,2,Medium,,,49.836011269588504,False,['Array']
LeetCode,850,Rectangle Area II,3,Hard,,,56.24874296057924,False,"['Array', 'Segment Tree', 'Sweep Line', 'Ordered Set']"
LeetCode,851,Loud and Rich,2,Medium,,,63.656245260881015,False,"['Array', 'Depth-First Search', 'Graph Theory', 'Topological Sort']"
LeetCode,852,Peak Index in a Mountain Array,2,Medium,,,66.7861629622997,False,"['Array', 'Binary Search']"
LeetCode,853,Car Fleet,2,Medium,,,55.232405736955606,False,"['Array', 'Stack', 'Sorting', 'Monotonic Stack']"
LeetCode,854,K-Similar Strings,3,Hard,,,40.878670679671956,False,"['Hash Table', 'String', 'Breadth-First Search']"
LeetCode,855,Exam Room,2,Medium,,,43.58613568149968,False,"['Design', 'Heap (Priority Queue)', 'Ordered Set']"
LeetCode,856,Score of Parentheses,2,Medium,,,63.57966938515559,False,"['String', 'Stack']"
LeetCode,857,Minimum Cost to Hire K Workers,3,Hard,,,63.67925271953334,False,"['Array', 'Greedy', 'Sorting', 'Heap (Priority Queue)']"
LeetCode,858,Mirror Reflection,2,Medium,,,61.89700737633088,False,"['Math', 'Geometry', 'Number Theory']"
LeetCode,859,Buddy Strings,1,Easy,,,34.066826027027155,False,"['Hash Table', 'String']"
LeetCode,860,Lemonade Change,1,Easy,,,59.16642864175675,False,"['Array', 'Greedy']"
LeetCode,861,Score After Flipping Matrix,2,Medium,,,80.26653654099432,False,"['Array', 'Greedy', 'Bit Manipulation', 'Matrix']"
LeetCode,862,Shortest Subarray with Sum at Least K,3,Hard,,,32.847183512648805,False,"['Array', 'Binary Search', 'Queue', 'Sliding Window', 'Heap (Priority Queue)', 'Prefix Sum', 'Monotonic Queue']"
LeetCode,863,All Nodes Distance K in Binary Tree,2,Medium,,,67.76318752989053,False,"['Hash Table', 'Tree', 'Depth-First Search', 'Breadth-First Search', 'Binary Tree']"
LeetCode,864,Shortest Path to Get All Keys,3,Hard,,,54.70476403489152,False,"['Array', 'Bit Manipulation', 'Breadth-First Search', 'Matrix']"
LeetCode,865,Smallest Subtree with all the Deepest Nodes,2,Medium,,,77.63316754837123,False,"['Hash Table', 'Tree', 'Depth-First Search', 'Breadth-First Search', 'Binary Tree']"
LeetCode,866,Prime Palindrome,2,Medium,,,28.251347335270243,False,"['Math', 'Number Theory']"
LeetCode,867,Transpose Matrix,1,Easy,,,76.54163671071224,False,"['Array', 'Matrix', 'Simulation']"
LeetCode,868,Binary Gap,1,Easy,,,74.30525631818338,False,['Bit Manipulation']
LeetCode,869,Reordered Power of 2,2,Medium,,,65.91563238517043,False,"['Hash Table', 'Math', 'Sorting', 'Counting', 'Enumeration']"
LeetCode,870,Advantage Shuffle,2,Medium,,,54.646003219937434,False,"['Array', 'Two Pointers', 'Greedy', 'Sorting']"
LeetCode,871,Minimum Number of Refueling Stops,3,Hard,,,41.55251253629574,False,"['Array', 'Dynamic Programming', 'Greedy', 'Heap (Priority Queue)']"
LeetCode,872,Leaf-Similar Trees,1,Easy,,,70.24835838140882,False,"['Tree', 'Depth-First Search', 'Binary Tree']"
LeetCode,873,Length of Longest Fibonacci Subsequence,2,Medium,,,57.54643261439909,False,"['Array', 'Hash Table', 'Dynamic Programming']"
LeetCode,874,Walking Robot Simulation,2,Medium,,,64.6527317631468,False,"['Array', 'Hash Table', 'Simulation']"
LeetCode,875,Koko Eating Bananas,2,Medium,,,50.10808911309629,False,"['Array', 'Binary Search']"
LeetCode,876,Middle of the Linked List,1,Easy,,,81.9671497123845,False,"['Linked List', 'Two Pointers']"
LeetCode,877,Stone Game,2,Medium,,,73.35893056039542,False,"['Array', 'Math', 'Dynamic Programming', 'Game Theory']"
LeetCode,878,Nth Magical Number,3,Hard,,,36.77227610136231,False,"['Math', 'Binary Search']"
LeetCode,879,Profitable Schemes,3,Hard,,,48.42523704010617,False,"['Array', 'Dynamic Programming']"
LeetCode,880,Decoded String at Index,2,Medium,,,37.34858035518527,False,"['String', 'Stack']"
LeetCode,881,Boats to Save People,2,Medium,,,61.92016330957052,False,"['Array', 'Two Pointers', 'Greedy', 'Sorting']"
LeetCode,882,Reachable Nodes In Subdivided Graph,3,Hard,,,52.27686208488337,False,"['Graph Theory', 'Heap (Priority Queue)', 'Shortest Path']"
LeetCode,883,Projection Area of 3D Shapes,1,Easy,,,76.21294322805657,False,"['Array', 'Math', 'Geometry', 'Matrix']"
LeetCode,884,Uncommon Words from Two Sentences,1,Easy,,,75.70333440785669,False,"['Hash Table', 'String', 'Counting']"
LeetCode,885,Spiral Matrix III,2,Medium,,,84.58383296218047,False,"['Array', 'Matrix', 'Simulation']"
LeetCode,886,Possible Bipartition,2,Medium,,,52.700595143984245,False,"['Depth-First Search', 'Breadth-First Search', 'Union-Find', 'Graph Theory']"
LeetCode,887,Super Egg Drop,3,Hard,,,30.27812782348186,False,"['Math', 'Binary Search', 'Dynamic Programming']"
LeetCode,888,Fair Candy Swap,1,Easy,,,65.13589538059612,False,"['Array', 'Hash Table', 'Binary Search', 'Sorting']"
LeetCode,889,Construct Binary Tree from Preorder and Postorder Traversal,2,Medium,,,78.07567711751679,False,"['Array', 'Hash Table', 'Divide and Conquer', 'Tree', 'Binary Tree']"
LeetCode,890,Find and Replace Pattern,2,Medium,,,77.03689742969718,False,"['Array', 'Hash Table', 'String']"
LeetCode,891,Sum of Subsequence Widths,3,Hard,,,40.67722736563665,False,"['Array', 'Math', 'Sorting']"
LeetCode,892,Surface Area of 3D Shapes,1,Easy,,,70.93983771534394,False,"['Array', 'Math', 'Geometry', 'Matrix']"
LeetCode,893,Groups of Special-Equivalent Strings,2,Medium,,,73.65147268525348,False,"['Array', 'Hash Table', 'String', 'Sorting']"
LeetCode,894,All Possible Full Binary Trees,2,Medium,,,82.76373874390814,False,"['Dynamic Programming', 'Tree', 'Recursion', 'Memoization', 'Binary Tree']"
LeetCode,895,Maximum Frequency Stack,3,Hard,,,66.86313504651451,False,"['Hash Table', 'Stack', 'Design', 'Ordered Set']"
LeetCode,896,Monotonic Array,1,Easy,,,62.38309528052889,False,['Array']
LeetCode,897,Increasing Order Search Tree,1,Easy,,,79.00295137846463,False,"['Stack', 'Tree', 'Depth-First Search', 'Binary Search Tree', 'Binary Tree']"
LeetCode,898,Bitwise ORs of Subarrays,2,Medium,,,56.890902812286804,False,"['Array', 'Dynamic Programming', 'Bit Manipulation']"
LeetCode,899,Orderly Queue,3,Hard,,,67.04686608907605,False,"['Math', 'String', 'Sorting']"
LeetCode,900,RLE Iterator,2,Medium,,,59.31384092098377,False,"['Array', 'Design', 'Counting', 'Iterator']"
LeetCode,901,Online Stock Span,2,Medium,,,69.20106195200802,False,"['Stack', 'Design', 'Monotonic Stack', 'Data Stream']"
LeetCode,902,Numbers At Most N Given Digit Set,3,Hard,,,45.30882152068586,False,"['Array', 'Math', 'String', 'Binary Search', 'Dynamic Programming']"
LeetCode,903,Valid Permutations for DI Sequence,3,Hard,,,56.41958264748048,False,"['String', 'Dynamic Programming', 'Prefix Sum']"
LeetCode,904,Fruit Into Baskets,2,Medium,,,51.38608515403295,False,"['Array', 'Hash Table', 'Sliding Window']"
LeetCode,905,Sort Array By Parity,1,Easy,,,76.5540915723003,False,"['Array', 'Two Pointers', 'Sorting']"
LeetCode,906,Super Palindromes,3,Hard,,,40.0417317285503,False,"['Math', 'String', 'Enumeration']"
LeetCode,907,Sum of Subarray Minimums,2,Medium,,,38.69037525133845,False,"['Array', 'Dynamic Programming', 'Stack', 'Monotonic Stack']"
LeetCode,908,Smallest Range I,1,Easy,,,73.6700301734831,False,"['Array', 'Math']"
LeetCode,909,Snakes and Ladders,2,Medium,,,48.14233412884724,False,"['Array', 'Breadth-First Search', 'Matrix']"
LeetCode,910,Smallest Range II,2,Medium,,,37.97765819767046,False,"['Array', 'Math', 'Greedy', 'Sorting']"
LeetCode,911,Online Election,2,Medium,,,52.89655309849144,False,"['Array', 'Hash Table', 'Binary Search', 'Design']"
LeetCode,912,Sort an Array,2,Medium,,,55.92417038646491,False,"['Array', 'Divide and Conquer', 'Sorting', 'Heap (Priority Queue)', 'Merge Sort', 'Bucket Sort', 'Radix Sort', 'Counting Sort']"
LeetCode,913,Cat and Mouse,3,Hard,,,35.40333146172562,False,"['Math', 'Dynamic Programming', 'Graph Theory', 'Topological Sort', 'Memoization', 'Game Theory']"
LeetCode,914,X of a Kind in a Deck of Cards,1,Easy,,,30.327258571687732,False,"['Array', 'Hash Table', 'Math', 'Counting', 'Number Theory']"
LeetCode,915,Partition Array into Disjoint Intervals,2,Medium,,,49.48876785571782,False,['Array']
LeetCode,916,Word Subsets,2,Medium,,,55.943222655553434,False,"['Array', 'Hash Table', 'String']"
LeetCode,917,Reverse Only Letters,1,Easy,,,68.59417737108161,False,"['Two Pointers', 'String']"
LeetCode,918,Maximum Sum Circular Subarray,2,Medium,,,50.39658833687256,False,"['Array', 'Divide and Conquer', 'Dynamic Programming', 'Queue', 'Monotonic Queue']"
LeetCode,919,Complete Binary Tree Inserter,2,Medium,,,65.09597086581466,False,"['Tree', 'Breadth-First Search', 'Design', 'Binary Tree']"
LeetCode,920,Number of Music Playlists,3,Hard,,,60.0721641734947,False,"['Math', 'Dynamic Programming', 'Combinatorics']"
LeetCode,921,Minimum Add to Make Parentheses Valid,2,Medium,,,74.37685942148555,False,"['String', 'Stack', 'Greedy']"
LeetCode,922,Sort Array By Parity II,1,Easy,,,71.32489082443848,False,"['Array', 'Two Pointers', 'Sorting']"
LeetCode,923,3Sum With Multiplicity,2,Medium,,,46.31880942287894,False,"['Array', 'Hash Table', 'Two Pointers', 'Sorting', 'Counting']"
LeetCode,924,Minimize Malware Spread,3,Hard,,,43.24606557284011,False,"['Array', 'Hash Table', 'Depth-First Search', 'Breadth-First Search', 'Union-Find', 'Graph Theory']"
LeetCode,925,Long Pressed Name,1,Easy,,,32.943509389356045,False,"['Two Pointers', 'String']"
LeetCode,926,Flip String to Monotone Increasing,2,Medium,,,61.91229758804212,False,"['String', 'Dynamic Programming']"
LeetCode,927,Three Equal Parts,3,Hard,,,41.403238242097146,False,"['Array', 'Math']"
LeetCode,928,Minimize Malware Spread II,3,Hard,,,45.6857362144291,False,"['Array', 'Hash Table', 'Depth-First Search', 'Breadth-First Search', 'Union-Find', 'Graph Theory']"
LeetCode,929,Unique Email Addresses,1,Easy,,,67.9121536183296,False,"['Array', 'Hash Table', 'String']"
LeetCode,930,Binary Subarrays With Sum,2,Medium,,,69.06100840464899,False,"['Array', 'Hash Table', 'Sliding Window', 'Prefix Sum']"
LeetCode,931,Minimum Falling Path Sum,2,Medium,,,60.84009691813807,False,"['Array', 'Dynamic Programming', 'Matrix']"
LeetCode,932,Beautiful Array,2,Medium,,,69.52888124455617,False,"['Array', 'Math', 'Divide and Conquer']"
LeetCode,933,Number of Recent Calls,1,Easy,,,78.58458178184924,False,"['Design', 'Queue', 'Data Stream']"
LeetCode,934,Shortest Bridge,2,Medium,,,59.52924051680421,False,"['Array', 'Depth-First Search', 'Breadth-First Search', 'Matrix']"
LeetCode,935,Knight Dialer,2,Medium,,,61.95405532687873,False,['Dynamic Programming']
LeetCode,936,Stamping The Sequence,3,Hard,,,62.36098083880477,False,"['String', 'Stack', 'Greedy', 'Queue']"
LeetCode,937,Reorder Data in Log Files,2,Medium,,,56.804648403381655,False,"['Array', 'String', 'Sorting']"
LeetCode,938,Range Sum of BST,1,Easy,,,87.5953292229394,False,"['Tree', 'Depth-First Search', 'Binary Search Tree', 'Binary Tree']"
LeetCode,939,Minimum Area Rectangle,2,Medium,,,55.38465772357972,False,"['Array', 'Hash Table', 'Math', 'Geometry', 'Sorting']"
LeetCode,940,Distinct Subsequences II,3,Hard,,,44.14400067055027,False,"['String', 'Dynamic Programming']"
LeetCode,941,Valid Mountain Array,1,Easy,,,35.332278989709636,False,['Array']
LeetCode,942,DI String Match,1,Easy,,,81.13402888938978,False,"['Array', 'Two Pointers', 'String', 'Greedy']"
LeetCode,943,Find the Shortest Superstring,3,Hard,,,45.457278124295485,False,"['Array', 'String', 'Dynamic Programming', 'Bit Manipulation', 'Bitmask']"
LeetCode,944,Delete Columns to Make Sorted,1,Easy,,,78.15213081664284,False,"['Array', 'String']"
LeetCode,945,Minimum Increment to Make Array Unique,2,Medium,,,60.69174540916384,False,"['Array', 'Greedy', 'Sorting', 'Counting']"
LeetCode,946,Validate Stack Sequences,2,Medium,,,70.46819891786235,False,"['Array', 'Stack', 'Simulation']"
LeetCode,947,Most Stones Removed with Same Row or Column,2,Medium,,,63.09722727092224,False,"['Hash Table', 'Depth-First Search', 'Union-Find', 'Graph Theory']"
LeetCode,948,Bag of Tokens,2,Medium,,,59.67377018814335,False,"['Array', 'Two Pointers', 'Greedy', 'Sorting']"
LeetCode,949,Largest Time for Given Digits,2,Medium,,,35.98276241876859,False,"['Array', 'String', 'Backtracking', 'Enumeration']"
LeetCode,950,Reveal Cards In Increasing Order,2,Medium,,,83.66057809573778,False,"['Array', 'Queue', 'Sorting', 'Simulation']"
LeetCode,951,Flip Equivalent Binary Trees,2,Medium,,,69.5075505161826,False,"['Tree', 'Depth-First Search', 'Binary Tree']"
LeetCode,952,Largest Component Size by Common Factor,3,Hard,,,43.24040110667384,False,"['Array', 'Hash Table', 'Math', 'Union-Find', 'Number Theory']"
LeetCode,953,Verifying an Alien Dictionary,1,Easy,,,56.00583562976171,False,"['Array', 'Hash Table', 'String']"
LeetCode,954,Array of Doubled Pairs,2,Medium,,,39.841128483769026,False,"['Array', 'Hash Table', 'Greedy', 'Sorting']"
LeetCode,955,Delete Columns to Make Sorted II,2,Medium,,,49.71583605463387,False,"['Array', 'String', 'Greedy']"
LeetCode,956,Tallest Billboard,3,Hard,,,51.91625598043095,False,"['Array', 'Dynamic Programming']"
LeetCode,957,Prison Cells After N Days,2,Medium,,,39.21496334008173,False,"['Array', 'Hash Table', 'Math', 'Bit Manipulation']"
LeetCode,958,Check Completeness of a Binary Tree,2,Medium,,,59.24767063605729,False,"['Tree', 'Breadth-First Search', 'Binary Tree']"
LeetCode,959,Regions Cut By Slashes,2,Medium,,,77.55223972057111,False,"['Array', 'Hash Table', 'Depth-First Search', 'Breadth-First Search', 'Union-Find', 'Matrix']"
LeetCode,960,Delete Columns to Make Sorted III,3,Hard,,,72.68056756048054,False,"['Array', 'String', 'Dynamic Programming']"
LeetCode,961,N-Repeated Element in Size 2N Array,1,Easy,,,79.95106994720176,False,"['Array', 'Hash Table']"
LeetCode,962,Maximum Width Ramp,2,Medium,,,55.88758742328432,False,"['Array', 'Two Pointers', 'Stack', 'Monotonic Stack']"
LeetCode,963,Minimum Area Rectangle II,2,Medium,,,55.91947619847072,False,"['Array', 'Hash Table', 'Math', 'Geometry']"
LeetCode,964,Least Operators to Express Number,3,Hard,,,48.59440769693325,False,"['Math', 'Dynamic Programming', 'Memoization']"
LeetCode,965,Univalued Binary Tree,1,Easy,,,73.11482954560311,False,"['Tree', 'Depth-First Search', 'Breadth-First Search', 'Binary Tree']"
LeetCode,966,Vowel Spellchecker,2,Medium,,,61.41758594651831,False,"['Array', 'Hash Table', 'String']"
LeetCode,967,Numbers With Same Consecutive Differences,2,Medium,,,59.243044926622844,False,"['Backtracking', 'Breadth-First Search']"
LeetCode,968,Binary Tree Cameras,3,Hard,,,47.93954629585448,False,"['Dynamic Programming', 'Tree', 'Depth-First Search', 'Binary Tree']"
LeetCode,969,Pancake Sorting,2,Medium,,,71.85667064320509,False,"['Array', 'Two Pointers', 'Greedy', 'Sorting']"
LeetCode,970,Powerful Integers,2,Medium,,,44.630280476879605,False,"['Hash Table', 'Math', 'Enumeration']"
LeetCode,971,Flip Binary Tree To Match Preorder Traversal,2,Medium,,,51.96129273149685,False,"['Tree', 'Depth-First Search', 'Binary Tree']"
LeetCode,972,Equal Rational Numbers,3,Hard,,,46.27897519316795,False,"['Math', 'String']"
LeetCode,973,K Closest Points to Origin,2,Medium,,,69.07226202370859,False,"['Array', 'Math', 'Divide and Conquer', 'Geometry', 'Sorting', 'Heap (Priority Queue)', 'Quickselect']"
LeetCode,974,Subarray Sums Divisible by K,2,Medium,,,56.36893796433628,False,"['Array', 'Hash Table', 'Prefix Sum']"
LeetCode,975,Odd Even Jump,3,Hard,,,41.26872613239871,False,"['Array', 'Dynamic Programming', 'Stack', 'Sorting', 'Monotonic Stack', 'Ordered Set']"
LeetCode,976,Largest Perimeter Triangle,1,Easy,,,62.23599645887465,False,"['Array', 'Math', 'Greedy', 'Sorting']"
LeetCode,977,Squares of a Sorted Array,1,Easy,,,73.82571788864493,False,"['Array', 'Two Pointers', 'Sorting']"
LeetCode,978,Longest Turbulent Subarray,2,Medium,,,49.203826067683444,False,"['Array', 'Dynamic Programming', 'Sliding Window']"
LeetCode,979,Distribute Coins in Binary Tree,2,Medium,,,77.31833353099638,False,"['Tree', 'Depth-First Search', 'Binary Tree']"
LeetCode,980,Unique Paths III,3,Hard,,,82.87515691333337,False,"['Array', 'Backtracking', 'Bit Manipulation', 'Matrix']"
LeetCode,981,Time Based Key-Value Store,2,Medium,,,49.97498752693651,False,"['Hash Table', 'String', 'Binary Search', 'Design']"
LeetCode,982,Triples with Bitwise AND Equal To Zero,3,Hard,,,60.095901522019176,False,"['Array', 'Hash Table', 'Bit Manipulation']"
LeetCode,983,Minimum Cost For Tickets,2,Medium,,,67.4374682400768,False,"['Array', 'Dynamic Programming']"
LeetCode,984,String Without AAA or BBB,2,Medium,,,45.25672335882774,False,"['String', 'Greedy']"
LeetCode,985,Sum of Even Numbers After Queries,2,Medium,,,68.88980562711478,False,"['Array', 'Simulation']"
LeetCode,986,Interval List Intersections,2,Medium,,,73.056112718352,False,"['Array', 'Two Pointers', 'Sweep Line']"
LeetCode,987,Vertical Order Traversal of a Binary Tree,3,Hard,,,53.96849255417207,False,"['Hash Table', 'Tree', 'Depth-First Search', 'Breadth-First Search', 'Sorting', 'Binary Tree']"
LeetCode,988,Smallest String Starting From Leaf,2,Medium,,,61.26995398123746,False,"['String', 'Backtracking', 'Tree', 'Depth-First Search', 'Binary Tree']"
LeetCode,989,Add to Array-Form of Integer,1,Easy,,,45.546642260973,False,"['Array', 'Math']"
LeetCode,990,Satisfiability of Equality Equations,2,Medium,,,51.92844605716677,False,"['Array', 'String', 'Union-Find', 'Graph Theory']"
LeetCode,991,Broken Calculator,2,Medium,,,56.19529484976798,False,"['Math', 'Greedy']"
LeetCode,992,Subarrays with K Different Integers,3,Hard,,,68.3347612614097,False,"['Array', 'Hash Table', 'Sliding Window', 'Counting']"
LeetCode,993,Cousins in Binary Tree,1,Easy,,,59.405184412260766,False,"['Tree', 'Depth-First Search', 'Breadth-First Search', 'Binary Tree']"
LeetCode,994,Rotting Oranges,2,Medium,,,58.81125909903281,False,"['Array', 'Breadth-First Search', 'Matrix']"
LeetCode,995,Minimum Number of K Consecutive Bit Flips,3,Hard,,,62.34368662242282,False,"['Array', 'Bit Manipulation', 'Queue', 'Sliding Window', 'Prefix Sum']"
LeetCode,996,Number of Squareful Arrays,3,Hard,,,51.54985092728283,False,"['Array', 'Hash Table', 'Math', 'Dynamic Programming', 'Backtracking', 'Bit Manipulation', 'Bitmask']"
LeetCode,997,Find the Town Judge,1,Easy,,,50.83684908590433,False,"['Array', 'Hash Table', 'Graph Theory']"
LeetCode,998,Maximum Binary Tree II,2,Medium,,,70.63556281583487,False,"['Tree', 'Binary Tree']"
LeetCode,999,Available Captures for Rook,1,Easy,,,71.83446280601896,False,"['Array', 'Matrix', 'Simulation']"
LeetCode,1000,Minimum Cost to Merge Stones,3,Hard,,,46.2756756286889,False,"['Array', 'Dynamic Programming', 'Prefix Sum']"
LeetCode,1001,Grid Illumination,3,Hard,,,39.47226096609832,False,"['Array', 'Hash Table']"
LeetCode,1002,Find Common Characters,1,Easy,,,74.7238969580707,False,"['Array', 'Hash Table', 'String']"
LeetCode,1003,Check If Word Is Valid After Substitutions,2,Medium,,,61.2153122863406,False,"['String', 'Stack']"
LeetCode,1004,Max Consecutive Ones III,2,Medium,,,67.83950249731234,False,"['Array', 'Binary Search', 'Sliding Window', 'Prefix Sum']"
LeetCode,1005,Maximize Sum Of Array After K Negations,1,Easy,,,53.94505034348251,False,"['Array', 'Greedy', 'Sorting']"
LeetCode,1006,Clumsy Factorial,2,Medium,,,61.54445984750966,False,"['Math', 'Stack', 'Simulation']"
LeetCode,1007,Minimum Domino Rotations For Equal Row,2,Medium,,,56.4926176412038,False,"['Array', 'Greedy']"
LeetCode,1008,Construct Binary Search Tree from Preorder Traversal,2,Medium,,,84.32997775515591,False,"['Array', 'Stack', 'Tree', 'Binary Search Tree', 'Monotonic Stack', 'Binary Tree']"
LeetCode,1009,Complement of Base 10 Integer,1,Easy,,,63.351954676300636,False,['Bit Manipulation']
LeetCode,1010,Pairs of Songs With Total Durations Divisible by 60,2,Medium,,,53.47590711388166,False,"['Array', 'Hash Table', 'Counting']"
LeetCode,1011,Capacity To Ship Packages Within D Days,2,Medium,,,74.0901145298783,False,"['Array', 'Binary Search']"
LeetCode,1012,Numbers With Repeated Digits,3,Hard,,,47.0932597584054,False,"['Math', 'Dynamic Programming']"
LeetCode,1013,Partition Array Into Three Parts With Equal Sum,1,Easy,,,42.86121976195672,False,"['Array', 'Greedy']"
LeetCode,1014,Best Sightseeing Pair,2,Medium,,,62.70550377965637,False,"['Array', 'Dynamic Programming']"
LeetCode,1015,Smallest Integer Divisible by K,2,Medium,,,54.230813459397154,False,"['Hash Table', 'Math']"
LeetCode,1016,Binary String With Substrings Representing 1 To N,2,Medium,,,58.582613234355975,False,"['Hash Table', 'String', 'Bit Manipulation', 'Sliding Window']"
LeetCode,1017,Convert to Base -2,2,Medium,,,61.96787018780101,False,['Math']
LeetCode,1018,Binary Prefix Divisible By 5,1,Easy,,,53.68838510570794,False,"['Array', 'Bit Manipulation']"
LeetCode,1019,Next Greater Node In Linked List,2,Medium,,,64.4140286042443,False,"['Array', 'Linked List', 'Stack', 'Monotonic Stack']"
LeetCode,1020,Number of Enclaves,2,Medium,,,71.86796323786967,False,"['Array', 'Depth-First Search', 'Breadth-First Search', 'Union-Find', 'Matrix']"
LeetCode,1021,Remove Outermost Parentheses,1,Easy,,,87.18387104496266,False,"['String', 'Stack']"
LeetCode,1022,Sum of Root To Leaf Binary Numbers,1,Easy,,,76.61788014703403,False,"['Tree', 'Depth-First Search', 'Binary Tree']"
LeetCode,1023,Camelcase Matching,2,Medium,,,65.46729202666009,False,"['Array', 'Two Pointers', 'String', 'Trie', 'String Matching']"
LeetCode,1024,Video Stitching,2,Medium,,,52.75369440836815,False,"['Array', 'Dynamic Programming', 'Greedy']"
LeetCode,1025,Divisor Game,1,Easy,,,71.93185895373053,False,"['Math', 'Dynamic Programming', 'Brainteaser', 'Game Theory']"
LeetCode,1026,Maximum Difference Between Node and Ancestor,2,Medium,,,78.1789610431527,False,"['Tree', 'Depth-First Search', 'Binary Tree']"
LeetCode,1027,Longest Arithmetic Subsequence,2,Medium,,,50.011061251388476,False,"['Array', 'Hash Table', 'Binary Search', 'Dynamic Programming']"
LeetCode,1028,Recover a Tree From Preorder Traversal,3,Hard,,,83.2387084575233,False,"['String', 'Tree', 'Depth-First Search', 'Binary Tree']"
LeetCode,1029,Two City Scheduling,2,Medium,,,68.6165568320299,False,"['Array', 'Greedy', 'Sorting']"
LeetCode,1030,Matrix Cells in Distance Order,1,Easy,,,74.27438804646134,False,"['Array', 'Math', 'Geometry', 'Sorting', 'Matrix']"
LeetCode,1031,Maximum Sum of Two Non-Overlapping Subarrays,2,Medium,,,60.98248937839767,False,"['Array', 'Dynamic Programming', 'Sliding Window']"
LeetCode,1032,Stream of Characters,3,Hard,,,52.41584233251137,False,"['Array', 'String', 'Design', 'Trie', 'Data Stream']"
LeetCode,1033,Moving Stones Until Consecutive,2,Medium,,,52.46070947462954,False,"['Math', 'Brainteaser']"
LeetCode,1034,Coloring A Border,2,Medium,,,51.41774518970523,False,"['Array', 'Depth-First Search', 'Breadth-First Search', 'Matrix']"
LeetCode,1035,Uncrossed Lines,2,Medium,,,65.33153275706088,False,"['Array', 'Dynamic Programming']"
LeetCode,1036,Escape a Large Maze,3,Hard,,,36.69314297204907,False,"['Array', 'Hash Table', 'Depth-First Search', 'Breadth-First Search']"
LeetCode,1037,Valid Boomerang,1,Easy,,,39.737536559595334,False,"['Array', 'Math', 'Geometry']"
LeetCode,1038,Binary Search Tree to Greater Sum Tree,2,Medium,,,88.37580347191475,False,"['Tree', 'Depth-First Search', 'Binary Search Tree', 'Binary Tree']"
LeetCode,1039,Minimum Score Triangulation of Polygon,2,Medium,,,67.49150713968035,False,"['Array', 'Dynamic Programming']"
LeetCode,1040,Moving Stones Until Consecutive II,2,Medium,,,58.87896264465302,False,"['Array', 'Math', 'Sliding Window', 'Sorting']"
LeetCode,1041,Robot Bounded In Circle,2,Medium,,,56.56394253584319,False,"['Math', 'String', 'Simulation']"
LeetCode,1042,Flower Planting With No Adjacent,2,Medium,,,53.77631833107978,False,"['Depth-First Search', 'Breadth-First Search', 'Graph Theory']"
LeetCode,1043,Partition Array for Maximum Sum,2,Medium,,,77.41634713212434,False,"['Array', 'Dynamic Programming']"
LeetCode,1044,Longest Duplicate Substring,3,Hard,,,31.215152804725875,False,"['String', 'Binary Search', 'Sliding Window', 'Rolling Hash', 'Suffix Array', 'Hash Function']"
LeetCode,1046,Last Stone Weight,1,Easy,,,66.52995001471797,False,"['Array', 'Heap (Priority Queue)']"
LeetCode,1047,Remove All Adjacent Duplicates In String,1,Easy,,,73.3893536715089,False,"['String', 'Stack']"
LeetCode,1048,Longest String Chain,2,Medium,,,63.12656926362212,False,"['Array', 'Hash Table', 'Two Pointers', 'String', 'Dynamic Programming', 'Sorting']"
LeetCode,1049,Last Stone Weight II,2,Medium,,,60.02967103848634,False,"['Array', 'Dynamic Programming']"
LeetCode,1051,Height Checker,1,Easy,,,81.75338380709152,False,"['Array', 'Sorting', 'Counting Sort']"
LeetCode,1052,Grumpy Bookstore Owner,2,Medium,,,64.06598835903627,False,"['Array', 'Sliding Window']"
LeetCode,1053,Previous Permutation With One Swap,2,Medium,,,49.21153615541432,False,"['Array', 'Greedy']"
LeetCode,1054,Distant Barcodes,2,Medium,,,49.078458390747,False,"['Array', 'Hash Table', 'Greedy', 'Sorting', 'Heap (Priority Queue)', 'Counting']"
LeetCode,1055,Shortest Way to Form String,2,Medium,,,61.691714265334454,True,"['Two Pointers', 'String', 'Binary Search', 'Greedy']"
LeetCode,1056,Confusing Number,1,Easy,,,49.82453114895451,True,['Math']
LeetCode,1057,Campus Bikes,2,Medium,,,59.09025901197582,True,"['Array', 'Sorting', 'Heap (Priority Queue)']"
LeetCode,1058,Minimize Rounding Error to Meet Target,2,Medium,,,45.88938123120747,True,"['Array', 'Math', 'String', 'Greedy', 'Sorting']"
LeetCode,1059,All Paths from Source Lead to Destination,2,Medium,,,37.29664552535751,True,"['Graph Theory', 'Topological Sort']"
LeetCode,1060,Missing Element in Sorted Array,2,Medium,,,59.7116297910381,True,"['Array', 'Binary Search']"
LeetCode,1061,Lexicographically Smallest Equivalent String,2,Medium,,,81.12924959685436,False,"['String', 'Union-Find']"
LeetCode,1062,Longest Repeating Substring,2,Medium,,,63.458034671990745,True,"['String', 'Binary Search', 'Dynamic Programming', 'Rolling Hash', 'Suffix Array', 'Hash Function']"
LeetCode,1063,Number of Valid Subarrays,3,Hard,,,80.04965561428801,True,"['Array', 'Stack', 'Monotonic Stack']"
LeetCode,1064,Fixed Point,1,Easy,,,64.31616275190589,True,"['Array', 'Binary Search']"
LeetCode,1065,Index Pairs of a String,1,Easy,,,68.67955789060628,True,"['Array', 'String', 'Trie', 'Sorting']"
LeetCode,1066,Campus Bikes II,2,Medium,,,55.84447097419173,True,"['Array', 'Dynamic Programming', 'Backtracking', 'Bit Manipulation', 'Bitmask']"
LeetCode,1067,Digit Count in Range,3,Hard,,,46.462379232946226,True,"['Math', 'Dynamic Programming']"
LeetCode,1071,Greatest Common Divisor of Strings,1,Easy,,,53.896622749387404,False,"['Math', 'String']"
LeetCode,1072,Flip Columns For Maximum Number of Equal Rows,2,Medium,,,78.53880978074909,False,"['Array', 'Hash Table', 'Matrix']"
LeetCode,1073,Adding Two Negabinary Numbers,2,Medium,,,37.971634093376764,False,"['Array', 'Math']"
LeetCode,1074,Number of Submatrices That Sum to Target,3,Hard,,,74.63155268387952,False,"['Array', 'Hash Table', 'Matrix', 'Prefix Sum']"
LeetCode,1078,Occurrences After Bigram,1,Easy,,,63.92986189314854,False,['String']
LeetCode,1079,Letter Tile Possibilities,2,Medium,,,83.53192572848546,False,"['Hash Table', 'String', 'Backtracking', 'Counting']"
LeetCode,1080,Insufficient Nodes in Root to Leaf Paths,2,Medium,,,55.22748296137202,False,"['Tree', 'Depth-First Search', 'Binary Tree']"
LeetCode,1081,Smallest Subsequence of Distinct Characters,2,Medium,,,63.566423254710635,False,"['String', 'Stack', 'Greedy', 'Monotonic Stack']"
LeetCode,1085,Sum of Digits in the Minimum Number,1,Easy,,,76.71032199466761,True,"['Array', 'Math']"
LeetCode,1086,High Five,1,Easy,,,74.19149113709783,True,"['Array', 'Hash Table', 'Sorting', 'Heap (Priority Queue)']"
LeetCode,1087,Brace Expansion,2,Medium,,,66.87920298879203,True,"['String', 'Backtracking', 'Stack', 'Breadth-First Search', 'Sorting']"
LeetCode,1088,Confusing Number II,3,Hard,,,47.15638395682337,True,"['Math', 'Backtracking']"
LeetCode,1089,Duplicate Zeros,1,Easy,,,53.68394860571778,False,"['Array', 'Two Pointers']"
LeetCode,1090,Largest Values From Labels,2,Medium,,,64.37876945067897,False,"['Array', 'Hash Table', 'Greedy', 'Sorting', 'Counting']"
LeetCode,1091,Shortest Path in Binary Matrix,2,Medium,,,51.675500595961786,False,"['Array', 'Breadth-First Search', 'Matrix']"
LeetCode,1092,Shortest Common Supersequence ,3,Hard,,,62.0090855803048,False,"['String', 'Dynamic Programming']"
LeetCode,1093,Statistics from a Large Sample,2,Medium,,,43.18943298969072,False,"['Array', 'Math', 'Probability and Statistics']"
LeetCode,1094,Car Pooling,2,Medium,,,56.400463510381684,False,"['Array', 'Sorting', 'Heap (Priority Queue)', 'Simulation', 'Prefix Sum']"
LeetCode,1095,Find in Mountain Array,3,Hard,,,41.74845449324667,False,"['Array', 'Binary Search', 'Interactive']"
LeetCode,1096,Brace Expansion II,3,Hard,,,63.869314541960286,False,"['Hash Table', 'String', 'Backtracking', 'Stack', 'Breadth-First Search', 'Sorting']"
LeetCode,1099,Two Sum Less Than K,1,Easy,,,62.15032677023047,True,"['Array', 'Two Pointers', 'Binary Search', 'Sorting']"
LeetCode,1100,Find K-Length Substrings With No Repeated Characters,2,Medium,,,76.51177166200817,True,"['Hash Table', 'String', 'Sliding Window']"
LeetCode,1101,The Earliest Moment When Everyone Become Friends,2,Medium,,,66.08668769533232,True,"['Array', 'Union-Find', 'Sorting']"
LeetCode,1102,Path With Maximum Minimum Value,2,Medium,,,54.719501669856285,True,"['Array', 'Binary Search', 'Depth-First Search', 'Breadth-First Search', 'Union-Find', 'Heap (Priority Queue)', 'Matrix']"
LeetCode,1103,Distribute Candies to People,1,Easy,,,67.707284728292,False,"['Math', 'Simulation']"
LeetCode,1104,Path In Zigzag Labelled Binary Tree,2,Medium,,,75.79467233756786,False,"['Math', 'Tree', 'Binary Tree']"
LeetCode,1105,Filling Bookcase Shelves,2,Medium,,,68.61586167611068,False,"['Array', 'Dynamic Programming']"
LeetCode,1106,Parsing A Boolean Expression,3,Hard,,,69.78309545090163,False,"['String', 'Stack', 'Recursion']"
LeetCode,1108,Defanging an IP Address,1,Easy,,,90.06054877378887,False,['String']
LeetCode,1109,Corporate Flight Bookings,2,Medium,,,67.57424836122607,False,"['Array', 'Prefix Sum']"
LeetCode,1110,Delete Nodes And Return Forest,2,Medium,,,72.47871802224174,False,"['Array', 'Hash Table', 'Tree', 'Depth-First Search', 'Binary Tree']"
LeetCode,1111,Maximum Nesting Depth of Two Valid Parentheses Strings,2,Medium,,,71.96741669999368,False,"['String', 'Stack']"
LeetCode,1118,Number of Days in a Month,1,Easy,,,59.406481369098195,True,['Math']
LeetCode,1119,Remove Vowels from a String,1,Easy,,,91.29663070488185,True,['String']
LeetCode,1120,Maximum Average Subtree,2,Medium,,,66.9686888630442,True,"['Tree', 'Depth-First Search', 'Binary Tree']"
LeetCode,1121,Divide Array Into Increasing Sequences,3,Hard,,,65.46442247751358,True,"['Array', 'Counting']"
LeetCode,1122,Relative Sort Array,1,Easy,,,75.27109491614716,False,"['Array', 'Hash Table', 'Sorting', 'Counting Sort']"
LeetCode,1123,Lowest Common Ancestor of Deepest Leaves,2,Medium,,,79.45625863100177,False,"['Hash Table', 'Tree', 'Depth-First Search', 'Breadth-First Search', 'Binary Tree']"
LeetCode,1124,Longest Well-Performing Interval,2,Medium,,,37.76451057262886,False,"['Array', 'Hash Table', 'Stack', 'Monotonic Stack', 'Prefix Sum']"
LeetCode,1125,Smallest Sufficient Team,3,Hard,,,55.6876511888607,False,"['Array', 'Dynamic Programming', 'Bit Manipulation', 'Bitmask']"
LeetCode,1128,Number of Equivalent Domino Pairs,1,Easy,,,60.708318521151796,False,"['Array', 'Hash Table', 'Counting']"
LeetCode,1129,Shortest Path with Alternating Colors,2,Medium,,,48.0953126006645,False,"['Breadth-First Search', 'Graph Theory']"
LeetCode,1130,Minimum Cost Tree From Leaf Values,2,Medium,,,67.90852960848152,False,"['Array', 'Dynamic Programming', 'Stack', 'Greedy', 'Monotonic Stack']"
LeetCode,1131,Maximum of Absolute Value Expression,2,Medium,,,48.70234500883876,False,"['Array', 'Math']"
LeetCode,1133,Largest Unique Number,1,Easy,,,71.3088000404048,True,"['Array', 'Hash Table', 'Sorting']"
LeetCode,1134,Armstrong Number,1,Easy,,,77.8508533536254,True,['Math']
LeetCode,1135,Connecting Cities With Minimum Cost,2,Medium,,,63.58053135079744,True,"['Union-Find', 'Graph Theory', 'Heap (Priority Queue)', 'Minimum Spanning Tree']"
LeetCode,1136,Parallel Courses,2,Medium,,,62.27608008429927,True,"['Graph Theory', 'Topological Sort']"
LeetCode,1137,N-th Tribonacci Number,1,Easy,,,63.17049632563882,False,"['Math', 'Dynamic Programming', 'Memoization']"
LeetCode,1138,Alphabet Board Path,2,Medium,,,51.89836221425176,False,"['Hash Table', 'String']"
LeetCode,1139,Largest 1-Bordered Square,2,Medium,,,52.208822939023825,False,"['Array', 'Dynamic Programming', 'Matrix']"
LeetCode,1140,Stone Game II,2,Medium,,,72.8046843117822,False,"['Array', 'Math', 'Dynamic Programming', 'Prefix Sum', 'Game Theory']"
LeetCode,1143,Longest Common Subsequence,2,Medium,,,59.25361362468882,False,"['String', 'Dynamic Programming']"
LeetCode,1144,Decrease Elements To Make Array Zigzag,2,Medium,,,49.275525525525524,False,"['Array', 'Greedy']"
LeetCode,1145,Binary Tree Coloring Game,2,Medium,,,52.97154440739617,False,"['Tree', 'Depth-First Search', 'Binary Tree']"
LeetCode,1146,Snapshot Array,2,Medium,,,36.755517807071634,False,"['Array', 'Hash Table', 'Binary Search', 'Design']"
LeetCode,1147,Longest Chunked Palindrome Decomposition,3,Hard,,,58.95078820098202,False,"['Two Pointers', 'String', 'Dynamic Programming', 'Greedy', 'Rolling Hash', 'Hash Function']"
LeetCode,1150,Check If a Number Is Majority Element in a Sorted Array,1,Easy,,,59.93307958543858,True,"['Array', 'Binary Search']"
LeetCode,1151,Minimum Swaps to Group All 1's Together,2,Medium,,,61.250824991750086,True,"['Array', 'Sliding Window']"
LeetCode,1152,Analyze User Website Visit Pattern,2,Medium,,,44.303220901530906,True,"['Array', 'Hash Table', 'String', 'Sorting']"
LeetCode,1153,String Transforms Into Another String,3,Hard,,,34.64128620302255,True,"['Hash Table', 'String', 'Graph Theory']"
LeetCode,1154,Day of the Year,1,Easy,,,50.10589860336625,False,"['Math', 'String']"
LeetCode,1155,Number of Dice Rolls With Target Sum,2,Medium,,,62.39675432216683,False,['Dynamic Programming']
LeetCode,1156,Swap For Longest Repeated Character Substring,2,Medium,,,44.61288067689804,False,"['Hash Table', 'String', 'Sliding Window']"
LeetCode,1157,Online Majority Element In Subarray,3,Hard,,,40.46210410406674,False,"['Array', 'Binary Search', 'Design', 'Binary Indexed Tree', 'Segment Tree']"
LeetCode,1160,Find Words That Can Be Formed by Characters,1,Easy,,,71.6134972070849,False,"['Array', 'Hash Table', 'String', 'Counting']"
LeetCode,1161,Maximum Level Sum of a Binary Tree,2,Medium,,,70.01302711570008,False,"['Tree', 'Depth-First Search', 'Breadth-First Search', 'Binary Tree']"
LeetCode,1162,As Far from Land as Possible,2,Medium,,,52.32333361187711,False,"['Array', 'Dynamic Programming', 'Breadth-First Search', 'Matrix']"
LeetCode,1163,Last Substring in Lexicographical Order,3,Hard,,,35.09671723252267,False,"['Two Pointers', 'String']"
LeetCode,1165,Single-Row Keyboard,1,Easy,,,87.81088516301722,True,"['Hash Table', 'String']"
LeetCode,1166,Design File System,2,Medium,,,65.13544844851252,True,"['Hash Table', 'String', 'Design', 'Trie']"
LeetCode,1167,Minimum Cost to Connect Sticks,2,Medium,,,71.97465912996984,True,"['Array', 'Greedy', 'Heap (Priority Queue)']"
LeetCode,1168,Optimize Water Distribution in a Village,3,Hard,,,65.59197077117133,True,"['Union-Find', 'Graph Theory', 'Heap (Priority Queue)', 'Minimum Spanning Tree']"
LeetCode,1169,Invalid Transactions,2,Medium,,,32.33481276005548,False,"['Array', 'Hash Table', 'String', 'Sorting']"
LeetCode,1170,Compare Strings by Frequency of the Smallest Character,2,Medium,,,63.4184991132779,False,"['Array', 'Hash Table', 'String', 'Binary Search', 'Sorting']"
LeetCode,1171,Remove Zero Sum Consecutive Nodes from Linked List,2,Medium,,,53.1827099835285,False,"['Hash Table', 'Linked List']"
LeetCode,1172,Dinner Plate Stacks,3,Hard,,,33.65485023358065,False,"['Hash Table', 'Stack', 'Design', 'Heap (Priority Queue)']"
LeetCode,1175,Prime Arrangements,1,Easy,,,61.28974902550777,False,['Math']
LeetCode,1176,Diet Plan Performance,1,Easy,,,56.04913678618858,True,"['Array', 'Sliding Window']"
LeetCode,1177,Can Make Palindrome from Substring,2,Medium,,,41.75188771229678,False,"['Array', 'Hash Table', 'String', 'Bit Manipulation', 'Prefix Sum']"
LeetCode,1178,Number of Valid Words for Each Puzzle,3,Hard,,,47.91954490044697,False,"['Array', 'Hash Table', 'String', 'Bit Manipulation', 'Trie']"
LeetCode,1180,Count Substrings with Only One Distinct Letter,1,Easy,,,80.95348120764018,True,"['Math', 'String']"
LeetCode,1181,Before and After Puzzle,2,Medium,,,51.87411039063735,True,"['Array', 'Hash Table', 'String', 'Sorting']"
LeetCode,1182,Shortest Distance to Target Color,2,Medium,,,56.52393773319302,True,"['Array', 'Binary Search', 'Dynamic Programming']"
LeetCode,1183,Maximum Number of Ones,3,Hard,,,70.67403515129553,True,"['Math', 'Greedy', 'Sorting', 'Heap (Priority Queue)']"
LeetCode,1184,Distance Between Bus Stops,1,Easy,,,55.45200950511416,False,['Array']
LeetCode,1185,Day of the Week,1,Easy,,,59.258641270167246,False,['Math']
LeetCode,1186,Maximum Subarray Sum with One Deletion,2,Medium,,,47.98098804551347,False,"['Array', 'Dynamic Programming']"
LeetCode,1187,Make Array Strictly Increasing,3,Hard,,,57.90696091609807,False,"['Array', 'Binary Search', 'Dynamic Programming', 'Sorting']"
LeetCode,1189,Maximum Number of Balloons,1,Easy,,,60.29527587243854,False,"['Hash Table', 'String', 'Counting']"
LeetCode,1190,Reverse Substrings Between Each Pair of Parentheses,2,Medium,,,72.00948979234514,False,"['String', 'Stack']"
LeetCode,1191,K-Concatenation Maximum Sum,2,Medium,,,25.719662802481096,False,"['Array', 'Dynamic Programming']"
LeetCode,1192,Critical Connections in a Network,3,Hard,,,59.84349318555366,False,"['Depth-First Search', 'Graph Theory', 'Biconnected Component']"
LeetCode,1196,How Many Apples Can You Put into the Basket,1,Easy,,,67.14737056665308,True,"['Array', 'Greedy', 'Sorting']"
LeetCode,1197,Minimum Knight Moves,2,Medium,,,41.98324414896492,True,['Breadth-First Search']
LeetCode,1198,Find Smallest Common Element in All Rows,2,Medium,,,76.75942426319396,True,"['Array', 'Hash Table', 'Binary Search', 'Matrix', 'Counting']"
LeetCode,1199,Minimum Time to Build Blocks,3,Hard,,,46.57896433868575,True,"['Array', 'Math', 'Greedy', 'Heap (Priority Queue)']"
LeetCode,1200,Minimum Absolute Difference,1,Easy,,,75.13458825589107,False,"['Array', 'Sorting']"
LeetCode,1201,Ugly Number III,2,Medium,,,31.560740881646343,False,"['Math', 'Binary Search', 'Combinatorics', 'Number Theory']"
LeetCode,1202,Smallest String With Swaps,2,Medium,,,60.707130846159416,False,"['Array', 'Hash Table', 'String', 'Depth-First Search', 'Breadth-First Search', 'Union-Find', 'Sorting']"
LeetCode,1203,Sort Items by Groups Respecting Dependencies,3,Hard,,,65.93560474369374,False,"['Depth-First Search', 'Breadth-First Search', 'Graph Theory', 'Topological Sort']"
LeetCode,1206,Design Skiplist,3,Hard,,,59.79363044924315,False,"['Linked List', 'Design']"
LeetCode,1207,Unique Number of Occurrences,1,Easy,,,78.7521615880862,False,"['Array', 'Hash Table']"
LeetCode,1208,Get Equal Substrings Within Budget,2,Medium,,,59.79448517719964,False,"['String', 'Binary Search', 'Sliding Window', 'Prefix Sum']"
LeetCode,1209,Remove All Adjacent Duplicates in String II,2,Medium,,,61.421784017432934,False,"['String', 'Stack']"
LeetCode,1210,Minimum Moves to Reach Target with Rotations,3,Hard,,,52.30620233243211,False,"['Array', 'Breadth-First Search', 'Matrix']"
LeetCode,1213,Intersection of Three Sorted Arrays,1,Easy,,,80.01176188375854,True,"['Array', 'Hash Table', 'Binary Search', 'Counting']"
LeetCode,1214,Two Sum BSTs,2,Medium,,,68.178662346679,True,"['Two Pointers', 'Binary Search', 'Stack', 'Tree', 'Depth-First Search', 'Binary Search Tree', 'Binary Tree']"
LeetCode,1215,Stepping Numbers,2,Medium,,,48.51510496671787,True,"['Math', 'Backtracking', 'Breadth-First Search']"
LeetCode,1216,Valid Palindrome III,3,Hard,,,49.1721481854748,True,"['String', 'Dynamic Programming']"
LeetCode,1217,Minimum Cost to Move Chips to The Same Position,1,Easy,,,72.92944234304673,False,"['Array', 'Math', 'Greedy']"
LeetCode,1218,Longest Arithmetic Subsequence of Given Difference,2,Medium,,,54.33240701087517,False,"['Array', 'Hash Table', 'Dynamic Programming']"
LeetCode,1219,Path with Maximum Gold,2,Medium,,,68.47073864917414,False,"['Array', 'Backtracking', 'Matrix']"
LeetCode,1220,Count Vowels Permutation,3,Hard,,,61.34257951058645,False,['Dynamic Programming']
LeetCode,1221,Split a String in Balanced Strings,1,Easy,,,87.46414221977685,False,"['String', 'Greedy', 'Counting']"
LeetCode,1222,Queens That Can Attack the King,2,Medium,,,72.77446725372259,False,"['Array', 'Matrix', 'Simulation']"
LeetCode,1223,Dice Roll Simulation,3,Hard,,,50.92737134541606,False,"['Array', 'Dynamic Programming']"
LeetCode,1224,Maximum Equal Frequency,3,Hard,,,38.25965511221462,False,"['Array', 'Hash Table']"
LeetCode,1227,Airplane Seat Assignment Probability,2,Medium,,,67.4931660673979,False,"['Math', 'Dynamic Programming', 'Brainteaser', 'Probability and Statistics']"
LeetCode,1228,Missing Number In Arithmetic Progression,1,Easy,,,52.216621010487415,True,"['Array', 'Math']"
LeetCode,1229,Meeting Scheduler,2,Medium,,,55.205980031857415,True,"['Array', 'Two Pointers', 'Sorting']"
LeetCode,1230,Toss Strange Coins,2,Medium,,,58.109894495298434,True,"['Array', 'Math', 'Dynamic Programming', 'Probability and Statistics']"
LeetCode,1231,Divide Chocolate,3,Hard,,,60.589562238165506,True,"['Array', 'Binary Search']"
LeetCode,1232,Check If It Is a Straight Line,1,Easy,,,40.11927698839191,False,"['Array', 'Math', 'Geometry']"
LeetCode,1233,Remove Sub-Folders from the Filesystem,2,Medium,,,78.60017415452684,False,"['Array', 'String', 'Depth-First Search', 'Trie']"
LeetCode,1234,Replace the Substring for Balanced String,2,Medium,,,41.02469529062652,False,"['String', 'Sliding Window']"
LeetCode,1235,Maximum Profit in Job Scheduling,3,Hard,,,54.76341828315322,False,"['Array', 'Binary Search', 'Dynamic Programming', 'Sorting']"
LeetCode,1236,Web Crawler,2,Medium,,,68.79815100154083,True,"['String', 'Depth-First Search', 'Breadth-First Search', 'Interactive']"
LeetCode,1237,Find Positive Integer Solution for a Given Equation,2,Medium,,,70.01776824178219,False,"['Math', 'Two Pointers', 'Binary Search', 'Interactive']"
LeetCode,1238,Circular Permutation in Binary Representation,2,Medium,,,72.83431697135454,False,"['Math', 'Backtracking', 'Bit Manipulation']"
LeetCode,1239,Maximum Length of a Concatenated String with Unique Characters,2,Medium,,,54.80304123685449,False,"['Array', 'String', 'Backtracking', 'Bit Manipulation']"
LeetCode,1240,Tiling a Rectangle with the Fewest Squares,3,Hard,,,55.09298518942158,False,['Backtracking']
LeetCode,1243,Array Transformation,1,Easy,,,53.805740230257825,True,"['Array', 'Simulation']"
LeetCode,1244,Design A Leaderboard,2,Medium,,,68.1096240162426,True,"['Hash Table', 'Design', 'Sorting']"
LeetCode,1245,Tree Diameter,2,Medium,,,61.280750043007046,True,"['Tree', 'Depth-First Search', 'Breadth-First Search', 'Graph Theory', 'Topological Sort']"
LeetCode,1246,Palindrome Removal,3,Hard,,,46.14972032794422,True,"['Array', 'Dynamic Programming']"
LeetCode,1247,Minimum Swaps to Make Strings Equal,2,Medium,,,65.44931632513915,False,"['Math', 'String', 'Greedy']"
LeetCode,1248,Count Number of Nice Subarrays,2,Medium,,,75.27081239296463,False,"['Array', 'Hash Table', 'Math', 'Sliding Window', 'Prefix Sum']"
LeetCode,1249,Minimum Remove to Make Valid Parentheses,2,Medium,,,71.49436133811606,False,"['String', 'Stack']"
LeetCode,1250,Check If It Is a Good Array,3,Hard,,,65.0899018970693,False,"['Array', 'Math', 'Number Theory']"
LeetCode,1252,Cells with Odd Values in a Matrix,1,Easy,,,79.81154441383399,False,"['Array', 'Math', 'Simulation']"
LeetCode,1253,Reconstruct a 2-Row Binary Matrix,2,Medium,,,49.06662555708159,False,"['Array', 'Greedy', 'Matrix']"
LeetCode,1254,Number of Closed Islands,2,Medium,,,67.14760694820959,False,"['Array', 'Depth-First Search', 'Breadth-First Search', 'Union-Find', 'Matrix']"
LeetCode,1255,Maximum Score Words Formed by Letters,3,Hard,,,81.47737250528014,False,"['Array', 'Hash Table', 'String', 'Dynamic Programming', 'Backtracking', 'Bit Manipulation', 'Counting', 'Bitmask']"
LeetCode,1256,Encode Number,2,Medium,,,70.3521637521154,True,"['Math', 'String', 'Bit Manipulation']"
LeetCode,1257,Smallest Common Region,2,Medium,,,68.30917188636727,True,"['Array', 'Hash Table', 'String', 'Tree', 'Depth-First Search', 'Breadth-First Search']"
LeetCode,1258,Synonymous Sentences,2,Medium,,,57.35931976688641,True,"['Array', 'Hash Table', 'String', 'Backtracking', 'Sort', 'Union-Find']"
LeetCode,1259,Handshakes That Don't Cross,3,Hard,,,61.08571428571429,True,"['Math', 'Dynamic Programming']"
LeetCode,1260,Shift 2D Grid,1,Easy,,,68.0971347809328,False,"['Array', 'Matrix', 'Simulation']"
LeetCode,1261,Find Elements in a Contaminated Binary Tree,2,Medium,,,84.11983391468658,False,"['Hash Table', 'Tree', 'Depth-First Search', 'Breadth-First Search', 'Design', 'Binary Tree']"
LeetCode,1262,Greatest Sum Divisible by Three,2,Medium,,,57.02032732057679,False,"['Array', 'Dynamic Programming', 'Greedy', 'Sorting']"
LeetCode,1263,Minimum Moves to Move a Box to Their Target Location,3,Hard,,,49.778002327148016,False,"['Array', 'Breadth-First Search', 'Heap (Priority Queue)', 'Matrix']"
LeetCode,1265,Print Immutable Linked List in Reverse,2,Medium,,,94.06659434198448,True,"['Linked List', 'Two Pointers', 'Stack', 'Recursion']"
LeetCode,1266,Minimum Time Visiting All Points,1,Easy,,,84.80518760054983,False,"['Array', 'Math', 'Geometry']"
LeetCode,1267,Count Servers that Communicate,2,Medium,,,73.5383661786958,False,"['Array', 'Depth-First Search', 'Breadth-First Search', 'Union-Find', 'Matrix', 'Counting']"
LeetCode,1268,Search Suggestions System,2,Medium,,,65.17825955336143,False,"['Array', 'String', 'Binary Search', 'Trie', 'Sorting', 'Heap (Priority Queue)']"
LeetCode,1269,Number of Ways to Stay in the Same Place After Some Steps,3,Hard,,,50.152469721814676,False,['Dynamic Programming']
LeetCode,1271,Hexspeak,1,Easy,,,58.354710305174706,True,"['Math', 'String']"
LeetCode,1272,Remove Interval,2,Medium,,,67.26355175449629,True,['Array']
LeetCode,1273,Delete Tree Nodes,2,Medium,,,61.55798825955894,True,"['Array', 'Tree', 'Depth-First Search', 'Breadth-First Search']"
LeetCode,1274,Number of Ships in a Rectangle,3,Hard,,,68.84429987851236,True,"['Array', 'Divide and Conquer', 'Interactive']"
LeetCode,1275,Find Winner on a Tic Tac Toe Game,1,Easy,,,54.648016597669056,False,"['Array', 'Hash Table', 'Matrix', 'Simulation']"
LeetCode,1276,Number of Burgers with No Waste of Ingredients,2,Medium,,,51.04723605843196,False,['Math']
LeetCode,1277,Count Square Submatrices with All Ones,2,Medium,,,80.7227936701661,False,"['Array', 'Dynamic Programming', 'Matrix']"
LeetCode,1278,Palindrome Partitioning III,3,Hard,,,62.27706345914559,False,"['String', 'Dynamic Programming']"
LeetCode,1281,Subtract the Product and Sum of Digits of an Integer,1,Easy,,,86.57489226204939,False,['Math']
LeetCode,1282,Group the People Given the Group Size They Belong To,2,Medium,,,87.51398152367538,False,"['Array', 'Hash Table', 'Greedy']"
LeetCode,1283,Find the Smallest Divisor Given a Threshold,2,Medium,,,66.13166667597345,False,"['Array', 'Binary Search']"
LeetCode,1284,Minimum Number of Flips to Convert Binary Matrix to Zero Matrix,3,Hard,,,72.82077100115075,False,"['Array', 'Hash Table', 'Bit Manipulation', 'Breadth-First Search', 'Matrix']"
LeetCode,1286,Iterator for Combination,2,Medium,,,72.65337517153371,False,"['String', 'Backtracking', 'Design', 'Iterator']"
LeetCode,1287,Element Appearing More Than 25% In Sorted Array,1,Easy,,,61.2558199537922,False,['Array']
LeetCode,1288,Remove Covered Intervals,2,Medium,,,56.07479163366165,False,"['Array', 'Sorting']"
LeetCode,1289,Minimum Falling Path Sum II,3,Hard,,,63.06537700626799,False,"['Array', 'Dynamic Programming', 'Matrix']"
LeetCode,1290,Convert Binary Number in a Linked List to Integer,1,Easy,,,82.36526041258577,False,"['Linked List', 'Math']"
LeetCode,1291,Sequential Digits,2,Medium,,,65.3653872195308,False,['Enumeration']
LeetCode,1292,Maximum Side Length of a Square with Sum Less than or Equal to Threshold,2,Medium,,,65.47057850556176,False,"['Array', 'Binary Search', 'Matrix', 'Prefix Sum']"
LeetCode,1293,Shortest Path in a Grid with Obstacles Elimination,3,Hard,,,46.380483951797316,False,"['Array', 'Breadth-First Search', 'Matrix']"
LeetCode,1295,Find Numbers with Even Number of Digits,1,Easy,,,79.80776067081354,False,"['Array', 'Math']"
LeetCode,1296,Divide Array in Sets of K Consecutive Numbers,2,Medium,,,59.33246292088131,False,"['Array', 'Hash Table', 'Greedy', 'Sorting']"
LeetCode,1297,Maximum Number of Occurrences of a Substring,2,Medium,,,54.5669331238836,False,"['Hash Table', 'String', 'Sliding Window']"
LeetCode,1298,Maximum Candies You Can Get from Boxes,3,Hard,,,67.37249870770458,False,"['Array', 'Breadth-First Search', 'Graph Theory']"
LeetCode,1299,Replace Elements with Greatest Element on Right Side,1,Easy,,,72.23350446554245,False,['Array']
LeetCode,1300,Sum of Mutated Array Closest to Target,2,Medium,,,46.35965922173612,False,"['Array', 'Binary Search', 'Sorting']"
LeetCode,1301,Number of Paths with Max Score,3,Hard,,,42.623308123188245,False,"['Array', 'Dynamic Programming', 'Matrix']"
LeetCode,1302,Deepest Leaves Sum,2,Medium,,,86.55154225916706,False,"['Tree', 'Depth-First Search', 'Breadth-First Search', 'Binary Tree']"
LeetCode,1304,Find N Unique Integers Sum up to Zero,1,Easy,,,78.43742379758687,False,"['Array', 'Math']"
LeetCode,1305,All Elements in Two Binary Search Trees,2,Medium,,,80.29211195006178,False,"['Tree', 'Depth-First Search', 'Binary Search Tree', 'Sorting', 'Binary Tree']"
LeetCode,1306,Jump Game III,2,Medium,,,70.30326152535757,False,"['Array', 'Depth-First Search', 'Breadth-First Search']"
LeetCode,1307,Verbal Arithmetic Puzzle,3,Hard,,,33.44658291175867,False,"['Array', 'Math', 'String', 'Backtracking']"
LeetCode,1309,Decrypt String from Alphabet to Integer Mapping,1,Easy,,,80.59960119003189,False,['String']
LeetCode,1310,XOR Queries of a Subarray,2,Medium,,,78.05256339727778,False,"['Array', 'Bit Manipulation', 'Prefix Sum']"
LeetCode,1311,Get Watched Videos by Your Friends,2,Medium,,,53.291984732824424,False,"['Array', 'Hash Table', 'Breadth-First Search', 'Graph Theory', 'Sorting']"
LeetCode,1312,Minimum Insertion Steps to Make a String Palindrome,3,Hard,,,74.03331125417995,False,"['String', 'Dynamic Programming']"
LeetCode,1313,Decompress Run-Length Encoded List,1,Easy,,,86.22869800420753,False,['Array']
LeetCode,1314,Matrix Block Sum,2,Medium,,,76.6028315344656,False,"['Array', 'Matrix', 'Prefix Sum']"
LeetCode,1315,Sum of Nodes with Even-Valued Grandparent,2,Medium,,,85.94943012061525,False,"['Tree', 'Depth-First Search', 'Breadth-First Search', 'Binary Tree']"
LeetCode,1316,Distinct Echo Substrings,3,Hard,,,53.30534668081377,False,"['String', 'Trie', 'Rolling Hash', 'Hash Function']"
LeetCode,1317,Convert Integer to the Sum of Two No-Zero Integers,1,Easy,,,59.18945767411058,False,['Math']
LeetCode,1318,Minimum Flips to Make a OR b Equal to c,2,Medium,,,72.00356951633053,False,['Bit Manipulation']
LeetCode,1319,Number of Operations to Make Network Connected,2,Medium,,,66.71101816149064,False,"['Depth-First Search', 'Breadth-First Search', 'Union-Find', 'Graph Theory']"
LeetCode,1320,Minimum Distance to Type a Word Using Two Fingers,3,Hard,,,72.30327757958972,False,"['String', 'Dynamic Programming']"
LeetCode,1323,Maximum 69 Number,1,Easy,,,84.55269866804815,False,"['Math', 'Greedy']"
LeetCode,1324,Print Words Vertically,2,Medium,,,67.72802990806322,False,"['Array', 'String', 'Simulation']"
LeetCode,1325,Delete Leaves With a Given Value,2,Medium,,,77.23947808075683,False,"['Tree', 'Depth-First Search', 'Binary Tree']"
LeetCode,1326,Minimum Number of Taps to Open to Water a Garden,3,Hard,,,51.01741989117291,False,"['Array', 'Dynamic Programming', 'Greedy']"
LeetCode,1328,Break a Palindrome,2,Medium,,,51.60448532451426,False,"['String', 'Greedy']"
LeetCode,1329,Sort the Matrix Diagonally,2,Medium,,,83.20569247600992,False,"['Array', 'Sorting', 'Matrix']"
LeetCode,1330,Reverse Subarray To Maximize Array Value,3,Hard,,,44.024138946128936,False,"['Array', 'Math', 'Greedy']"
LeetCode,1331,Rank Transform of an Array,1,Easy,,,70.90565594726681,False,"['Array', 'Hash Table', 'Sorting']"
LeetCode,1332,Remove Palindromic Subsequences,1,Easy,,,77.11194526370146,False,"['Two Pointers', 'String']"
LeetCode,1333,"Filter Restaurants by Vegan-Friendly, Price and Distance",2,Medium,,,64.27811639961504,False,"['Array', 'Sorting']"
LeetCode,1334,Find the City With the Smallest Number of Neighbors at a Threshold Distance,2,Medium,,,73.01026450421428,False,"['Dynamic Programming', 'Graph Theory', 'Shortest Path']"
LeetCode,1335,Minimum Difficulty of a Job Schedule,3,Hard,,,59.77033318594429,False,"['Array', 'Dynamic Programming']"
LeetCode,1337,The K Weakest Rows in a Matrix,1,Easy,,,74.38434116577052,False,"['Array', 'Binary Search', 'Sorting', 'Heap (Priority Queue)', 'Matrix']"
LeetCode,1338,Reduce Array Size to The Half,2,Medium,,,69.41039164153129,False,"['Array', 'Hash Table', 'Greedy', 'Sorting', 'Heap (Priority Queue)']"
LeetCode,1339,Maximum Product of Splitted Binary Tree,2,Medium,,,55.74760249698978,False,"['Tree', 'Depth-First Search', 'Binary Tree']"
LeetCode,1340,Jump Game V,3,Hard,,,75.80948958062949,False,"['Array', 'Dynamic Programming', 'Sorting']"
LeetCode,1342,Number of Steps to Reduce a Number to Zero,1,Easy,,,85.8283165577008,False,"['Math', 'Bit Manipulation']"
LeetCode,1343,Number of Sub-arrays of Size K and Average Greater than or Equal to Threshold,2,Medium,,,73.08253176923574,False,"['Array', 'Sliding Window']"
LeetCode,1344,Angle Between Hands of a Clock,2,Medium,,,65.55960633010724,False,['Math']
LeetCode,1345,Jump Game IV,3,Hard,,,51.02028288507212,False,"['Array', 'Hash Table', 'Breadth-First Search']"
LeetCode,1346,Check If N and Its Double Exist,1,Easy,,,41.85760388045738,False,"['Array', 'Hash Table', 'Two Pointers', 'Binary Search', 'Sorting']"
LeetCode,1347,Minimum Number of Steps to Make Two Strings Anagram,2,Medium,,,82.53609526473915,False,"['Hash Table', 'String', 'Counting']"
LeetCode,1348,Tweet Counts Per Frequency,2,Medium,,,46.24894021676864,False,"['Hash Table', 'String', 'Binary Search', 'Design', 'Sorting', 'Ordered Set']"
LeetCode,1349,Maximum Students Taking Exam,3,Hard,,,53.9661259328775,False,"['Array', 'Dynamic Programming', 'Bit Manipulation', 'Matrix', 'Bitmask']"
LeetCode,1351,Count Negative Numbers in a Sorted Matrix,1,Easy,,,79.64042227586475,False,"['Array', 'Binary Search', 'Matrix']"
LeetCode,1352,Product of the Last K Numbers,2,Medium,,,62.944731164852975,False,"['Array', 'Math', 'Design', 'Data Stream', 'Prefix Sum']"
LeetCode,1353,Maximum Number of Events That Can Be Attended,2,Medium,,,39.00362401634447,False,"['Array', 'Greedy', 'Sorting', 'Heap (Priority Queue)']"
LeetCode,1354,Construct Target Array With Multiple Sums,3,Hard,,,37.05064376232523,False,"['Array', 'Heap (Priority Queue)']"
LeetCode,1356,Sort Integers by The Number of 1 Bits,1,Easy,,,82.35625914263754,False,"['Array', 'Bit Manipulation', 'Sorting', 'Counting']"
LeetCode,1357,Apply Discount Every n Orders,2,Medium,,,65.71168120849069,False,"['Array', 'Hash Table', 'Design']"
LeetCode,1358,Number of Substrings Containing All Three Characters,2,Medium,,,73.79119480353158,False,"['Hash Table', 'String', 'Sliding Window']"
LeetCode,1359,Count All Valid Pickup and Delivery Options,3,Hard,,,64.87210122500684,False,"['Math', 'Dynamic Programming', 'Combinatorics']"
LeetCode,1360,Number of Days Between Two Dates,1,Easy,,,52.88233026043675,False,"['Math', 'String']"
LeetCode,1361,Validate Binary Tree Nodes,2,Medium,,,44.14914333351573,False,"['Tree', 'Depth-First Search', 'Breadth-First Search', 'Union-Find', 'Graph Theory', 'Binary Tree']"
LeetCode,1362,Closest Divisors,2,Medium,,,62.335280102890636,False,['Math']
LeetCode,1363,Largest Multiple of Three,3,Hard,,,33.296860428971094,False,"['Array', 'Math', 'Dynamic Programming', 'Greedy', 'Sorting']"
LeetCode,1365,How Many Numbers Are Smaller Than the Current Number,1,Easy,,,87.43469018247347,False,"['Array', 'Hash Table', 'Sorting', 'Counting Sort']"
LeetCode,1366,Rank Teams by Votes,2,Medium,,,60.07916787055764,False,"['Array', 'Hash Table', 'String', 'Sorting', 'Counting']"
LeetCode,1367,Linked List in Binary Tree,2,Medium,,,51.9797907141731,False,"['Linked List', 'Tree', 'Depth-First Search', 'Binary Tree']"
LeetCode,1368,Minimum Cost to Make at Least One Valid Path in a Grid,3,Hard,,,71.0086851547567,False,"['Array', 'Breadth-First Search', 'Graph Theory', 'Heap (Priority Queue)', 'Matrix', 'Shortest Path']"
LeetCode,1370,Increasing Decreasing String,1,Easy,,,77.36574952197385,False,"['Hash Table', 'String', 'Counting']"
LeetCode,1371,Find the Longest Substring Containing Vowels in Even Counts,2,Medium,,,75.59233014198912,False,"['Hash Table', 'String', 'Bit Manipulation', 'Prefix Sum']"
LeetCode,1372,Longest ZigZag Path in a Binary Tree,2,Medium,,,67.17683934523096,False,"['Dynamic Programming', 'Tree', 'Depth-First Search', 'Binary Tree']"
LeetCode,1373,Maximum Sum BST in Binary Tree,3,Hard,,,47.680800290450726,False,"['Dynamic Programming', 'Tree', 'Depth-First Search', 'Binary Search Tree', 'Binary Tree']"
LeetCode,1374,Generate a String With Characters That Have Odd Counts,1,Easy,,,78.52381340284566,False,['String']
LeetCode,1375,Number of Times Binary String Is Prefix-Aligned,2,Medium,,,66.10957772803339,False,['Array']
LeetCode,1376,Time Needed to Inform All Employees,2,Medium,,,60.51658385710095,False,"['Tree', 'Depth-First Search', 'Breadth-First Search']"
LeetCode,1377,Frog Position After T Seconds,3,Hard,,,38.63488001671149,False,"['Tree', 'Depth-First Search', 'Breadth-First Search', 'Graph Theory']"
LeetCode,1379,Find a Corresponding Node of a Binary Tree in a Clone of That Tree,1,Easy,,,85.85725572820648,False,"['Tree', 'Depth-First Search', 'Breadth-First Search', 'Binary Tree']"
LeetCode,1380,Lucky Numbers in a Matrix,1,Easy,,,80.03960775545406,False,"['Array', 'Matrix']"
LeetCode,1381,Design a Stack With Increment Operation,2,Medium,,,79.9062569839151,False,"['Array', 'Stack', 'Design']"
LeetCode,1382,Balance a Binary Search Tree,2,Medium,,,86.28519067465595,False,"['Divide and Conquer', 'Greedy', 'Tree', 'Depth-First Search', 'Binary Search Tree', 'Binary Tree']"
LeetCode,1383,Maximum Performance of a Team,3,Hard,,,47.78965245136721,False,"['Array', 'Greedy', 'Sorting', 'Heap (Priority Queue)']"
LeetCode,1385,Find the Distance Value Between Two Arrays,1,Easy,,,71.88821666318964,False,"['Array', 'Two Pointers', 'Binary Search', 'Sorting']"
LeetCode,1386,Cinema Seat Allocation,2,Medium,,,44.662154932591484,False,"['Array', 'Hash Table', 'Greedy', 'Bit Manipulation']"
LeetCode,1387,Sort Integers by The Power Value,2,Medium,,,71.76765246430084,False,"['Dynamic Programming', 'Memoization', 'Sorting']"
LeetCode,1388,Pizza With 3n Slices,3,Hard,,,54.00272881686298,False,"['Array', 'Dynamic Programming', 'Greedy', 'Heap (Priority Queue)']"
LeetCode,1389,Create Target Array in the Given Order,1,Easy,,,86.50568680806448,False,"['Array', 'Simulation']"
LeetCode,1390,Four Divisors,2,Medium,,,56.5581574048178,False,"['Array', 'Math']"
LeetCode,1391,Check if There is a Valid Path in a Grid,2,Medium,,,64.46998784059804,False,"['Array', 'Depth-First Search', 'Breadth-First Search', 'Union-Find', 'Matrix']"
LeetCode,1392,Longest Happy Prefix,3,Hard,,,53.23401071559486,False,"['String', 'Rolling Hash', 'String Matching', 'Hash Function']"
LeetCode,1394,Find Lucky Integer in an Array,1,Easy,,,75.56817808857605,False,"['Array', 'Hash Table', 'Counting']"
LeetCode,1395,Count Number of Teams,2,Medium,,,70.17065567405851,False,"['Array', 'Dynamic Programming', 'Binary Indexed Tree', 'Segment Tree']"
LeetCode,1396,Design Underground System,2,Medium,,,74.50772119691423,False,"['Hash Table', 'String', 'Design']"
LeetCode,1397,Find All Good Strings,3,Hard,,,45.566160118606376,False,"['String', 'Dynamic Programming', 'String Matching']"
LeetCode,1399,Count Largest Group,1,Easy,,,74.68920401252723,False,"['Hash Table', 'Math', 'Counting']"
LeetCode,1400,Construct K Palindrome Strings,2,Medium,,,68.5312197850881,False,"['Hash Table', 'String', 'Greedy', 'Counting']"
LeetCode,1401,Circle and Rectangle Overlapping,2,Medium,,,50.224641787420055,False,"['Math', 'Geometry']"
LeetCode,1402,Reducing Dishes,3,Hard,,,76.72739857093418,False,"['Array', 'Dynamic Programming', 'Greedy', 'Sorting']"
LeetCode,1403,Minimum Subsequence in Non-Increasing Order,1,Easy,,,73.82277042543622,False,"['Array', 'Greedy', 'Sorting']"
LeetCode,1404,Number of Steps to Reduce a Number in Binary Representation to One,2,Medium,,,63.73532414194932,False,"['String', 'Bit Manipulation', 'Simulation']"
LeetCode,1405,Longest Happy String,2,Medium,,,65.50207115801665,False,"['String', 'Greedy', 'Heap (Priority Queue)']"
LeetCode,1406,Stone Game III,3,Hard,,,63.33784585090791,False,"['Array', 'Math', 'Dynamic Programming', 'Game Theory']"
LeetCode,1408,String Matching in an Array,1,Easy,,,69.80829733971795,False,"['Array', 'String', 'String Matching']"
LeetCode,1409,Queries on a Permutation With Key,2,Medium,,,84.9340999307802,False,"['Array', 'Binary Indexed Tree', 'Simulation']"
LeetCode,1410,HTML Entity Parser,2,Medium,,,50.11427061146437,False,"['Hash Table', 'String']"
LeetCode,1411,Number of Ways to Paint N × 3 Grid,3,Hard,,,80.56527098680601,False,['Dynamic Programming']
LeetCode,1413,Minimum Value to Get Positive Step by Step Sum,1,Easy,,,64.76396617544209,False,"['Array', 'Prefix Sum']"
LeetCode,1414,Find the Minimum Number of Fibonacci Numbers Whose Sum Is K,2,Medium,,,64.99132177866869,False,"['Math', 'Greedy']"
LeetCode,1415,The k-th Lexicographical String of All Happy Strings of Length n,2,Medium,,,87.12167530468209,False,"['String', 'Backtracking']"
LeetCode,1416,Restore The Array,3,Hard,,,46.73225913779172,False,"['String', 'Dynamic Programming']"
LeetCode,1417,Reformat The String,1,Easy,,,52.235827405813005,False,['String']
LeetCode,1418,Display Table of Food Orders in a Restaurant,2,Medium,,,76.43438514895152,False,"['Array', 'Hash Table', 'String', 'Sorting', 'Ordered Set']"
LeetCode,1419,Minimum Number of Frogs Croaking,2,Medium,,,51.18285399905914,False,"['String', 'Counting']"
LeetCode,1420,Build Array Where You Can Find The Maximum Exactly K Comparisons,3,Hard,,,65.57927560566083,False,"['Dynamic Programming', 'Prefix Sum']"
LeetCode,1422,Maximum Score After Splitting a String,1,Easy,,,65.04762135485524,False,"['String', 'Prefix Sum']"
LeetCode,1423,Maximum Points You Can Obtain from Cards,2,Medium,,,57.833133285493474,False,"['Array', 'Sliding Window', 'Prefix Sum']"
LeetCode,1424,Diagonal Traverse II,2,Medium,,,58.32227804825835,False,"['Array', 'Sorting', 'Heap (Priority Queue)']"
LeetCode,1425,Constrained Subsequence Sum,3,Hard,,,56.45712354070336,False,"['Array', 'Dynamic Programming', 'Queue', 'Sliding Window', 'Heap (Priority Queue)', 'Monotonic Queue']"
LeetCode,1426,Counting Elements,1,Easy,,,60.80922161270661,True,"['Array', 'Hash Table']"
LeetCode,1427,Perform String Shifts,1,Easy,,,55.98765248879523,True,"['Array', 'Math', 'String']"
LeetCode,1428,Leftmost Column with at Least a One,2,Medium,,,55.24649461040278,True,"['Array', 'Binary Search', 'Matrix', 'Interactive']"
LeetCode,1429,First Unique Number,2,Medium,,,57.70341599442287,True,"['Array', 'Hash Table', 'Design', 'Queue', 'Data Stream']"
LeetCode,1430,Check If a String Is a Valid Sequence from Root to Leaves Path in a Binary Tree,2,Medium,,,47.527267903968,True,"['Tree', 'Depth-First Search', 'Breadth-First Search', 'Binary Tree']"
LeetCode,1431,Kids With the Greatest Number of Candies,1,Easy,,,88.01705396687476,False,['Array']
LeetCode,1432,Max Difference You Can Get From Changing an Integer,2,Medium,,,48.70288162992995,False,"['Math', 'Greedy']"
LeetCode,1433,Check If a String Can Break Another String,2,Medium,,,71.13490364025697,False,"['String', 'Greedy', 'Sorting']"
LeetCode,1434,Number of Ways to Wear Different Hats to Each Other,3,Hard,,,46.2144420131291,False,"['Array', 'Dynamic Programming', 'Bit Manipulation', 'Bitmask']"
LeetCode,1436,Destination City,1,Easy,,,79.52661010412649,False,"['Array', 'Hash Table', 'String']"
LeetCode,1437,Check If All 1's Are at Least Length K Places Away,1,Easy,,,64.27530781576655,False,['Array']
LeetCode,1438,Longest Continuous Subarray With Absolute Diff Less Than or Equal to Limit,2,Medium,,,57.76632463190173,False,"['Array', 'Queue', 'Sliding Window', 'Heap (Priority Queue)', 'Ordered Set', 'Monotonic Queue']"
LeetCode,1439,Find the Kth Smallest Sum of a Matrix With Sorted Rows,3,Hard,,,62.392933241141854,False,"['Array', 'Binary Search', 'Heap (Priority Queue)', 'Matrix']"
LeetCode,1441,Build an Array With Stack Operations,2,Medium,,,80.85855987606865,False,"['Array', 'Stack', 'Simulation']"
LeetCode,1442,Count Triplets That Can Form Two Arrays of Equal XOR,2,Medium,,,84.76491915959042,False,"['Array', 'Hash Table', 'Math', 'Bit Manipulation', 'Prefix Sum']"
LeetCode,1443,Minimum Time to Collect All Apples in a Tree,2,Medium,,,63.722164513406476,False,"['Hash Table', 'Tree', 'Depth-First Search', 'Breadth-First Search']"
LeetCode,1444,Number of Ways of Cutting a Pizza,3,Hard,,,61.575517821679526,False,"['Array', 'Dynamic Programming', 'Memoization', 'Matrix', 'Prefix Sum']"
LeetCode,1446,Consecutive Characters,1,Easy,,,60.378812877678556,False,['String']
LeetCode,1447,Simplified Fractions,2,Medium,,,69.94823344753166,False,"['Math', 'String', 'Number Theory']"
LeetCode,1448,Count Good Nodes in Binary Tree,2,Medium,,,73.88353518449769,False,"['Tree', 'Depth-First Search', 'Breadth-First Search', 'Binary Tree']"
LeetCode,1449,Form Largest Integer With Digits That Add up to Target,3,Hard,,,49.74618224534318,False,"['Array', 'Dynamic Programming']"
LeetCode,1450,Number of Students Doing Homework at a Given Time,1,Easy,,,75.90889420565954,False,['Array']
LeetCode,1451,Rearrange Words in a Sentence,2,Medium,,,67.15271502505546,False,"['String', 'Sorting']"
LeetCode,1452,People Whose List of Favorite Companies Is Not a Subset of Another List,2,Medium,,,60.69148846108261,False,"['Array', 'Hash Table', 'String']"
LeetCode,1453,Maximum Number of Darts Inside of a Circular Dartboard,3,Hard,,,40.9462187958884,False,"['Array', 'Math', 'Geometry']"
LeetCode,1455,Check If a Word Occurs As a Prefix of Any Word in a Sentence,1,Easy,,,68.78062314616447,False,"['Two Pointers', 'String', 'String Matching']"
LeetCode,1456,Maximum Number of Vowels in a Substring of Given Length,2,Medium,,,62.0952902777184,False,"['String', 'Sliding Window']"
LeetCode,1457,Pseudo-Palindromic Paths in a Binary Tree,2,Medium,,,68.38154758995795,False,"['Bit Manipulation', 'Tree', 'Depth-First Search', 'Breadth-First Search', 'Binary Tree']"
LeetCode,1458,Max Dot Product of Two Subsequences,3,Hard,,,69.37599077676899,False,"['Array', 'Dynamic Programming']"
LeetCode,1460,Make Two Arrays Equal by Reversing Subarrays,1,Easy,,,75.8266911361374,False,"['Array', 'Hash Table', 'Sorting']"
LeetCode,1461,Check If a String Contains All Binary Codes of Size K,2,Medium,,,61.585032690633625,False,"['Hash Table', 'String', 'Bit Manipulation', 'Rolling Hash', 'Hash Function']"
LeetCode,1462,Course Schedule IV,2,Medium,,,59.930038625106896,False,"['Depth-First Search', 'Breadth-First Search', 'Graph Theory', 'Topological Sort']"
LeetCode,1463,Cherry Pickup II,3,Hard,,,72.45821330826033,False,"['Array', 'Dynamic Programming', 'Matrix']"
LeetCode,1464,Maximum Product of Two Elements in an Array,1,Easy,,,83.60866916760146,False,"['Array', 'Sorting', 'Heap (Priority Queue)']"
LeetCode,1465,Maximum Area of a Piece of Cake After Horizontal and Vertical Cuts,2,Medium,,,41.46302066385593,False,"['Array', 'Greedy', 'Sorting']"
LeetCode,1466,Reorder Routes to Make All Paths Lead to the City Zero,2,Medium,,,65.886097233871,False,"['Depth-First Search', 'Breadth-First Search', 'Graph Theory']"
LeetCode,1467,Probability of a Two Boxes Having The Same Number of Distinct Balls,3,Hard,,,61.276338340558524,False,"['Array', 'Math', 'Dynamic Programming', 'Backtracking', 'Combinatorics', 'Probability and Statistics']"
LeetCode,1469,Find All The Lonely Nodes,1,Easy,,,84.1140335344675,True,"['Tree', 'Depth-First Search', 'Breadth-First Search', 'Binary Tree']"
LeetCode,1470,Shuffle the Array,1,Easy,,,88.75730691554084,False,['Array']
LeetCode,1471,The k Strongest Values in an Array,2,Medium,,,62.76466357156869,False,"['Array', 'Two Pointers', 'Sorting']"
LeetCode,1472,Design Browser History,2,Medium,,,78.3599262545474,False,"['Array', 'Linked List', 'Stack', 'Design', 'Doubly-Linked List', 'Data Stream']"
LeetCode,1473,Paint House III,3,Hard,,,61.24019374901,False,"['Array', 'Dynamic Programming']"
LeetCode,1474,Delete N Nodes After M Nodes of a Linked List,1,Easy,,,74.4024482473574,True,['Linked List']
LeetCode,1475,Final Prices With a Special Discount in a Shop,1,Easy,,,84.19209970501824,False,"['Array', 'Stack', 'Monotonic Stack']"
LeetCode,1476,Subrectangle Queries,2,Medium,,,86.403741894334,False,"['Array', 'Design', 'Matrix']"
LeetCode,1477,Find Two Non-overlapping Sub-arrays Each With Target Sum,2,Medium,,,36.90475404532881,False,"['Array', 'Hash Table', 'Binary Search', 'Dynamic Programming', 'Sliding Window']"
LeetCode,1478,Allocate Mailboxes,3,Hard,,,56.641924331055726,False,"['Array', 'Math', 'Dynamic Programming', 'Sorting']"
LeetCode,1480,Running Sum of 1d Array,1,Easy,,,86.98051927129316,False,"['Array', 'Prefix Sum']"
LeetCode,1481,Least Number of Unique Integers after K Removals,2,Medium,,,63.85612201843922,False,"['Array', 'Hash Table', 'Greedy', 'Sorting', 'Counting']"
LeetCode,1482,Minimum Number of Days to Make m Bouquets,2,Medium,,,56.6872167180155,False,"['Array', 'Binary Search']"
LeetCode,1483,Kth Ancestor of a Tree Node,3,Hard,,,38.4380620197286,False,"['Binary Search', 'Dynamic Programming', 'Bit Manipulation', 'Tree', 'Depth-First Search', 'Breadth-First Search', 'Design']"
LeetCode,1485,Clone Binary Tree With Random Pointer,2,Medium,,,80.84409069627449,True,"['Hash Table', 'Tree', 'Depth-First Search', 'Breadth-First Search', 'Binary Tree']"
LeetCode,1486,XOR Operation in an Array,1,Easy,,,87.66288276256796,False,"['Math', 'Bit Manipulation']"
LeetCode,1487,Making File Names Unique,2,Medium,,,38.72954560741018,False,"['Array', 'Hash Table', 'String']"
LeetCode,1488,Avoid Flood in The City,2,Medium,,,38.97660581787033,False,"['Array', 'Hash Table', 'Binary Search', 'Greedy', 'Heap (Priority Queue)']"
LeetCode,1489,Find Critical and Pseudo-Critical Edges in Minimum Spanning Tree,3,Hard,,,66.62762228524123,False,"['Union-Find', 'Graph Theory', 'Sorting', 'Minimum Spanning Tree', 'Strongly Connected Component']"
LeetCode,1490,Clone N-ary Tree,2,Medium,,,83.01308894259529,True,"['Hash Table', 'Tree', 'Depth-First Search', 'Breadth-First Search']"
LeetCode,1491,Average Salary Excluding the Minimum and Maximum Salary,1,Easy,,,63.55724714743769,False,"['Array', 'Sorting']"
LeetCode,1492,The kth Factor of n,2,Medium,,,70.41718345463472,False,"['Math', 'Number Theory']"
LeetCode,1493,Longest Subarray of 1's After Deleting One Element,2,Medium,,,71.26340900079516,False,"['Array', 'Dynamic Programming', 'Sliding Window']"
LeetCode,1494,Parallel Courses II,3,Hard,,,30.96993760635281,False,"['Dynamic Programming', 'Bit Manipulation', 'Graph Theory', 'Bitmask']"
LeetCode,1496,Path Crossing,1,Easy,,,62.62616689570203,False,"['Hash Table', 'String']"
LeetCode,1497,Check If Array Pairs Are Divisible by k,2,Medium,,,46.18538614418629,False,"['Array', 'Hash Table', 'Counting']"
LeetCode,1498,Number of Subsequences That Satisfy the Given Sum Condition,2,Medium,,,49.135803425790684,False,"['Array', 'Two Pointers', 'Binary Search', 'Sorting']"
LeetCode,1499,Max Value of Equation,3,Hard,,,45.06577896988856,False,"['Array', 'Queue', 'Sliding Window', 'Heap (Priority Queue)', 'Monotonic Queue']"
LeetCode,1500,Design a File Sharing System,2,Medium,,,41.648173693996284,True,"['Hash Table', 'Design', 'Sorting', 'Heap (Priority Queue)', 'Data Stream']"
LeetCode,1502,Can Make Arithmetic Progression From Sequence,1,Easy,,,68.81794630377955,False,"['Array', 'Sorting']"
LeetCode,1503,Last Moment Before All Ants Fall Out of a Plank,2,Medium,,,68.17196679525101,False,"['Array', 'Brainteaser', 'Simulation']"
LeetCode,1504,Count Submatrices With All Ones,2,Medium,,,71.0211508494546,False,"['Array', 'Dynamic Programming', 'Stack', 'Matrix', 'Monotonic Stack']"
LeetCode,1505,Minimum Possible Integer After at Most K Adjacent Swaps On Digits,3,Hard,,,41.5184354364791,False,"['String', 'Greedy', 'Binary Indexed Tree', 'Segment Tree']"
LeetCode,1506,Find Root of N-Ary Tree,2,Medium,,,78.59789006525378,True,"['Hash Table', 'Bit Manipulation', 'Tree', 'Depth-First Search']"
LeetCode,1507,Reformat Date,1,Easy,,,68.60649659368914,False,['String']
LeetCode,1508,Range Sum of Sorted Subarray Sums,2,Medium,,,63.052331227938566,False,"['Array', 'Two Pointers', 'Binary Search', 'Sorting', 'Prefix Sum']"
LeetCode,1509,Minimum Difference Between Largest and Smallest Value in Three Moves,2,Medium,,,59.19505531293095,False,"['Array', 'Greedy', 'Sorting']"
LeetCode,1510,Stone Game IV,3,Hard,,,59.631539431372275,False,"['Math', 'Dynamic Programming', 'Game Theory']"
LeetCode,1512,Number of Good Pairs,1,Easy,,,89.84180593109905,False,"['Array', 'Hash Table', 'Math', 'Counting']"
LeetCode,1513,Number of Substrings With Only 1s,2,Medium,,,57.407072843271656,False,"['Math', 'String']"
LeetCode,1514,Path with Maximum Probability,2,Medium,,,65.57526416074832,False,"['Array', 'Graph Theory', 'Heap (Priority Queue)', 'Shortest Path']"
LeetCode,1515,Best Position for a Service Centre,3,Hard,,,35.388749552131856,False,"['Array', 'Math', 'Geometry', 'Randomized']"
LeetCode,1516,Move Sub-Tree of N-Ary Tree,3,Hard,,,59.8159509202454,True,"['Tree', 'Depth-First Search']"
LeetCode,1518,Water Bottles,1,Easy,,,72.57233926155479,False,"['Math', 'Simulation']"
LeetCode,1519,Number of Nodes in the Sub-Tree With the Same Label,2,Medium,,,55.48233869653294,False,"['Hash Table', 'Tree', 'Depth-First Search', 'Breadth-First Search', 'Counting']"
LeetCode,1520,Maximum Number of Non-Overlapping Substrings,3,Hard,,,42.693502985730326,False,"['Hash Table', 'String', 'Greedy', 'Sorting']"
LeetCode,1521,Find a Value of a Mysterious Function Closest to Target,3,Hard,,,47.407382927393506,False,"['Array', 'Binary Search', 'Bit Manipulation', 'Segment Tree']"
LeetCode,1522,Diameter of N-Ary Tree,2,Medium,,,75.46998949541783,True,"['Tree', 'Depth-First Search']"
LeetCode,1523,Count Odd Numbers in an Interval Range,1,Easy,,,54.57043224047009,False,['Math']
LeetCode,1524,Number of Sub-arrays With Odd Sum,2,Medium,,,55.68362480127186,False,"['Array', 'Math', 'Dynamic Programming', 'Prefix Sum']"
LeetCode,1525,Number of Good Ways to Split a String,2,Medium,,,68.47078429557176,False,"['Hash Table', 'String', 'Dynamic Programming', 'Bit Manipulation', 'Prefix Sum']"
LeetCode,1526,Minimum Number of Increments on Subarrays to Form a Target Array,3,Hard,,,78.21047984105641,False,"['Array', 'Dynamic Programming', 'Stack', 'Greedy', 'Monotonic Stack']"
LeetCode,1528,Shuffle String,1,Easy,,,85.43219025345371,False,"['Array', 'String']"
LeetCode,1529,Minimum Suffix Flips,2,Medium,,,73.9624613508688,False,"['String', 'Greedy']"
LeetCode,1530,Number of Good Leaf Nodes Pairs,2,Medium,,,71.77235456794915,False,"['Tree', 'Depth-First Search', 'Binary Tree']"
LeetCode,1531,String Compression II,3,Hard,,,52.22948957711176,False,"['String', 'Dynamic Programming']"
LeetCode,1533,Find the Index of the Large Integer,2,Medium,,,56.544438302315584,True,"['Array', 'Binary Search', 'Interactive']"
LeetCode,1534,Count Good Triplets,1,Easy,,,85.5297362554084,False,"['Array', 'Enumeration']"
LeetCode,1535,Find the Winner of an Array Game,2,Medium,,,56.85395065423566,False,"['Array', 'Simulation']"
LeetCode,1536,Minimum Swaps to Arrange a Binary Grid,2,Medium,,,70.13863917855288,False,"['Array', 'Greedy', 'Matrix']"
LeetCode,1537,Get the Maximum Score,3,Hard,,,41.192475124378106,False,"['Array', 'Two Pointers', 'Dynamic Programming', 'Greedy']"
LeetCode,1538,Guess the Majority in a Hidden Array,2,Medium,,,68.91042430591932,True,"['Array', 'Math', 'Interactive']"
LeetCode,1539,Kth Missing Positive Number,1,Easy,,,63.57834014534917,False,"['Array', 'Binary Search']"
LeetCode,1540,Can Convert String in K Moves,2,Medium,,,37.78291964661338,False,"['Hash Table', 'String']"
LeetCode,1541,Minimum Insertions to Balance a Parentheses String,2,Medium,,,53.564837794153206,False,"['String', 'Stack', 'Greedy']"
LeetCode,1542,Find Longest Awesome Substring,3,Hard,,,47.0030349013657,False,"['Hash Table', 'String', 'Bit Manipulation']"
LeetCode,1544,Make The String Great,1,Easy,,,68.58143948129648,False,"['String', 'Stack']"
LeetCode,1545,Find Kth Bit in Nth Binary String,2,Medium,,,73.66735157855263,False,"['String', 'Recursion', 'Simulation']"
LeetCode,1546,Maximum Number of Non-Overlapping Subarrays With Sum Equals Target,2,Medium,,,49.02410093276541,False,"['Array', 'Hash Table', 'Greedy', 'Prefix Sum']"
LeetCode,1547,Minimum Cost to Cut a Stick,3,Hard,,,63.14687064184046,False,"['Array', 'Dynamic Programming', 'Sorting']"
LeetCode,1548,The Most Similar Path in a Graph,3,Hard,,,59.45309910507126,True,"['Array', 'String', 'Dynamic Programming', 'Graph Theory']"
LeetCode,1550,Three Consecutive Odds,1,Easy,,,69.29136532915012,False,['Array']
LeetCode,1551,Minimum Operations to Make Array Equal,2,Medium,,,82.77092706771094,False,['Math']
LeetCode,1552,Magnetic Force Between Two Balls,2,Medium,,,72.22394409850385,False,"['Array', 'Binary Search', 'Sorting']"
LeetCode,1553,Minimum Number of Days to Eat N Oranges,3,Hard,,,36.28723352674026,False,"['Dynamic Programming', 'Memoization']"
LeetCode,1554,Strings Differ by One Character,2,Medium,,,39.765115019526235,True,"['Hash Table', 'String', 'Rolling Hash', 'Hash Function']"
LeetCode,1556,Thousand Separator,1,Easy,,,53.75663855045298,False,['String']
LeetCode,1557,Minimum Number of Vertices to Reach All Nodes,2,Medium,,,81.63888574689715,False,['Graph Theory']
LeetCode,1558,Minimum Numbers of Function Calls to Make Target Array,2,Medium,,,62.83701782357281,False,"['Array', 'Greedy', 'Bit Manipulation']"
LeetCode,1559,Detect Cycles in 2D Grid,2,Medium,,,63.34457199432715,False,"['Array', 'Depth-First Search', 'Breadth-First Search', 'Union-Find', 'Matrix']"
LeetCode,1560,Most Visited Sector in  a Circular Track,1,Easy,,,60.0174874401648,False,"['Array', 'Simulation']"
LeetCode,1561,Maximum Number of Coins You Can Get,2,Medium,,,84.80877831985565,False,"['Array', 'Math', 'Greedy', 'Sorting', 'Game Theory']"
LeetCode,1562,Find Latest Group of Size M,2,Medium,,,43.86518507046616,False,"['Array', 'Hash Table', 'Binary Search', 'Simulation']"
LeetCode,1563,Stone Game V,3,Hard,,,41.96671142616245,False,"['Array', 'Math', 'Dynamic Programming', 'Game Theory']"
LeetCode,1564,Put Boxes Into the Warehouse I,2,Medium,,,67.62393277764654,True,"['Array', 'Greedy', 'Sorting']"
LeetCode,1566,Detect Pattern of Length M Repeated K or More Times,1,Easy,,,44.03069873144199,False,"['Array', 'Enumeration']"
LeetCode,1567,Maximum Length of Subarray With Positive Product,2,Medium,,,44.69728027893758,False,"['Array', 'Dynamic Programming', 'Greedy']"
LeetCode,1568,Minimum Number of Days to Disconnect Island,3,Hard,,,58.73368850920016,False,"['Array', 'Depth-First Search', 'Breadth-First Search', 'Matrix', 'Strongly Connected Component']"
LeetCode,1569,Number of Ways to Reorder Array to Get Same BST,3,Hard,,,54.13809220310176,False,"['Array', 'Math', 'Divide and Conquer', 'Dynamic Programming', 'Tree', 'Union-Find', 'Binary Search Tree', 'Memoization', 'Combinatorics', 'Binary Tree']"
LeetCode,1570,Dot Product of Two Sparse Vectors,2,Medium,,,89.89676883814167,True,"['Array', 'Hash Table', 'Two Pointers', 'Design']"
LeetCode,1572,Matrix Diagonal Sum,1,Easy,,,84.34623654561916,False,"['Array', 'Matrix']"
LeetCode,1573,Number of Ways to Split a String,2,Medium,,,34.6767438318611,False,"['Math', 'String']"
LeetCode,1574,Shortest Subarray to be Removed to Make Array Sorted,2,Medium,,,51.337668296233005,False,"['Array', 'Two Pointers', 'Binary Search', 'Stack', 'Monotonic Stack']"
LeetCode,1575,Count All Possible Routes,3,Hard,,,64.81998487756645,False,"['Array', 'Dynamic Programming', 'Memoization']"
LeetCode,1576,Replace All ?'s to Avoid Consecutive Repeating Characters,1,Easy,,,45.309289841363565,False,['String']
LeetCode,1577,Number of Ways Where Square of Number Is Equal to Product of Two Numbers,2,Medium,,,43.62109931886583,False,"['Array', 'Hash Table', 'Math', 'Two Pointers']"
LeetCode,1578,Minimum Time to Make Rope Colorful,2,Medium,,,65.20808440481687,False,"['Array', 'String', 'Dynamic Programming', 'Greedy']"
LeetCode,1579,Remove Max Number of Edges to Keep Graph Fully Traversable,3,Hard,,,70.15393934732025,False,"['Union-Find', 'Graph Theory']"
LeetCode,1580,Put Boxes Into the Warehouse II,2,Medium,,,66.12440751360525,True,"['Array', 'Greedy', 'Sorting']"
LeetCode,1582,Special Positions in a Binary Matrix,1,Easy,,,72.6656220493569,False,"['Array', 'Matrix']"
LeetCode,1583,Count Unhappy Friends,2,Medium,,,62.589774585792505,False,"['Array', 'Simulation']"
LeetCode,1584,Min Cost to Connect All Points,2,Medium,,,71.10288065843622,False,"['Array', 'Union-Find', 'Graph Theory', 'Minimum Spanning Tree']"
LeetCode,1585,Check If String Is Transformable With Substring Sort Operations,3,Hard,,,51.63120567375886,False,"['String', 'Greedy', 'Sorting']"
LeetCode,1586,Binary Search Tree Iterator II,2,Medium,,,63.41951930080116,True,"['Stack', 'Tree', 'Design', 'Binary Search Tree', 'Binary Tree', 'Iterator']"
LeetCode,1588,Sum of All Odd Length Subarrays,1,Easy,,,84.01273290825934,False,"['Array', 'Math', 'Prefix Sum']"
LeetCode,1589,Maximum Sum Obtained of Any Permutation,2,Medium,,,40.982264665757164,False,"['Array', 'Greedy', 'Sorting', 'Prefix Sum']"
LeetCode,1590,Make Sum Divisible by P,2,Medium,,,42.643545421790265,False,"['Array', 'Hash Table', 'Prefix Sum']"
LeetCode,1591,Strange Printer II,3,Hard,,,60.96746390864038,False,"['Array', 'Graph Theory', 'Topological Sort', 'Matrix']"
LeetCode,1592,Rearrange Spaces Between Words,1,Easy,,,44.279518187296034,False,['String']
LeetCode,1593,Split a String Into the Max Number of Unique Substrings,2,Medium,,,68.70023632066898,False,"['Hash Table', 'String', 'Backtracking']"
LeetCode,1594,Maximum Non Negative Product in a Matrix,2,Medium,,,51.6173966161934,False,"['Array', 'Dynamic Programming', 'Matrix']"
LeetCode,1595,Minimum Cost to Connect Two Groups of Points,3,Hard,,,50.24538163827156,False,"['Array', 'Dynamic Programming', 'Bit Manipulation', 'Matrix', 'Bitmask']"
LeetCode,1597,Build Binary Expression Tree From Infix Expression,3,Hard,,,62.81856540084389,True,"['String', 'Stack', 'Tree', 'Binary Tree']"
LeetCode,1598,Crawler Log Folder,1,Easy,,,71.68708220239932,False,"['Array', 'String', 'Stack']"
LeetCode,1599,Maximum Profit of Operating a Centennial Wheel,2,Medium,,,44.614940037566825,False,"['Array', 'Simulation']"
LeetCode,1600,Throne Inheritance,2,Medium,,,67.44971769347634,False,"['Hash Table', 'Tree', 'Depth-First Search', 'Design']"
LeetCode,1601,Maximum Number of Achievable Transfer Requests,3,Hard,,,64.71885886545353,False,"['Array', 'Backtracking', 'Bit Manipulation', 'Enumeration']"
LeetCode,1602,Find Nearest Right Node in Binary Tree,2,Medium,,,75.0925925925926,True,"['Tree', 'Breadth-First Search', 'Binary Tree']"
LeetCode,1603,Design Parking System,1,Easy,,,87.17980044797393,False,"['Design', 'Simulation', 'Counting']"
LeetCode,1604,Alert Using Same Key-Card Three or More Times in a One Hour Period,2,Medium,,,46.28568801434417,False,"['Array', 'Hash Table', 'String', 'Sorting']"
LeetCode,1605,Find Valid Matrix Given Row and Column Sums,2,Medium,,,82.6041037254434,False,"['Array', 'Greedy', 'Matrix']"
LeetCode,1606,Find Servers That Handled Most Number of Requests,3,Hard,,,45.494701001518386,False,"['Array', 'Heap (Priority Queue)', 'Simulation', 'Ordered Set']"
LeetCode,1608,Special Array With X Elements Greater Than or Equal X,1,Easy,,,66.86078530497431,False,"['Array', 'Binary Search', 'Sorting']"
LeetCode,1609,Even Odd Tree,2,Medium,,,67.18601376667564,False,"['Tree', 'Breadth-First Search', 'Binary Tree']"
LeetCode,1610,Maximum Number of Visible Points,3,Hard,,,38.226795404891114,False,"['Array', 'Math', 'Geometry', 'Sliding Window', 'Sorting']"
LeetCode,1611,Minimum One Bit Operations to Make Integers Zero,3,Hard,,,78.33301214106766,False,"['Math', 'Dynamic Programming', 'Bit Manipulation', 'Recursion', 'Memoization']"
LeetCode,1612,Check If Two Expression Trees are Equivalent,2,Medium,,,71.74410994764398,True,"['Hash Table', 'Tree', 'Depth-First Search', 'Binary Tree', 'Counting']"
LeetCode,1614,Maximum Nesting Depth of the Parentheses,1,Easy,,,84.92870568120553,False,"['String', 'Stack']"
LeetCode,1615,Maximal Network Rank,2,Medium,,,66.01211534546404,False,['Graph Theory']
LeetCode,1616,Split Two Strings to Make Palindrome,2,Medium,,,32.346580946814726,False,"['Two Pointers', 'String']"
LeetCode,1617,Count Subtrees With Max Distance Between Cities,3,Hard,,,67.30625027568259,False,"['Dynamic Programming', 'Bit Manipulation', 'Tree', 'Enumeration', 'Bitmask']"
LeetCode,1618,Maximum Font to Fit a Sentence in a Screen,2,Medium,,,62.08592981305346,True,"['Array', 'String', 'Binary Search', 'Interactive']"
LeetCode,1619,Mean of Array After Removing Some Elements,1,Easy,,,71.90772034459907,False,"['Array', 'Sorting']"
LeetCode,1620,Coordinate With Maximum Network Quality,2,Medium,,,39.7077998060914,False,"['Array', 'Enumeration']"
LeetCode,1621,Number of Sets of K Non-Overlapping Line Segments,2,Medium,,,45.9761524611883,False,"['Math', 'Dynamic Programming', 'Combinatorics', 'Prefix Sum']"
LeetCode,1622,Fancy Sequence,3,Hard,,,41.469637966449845,False,"['Math', 'Design', 'Segment Tree', 'Number Theory']"
LeetCode,1624,Largest Substring Between Two Equal Characters,1,Easy,,,68.33246443732777,False,"['Hash Table', 'String']"
LeetCode,1625,Lexicographically Smallest String After Applying Operations,2,Medium,,,79.3104394348164,False,"['String', 'Depth-First Search', 'Breadth-First Search', 'Enumeration']"
LeetCode,1626,Best Team With No Conflicts,2,Medium,,,50.74453304337321,False,"['Array', 'Dynamic Programming', 'Sorting']"
LeetCode,1627,Graph Connectivity With Threshold,3,Hard,,,49.595604754707736,False,"['Array', 'Math', 'Union-Find', 'Number Theory']"
LeetCode,1628,Design an Expression Tree With Evaluate Function,2,Medium,,,82.5253943347923,True,"['Array', 'Math', 'Stack', 'Tree', 'Design', 'Binary Tree']"
LeetCode,1629,Slowest Key,1,Easy,,,59.68055429670584,False,"['Array', 'String']"
LeetCode,1630,Arithmetic Subarrays,2,Medium,,,83.75073262684344,False,"['Array', 'Hash Table', 'Sorting']"
LeetCode,1631,Path With Minimum Effort,2,Medium,,,63.393052928989015,False,"['Array', 'Binary Search', 'Depth-First Search', 'Breadth-First Search', 'Union-Find', 'Heap (Priority Queue)', 'Matrix']"
LeetCode,1632,Rank Transform of a Matrix,3,Hard,,,42.30162581897597,False,"['Array', 'Union-Find', 'Graph Theory', 'Topological Sort', 'Sorting', 'Matrix']"
LeetCode,1634,Add Two Polynomials Represented as Linked Lists,2,Medium,,,61.0835798816568,True,"['Linked List', 'Math', 'Two Pointers']"
LeetCode,1636,Sort Array by Increasing Frequency,1,Easy,,,80.86986301369863,False,"['Array', 'Hash Table', 'Sorting']"
LeetCode,1637,Widest Vertical Area Between Two Points Containing No Points,1,Easy,,,87.12601449804075,False,"['Array', 'Sorting']"
LeetCode,1638,Count Substrings That Differ by One Character,2,Medium,,,72.34908433190142,False,"['Hash Table', 'String', 'Dynamic Programming', 'Enumeration']"
LeetCode,1639,Number of Ways to Form a Target String Given a Dictionary,3,Hard,,,56.45128849780012,False,"['Array', 'String', 'Dynamic Programming']"
LeetCode,1640,Check Array Formation Through Concatenation,1,Easy,,,57.397148250398125,False,"['Array', 'Hash Table']"
LeetCode,1641,Count Sorted Vowel Strings,2,Medium,,,79.28170260824443,False,"['Math', 'Dynamic Programming', 'Combinatorics']"
LeetCode,1642,Furthest Building You Can Reach,2,Medium,,,50.920706990016384,False,"['Array', 'Greedy', 'Heap (Priority Queue)']"
LeetCode,1643,Kth Smallest Instructions,3,Hard,,,44.90797848719593,False,"['Array', 'Math', 'Dynamic Programming', 'Combinatorics']"
LeetCode,1644,Lowest Common Ancestor of a Binary Tree II,2,Medium,,,69.67207013244312,True,"['Tree', 'Depth-First Search', 'Binary Tree']"
LeetCode,1646,Get Maximum in Generated Array,1,Easy,,,51.523508303907896,False,"['Array', 'Simulation']"
LeetCode,1647,Minimum Deletions to Make Character Frequencies Unique,2,Medium,,,61.50703724404247,False,"['Hash Table', 'String', 'Greedy', 'Sorting']"
LeetCode,1648,Sell Diminishing-Valued Colored Balls,2,Medium,,,30.236797741796366,False,"['Array', 'Math', 'Binary Search', 'Greedy', 'Sorting', 'Heap (Priority Queue)']"
LeetCode,1649,Create Sorted Array through Instructions,3,Hard,,,41.954387478119685,False,"['Array', 'Binary Search', 'Divide and Conquer', 'Binary Indexed Tree', 'Segment Tree', 'Merge Sort', 'Ordered Set']"
LeetCode,1650,Lowest Common Ancestor of a Binary Tree III,2,Medium,,,83.00595401443681,True,"['Hash Table', 'Two Pointers', 'Tree', 'Binary Tree']"
LeetCode,1652,Defuse the Bomb,1,Easy,,,79.3353746086114,False,"['Array', 'Sliding Window']"
LeetCode,1653,Minimum Deletions to Make String Balanced,2,Medium,,,68.18717262251192,False,"['String', 'Dynamic Programming', 'Stack']"
LeetCode,1654,Minimum Jumps to Reach Home,2,Medium,,,30.85557711016066,False,"['Array', 'Hash Table', 'Breadth-First Search']"
LeetCode,1655,Distribute Repeating Integers,3,Hard,,,40.77633804911602,False,"['Array', 'Hash Table', 'Dynamic Programming', 'Backtracking', 'Bit Manipulation', 'Counting', 'Bitmask']"
LeetCode,1656,Design an Ordered Stream,1,Easy,,,82.70181462952547,False,"['Array', 'Hash Table', 'Design', 'Data Stream']"
LeetCode,1657,Determine if Two Strings Are Close,2,Medium,,,54.31811884489487,False,"['Hash Table', 'String', 'Sorting', 'Counting']"
LeetCode,1658,Minimum Operations to Reduce X to Zero,2,Medium,,,40.62743162318453,False,"['Array', 'Hash Table', 'Binary Search', 'Sliding Window', 'Prefix Sum']"
LeetCode,1659,Maximize Grid Happiness,3,Hard,,,41.16102058319039,False,"['Dynamic Programming', 'Bit Manipulation', 'Memoization', 'Bitmask']"
LeetCode,1660,Correct a Binary Tree,2,Medium,,,74.2480311224974,True,"['Hash Table', 'Tree', 'Depth-First Search', 'Breadth-First Search', 'Binary Tree']"
LeetCode,1662,Check If Two String Arrays are Equivalent,1,Easy,,,86.10731293318874,False,"['Array', 'String']"
LeetCode,1663,Smallest String With A Given Numeric Value,2,Medium,,,67.4894580516317,False,"['String', 'Greedy']"
LeetCode,1664,Ways to Make a Fair Array,2,Medium,,,67.07744726041793,False,"['Array', 'Prefix Sum']"
LeetCode,1665,Minimum Initial Energy to Finish Tasks,3,Hard,,,76.4553104286926,False,"['Array', 'Greedy', 'Sorting']"
LeetCode,1666,Change the Root of a Binary Tree,2,Medium,,,74.96886674968867,True,"['Tree', 'Depth-First Search', 'Binary Tree']"
LeetCode,1668,Maximum Repeating Substring,1,Easy,,,41.77459416304444,False,"['String', 'Dynamic Programming', 'String Matching']"
LeetCode,1669,Merge In Between Linked Lists,2,Medium,,,83.0192445430742,False,['Linked List']
LeetCode,1670,Design Front Middle Back Queue,2,Medium,,,58.119551990463655,False,"['Array', 'Linked List', 'Design', 'Queue', 'Doubly-Linked List', 'Data Stream']"
LeetCode,1671,Minimum Number of Removals to Make Mountain Array,3,Hard,,,54.79011621030868,False,"['Array', 'Binary Search', 'Dynamic Programming', 'Greedy']"
LeetCode,1672,Richest Customer Wealth,1,Easy,,,88.73712572094192,False,"['Array', 'Matrix']"
LeetCode,1673,Find the Most Competitive Subsequence,2,Medium,,,53.11115356409957,False,"['Array', 'Stack', 'Greedy', 'Monotonic Stack']"
LeetCode,1674,Minimum Moves to Make Array Complementary,2,Medium,,,64.95084360108187,False,"['Array', 'Hash Table', 'Prefix Sum']"
LeetCode,1675,Minimize Deviation in Array,3,Hard,,,54.01080056239614,False,"['Array', 'Greedy', 'Heap (Priority Queue)', 'Ordered Set']"
LeetCode,1676,Lowest Common Ancestor of a Binary Tree IV,2,Medium,,,79.62898319453448,True,"['Hash Table', 'Tree', 'Depth-First Search', 'Binary Tree']"
LeetCode,1678,Goal Parser Interpretation,1,Easy,,,88.10397920415916,False,['String']
LeetCode,1679,Max Number of K-Sum Pairs,2,Medium,,,57.10852260903172,False,"['Array', 'Hash Table', 'Two Pointers', 'Sorting']"
LeetCode,1680,Concatenation of Consecutive Binary Numbers,2,Medium,,,66.64272692116458,False,"['Math', 'Bit Manipulation', 'Simulation']"
LeetCode,1681,Minimum Incompatibility,3,Hard,,,41.36829108867746,False,"['Array', 'Hash Table', 'Dynamic Programming', 'Bit Manipulation', 'Bitmask']"
LeetCode,1682,Longest Palindromic Subsequence II,2,Medium,,,50.291216898345894,True,"['String', 'Dynamic Programming']"
LeetCode,1684,Count the Number of Consistent Strings,1,Easy,,,88.51572376738307,False,"['Array', 'Hash Table', 'String', 'Bit Manipulation', 'Counting']"
LeetCode,1685,Sum of Absolute Differences in a Sorted Array,2,Medium,,,68.43467844131158,False,"['Array', 'Math', 'Prefix Sum']"
LeetCode,1686,Stone Game VI,2,Medium,,,60.802860528449365,False,"['Array', 'Math', 'Greedy', 'Sorting', 'Heap (Priority Queue)', 'Game Theory']"
LeetCode,1687,Delivering Boxes from Storage to Ports,3,Hard,,,39.831762269095826,False,"['Array', 'Dynamic Programming', 'Segment Tree', 'Queue', 'Heap (Priority Queue)', 'Prefix Sum', 'Monotonic Queue']"
LeetCode,1688,Count of Matches in Tournament,1,Easy,,,86.4769203844034,False,"['Math', 'Simulation']"
LeetCode,1689,Partitioning Into Minimum Number Of Deci-Binary Numbers,2,Medium,,,90.46122096371664,False,"['String', 'Greedy']"
LeetCode,1690,Stone Game VII,2,Medium,,,58.806131745382054,False,"['Array', 'Math', 'Dynamic Programming', 'Game Theory']"
LeetCode,1691,Maximum Height by Stacking Cuboids ,3,Hard,,,62.166744543087916,False,"['Array', 'Dynamic Programming', 'Sorting']"
LeetCode,1692,Count Ways to Distribute Candies,3,Hard,,,63.906281559280956,True,['Dynamic Programming']
LeetCode,1694,Reformat Phone Number,1,Easy,,,67.73219938831357,False,['String']
LeetCode,1695,Maximum Erasure Value,2,Medium,,,64.31371123461199,False,"['Array', 'Hash Table', 'Sliding Window']"
LeetCode,1696,Jump Game VI,2,Medium,,,46.4782243230601,False,"['Array', 'Dynamic Programming', 'Queue', 'Heap (Priority Queue)', 'Monotonic Queue']"
LeetCode,1697,Checking Existence of Edge Length Limited Paths,3,Hard,,,63.354635828768515,False,"['Array', 'Two Pointers', 'Union-Find', 'Graph Theory', 'Sorting']"
LeetCode,1698,Number of Distinct Substrings in a String,2,Medium,,,64.74521867058981,True,"['String', 'Trie', 'Rolling Hash', 'Suffix Array', 'Hash Function']"
LeetCode,1700,Number of Students Unable to Eat Lunch,1,Easy,,,79.70555538239358,False,"['Array', 'Stack', 'Queue', 'Simulation']"
LeetCode,1701,Average Waiting Time,2,Medium,,,73.08202473150486,False,"['Array', 'Simulation']"
LeetCode,1702,Maximum Binary String After Change,2,Medium,,,47.75392616765245,False,"['String', 'Greedy']"
LeetCode,1703,Minimum Adjacent Swaps for K Consecutive Ones,3,Hard,,,42.31303140725316,False,"['Array', 'Greedy', 'Sliding Window', 'Prefix Sum']"
LeetCode,1704,Determine if String Halves Are Alike,1,Easy,,,78.81411100950137,False,"['String', 'Counting']"
LeetCode,1705,Maximum Number of Eaten Apples,2,Medium,,,43.56132880122316,False,"['Array', 'Greedy', 'Heap (Priority Queue)']"
LeetCode,1706,Where Will the Ball Fall,2,Medium,,,72.30580125810417,False,"['Array', 'Matrix', 'Simulation']"
LeetCode,1707,Maximum XOR With an Element From Array,3,Hard,,,58.46657282756463,False,"['Array', 'Bit Manipulation', 'Trie']"
LeetCode,1708,Largest Subarray Length K,1,Easy,,,65.82957454589784,True,"['Array', 'Greedy']"
LeetCode,1710,Maximum Units on a Truck,1,Easy,,,74.9415834845735,False,"['Array', 'Greedy', 'Sorting']"
LeetCode,1711,Count Good Meals,2,Medium,,,32.891416406539655,False,"['Array', 'Hash Table']"
LeetCode,1712,Ways to Split Array Into Three Subarrays,2,Medium,,,34.33917307896304,False,"['Array', 'Two Pointers', 'Binary Search', 'Prefix Sum']"
LeetCode,1713,Minimum Operations to Make a Subsequence,3,Hard,,,49.837357127935775,False,"['Array', 'Hash Table', 'Binary Search', 'Greedy']"
LeetCode,1714,Sum Of Special Evenly-Spaced Elements In Array,3,Hard,,,49.95705697108503,True,"['Array', 'Dynamic Programming']"
LeetCode,1716,Calculate Money in Leetcode Bank,1,Easy,,,82.37325287185246,False,['Math']
LeetCode,1717,Maximum Score From Removing Substrings,2,Medium,,,66.44308456194604,False,"['String', 'Stack', 'Greedy']"
LeetCode,1718,Construct the Lexicographically Largest Valid Sequence,2,Medium,,,72.66576541366871,False,"['Array', 'Backtracking']"
LeetCode,1719,Number Of Ways To Reconstruct A Tree,3,Hard,,,46.048818187673085,False,"['Array', 'Hash Table', 'Tree', 'Graph Theory', 'Simulation']"
LeetCode,1720,Decode XORed Array,1,Easy,,,87.40856750522792,False,"['Array', 'Bit Manipulation']"
LeetCode,1721,Swapping Nodes in a Linked List,2,Medium,,,69.52232107905772,False,"['Linked List', 'Two Pointers']"
LeetCode,1722,Minimize Hamming Distance After Swap Operations,2,Medium,,,69.65405292707263,False,"['Array', 'Depth-First Search', 'Union-Find']"
LeetCode,1723,Find Minimum Time to Finish All Jobs,3,Hard,,,45.89753289641846,False,"['Array', 'Dynamic Programming', 'Backtracking', 'Bit Manipulation', 'Bitmask']"
LeetCode,1724,Checking Existence of Edge Length Limited Paths II,3,Hard,,,51.4798641436196,True,"['Depth-First Search', 'Union-Find', 'Graph Theory', 'Design', 'Sorting', 'Heap (Priority Queue)', 'Minimum Spanning Tree']"
LeetCode,1725,Number Of Rectangles That Can Form The Largest Square,1,Easy,,,79.4619191069377,False,['Array']
LeetCode,1726,Tuple with Same Product,2,Medium,,,70.0852483840664,False,"['Array', 'Hash Table', 'Counting']"
LeetCode,1727,Largest Submatrix With Rearrangements,2,Medium,,,80.18433877168025,False,"['Array', 'Greedy', 'Sorting', 'Matrix']"
LeetCode,1728,Cat and Mouse II,3,Hard,,,40.3580583808815,False,"['Array', 'Math', 'Dynamic Programming', 'Graph Theory', 'Topological Sort', 'Memoization', 'Matrix', 'Game Theory']"
LeetCode,1730,Shortest Path to Get Food,2,Medium,,,57.23842030952283,True,"['Array', 'Breadth-First Search', 'Matrix']"
LeetCode,1732,Find the Highest Altitude,1,Easy,,,83.89844101215608,False,"['Array', 'Prefix Sum']"
LeetCode,1733,Minimum Number of People to Teach,2,Medium,,,67.38812853017012,False,"['Array', 'Hash Table', 'Greedy']"
LeetCode,1734,Decode XORed Permutation,2,Medium,,,66.9483870967742,False,"['Array', 'Bit Manipulation']"
LeetCode,1735,Count Ways to Make Array With Product,3,Hard,,,55.16663875397756,False,"['Array', 'Math', 'Dynamic Programming', 'Combinatorics', 'Number Theory']"
LeetCode,1736,Latest Time by Replacing Hidden Digits,1,Easy,,,43.83281363079974,False,"['String', 'Greedy']"
LeetCode,1737,Change Minimum Characters to Satisfy One of Three Conditions,2,Medium,,,38.05443776280689,False,"['Hash Table', 'String', 'Counting', 'Prefix Sum']"
LeetCode,1738,Find Kth Largest XOR Coordinate Value,2,Medium,,,64.3486151498278,False,"['Array', 'Divide and Conquer', 'Bit Manipulation', 'Sorting', 'Heap (Priority Queue)', 'Matrix', 'Prefix Sum', 'Quickselect']"
LeetCode,1739,Building Boxes,3,Hard,,,52.46206091478298,False,"['Math', 'Binary Search', 'Greedy']"
LeetCode,1740,Find Distance in a Binary Tree,2,Medium,,,74.33892610490076,True,"['Hash Table', 'Tree', 'Depth-First Search', 'Breadth-First Search', 'Binary Tree']"
LeetCode,1742,Maximum Number of Balls in a Box,1,Easy,,,74.95874694381808,False,"['Hash Table', 'Math', 'Counting']"
LeetCode,1743,Restore the Array From Adjacent Pairs,2,Medium,,,75.08013331401247,False,"['Array', 'Hash Table', 'Depth-First Search']"
LeetCode,1744,Can You Eat Your Favorite Candy on Your Favorite Day?,2,Medium,,,36.23394425547038,False,"['Array', 'Prefix Sum']"
LeetCode,1745,Palindrome Partitioning IV,3,Hard,,,45.54123986342296,False,"['String', 'Dynamic Programming']"
LeetCode,1746,Maximum Subarray Sum After One Operation,2,Medium,,,65.20524993018711,True,"['Array', 'Dynamic Programming']"
LeetCode,1748,Sum of Unique Elements,1,Easy,,,80.02217566594241,False,"['Array', 'Hash Table', 'Counting']"
LeetCode,1749,Maximum Absolute Sum of Any Subarray,2,Medium,,,70.92553486180113,False,"['Array', 'Dynamic Programming']"
LeetCode,1750,Minimum Length of String After Deleting Similar Ends,2,Medium,,,56.10768985039133,False,"['Two Pointers', 'String']"
LeetCode,1751,Maximum Number of Events That Can Be Attended II,3,Hard,,,63.46202800169707,False,"['Array', 'Binary Search', 'Dynamic Programming', 'Sorting']"
LeetCode,1752,Check if Array Is Sorted and Rotated,1,Easy,,,57.42600914842853,False,['Array']
LeetCode,1753,Maximum Score From Removing Stones,2,Medium,,,68.60816280497738,False,"['Math', 'Greedy', 'Heap (Priority Queue)']"
LeetCode,1754,Largest Merge Of Two Strings,2,Medium,,,54.11764705882353,False,"['Two Pointers', 'String', 'Greedy']"
LeetCode,1755,Closest Subsequence Sum,3,Hard,,,43.85866686842703,False,"['Array', 'Two Pointers', 'Dynamic Programming', 'Bit Manipulation', 'Sorting', 'Bitmask']"
LeetCode,1756,Design Most Recently Used Queue,2,Medium,,,78.29339204561492,True,"['Array', 'Linked List', 'Divide and Conquer', 'Design', 'Simulation', 'Doubly-Linked List']"
LeetCode,1758,Minimum Changes To Make Alternating Binary String,1,Easy,,,67.83516165236595,False,['String']
LeetCode,1759,Count Number of Homogenous Substrings,2,Medium,,,57.36558125171561,False,"['Math', 'String']"
LeetCode,1760,Minimum Limit of Balls in a Bag,2,Medium,,,66.2028808883021,False,"['Array', 'Binary Search']"
LeetCode,1761,Minimum Degree of a Connected Trio in a Graph,3,Hard,,,44.5338639546024,False,"['Graph Theory', 'Enumeration']"
LeetCode,1762,Buildings With an Ocean View,2,Medium,,,80.86878786096571,True,"['Array', 'Stack', 'Monotonic Stack']"
LeetCode,1763,Longest Nice Substring,1,Easy,,,64.40603239233891,False,"['Hash Table', 'String', 'Divide and Conquer', 'Bit Manipulation', 'Sliding Window']"
LeetCode,1764,Form Array by Concatenating Subarrays of Another Array,2,Medium,,,54.929904732398725,False,"['Array', 'Two Pointers', 'Greedy', 'String Matching']"
LeetCode,1765,Map of Highest Peak,2,Medium,,,75.90659606531086,False,"['Array', 'Breadth-First Search', 'Matrix']"
LeetCode,1766,Tree of Coprimes,3,Hard,,,44.28702570379437,False,"['Array', 'Math', 'Tree', 'Depth-First Search', 'Number Theory']"
LeetCode,1768,Merge Strings Alternately,1,Easy,,,82.09996827135059,False,"['Two Pointers', 'String']"
LeetCode,1769,Minimum Number of Operations to Move All Balls to Each Box,2,Medium,,,90.13502487300292,False,"['Array', 'String', 'Prefix Sum']"
LeetCode,1770,Maximum Score from Performing Multiplication Operations,3,Hard,,,43.41042028592831,False,"['Array', 'Dynamic Programming']"
LeetCode,1771,Maximize Palindrome Length From Subsequences,3,Hard,,,38.53513093077521,False,"['String', 'Dynamic Programming']"
LeetCode,1772,Sort Features by Popularity,2,Medium,,,66.51947363772852,True,"['Array', 'Hash Table', 'String', 'Sorting']"
LeetCode,1773,Count Items Matching a Rule,1,Easy,,,85.36976780546517,False,"['Array', 'String']"
LeetCode,1774,Closest Dessert Cost,2,Medium,,,48.79471372143674,False,"['Array', 'Dynamic Programming', 'Backtracking']"
LeetCode,1775,Equal Sum Arrays With Minimum Number of Operations,2,Medium,,,54.62810541418107,False,"['Array', 'Hash Table', 'Greedy', 'Counting']"
LeetCode,1776,Car Fleet II,3,Hard,,,58.05536568694464,False,"['Array', 'Math', 'Stack', 'Heap (Priority Queue)', 'Monotonic Stack']"
LeetCode,1778,Shortest Path in a Hidden Grid,2,Medium,,,44.64993394980185,True,"['Array', 'Depth-First Search', 'Breadth-First Search', 'Matrix', 'Interactive']"
LeetCode,1779,Find Nearest Point That Has the Same X or Y Coordinate,1,Easy,,,70.02113308652103,False,['Array']
LeetCode,1780,Check if Number is a Sum of Powers of Three,2,Medium,,,79.41461354152253,False,['Math']
LeetCode,1781,Sum of Beauty of All Substrings,2,Medium,,,74.1724508639774,False,"['Hash Table', 'String', 'Counting']"
LeetCode,1782,Count Pairs Of Nodes,3,Hard,,,42.67698838806343,False,"['Array', 'Hash Table', 'Two Pointers', 'Binary Search', 'Graph Theory', 'Sorting', 'Counting']"
LeetCode,1784,Check if Binary String Has at Most One Segment of Ones,1,Easy,,,49.16458897369615,False,['String']
LeetCode,1785,Minimum Elements to Add to Form a Given Sum,2,Medium,,,45.21873790166473,False,"['Array', 'Greedy']"
LeetCode,1786,Number of Restricted Paths From First to Last Node,2,Medium,,,41.29961558056598,False,"['Dynamic Programming', 'Graph Theory', 'Topological Sort', 'Heap (Priority Queue)', 'Shortest Path']"
LeetCode,1787,Make the XOR of All Segments Equal to Zero,3,Hard,,,40.711372904395105,False,"['Array', 'Hash Table', 'Dynamic Programming', 'Bit Manipulation', 'Counting']"
LeetCode,1788,Maximize the Beauty of the Garden,3,Hard,,,64.9850264915918,True,"['Array', 'Hash Table', 'Greedy', 'Prefix Sum']"
LeetCode,1790,Check if One String Swap Can Make Strings Equal,1,Easy,,,49.523383172721005,False,"['Hash Table', 'String', 'Counting']"
LeetCode,1791,Find Center of Star Graph,1,Easy,,,86.59245447510268,False,['Graph Theory']
LeetCode,1792,Maximum Average Pass Ratio,2,Medium,,,74.0828610651554,False,"['Array', 'Greedy', 'Heap (Priority Queue)']"
LeetCode,1793,Maximum Score of a Good Subarray,3,Hard,,,64.23511754474556,False,"['Array', 'Two Pointers', 'Binary Search', 'Stack', 'Monotonic Stack']"
LeetCode,1794,Count Pairs of Equal Substrings With Minimum Difference,2,Medium,,,63.9989837398374,True,"['Hash Table', 'String', 'Greedy']"
LeetCode,1796,Second Largest Digit in a String,1,Easy,,,54.60392482314006,False,"['Hash Table', 'String']"
LeetCode,1797,Design Authentication Manager,2,Medium,,,58.667358202528675,False,"['Hash Table', 'Linked List', 'Design', 'Doubly-Linked List']"
LeetCode,1798,Maximum Number of Consecutive Values You Can Make,2,Medium,,,64.17592811539372,False,"['Array', 'Greedy', 'Sorting']"
LeetCode,1799,Maximize Score After N Operations,3,Hard,,,57.93347962793135,False,"['Array', 'Math', 'Dynamic Programming', 'Backtracking', 'Bit Manipulation', 'Number Theory', 'Bitmask']"
LeetCode,1800,Maximum Ascending Subarray Sum,1,Easy,,,66.30120102795406,False,['Array']
LeetCode,1801,Number of Orders in the Backlog,2,Medium,,,54.02889789692236,False,"['Array', 'Heap (Priority Queue)', 'Simulation']"
LeetCode,1802,Maximum Value at a Given Index in a Bounded Array,2,Medium,,,38.85353081792112,False,"['Math', 'Binary Search', 'Greedy']"
LeetCode,1803,Count Pairs With XOR in a Range,3,Hard,,,46.306692273600234,False,"['Array', 'Bit Manipulation', 'Trie']"
LeetCode,1804,Implement Trie II (Prefix Tree),2,Medium,,,63.517825577925215,True,"['Hash Table', 'String', 'Design', 'Trie']"
LeetCode,1805,Number of Different Integers in a String,1,Easy,,,40.39337333391006,False,"['Hash Table', 'String']"
LeetCode,1806,Minimum Number of Operations to Reinitialize a Permutation,2,Medium,,,72.65106853352985,False,"['Array', 'Math', 'Simulation']"
LeetCode,1807,Evaluate the Bracket Pairs of a String,2,Medium,,,69.64662019776301,False,"['Array', 'Hash Table', 'String']"
LeetCode,1808,Maximize Number of Nice Divisors,3,Hard,,,36.13563265585438,False,"['Math', 'Recursion', 'Number Theory']"
LeetCode,1810,Minimum Path Cost in a Hidden Grid,2,Medium,,,58.72184389732844,True,"['Array', 'Depth-First Search', 'Breadth-First Search', 'Graph Theory', 'Heap (Priority Queue)', 'Matrix', 'Interactive', 'Shortest Path']"
LeetCode,1812,Determine Color of a Chessboard Square,1,Easy,,,79.90371452945105,False,"['Math', 'String']"
LeetCode,1813,Sentence Similarity III,2,Medium,,,48.39253719433906,False,"['Array', 'Two Pointers', 'String']"
LeetCode,1814,Count Nice Pairs in an Array,2,Medium,,,48.45005943620514,False,"['Array', 'Hash Table', 'Math', 'Counting']"
LeetCode,1815,Maximum Number of Groups Getting Fresh Donuts,3,Hard,,,41.45405716478036,False,"['Array', 'Dynamic Programming', 'Bit Manipulation', 'Memoization', 'Bitmask']"
LeetCode,1816,Truncate Sentence,1,Easy,,,86.91506230405538,False,"['Array', 'String']"
LeetCode,1817,Finding the Users Active Minutes,2,Medium,,,80.87703026738453,False,"['Array', 'Hash Table']"
LeetCode,1818,Minimum Absolute Sum Difference,2,Medium,,,32.56,False,"['Array', 'Binary Search', 'Sorting', 'Ordered Set']"
LeetCode,1819,Number of Different Subsequences GCDs,3,Hard,,,46.13400335008375,False,"['Array', 'Math', 'Counting', 'Number Theory']"
LeetCode,1820,Maximum Number of Accepted Invitations,2,Medium,,,52.63108438263484,True,"['Array', 'Depth-First Search', 'Graph Theory', 'Matrix']"
LeetCode,1822,Sign of the Product of an Array,1,Easy,,,64.80032387727364,False,"['Array', 'Math']"
LeetCode,1823,Find the Winner of the Circular Game,2,Medium,,,82.27920301229103,False,"['Array', 'Math', 'Recursion', 'Queue', 'Simulation']"
LeetCode,1824,Minimum Sideway Jumps,2,Medium,,,51.74081655567936,False,"['Array', 'Dynamic Programming', 'Greedy']"
LeetCode,1825,Finding MK Average,3,Hard,,,38.77890841813136,False,"['Design', 'Queue', 'Heap (Priority Queue)', 'Data Stream', 'Ordered Set']"
LeetCode,1826,Faulty Sensor,1,Easy,,,50.513405590416426,True,"['Array', 'Two Pointers']"
LeetCode,1827,Minimum Operations to Make the Array Increasing,1,Easy,,,82.09515242260507,False,"['Array', 'Greedy']"
LeetCode,1828,Queries on Number of Points Inside a Circle,2,Medium,,,86.82602139600453,False,"['Array', 'Math', 'Geometry']"
LeetCode,1829,Maximum XOR for Each Query,2,Medium,,,84.6626300588092,False,"['Array', 'Bit Manipulation', 'Prefix Sum']"
LeetCode,1830,Minimum Number of Operations to Make String Sorted,3,Hard,,,50.378454497447635,False,"['Hash Table', 'Math', 'String', 'Combinatorics', 'Counting']"
LeetCode,1832,Check if the Sentence Is Pangram,1,Easy,,,84.22622498129196,False,"['Hash Table', 'String']"
LeetCode,1833,Maximum Ice Cream Bars,2,Medium,,,74.37949196562104,False,"['Array', 'Greedy', 'Sorting', 'Counting Sort']"
LeetCode,1834,Single-Threaded CPU,2,Medium,,,47.7445185092022,False,"['Array', 'Sorting', 'Heap (Priority Queue)']"
LeetCode,1835,Find XOR Sum of All Pairs Bitwise AND,3,Hard,,,62.6423900737078,False,"['Array', 'Math', 'Bit Manipulation']"
LeetCode,1836,Remove Duplicates From an Unsorted Linked List,2,Medium,,,75.73136797773934,True,"['Hash Table', 'Linked List']"
LeetCode,1837,Sum of Digits in Base K,1,Easy,,,78.73989901427896,False,['Math']
LeetCode,1838,Frequency of the Most Frequent Element,2,Medium,,,44.91838322578378,False,"['Array', 'Binary Search', 'Greedy', 'Sliding Window', 'Sorting', 'Prefix Sum']"
LeetCode,1839,Longest Substring Of All Vowels in Order,2,Medium,,,51.99165978888841,False,"['String', 'Sliding Window']"
LeetCode,1840,Maximum Building Height,3,Hard,,,38.64802412564133,False,"['Array', 'Math', 'Sorting']"
LeetCode,1842,Next Palindrome Using Same Digits,3,Hard,,,54.32372505543237,True,"['Two Pointers', 'String']"
LeetCode,1844,Replace All Digits with Characters,1,Easy,,,82.79902532047888,False,['String']
LeetCode,1845,Seat Reservation Manager,2,Medium,,,67.25759155770653,False,"['Design', 'Heap (Priority Queue)']"
LeetCode,1846,Maximum Element After Decreasing and Rearranging,2,Medium,,,65.74347988710939,False,"['Array', 'Greedy', 'Sorting']"
LeetCode,1847,Closest Room,3,Hard,,,41.4143725887661,False,"['Array', 'Binary Search', 'Sorting', 'Ordered Set']"
LeetCode,1848,Minimum Distance to the Target Element,1,Easy,,,64.48281020259991,False,['Array']
LeetCode,1849,Splitting a String Into Descending Consecutive Values,2,Medium,,,37.67081009748414,False,"['String', 'Backtracking', 'Enumeration']"
LeetCode,1850,Minimum Adjacent Swaps to Reach the Kth Smallest Number,2,Medium,,,71.87688593844297,False,"['Two Pointers', 'String', 'Greedy']"
LeetCode,1851,Minimum Interval to Include Each Query,3,Hard,,,54.52562464196008,False,"['Array', 'Binary Search', 'Sweep Line', 'Sorting', 'Heap (Priority Queue)']"
LeetCode,1852,Distinct Numbers in Each Subarray,2,Medium,,,77.33084588433363,True,"['Array', 'Hash Table', 'Sliding Window']"
LeetCode,1854,Maximum Population Year,1,Easy,,,64.18624914329432,False,"['Array', 'Counting', 'Prefix Sum']"
LeetCode,1855,Maximum Distance Between a Pair of Values,2,Medium,,,61.35145326698559,False,"['Array', 'Two Pointers', 'Binary Search']"
LeetCode,1856,Maximum Subarray Min-Product,2,Medium,,,40.4788402543234,False,"['Array', 'Stack', 'Monotonic Stack', 'Prefix Sum']"
LeetCode,1857,Largest Color Value in a Directed Graph,3,Hard,,,57.2310468905158,False,"['Hash Table', 'String', 'Dynamic Programming', 'Graph Theory', 'Topological Sort', 'Memoization', 'Counting']"
LeetCode,1858,Longest Word With All Prefixes,2,Medium,,,72.10723437808004,True,"['Array', 'String', 'Depth-First Search', 'Trie']"
LeetCode,1859,Sorting the Sentence,1,Easy,,,84.11721509249222,False,"['String', 'Sorting']"
LeetCode,1860,Incremental Memory Leak,2,Medium,,,72.82770976410869,False,"['Math', 'Simulation']"
LeetCode,1861,Rotating the Box,2,Medium,,,82.48797403253324,False,"['Array', 'Two Pointers', 'Matrix']"
LeetCode,1862,Sum of Floored Pairs,3,Hard,,,31.046180512566547,False,"['Array', 'Math', 'Binary Search', 'Counting', 'Enumeration', 'Prefix Sum']"
LeetCode,1863,Sum of All Subset XOR Totals,1,Easy,,,90.09244452341467,False,"['Array', 'Math', 'Backtracking', 'Bit Manipulation', 'Combinatorics', 'Enumeration']"
LeetCode,1864,Minimum Number of Swaps to Make the Binary String Alternating,2,Medium,,,43.994844118922565,False,"['String', 'Greedy']"
LeetCode,1865,Finding Pairs With a Certain Sum,2,Medium,,,61.55972192963978,False,"['Array', 'Hash Table', 'Design']"
LeetCode,1866,Number of Ways to Rearrange Sticks With K Sticks Visible,3,Hard,,,61.671980162947214,False,"['Math', 'Dynamic Programming', 'Combinatorics']"
LeetCode,1868,Product of Two Run-Length Encoded Arrays,2,Medium,,,59.63213939980639,True,"['Array', 'Two Pointers']"
LeetCode,1869,Longer Contiguous Segments of Ones than Zeros,1,Easy,,,62.59457362192722,False,['String']
LeetCode,1870,Minimum Speed to Arrive on Time,2,Medium,,,47.92140346779462,False,"['Array', 'Binary Search']"
LeetCode,1871,Jump Game VII,2,Medium,,,35.58181611205437,False,"['String', 'Dynamic Programming', 'Sliding Window', 'Prefix Sum']"
LeetCode,1872,Stone Game VIII,3,Hard,,,54.030272452068616,False,"['Array', 'Math', 'Dynamic Programming', 'Prefix Sum', 'Game Theory']"
LeetCode,1874,Minimize Product Sum of Two Arrays,2,Medium,,,89.86367788630454,True,"['Array', 'Greedy', 'Sorting']"
LeetCode,1876,Substrings of Size Three with Distinct Characters,1,Easy,,,76.80744674256668,False,"['Hash Table', 'String', 'Sliding Window', 'Counting']"
LeetCode,1877,Minimize Maximum Pair Sum in Array,2,Medium,,,83.28951688352724,False,"['Array', 'Two Pointers', 'Greedy', 'Sorting']"
LeetCode,1878,Get Biggest Three Rhombus Sums in a Grid,2,Medium,,,71.33197131754997,False,"['Array', 'Math', 'Sorting', 'Heap (Priority Queue)', 'Matrix', 'Prefix Sum']"
LeetCode,1879,Minimum XOR Sum of Two Arrays,3,Hard,,,51.343549279511166,False,"['Array', 'Dynamic Programming', 'Bit Manipulation', 'Bitmask']"
LeetCode,1880,Check if Word Equals Summation of Two Words,1,Easy,,,75.37084854420799,False,['String']
LeetCode,1881,Maximum Value after Insertion,2,Medium,,,39.47670020858642,False,"['String', 'Greedy']"
LeetCode,1882,Process Tasks Using Servers,2,Medium,,,41.99263088045262,False,"['Array', 'Heap (Priority Queue)']"
LeetCode,1883,Minimum Skips to Arrive at Meeting On Time,3,Hard,,,38.71292326537755,False,"['Array', 'Dynamic Programming']"
LeetCode,1884,Egg Drop With 2 Eggs and N Floors,2,Medium,,,74.76560467772764,False,"['Math', 'Dynamic Programming']"
LeetCode,1885,Count Pairs in Two Arrays,2,Medium,,,60.34269912596909,True,"['Array', 'Two Pointers', 'Binary Search', 'Sorting']"
LeetCode,1886,Determine Whether Matrix Can Be Obtained By Rotation,1,Easy,,,68.3390436572666,False,"['Array', 'Matrix']"
LeetCode,1887,Reduction Operations to Make the Array Elements Equal,2,Medium,,,72.56045629339044,False,"['Array', 'Sorting']"
LeetCode,1888,Minimum Number of Flips to Make the Binary String Alternating,2,Medium,,,53.53572222711692,False,"['String', 'Dynamic Programming', 'Sliding Window']"
LeetCode,1889,Minimum Space Wasted From Packaging,3,Hard,,,33.61559560407194,False,"['Array', 'Binary Search', 'Sorting', 'Prefix Sum']"
LeetCode,1891,Cutting Ribbons,2,Medium,,,53.05983256779676,True,"['Array', 'Binary Search']"
LeetCode,1893,Check if All the Integers in a Range Are Covered,1,Easy,,,51.14140240918089,False,"['Array', 'Hash Table', 'Prefix Sum']"
LeetCode,1894,Find the Student that Will Replace the Chalk,2,Medium,,,53.1825800004164,False,"['Array', 'Binary Search', 'Simulation', 'Prefix Sum']"
LeetCode,1895,Largest Magic Square,2,Medium,,,75.27388884729605,False,"['Array', 'Matrix', 'Prefix Sum']"
LeetCode,1896,Minimum Cost to Change the Final Value of Expression,3,Hard,,,49.790566381351304,False,"['Math', 'String', 'Dynamic Programming', 'Stack']"
LeetCode,1897,Redistribute Characters to Make All Strings Equal,1,Easy,,,66.8801372429817,False,"['Hash Table', 'String', 'Counting']"
LeetCode,1898,Maximum Number of Removable Characters,2,Medium,,,47.286880127473566,False,"['Array', 'Two Pointers', 'String', 'Binary Search']"
LeetCode,1899,Merge Triplets to Form Target Triplet,2,Medium,,,69.12426328339407,False,"['Array', 'Greedy']"
LeetCode,1900,The Earliest and Latest Rounds Where Players Compete,3,Hard,,,72.2424452533657,False,"['Dynamic Programming', 'Memoization']"
LeetCode,1901,Find a Peak Element II,2,Medium,,,55.017582750336366,False,"['Array', 'Binary Search', 'Matrix']"
LeetCode,1902,Depth of BST Given Insertion Order,2,Medium,,,42.61283992150267,True,"['Array', 'Tree', 'Binary Search Tree', 'Binary Tree', 'Ordered Set']"
LeetCode,1903,Largest Odd Number in String,1,Easy,,,67.60238602160106,False,"['Math', 'String', 'Greedy']"
LeetCode,1904,The Number of Full Rounds You Have Played,2,Medium,,,43.4413400379633,False,"['Math', 'String']"
LeetCode,1905,Count Sub Islands,2,Medium,,,73.05025516767464,False,"['Array', 'Depth-First Search', 'Breadth-First Search', 'Union-Find', 'Matrix']"
LeetCode,1906,Minimum Absolute Difference Queries,2,Medium,,,45.810670810670814,False,"['Array', 'Prefix Sum']"
LeetCode,1908,Game of Nim,2,Medium,,,62.86556603773585,True,"['Array', 'Math', 'Dynamic Programming', 'Bit Manipulation', 'Brainteaser', 'Game Theory']"
LeetCode,1909,Remove One Element to Make the Array Strictly Increasing,1,Easy,,,29.900078436722026,False,['Array']
LeetCode,1910,Remove All Occurrences of a Substring,2,Medium,,,78.52785958683704,False,"['String', 'Stack', 'Simulation']"
LeetCode,1911,Maximum Alternating Subsequence Sum,2,Medium,,,59.15545720657931,False,"['Array', 'Dynamic Programming']"
LeetCode,1912,Design Movie Rental System,3,Hard,,,62.20584639511648,False,"['Array', 'Hash Table', 'Design', 'Heap (Priority Queue)', 'Ordered Set']"
LeetCode,1913,Maximum Product Difference Between Two Pairs,1,Easy,,,83.06020112963218,False,"['Array', 'Sorting']"
LeetCode,1914,Cyclically Rotating a Grid,2,Medium,,,74.12478812995288,False,"['Array', 'Matrix', 'Simulation']"
LeetCode,1915,Number of Wonderful Substrings,2,Medium,,,66.60177263179466,False,"['Hash Table', 'String', 'Bit Manipulation', 'Prefix Sum']"
LeetCode,1916,Count Ways to Build Rooms in an Ant Colony,3,Hard,,,51.61319192732805,False,"['Array', 'Math', 'Dynamic Programming', 'Tree', 'Depth-First Search', 'Graph Theory', 'Topological Sort', 'Combinatorics']"
LeetCode,1918,Kth Smallest Subarray Sum,2,Medium,,,53.4126209283749,True,"['Array', 'Binary Search', 'Sliding Window']"
LeetCode,1920,Build Array from Permutation,1,Easy,,,91.10141522162397,False,"['Array', 'Simulation']"
LeetCode,1921,Eliminate Maximum Number of Monsters,2,Medium,,,51.15737990980178,False,"['Array', 'Greedy', 'Sorting']"
LeetCode,1922,Count Good Numbers,2,Medium,,,57.76418774182254,False,"['Math', 'Recursion']"
LeetCode,1923,Longest Common Subpath,3,Hard,,,29.849364638559283,False,"['Array', 'Binary Search', 'Rolling Hash', 'Suffix Array', 'Hash Function']"
LeetCode,1924,Erect the Fence II,3,Hard,,,51.41271442986882,True,"['Array', 'Math', 'Geometry']"
LeetCode,1925,Count Square Sum Triples,1,Easy,,,77.17714424951268,False,"['Math', 'Enumeration']"
LeetCode,1926,Nearest Exit from Entrance in Maze,2,Medium,,,48.65736333073682,False,"['Array', 'Breadth-First Search', 'Matrix']"
LeetCode,1927,Sum Game,2,Medium,,,49.36297563061137,False,"['Math', 'String', 'Greedy', 'Game Theory']"
LeetCode,1928,Minimum Cost to Reach Destination in Time,3,Hard,,,41.6838321842946,False,"['Array', 'Dynamic Programming', 'Graph Theory']"
LeetCode,1929,Concatenation of Array,1,Easy,,,90.24271240239466,False,"['Array', 'Simulation']"
LeetCode,1930,Unique Length-3 Palindromic Subsequences,2,Medium,,,73.76639512910353,False,"['Hash Table', 'String', 'Bit Manipulation', 'Prefix Sum']"
LeetCode,1931,Painting a Grid With Three Different Colors,3,Hard,,,77.05936238536728,False,['Dynamic Programming']
LeetCode,1932,Merge BSTs to Create Single BST,3,Hard,,,39.233347297863425,False,"['Array', 'Hash Table', 'Tree', 'Depth-First Search', 'Binary Search Tree', 'Binary Tree']"
LeetCode,1933,Check if String Is Decomposable Into Value-Equal Substrings,1,Easy,,,50.93344583904651,True,['String']
LeetCode,1935,Maximum Number of Words You Can Type,1,Easy,,,82.93141866798712,False,"['Hash Table', 'String']"
LeetCode,1936,Add Minimum Number of Rungs,2,Medium,,,44.03019772905247,False,"['Array', 'Greedy']"
LeetCode,1937,Maximum Number of Points with Cost,2,Medium,,,41.69998066481676,False,"['Array', 'Dynamic Programming', 'Matrix']"
LeetCode,1938,Maximum Genetic Difference Query,3,Hard,,,47.35539568345324,False,"['Array', 'Hash Table', 'Bit Manipulation', 'Depth-First Search', 'Trie']"
LeetCode,1940,Longest Common Subsequence Between Sorted Arrays,2,Medium,,,81.26554894537588,True,"['Array', 'Hash Table', 'Counting']"
LeetCode,1941,Check if All Characters Have Equal Number of Occurrences,1,Easy,,,79.56984519878833,False,"['Hash Table', 'String', 'Counting']"
LeetCode,1942,The Number of the Smallest Unoccupied Chair,2,Medium,,,60.31868162614364,False,"['Array', 'Hash Table', 'Heap (Priority Queue)']"
LeetCode,1943,Describe the Painting,2,Medium,,,52.48184322564487,False,"['Array', 'Hash Table', 'Sorting', 'Prefix Sum']"
LeetCode,1944,Number of Visible People in a Queue,3,Hard,,,73.19881878958866,False,"['Array', 'Stack', 'Monotonic Stack']"
LeetCode,1945,Sum of Digits of String After Convert,1,Easy,,,74.8215526693744,False,"['String', 'Simulation']"
LeetCode,1946,Largest Number After Mutating Substring,2,Medium,,,38.22978962921269,False,"['Array', 'String', 'Greedy']"
LeetCode,1947,Maximum Compatibility Score Sum,2,Medium,,,64.59093957231204,False,"['Array', 'Dynamic Programming', 'Backtracking', 'Bit Manipulation', 'Bitmask']"
LeetCode,1948,Delete Duplicate Folders in System,3,Hard,,,77.41275884273433,False,"['Array', 'Hash Table', 'String', 'Depth-First Search', 'Trie', 'Sorting', 'Hash Function']"
LeetCode,1950,Maximum of Minimum Values in All Subarrays,2,Medium,,,48.09858221809991,True,"['Array', 'Stack', 'Monotonic Stack']"
LeetCode,1952,Three Divisors,1,Easy,,,64.38959691964553,False,"['Math', 'Enumeration', 'Number Theory']"
LeetCode,1953,Maximum Number of Weeks for Which You Can Work,2,Medium,,,42.53444801481401,False,"['Array', 'Greedy']"
LeetCode,1954,Minimum Garden Perimeter to Collect Enough Apples,2,Medium,,,55.74224662032168,False,"['Math', 'Binary Search']"
LeetCode,1955,Count Number of Special Subsequences,3,Hard,,,53.00886435858839,False,"['Array', 'Dynamic Programming']"
LeetCode,1956,Minimum Time For K Virus Variants to Spread,3,Hard,,,50.6990434142752,True,"['Array', 'Math', 'Binary Search', 'Geometry', 'Sliding Window', 'Enumeration', 'Ordered Set']"
LeetCode,1957,Delete Characters to Make Fancy String,1,Easy,,,74.06955039328449,False,['String']
LeetCode,1958,Check if Move is Legal,2,Medium,,,50.12362932702644,False,"['Array', 'Matrix', 'Enumeration']"
LeetCode,1959,Minimum Total Space Wasted With K Resizing Operations,2,Medium,,,44.02136057580683,False,"['Array', 'Dynamic Programming', 'Prefix Sum']"
LeetCode,1960,Maximum Product of the Length of Two Palindromic Substrings,3,Hard,,,31.187881690815473,False,"['Two Pointers', 'String', 'Rolling Hash', 'Hash Function']"
LeetCode,1961,Check If String Is a Prefix of Array,1,Easy,,,52.89096865905666,False,"['Array', 'Two Pointers', 'String']"
LeetCode,1962,Remove Stones to Minimize the Total,2,Medium,,,65.79692608706846,False,"['Array', 'Greedy', 'Heap (Priority Queue)']"
LeetCode,1963,Minimum Number of Swaps to Make the String Balanced,2,Medium,,,78.04261035504445,False,"['Two Pointers', 'String', 'Stack', 'Greedy']"
LeetCode,1964,Find the Longest Valid Obstacle Course at Each Position,3,Hard,,,62.51240289982033,False,"['Array', 'Binary Search', 'Binary Indexed Tree']"
LeetCode,1966,Binary Searchable Numbers in an Unsorted Array,2,Medium,,,63.89232673267327,True,"['Array', 'Binary Search', 'Stack', 'Monotonic Stack']"
LeetCode,1967,Number of Strings That Appear as Substrings in Word,1,Easy,,,82.62495671245527,False,"['Array', 'String']"
LeetCode,1968,Array With Elements Not Equal to Average of Neighbors,2,Medium,,,50.829129062732406,False,"['Array', 'Greedy', 'Sorting']"
LeetCode,1969,Minimum Non-Zero Product of the Array Elements,2,Medium,,,37.600251611888666,False,"['Math', 'Greedy', 'Recursion']"
LeetCode,1970,Last Day Where You Can Still Cross,3,Hard,,,68.70380161519401,False,"['Array', 'Binary Search', 'Depth-First Search', 'Breadth-First Search', 'Union-Find', 'Matrix']"
LeetCode,1971,Find if Path Exists in Graph,1,Easy,,,55.28401219606317,False,"['Depth-First Search', 'Breadth-First Search', 'Union-Find', 'Graph Theory']"
LeetCode,1973,Count Nodes Equal to Sum of Descendants,2,Medium,,,77.34587049243893,True,"['Tree', 'Depth-First Search', 'Binary Tree']"
LeetCode,1974,Minimum Time to Type Word Using Special Typewriter,1,Easy,,,78.79907303306335,False,"['String', 'Greedy']"
LeetCode,1975,Maximum Matrix Sum,2,Medium,,,67.54206142014985,False,"['Array', 'Greedy', 'Matrix']"
LeetCode,1976,Number of Ways to Arrive at Destination,2,Medium,,,37.514354624505486,False,"['Dynamic Programming', 'Graph Theory', 'Topological Sort', 'Shortest Path']"
LeetCode,1977,Number of Ways to Separate Numbers,3,Hard,,,21.745682733404156,False,"['String', 'Dynamic Programming', 'Prefix Sum']"
LeetCode,1979,Find Greatest Common Divisor of Array,1,Easy,,,80.0358006803381,False,"['Array', 'Math', 'Number Theory']"
LeetCode,1980,Find Unique Binary String,2,Medium,,,81.23732905836698,False,"['Array', 'Hash Table', 'String', 'Backtracking']"
LeetCode,1981,Minimize the Difference Between Target and Chosen Elements,2,Medium,,,37.026328511397864,False,"['Array', 'Dynamic Programming', 'Matrix']"
LeetCode,1982,Find Array Given Subset Sums,3,Hard,,,49.41860465116279,False,"['Array', 'Hash Table', 'Sorting', 'Counting']"
LeetCode,1983,Widest Pair of Indices With Equal Range Sum,2,Medium,,,54.09029950827,True,"['Array', 'Hash Table', 'Prefix Sum']"
LeetCode,1984,Minimum Difference Between Highest and Lowest of K Scores,1,Easy,,,66.30839837379582,False,"['Array', 'Sliding Window', 'Sorting']"
LeetCode,1985,Find the Kth Largest Integer in the Array,2,Medium,,,48.05630727946695,False,"['Array', 'String', 'Divide and Conquer', 'Sorting', 'Heap (Priority Queue)', 'Quickselect']"
LeetCode,1986,Minimum Number of Work Sessions to Finish the Tasks,2,Medium,,,35.01408230323893,False,"['Array', 'Dynamic Programming', 'Backtracking', 'Bit Manipulation', 'Bitmask']"
LeetCode,1987,Number of Unique Good Subsequences,3,Hard,,,52.38037479531808,False,"['String', 'Dynamic Programming']"
LeetCode,1989,Maximum Number of People That Can Be Caught in Tag,2,Medium,,,49.56445993031359,True,"['Array', 'Two Pointers', 'Greedy']"
LeetCode,1991,Find the Middle Index in Array,1,Easy,,,69.85241151894479,False,"['Array', 'Prefix Sum']"
LeetCode,1992,Find All Groups of Farmland,2,Medium,,,75.51015030461454,False,"['Array', 'Depth-First Search', 'Breadth-First Search', 'Matrix']"
LeetCode,1993,Operations on Tree,2,Medium,,,45.44087907367969,False,"['Array', 'Hash Table', 'Tree', 'Depth-First Search', 'Breadth-First Search', 'Design']"
LeetCode,1994,The Number of Good Subsets,3,Hard,,,37.31644111718975,False,"['Array', 'Hash Table', 'Math', 'Dynamic Programming', 'Bit Manipulation', 'Counting', 'Number Theory', 'Bitmask']"
LeetCode,1995,Count Special Quadruplets,1,Easy,,,64.77120022632435,False,"['Array', 'Hash Table', 'Enumeration']"
LeetCode,1996,The Number of Weak Characters in the Game,2,Medium,,,44.593571580403726,False,"['Array', 'Stack', 'Greedy', 'Sorting', 'Monotonic Stack']"
LeetCode,1997,First Day Where You Have Been in All the Rooms,2,Medium,,,40.44703693460387,False,"['Array', 'Dynamic Programming']"
LeetCode,1998,GCD Sort of an Array,3,Hard,,,50.169240192127916,False,"['Array', 'Math', 'Union-Find', 'Sorting', 'Number Theory']"
LeetCode,1999,Smallest Greater Multiple Made of Two Digits,2,Medium,,,48.07244038013268,True,"['Math', 'Enumeration']"
LeetCode,2000,Reverse Prefix of Word,1,Easy,,,86.47758954415498,False,"['Two Pointers', 'String', 'Stack']"
LeetCode,2001,Number of Pairs of Interchangeable Rectangles,2,Medium,,,52.663801987807645,False,"['Array', 'Hash Table', 'Math', 'Counting', 'Number Theory']"
LeetCode,2002,Maximum Product of the Length of Two Palindromic Subsequences,2,Medium,,,62.6372937655704,False,"['String', 'Dynamic Programming', 'Backtracking', 'Bit Manipulation', 'Bitmask']"
LeetCode,2003,Smallest Missing Genetic Value in Each Subtree,3,Hard,,,47.96505610069143,False,"['Array', 'Dynamic Programming', 'Tree', 'Depth-First Search', 'Union-Find']"
LeetCode,2005,Subtree Removal Game with Fibonacci Tree,3,Hard,,,57.720588235294116,True,"['Math', 'Dynamic Programming', 'Tree', 'Binary Tree', 'Game Theory']"
LeetCode,2006,Count Number of Pairs With Absolute Difference K,1,Easy,,,85.41006388303944,False,"['Array', 'Hash Table', 'Counting']"
LeetCode,2007,Find Original Array From Doubled Array,2,Medium,,,40.82694135878837,False,"['Array', 'Hash Table', 'Greedy', 'Sorting']"
LeetCode,2008,Maximum Earnings From Taxi,2,Medium,,,46.568057171347846,False,"['Array', 'Hash Table', 'Binary Search', 'Dynamic Programming', 'Sorting']"
LeetCode,2009,Minimum Number of Operations to Make Array Continuous,3,Hard,,,51.772949586155,False,"['Array', 'Hash Table', 'Binary Search', 'Sliding Window']"
LeetCode,2011,Final Value of Variable After Performing Operations,1,Easy,,,90.59798491336814,False,"['Array', 'String', 'Simulation']"
LeetCode,2012,Sum of Beauty in the Array,2,Medium,,,51.5089986155976,False,['Array']
LeetCode,2013,Detect Squares,2,Medium,,,52.68383537752839,False,"['Array', 'Hash Table', 'Design', 'Counting', 'Data Stream']"
LeetCode,2014,Longest Subsequence Repeated k Times,3,Hard,,,71.16978167779513,False,"['Hash Table', 'Two Pointers', 'String', 'Backtracking', 'Counting', 'Enumeration']"
LeetCode,2015,Average Height of Buildings in Each Segment,2,Medium,,,58.63818989215479,True,"['Array', 'Sorting', 'Heap (Priority Queue)', 'Prefix Sum']"
LeetCode,2016,Maximum Difference Between Increasing Elements,1,Easy,,,66.6040404131973,False,['Array']
LeetCode,2017,Grid Game,2,Medium,,,60.86568360174548,False,"['Array', 'Matrix', 'Prefix Sum']"
LeetCode,2018,Check if Word Can Be Placed In Crossword,2,Medium,,,50.84999912820602,False,"['Array', 'Matrix', 'Enumeration']"
LeetCode,2019,The Score of Students Solving Math Expression,3,Hard,,,34.40574506283662,False,"['Array', 'Hash Table', 'Math', 'String', 'Dynamic Programming', 'Stack', 'Memoization']"
LeetCode,2021,Brightest Position on Street,2,Medium,,,60.684893290556566,True,"['Array', 'Sorting', 'Prefix Sum', 'Ordered Set']"
LeetCode,2022,Convert 1D Array Into 2D Array,1,Easy,,,72.28698523565879,False,"['Array', 'Matrix', 'Simulation']"
LeetCode,2023,Number of Pairs of Strings With Concatenation Equal to Target,2,Medium,,,75.44452763090169,False,"['Array', 'Hash Table', 'String', 'Counting']"
LeetCode,2024,Maximize the Confusion of an Exam,2,Medium,,,70.1011577731142,False,"['String', 'Binary Search', 'Sliding Window', 'Prefix Sum']"
LeetCode,2025,Maximum Number of Ways to Partition an Array,3,Hard,,,35.87406372984639,False,"['Array', 'Hash Table', 'Counting', 'Enumeration', 'Prefix Sum']"
LeetCode,2027,Minimum Moves to Convert String,1,Easy,,,58.04200426841937,False,"['String', 'Greedy']"
LeetCode,2028,Find Missing Observations,2,Medium,,,57.36820243791557,False,"['Array', 'Math', 'Simulation']"
LeetCode,2029,Stone Game IX,2,Medium,,,30.370670652917482,False,"['Array', 'Math', 'Greedy', 'Counting', 'Game Theory']"
LeetCode,2030,Smallest K-Length Subsequence With Occurrences of a Letter,3,Hard,,,39.88973735575112,False,"['String', 'Stack', 'Greedy', 'Monotonic Stack']"
LeetCode,2031,Count Subarrays With More Ones Than Zeros,2,Medium,,,49.395017793594306,True,"['Array', 'Hash Table', 'Binary Search', 'Divide and Conquer', 'Binary Indexed Tree', 'Segment Tree', 'Merge Sort', 'Ordered Set']"
LeetCode,2032,Two Out of Three,1,Easy,,,77.68004883178773,False,"['Array', 'Hash Table', 'Bit Manipulation']"
LeetCode,2033,Minimum Operations to Make a Uni-Value Grid,2,Medium,,,70.7438304891201,False,"['Array', 'Math', 'Sorting', 'Matrix']"
LeetCode,2034,Stock Price Fluctuation ,2,Medium,,,49.09854212586688,False,"['Hash Table', 'Design', 'Heap (Priority Queue)', 'Data Stream', 'Ordered Set']"
LeetCode,2035,Partition Array Into Two Arrays to Minimize Sum Difference,3,Hard,,,23.610763026588593,False,"['Array', 'Two Pointers', 'Binary Search', 'Dynamic Programming', 'Bit Manipulation', 'Sorting', 'Ordered Set', 'Bitmask']"
LeetCode,2036,Maximum Alternating Subarray Sum,2,Medium,,,39.97289972899729,True,"['Array', 'Dynamic Programming']"
LeetCode,2037,Minimum Number of Moves to Seat Everyone,1,Easy,,,87.163127004296,False,"['Array', 'Greedy', 'Sorting', 'Counting Sort']"
LeetCode,2038,Remove Colored Pieces if Both Neighbors are the Same Color,2,Medium,,,63.10747573191012,False,"['Math', 'String', 'Greedy', 'Game Theory']"
LeetCode,2039,The Time When the Network Becomes Idle,2,Medium,,,55.74437750080485,False,"['Array', 'Breadth-First Search', 'Graph Theory']"
LeetCode,2040,Kth Smallest Product of Two Sorted Arrays,3,Hard,,,48.744474477416674,False,"['Array', 'Binary Search']"
LeetCode,2042,Check if Numbers Are Ascending in a Sentence,1,Easy,,,73.34211245558674,False,['String']
LeetCode,2043,Simple Bank System,2,Medium,,,69.69621804050676,False,"['Array', 'Hash Table', 'Design', 'Simulation']"
LeetCode,2044,Count Number of Maximum Bitwise-OR Subsets,2,Medium,,,89.50543596395266,False,"['Array', 'Backtracking', 'Bit Manipulation', 'Enumeration']"
LeetCode,2045,Second Minimum Time to Reach Destination,3,Hard,,,62.35040866435707,False,"['Breadth-First Search', 'Graph Theory', 'Shortest Path']"
LeetCode,2046,Sort Linked List Already Sorted Using Absolute Values,2,Medium,,,67.08202917380264,True,"['Linked List', 'Two Pointers', 'Sorting']"
LeetCode,2047,Number of Valid Words in a Sentence,1,Easy,,,31.239561135748428,False,['String']
LeetCode,2048,Next Greater Numerically Balanced Number,2,Medium,,,63.08650250476258,False,"['Hash Table', 'Math', 'Backtracking', 'Counting', 'Enumeration']"
LeetCode,2049,Count Nodes With the Highest Score,2,Medium,,,52.79007751937984,False,"['Array', 'Tree', 'Depth-First Search', 'Binary Tree']"
LeetCode,2050,Parallel Courses III,3,Hard,,,66.85195227765726,False,"['Array', 'Dynamic Programming', 'Graph Theory', 'Topological Sort']"
LeetCode,2052,Minimum Cost to Separate Sentence Into Rows,2,Medium,,,51.19217444467088,True,"['String', 'Dynamic Programming']"
LeetCode,2053,Kth Distinct String in an Array,1,Easy,,,82.14596469480433,False,"['Array', 'Hash Table', 'String', 'Counting']"
LeetCode,2054,Two Best Non-Overlapping Events,2,Medium,,,63.999431848445575,False,"['Array', 'Binary Search', 'Dynamic Programming', 'Sorting', 'Heap (Priority Queue)']"
LeetCode,2055,Plates Between Candles,2,Medium,,,47.51540214874334,False,"['Array', 'String', 'Binary Search', 'Prefix Sum']"
LeetCode,2056,Number of Valid Move Combinations On Chessboard,3,Hard,,,48.87411715828833,False,"['Array', 'String', 'Backtracking', 'Simulation']"
LeetCode,2057,Smallest Index With Equal Value,1,Easy,,,73.35434638354347,False,['Array']
LeetCode,2058,Find the Minimum and Maximum Number of Nodes Between Critical Points,2,Medium,,,69.47040707691171,False,['Linked List']
LeetCode,2059,Minimum Operations to Convert Number,2,Medium,,,51.99658584973125,False,"['Array', 'Breadth-First Search']"
LeetCode,2060,Check if an Original String Exists Given Two Encoded Strings,3,Hard,,,43.45700378583018,False,"['String', 'Dynamic Programming']"
LeetCode,2061,Number of Spaces Cleaning Robot Cleaned,2,Medium,,,64.64423877381127,True,"['Array', 'Matrix', 'Simulation']"
LeetCode,2062,Count Vowel Substrings of a String,1,Easy,,,73.24027897903976,False,"['Hash Table', 'String']"
LeetCode,2063,Vowels of All Substrings,2,Medium,,,55.42339138818285,False,"['Math', 'String', 'Dynamic Programming', 'Combinatorics']"
LeetCode,2064,Minimized Maximum of Products Distributed to Any Store,2,Medium,,,63.13345216097329,False,"['Array', 'Binary Search', 'Greedy']"
LeetCode,2065,Maximum Path Quality of a Graph,3,Hard,,,62.40285204991088,False,"['Array', 'Backtracking', 'Graph Theory']"
LeetCode,2067,Number of Equal Count Substrings,2,Medium,,,45.65432370069223,True,"['Hash Table', 'String', 'Sliding Window', 'Counting']"
LeetCode,2068,Check Whether Two Strings are Almost Equivalent,1,Easy,,,64.35609347760976,False,"['Hash Table', 'String', 'Counting']"
LeetCode,2069,Walking Robot Simulation II,2,Medium,,,43.17363077693656,False,"['Design', 'Simulation']"
LeetCode,2070,Most Beautiful Item for Each Query,2,Medium,,,62.054133593672624,False,"['Array', 'Binary Search', 'Sorting']"
LeetCode,2071,Maximum Number of Tasks You Can Assign,3,Hard,,,50.00781507789027,False,"['Array', 'Two Pointers', 'Binary Search', 'Greedy', 'Queue', 'Sorting', 'Monotonic Queue']"
LeetCode,2073,Time Needed to Buy Tickets,1,Easy,,,72.76586088604724,False,"['Array', 'Queue', 'Simulation']"
LeetCode,2074,Reverse Nodes in Even Length Groups,2,Medium,,,64.34275556513191,False,['Linked List']
LeetCode,2075,Decode the Slanted Ciphertext,2,Medium,,,67.60060395194644,False,"['String', 'Simulation']"
LeetCode,2076,Process Restricted Friend Requests,3,Hard,,,60.778027874406014,False,"['Union-Find', 'Graph Theory']"
LeetCode,2077,Paths in Maze That Lead to Same Room,2,Medium,,,56.68866226754648,True,['Graph Theory']
LeetCode,2078,Two Furthest Houses With Different Colors,1,Easy,,,71.77064133696115,False,"['Array', 'Greedy']"
LeetCode,2079,Watering Plants,2,Medium,,,79.97076190367419,False,"['Array', 'Simulation']"
LeetCode,2080,Range Frequency Queries,2,Medium,,,43.404356341622645,False,"['Array', 'Hash Table', 'Binary Search', 'Design', 'Segment Tree']"
LeetCode,2081,Sum of k-Mirror Numbers,3,Hard,,,63.60733129686198,False,"['Math', 'Enumeration']"
LeetCode,2083,Substrings That Begin and End With the Same Letter,2,Medium,,,74.43115673616255,True,"['Hash Table', 'Math', 'String', 'Counting', 'Prefix Sum']"
LeetCode,2085,Count Common Words With One Occurrence,1,Easy,,,73.48785757720822,False,"['Array', 'Hash Table', 'String', 'Counting']"
LeetCode,2086,Minimum Number of Food Buckets to Feed the Hamsters,2,Medium,,,48.39854313538524,False,"['String', 'Dynamic Programming', 'Greedy']"
LeetCode,2087,Minimum Cost Homecoming of a Robot in a Grid,2,Medium,,,51.79602787196781,False,"['Array', 'Greedy']"
LeetCode,2088,Count Fertile Pyramids in a Land,3,Hard,,,66.49141950203354,False,"['Array', 'Dynamic Programming', 'Matrix']"
LeetCode,2089,Find Target Indices After Sorting Array,1,Easy,,,78.05525124766235,False,"['Array', 'Binary Search', 'Sorting']"
LeetCode,2090,K Radius Subarray Averages,2,Medium,,,46.265544632181275,False,"['Array', 'Sliding Window']"
LeetCode,2091,Removing Minimum and Maximum From Array,2,Medium,,,56.51735874744725,False,"['Array', 'Greedy']"
LeetCode,2092,Find All People With Secret,3,Hard,,,48.42004486803938,False,"['Depth-First Search', 'Breadth-First Search', 'Union-Find', 'Graph Theory', 'Sorting']"
LeetCode,2093,Minimum Cost to Reach City With Discounts,2,Medium,,,61.010025993316006,True,"['Graph Theory', 'Heap (Priority Queue)', 'Shortest Path']"
LeetCode,2094,Finding 3-Digit Even Numbers,1,Easy,,,78.63068002108594,False,"['Array', 'Hash Table', 'Recursion', 'Sorting', 'Enumeration']"
LeetCode,2095,Delete the Middle Node of a Linked List,2,Medium,,,60.92477188156672,False,"['Linked List', 'Two Pointers']"
LeetCode,2096,Step-By-Step Directions From a Binary Tree Node to Another,2,Medium,,,56.444220893916174,False,"['String', 'Tree', 'Depth-First Search', 'Binary Tree']"
LeetCode,2097,Valid Arrangement of Pairs,3,Hard,,,66.60903221712854,False,"['Array', 'Depth-First Search', 'Graph Theory', 'Eulerian Circuit']"
LeetCode,2098,Subsequence of Size K With the Largest Even Sum,2,Medium,,,35.60020235600202,True,"['Array', 'Greedy', 'Sorting']"
LeetCode,2099,Find Subsequence of Length K With the Largest Sum,1,Easy,,,57.35468843557888,False,"['Array', 'Hash Table', 'Sorting', 'Heap (Priority Queue)']"
LeetCode,2100,Find Good Days to Rob the Bank,2,Medium,,,51.76200957589236,False,"['Array', 'Dynamic Programming', 'Prefix Sum']"
LeetCode,2101,Detonate the Maximum Bombs,2,Medium,,,50.22813479193008,False,"['Array', 'Math', 'Depth-First Search', 'Breadth-First Search', 'Graph Theory', 'Geometry']"
LeetCode,2102,Sequentially Ordinal Rank Tracker,3,Hard,,,61.4046583665932,False,"['Design', 'Heap (Priority Queue)', 'Data Stream', 'Ordered Set']"
LeetCode,2103,Rings and Rods,1,Easy,,,81.52200566524331,False,"['Hash Table', 'String']"
LeetCode,2104,Sum of Subarray Ranges,2,Medium,,,61.3319766518941,False,"['Array', 'Stack', 'Monotonic Stack']"
LeetCode,2105,Watering Plants II,2,Medium,,,48.79146271016388,False,"['Array', 'Two Pointers', 'Simulation']"
LeetCode,2106,Maximum Fruits Harvested After at Most K Steps,3,Hard,,,61.00286753931473,False,"['Array', 'Binary Search', 'Sliding Window', 'Prefix Sum']"
LeetCode,2107,Number of Unique Flavors After Sharing K Candies,2,Medium,,,62.26799811784388,True,"['Array', 'Hash Table', 'Sliding Window']"
LeetCode,2108,Find First Palindromic String in the Array,1,Easy,,,84.00178195852664,False,"['Array', 'Two Pointers', 'String']"
LeetCode,2109,Adding Spaces to a String,2,Medium,,,71.82964173189778,False,"['Array', 'Two Pointers', 'String', 'Simulation']"
LeetCode,2110,Number of Smooth Descent Periods of a Stock,2,Medium,,,67.71650243093717,False,"['Array', 'Math', 'Two Pointers', 'Dynamic Programming', 'Sliding Window']"
LeetCode,2111,Minimum Operations to Make the Array K-Increasing,3,Hard,,,40.6686405132001,False,"['Array', 'Binary Search']"
LeetCode,2113,Elements in Array After Removing and Replacing Elements,2,Medium,,,70.21696252465483,True,['Array']
LeetCode,2114,Maximum Number of Words Found in Sentences,1,Easy,,,86.69408287433826,False,"['Array', 'String']"
LeetCode,2115,Find All Possible Recipes from Given Supplies,2,Medium,,,56.94571777828711,False,"['Array', 'Hash Table', 'String', 'Graph Theory', 'Topological Sort']"
LeetCode,2116,Check if a Parentheses String Can Be Valid,2,Medium,,,45.200064259240136,False,"['String', 'Stack', 'Greedy']"
LeetCode,2117,Abbreviating the Product of a Range,3,Hard,,,24.880065326120242,False,"['Math', 'Number Theory']"
LeetCode,2119,A Number After a Double Reversal,1,Easy,,,82.26565124874006,False,['Math']
LeetCode,2120,Execution of All Suffix Instructions Staying in a Grid,2,Medium,,,82.17009042043418,False,"['String', 'Simulation']"
LeetCode,2121,Intervals Between Identical Elements,2,Medium,,,48.076599262173374,False,"['Array', 'Hash Table', 'Prefix Sum']"
LeetCode,2122,Recover the Original Array,3,Hard,,,41.662534636138254,False,"['Array', 'Hash Table', 'Two Pointers', 'Sorting', 'Enumeration']"
LeetCode,2123,Minimum Operations to Remove Adjacent Ones in Matrix,3,Hard,,,43.34832904884319,True,"['Array', 'Depth-First Search', 'Graph Theory', 'Matrix']"
LeetCode,2124,Check if All A's Appears Before All B's,1,Easy,,,73.32267829308515,False,['String']
LeetCode,2125,Number of Laser Beams in a Bank,2,Medium,,,87.00511479235526,False,"['Array', 'Math', 'String', 'Matrix']"
LeetCode,2126,Destroying Asteroids,2,Medium,,,59.77025304204463,False,"['Array', 'Greedy', 'Sorting']"
LeetCode,2127,Maximum Employees to Be Invited to a Meeting,3,Hard,,,61.82615228734293,False,"['Array', 'Dynamic Programming', 'Depth-First Search', 'Graph Theory', 'Topological Sort']"
LeetCode,2128,Remove All Ones With Row and Column Flips,2,Medium,,,76.18463962879468,True,"['Array', 'Math', 'Bit Manipulation', 'Matrix']"
LeetCode,2129,Capitalize the Title,1,Easy,,,68.2496691181487,False,['String']
LeetCode,2130,Maximum Twin Sum of a Linked List,2,Medium,,,83.22667560303675,False,"['Linked List', 'Two Pointers', 'Stack']"
LeetCode,2131,Longest Palindrome by Concatenating Two Letter Words,2,Medium,,,53.506455112027005,False,"['Array', 'Hash Table', 'String', 'Greedy', 'Counting']"
LeetCode,2132,Stamping the Grid,3,Hard,,,35.41504385816371,False,"['Array', 'Greedy', 'Matrix', 'Prefix Sum']"
LeetCode,2133,Check if Every Row and Column Contains All Numbers,1,Easy,,,54.20648081133821,False,"['Array', 'Hash Table', 'Matrix']"
LeetCode,2134,Minimum Swaps to Group All 1's Together II,2,Medium,,,65.67098535798713,False,"['Array', 'Sliding Window']"
LeetCode,2135,Count Words Obtained After Adding a Letter,2,Medium,,,44.10757379364126,False,"['Array', 'Hash Table', 'String', 'Bit Manipulation', 'Sorting']"
LeetCode,2136,Earliest Possible Day of Full Bloom,3,Hard,,,71.19773319038137,False,"['Array', 'Greedy', 'Sorting']"
LeetCode,2137,Pour Water Between Buckets to Make Water Levels Equal,2,Medium,,,68.60706860706861,True,"['Array', 'Binary Search']"
LeetCode,2138,Divide a String Into Groups of Size k,1,Easy,,,77.01275092952932,False,"['String', 'Simulation']"
LeetCode,2139,Minimum Moves to Reach Target Score,2,Medium,,,52.49630625140863,False,"['Math', 'Greedy']"
LeetCode,2140,Solving Questions With Brainpower,2,Medium,,,60.23430981737277,False,"['Array', 'Dynamic Programming']"
LeetCode,2141,Maximum Running Time of N Computers,3,Hard,,,56.41026661360923,False,"['Array', 'Binary Search', 'Greedy', 'Sorting']"
LeetCode,2143,Choose Numbers From Two Arrays in Range,3,Hard,,,52.876608629825895,True,"['Array', 'Dynamic Programming']"
LeetCode,2144,Minimum Cost of Buying Candies With Discount,1,Easy,,,71.53419111295113,False,"['Array', 'Greedy', 'Sorting']"
LeetCode,2145,Count the Hidden Sequences,2,Medium,,,56.747358811683156,False,"['Array', 'Prefix Sum']"
LeetCode,2146,K Highest Ranked Items Within a Price Range,2,Medium,,,46.85107278081615,False,"['Array', 'Breadth-First Search', 'Sorting', 'Heap (Priority Queue)', 'Matrix']"
LeetCode,2147,Number of Ways to Divide a Long Corridor,3,Hard,,,54.61382901568322,False,"['Math', 'String', 'Dynamic Programming']"
LeetCode,2148,Count Elements With Strictly Smaller and Greater Elements ,1,Easy,,,60.0314472120837,False,"['Array', 'Sorting', 'Counting']"
LeetCode,2149,Rearrange Array Elements by Sign,2,Medium,,,84.69204669946286,False,"['Array', 'Two Pointers', 'Simulation']"
LeetCode,2150,Find All Lonely Numbers in the Array,2,Medium,,,63.22524643983603,False,"['Array', 'Hash Table', 'Counting']"
LeetCode,2151,Maximum Good People Based on Statements,3,Hard,,,52.563446428033835,False,"['Array', 'Backtracking', 'Bit Manipulation', 'Enumeration']"
LeetCode,2152,Minimum Number of Lines to Cover Points,2,Medium,,,44.06444748442013,True,"['Array', 'Hash Table', 'Math', 'Dynamic Programming', 'Backtracking', 'Bit Manipulation', 'Geometry', 'Bitmask']"
LeetCode,2154,Keep Multiplying Found Values by Two,1,Easy,,,75.00891555397057,False,"['Array', 'Hash Table', 'Sorting', 'Simulation']"
LeetCode,2155,All Divisions With the Highest Score of a Binary Array,2,Medium,,,65.60932557367309,False,['Array']
LeetCode,2156,Find Substring With Given Hash Value,3,Hard,,,26.40655445939519,False,"['String', 'Sliding Window', 'Rolling Hash', 'Hash Function']"
LeetCode,2157,Groups of Strings,3,Hard,,,27.883723560683183,False,"['Array', 'Hash Table', 'String', 'Bit Manipulation', 'Union-Find']"
LeetCode,2158,Amount of New Area Painted Each Day,3,Hard,,,55.67742259582378,True,"['Array', 'Segment Tree', 'Ordered Set']"
LeetCode,2160,Minimum Sum of Four Digit Number After Splitting Digits,1,Easy,,,86.30696699842849,False,"['Math', 'Greedy', 'Sorting']"
LeetCode,2161,Partition Array According to Given Pivot,2,Medium,,,90.78527570126546,False,"['Array', 'Two Pointers', 'Simulation']"
LeetCode,2162,Minimum Cost to Set Cooking Time,2,Medium,,,41.731022017745644,False,"['Math', 'Enumeration']"
LeetCode,2163,Minimum Difference in Sums After Removal of Elements,3,Hard,,,69.62918630458094,False,"['Array', 'Dynamic Programming', 'Heap (Priority Queue)']"
LeetCode,2164,Sort Even and Odd Indices Independently,1,Easy,,,63.44432075026144,False,"['Array', 'Sorting']"
LeetCode,2165,Smallest Value of the Rearranged Number,2,Medium,,,53.590074051420956,False,"['Math', 'Sorting']"
LeetCode,2166,Design Bitset,2,Medium,,,32.77035485853459,False,"['Array', 'Hash Table', 'String', 'Design']"
LeetCode,2167,Minimum Time to Remove All Cars Containing Illegal Goods,3,Hard,,,41.97837837837838,False,"['String', 'Dynamic Programming']"
LeetCode,2168,Unique Substrings With Equal Digit Frequency,2,Medium,,,64.62650913551553,True,"['Hash Table', 'String', 'Rolling Hash', 'Counting', 'Hash Function']"
LeetCode,2169,Count Operations to Obtain Zero,1,Easy,,,79.80255704806602,False,"['Math', 'Simulation']"
LeetCode,2170,Minimum Operations to Make the Array Alternating,2,Medium,,,35.77290586566852,False,"['Array', 'Hash Table', 'Greedy', 'Counting']"
LeetCode,2171,Removing Minimum Number of Magic Beans,2,Medium,,,44.688689521804584,False,"['Array', 'Greedy', 'Sorting', 'Enumeration', 'Prefix Sum']"
LeetCode,2172,Maximum AND Sum of Array,3,Hard,,,50.78732530787325,False,"['Array', 'Dynamic Programming', 'Bit Manipulation', 'Bitmask']"
LeetCode,2174,Remove All Ones With Row and Column Flips II,2,Medium,,,67.37138830162085,True,"['Array', 'Bit Manipulation', 'Breadth-First Search', 'Matrix']"
LeetCode,2176,Count Equal and Divisible Pairs in an Array,1,Easy,,,83.83463785845231,False,['Array']
LeetCode,2177,Find Three Consecutive Integers That Sum to a Given Number,2,Medium,,,65.24261301937474,False,"['Math', 'Simulation']"
LeetCode,2178,Maximum Split of Positive Even Integers,2,Medium,,,59.790416982877815,False,"['Math', 'Backtracking', 'Greedy']"
LeetCode,2179,Count Good Triplets in an Array,3,Hard,,,65.42724347515195,False,"['Array', 'Binary Search', 'Divide and Conquer', 'Binary Indexed Tree', 'Segment Tree', 'Merge Sort', 'Ordered Set']"
LeetCode,2180,Count Integers With Even Digit Sum,1,Easy,,,70.47890810327638,False,"['Math', 'Simulation']"
LeetCode,2181,Merge Nodes in Between Zeros,2,Medium,,,89.67501405781807,False,"['Linked List', 'Simulation']"
LeetCode,2182,Construct String With Repeat Limit,2,Medium,,,70.81222509946218,False,"['Hash Table', 'String', 'Greedy', 'Heap (Priority Queue)', 'Counting']"
LeetCode,2183,Count Array Pairs Divisible by K,3,Hard,,,30.76893443254488,False,"['Array', 'Hash Table', 'Math', 'Counting', 'Number Theory']"
LeetCode,2184,Number of Ways to Build Sturdy Brick Wall,2,Medium,,,49.504613890237984,True,"['Array', 'Dynamic Programming', 'Bit Manipulation', 'Bitmask']"
LeetCode,2185,Counting Words With a Given Prefix,1,Easy,,,84.43177799162697,False,"['Array', 'String', 'String Matching']"
LeetCode,2186,Minimum Number of Steps to Make Two Strings Anagram II,2,Medium,,,73.0928421247504,False,"['Hash Table', 'String', 'Counting']"
LeetCode,2187,Minimum Time to Complete Trips,2,Medium,,,39.80512768800262,False,"['Array', 'Binary Search']"
LeetCode,2188,Minimum Time to Finish the Race,3,Hard,,,43.37320056283148,False,"['Array', 'Dynamic Programming']"
LeetCode,2189,Number of Ways to Build House of Cards,2,Medium,,,62.83610755441741,True,"['Math', 'Dynamic Programming']"
LeetCode,2190,Most Frequent Number Following Key In an Array,1,Easy,,,59.51861954053159,False,"['Array', 'Hash Table', 'Counting']"
LeetCode,2191,Sort the Jumbled Numbers,2,Medium,,,59.9586066014407,False,"['Array', 'Sorting']"
LeetCode,2192,All Ancestors of a Node in a Directed Acyclic Graph,2,Medium,,,62.201523809523806,False,"['Depth-First Search', 'Breadth-First Search', 'Graph Theory', 'Topological Sort']"
LeetCode,2193,Minimum Number of Moves to Make Palindrome,3,Hard,,,52.84040737034202,False,"['Two Pointers', 'String', 'Greedy', 'Binary Indexed Tree']"
LeetCode,2194,Cells in a Range on an Excel Sheet,1,Easy,,,84.21554188685784,False,['String']
LeetCode,2195,Append K Integers With Minimal Sum,2,Medium,,,27.067801843927832,False,"['Array', 'Math', 'Greedy', 'Sorting']"
LeetCode,2196,Create Binary Tree From Descriptions,2,Medium,,,83.93038012627753,False,"['Array', 'Hash Table', 'Tree', 'Binary Tree']"
LeetCode,2197,Replace Non-Coprime Numbers in Array,3,Hard,,,57.6662265962554,False,"['Array', 'Math', 'Stack', 'Number Theory']"
LeetCode,2198,Number of Single Divisor Triplets,2,Medium,,,54.945429740791276,True,"['Array', 'Counting', 'Enumeration']"
LeetCode,2200,Find All K-Distant Indices in an Array,1,Easy,,,77.26636015261204,False,"['Array', 'Two Pointers']"
LeetCode,2201,Count Artifacts That Can Be Extracted,2,Medium,,,57.280093154140985,False,"['Array', 'Hash Table', 'Simulation']"
LeetCode,2202,Maximize the Topmost Element After K Moves,2,Medium,,,24.10769846893195,False,"['Array', 'Greedy']"
LeetCode,2203,Minimum Weighted Subgraph With the Required Paths,3,Hard,,,42.40305149396059,False,"['Graph Theory', 'Heap (Priority Queue)', 'Shortest Path']"
LeetCode,2204,Distance to a Cycle in Undirected Graph,3,Hard,,,73.75049583498611,True,"['Depth-First Search', 'Breadth-First Search', 'Graph Theory', 'Topological Sort']"
LeetCode,2206,Divide Array Into Equal Pairs,1,Easy,,,79.24963625025983,False,"['Array', 'Hash Table', 'Bit Manipulation', 'Counting']"
LeetCode,2207,Maximize Number of Subsequences in a String,2,Medium,,,36.12408654535034,False,"['String', 'Greedy', 'Prefix Sum']"
LeetCode,2208,Minimum Operations to Halve Array Sum,2,Medium,,,50.225311513692006,False,"['Array', 'Greedy', 'Heap (Priority Queue)']"
LeetCode,2209,Minimum White Tiles After Covering With Carpets,3,Hard,,,38.9629350539255,False,"['String', 'Dynamic Programming', 'Prefix Sum']"
LeetCode,2210,Count Hills and Valleys in an Array,1,Easy,,,68.9146829940349,False,['Array']
LeetCode,2211,Count Collisions on a Road,2,Medium,,,58.110112399706935,False,"['String', 'Stack', 'Simulation']"
LeetCode,2212,Maximum Points in an Archery Competition,2,Medium,,,51.57095591064146,False,"['Array', 'Backtracking', 'Bit Manipulation', 'Enumeration']"
LeetCode,2213,Longest Substring of One Repeating Character,3,Hard,,,34.57831926898687,False,"['Array', 'String', 'Segment Tree', 'Ordered Set']"
LeetCode,2214,Minimum Health to Beat Game,2,Medium,,,58.85473732772043,True,"['Array', 'Greedy']"
LeetCode,2215,Find the Difference of Two Arrays,1,Easy,,,81.47584068674112,False,"['Array', 'Hash Table']"
LeetCode,2216,Minimum Deletions to Make Array Beautiful,2,Medium,,,50.04264236458004,False,"['Array', 'Stack', 'Greedy']"
LeetCode,2217,Find Palindrome With Fixed Length,2,Medium,,,38.08809214795587,False,"['Array', 'Math']"
LeetCode,2218,Maximum Value of K Coins From Piles,3,Hard,,,60.465825210303606,False,"['Array', 'Dynamic Programming', 'Prefix Sum']"
LeetCode,2219,Maximum Sum Score of Array,2,Medium,,,62.7088179319095,True,"['Array', 'Prefix Sum']"
LeetCode,2220,Minimum Bit Flips to Convert Number,1,Easy,,,87.9119380183326,False,['Bit Manipulation']
LeetCode,2221,Find Triangular Sum of an Array,2,Medium,,,81.9934322549258,False,"['Array', 'Math', 'Simulation', 'Combinatorics', 'Number Theory']"
LeetCode,2222,Number of Ways to Select Buildings,2,Medium,,,50.93077016668695,False,"['String', 'Dynamic Programming', 'Prefix Sum']"
LeetCode,2223,Sum of Scores of Built Strings,3,Hard,,,49.28514103974081,False,"['String', 'Binary Search', 'Rolling Hash', 'Suffix Array', 'String Matching', 'Hash Function']"
LeetCode,2224,Minimum Number of Operations to Convert Time,1,Easy,,,66.48703585525539,False,"['String', 'Greedy']"
LeetCode,2225,Find Players With Zero or One Losses,2,Medium,,,72.43318281254953,False,"['Array', 'Hash Table', 'Sorting', 'Counting']"
LeetCode,2226,Maximum Candies Allocated to K Children,2,Medium,,,49.8680244012438,False,"['Array', 'Binary Search']"
LeetCode,2227,Encrypt and Decrypt Strings,3,Hard,,,38.52101634485277,False,"['Array', 'Hash Table', 'String', 'Design', 'Trie']"
LeetCode,2229,Check if an Array Is Consecutive,1,Easy,,,62.218451095340946,True,"['Array', 'Hash Table', 'Sorting']"
LeetCode,2231,Largest Number After Digit Swaps by Parity,1,Easy,,,65.47042446893711,False,"['Sorting', 'Heap (Priority Queue)']"
LeetCode,2232,Minimize Result by Adding Parentheses to Expression,2,Medium,,,68.22216712124968,False,"['String', 'Enumeration']"
LeetCode,2233,Maximum Product After K Increments,2,Medium,,,44.067271104429935,False,"['Array', 'Greedy', 'Heap (Priority Queue)']"
LeetCode,2234,Maximum Total Beauty of the Gardens,3,Hard,,,30.14166923313828,False,"['Array', 'Two Pointers', 'Binary Search', 'Greedy', 'Sorting', 'Enumeration', 'Prefix Sum']"
LeetCode,2235,Add Two Integers,1,Easy,,,87.97687670135097,False,['Math']
LeetCode,2236,Root Equals Sum of Children,1,Easy,,,85.02538010835491,False,"['Tree', 'Binary Tree']"
LeetCode,2237,Count Positions on Street With Required Brightness,2,Medium,,,63.05893696516813,True,"['Array', 'Prefix Sum']"
LeetCode,2239,Find Closest Number to Zero,1,Easy,,,48.0025013240995,False,['Array']
LeetCode,2240,Number of Ways to Buy Pens and Pencils,2,Medium,,,56.937570303712036,False,"['Math', 'Enumeration']"
LeetCode,2241,Design an ATM Machine,2,Medium,,,45.386768354538674,False,"['Array', 'Greedy', 'Design']"
LeetCode,2242,Maximum Score of a Node Sequence,3,Hard,,,40.16464956041252,False,"['Array', 'Graph Theory', 'Sorting', 'Enumeration']"
LeetCode,2243,Calculate Digit Sum of a String,1,Easy,,,67.87779397473275,False,"['String', 'Simulation']"
LeetCode,2244,Minimum Rounds to Complete All Tasks,2,Medium,,,63.341448327503315,False,"['Array', 'Hash Table', 'Greedy', 'Counting']"
LeetCode,2245,Maximum Trailing Zeros in a Cornered Path,2,Medium,,,37.72384363331555,False,"['Array', 'Matrix', 'Prefix Sum']"
LeetCode,2246,Longest Path With Different Adjacent Characters,3,Hard,,,54.00146716642023,False,"['Array', 'String', 'Tree', 'Depth-First Search', 'Graph Theory', 'Topological Sort']"
LeetCode,2247,Maximum Cost of Trip With K Highways,3,Hard,,,50.694588430437484,True,"['Dynamic Programming', 'Bit Manipulation', 'Graph Theory', 'Bitmask']"
LeetCode,2248,Intersection of Multiple Arrays,1,Easy,,,68.73887101308925,False,"['Array', 'Hash Table', 'Sorting', 'Counting']"
LeetCode,2249,Count Lattice Points Inside a Circle,2,Medium,,,56.83512275182932,False,"['Array', 'Hash Table', 'Math', 'Geometry', 'Enumeration']"
LeetCode,2250,Count Number of Rectangles Containing Each Point,2,Medium,,,37.672662386285786,False,"['Array', 'Hash Table', 'Binary Search', 'Binary Indexed Tree', 'Sorting']"
LeetCode,2251,Number of Flowers in Full Bloom,3,Hard,,,57.931817230846484,False,"['Array', 'Hash Table', 'Binary Search', 'Sorting', 'Prefix Sum', 'Ordered Set']"
LeetCode,2254,Design Video Sharing Platform,3,Hard,,,64.27851785514385,True,"['Hash Table', 'Design', 'Heap (Priority Queue)']"
LeetCode,2255,Count Prefixes of a Given String,1,Easy,,,74.32680588283091,False,"['Array', 'String']"
LeetCode,2256,Minimum Average Difference,2,Medium,,,43.920703670434634,False,"['Array', 'Prefix Sum']"
LeetCode,2257,Count Unguarded Cells in the Grid,2,Medium,,,68.95446717366032,False,"['Array', 'Matrix', 'Simulation']"
LeetCode,2258,Escape the Spreading Fire,3,Hard,,,38.39748597400753,False,"['Array', 'Binary Search', 'Breadth-First Search', 'Matrix']"
LeetCode,2259,Remove Digit From Number to Maximize Result,1,Easy,,,48.54736748547367,False,"['String', 'Greedy', 'Enumeration']"
LeetCode,2260,Minimum Consecutive Cards to Pick Up,2,Medium,,,53.82749243522318,False,"['Array', 'Hash Table', 'Sliding Window']"
LeetCode,2261,K Divisible Elements Subarrays,2,Medium,,,55.014824320736345,False,"['Array', 'Hash Table', 'Trie', 'Rolling Hash', 'Hash Function', 'Enumeration']"
LeetCode,2262,Total Appeal of A String,3,Hard,,,56.511033129126275,False,"['Hash Table', 'String', 'Dynamic Programming']"
LeetCode,2263,Make Array Non-decreasing or Non-increasing,3,Hard,,,65.57867537059704,True,"['Array', 'Dynamic Programming', 'Greedy', 'Heap (Priority Queue)']"
LeetCode,2264,Largest 3-Same-Digit Number in String,1,Easy,,,72.69177853794055,False,['String']
LeetCode,2265,Count Nodes Equal to Average of Subtree,2,Medium,,,86.80743914448111,False,"['Tree', 'Depth-First Search', 'Binary Tree']"
LeetCode,2266,Count Number of Texts,2,Medium,,,50.32530040496581,False,"['Hash Table', 'Math', 'String', 'Dynamic Programming']"
LeetCode,2267, Check if There Is a Valid Parentheses String Path,3,Hard,,,40.43972236224747,False,"['Array', 'Dynamic Programming', 'Matrix']"
LeetCode,2268,Minimum Number of Keypresses,2,Medium,,,71.46826081125099,True,"['Hash Table', 'String', 'Greedy', 'Sorting', 'Counting']"
LeetCode,2269,Find the K-Beauty of a Number,1,Easy,,,63.492276425490815,False,"['Math', 'String', 'Sliding Window']"
LeetCode,2270,Number of Ways to Split Array,2,Medium,,,55.850147037644426,False,"['Array', 'Prefix Sum']"
LeetCode,2271,Maximum White Tiles Covered by a Carpet,2,Medium,,,35.97378337466585,False,"['Array', 'Binary Search', 'Greedy', 'Sliding Window', 'Sorting', 'Prefix Sum']"
LeetCode,2272,Substring With Largest Variance,3,Hard,,,46.00159972095093,False,"['Hash Table', 'String', 'Dynamic Programming', 'Enumeration']"
LeetCode,2273,Find Resultant Array After Removing Anagrams,1,Easy,,,69.95639940007699,False,"['Array', 'Hash Table', 'String', 'Sorting']"
LeetCode,2274,Maximum Consecutive Floors Without Special Floors,2,Medium,,,52.720934499418995,False,"['Array', 'Sorting']"
LeetCode,2275,Largest Combination With Bitwise AND Greater Than Zero,2,Medium,,,80.76303861851144,False,"['Array', 'Hash Table', 'Bit Manipulation', 'Counting']"
LeetCode,2276,Count Integers in Intervals,3,Hard,,,35.98653491149962,False,"['Design', 'Segment Tree', 'Ordered Set']"
LeetCode,2277,Closest Node to Path in Tree,3,Hard,,,62.50923190546529,True,"['Array', 'Tree', 'Depth-First Search', 'Breadth-First Search']"
LeetCode,2278,Percentage of Letter in String,1,Easy,,,75.21295775881576,False,['String']
LeetCode,2279,Maximum Bags With Full Capacity of Rocks,2,Medium,,,68.13286684209588,False,"['Array', 'Greedy', 'Sorting']"
LeetCode,2280,Minimum Lines to Represent a Line Chart,2,Medium,,,27.14722911497105,False,"['Array', 'Math', 'Geometry', 'Sorting', 'Number Theory']"
LeetCode,2281,Sum of Total Strength of Wizards,3,Hard,,,29.429459994345493,False,"['Array', 'Stack', 'Monotonic Stack', 'Prefix Sum']"
LeetCode,2282,Number of People That Can Be Seen in a Grid,2,Medium,,,47.33344990382934,True,"['Array', 'Stack', 'Matrix', 'Monotonic Stack']"
LeetCode,2283,Check if Number Has Equal Digit Count and Digit Value,1,Easy,,,73.28353437978433,False,"['Hash Table', 'String', 'Counting']"
LeetCode,2284,Sender With Largest Word Count,2,Medium,,,59.86068615324523,False,"['Array', 'Hash Table', 'String', 'Counting']"
LeetCode,2285,Maximum Total Importance of Roads,2,Medium,,,69.08665895914734,False,"['Greedy', 'Graph Theory', 'Sorting', 'Heap (Priority Queue)']"
LeetCode,2286,Booking Concert Tickets in Groups,3,Hard,,,19.732940598919978,False,"['Binary Search', 'Design', 'Binary Indexed Tree', 'Segment Tree']"
LeetCode,2287,Rearrange Characters to Make Target String,1,Easy,,,61.41205826526478,False,"['Hash Table', 'String', 'Counting']"
LeetCode,2288,Apply Discount to Prices,2,Medium,,,34.393972415081414,False,['String']
LeetCode,2289,Steps to Make Array Non-decreasing,2,Medium,,,24.938956800793754,False,"['Array', 'Linked List', 'Dynamic Programming', 'Stack', 'Monotonic Stack', 'Simulation']"
LeetCode,2290,Minimum Obstacle Removal to Reach Corner,3,Hard,,,70.73279461887458,False,"['Array', 'Breadth-First Search', 'Graph Theory', 'Heap (Priority Queue)', 'Matrix', 'Shortest Path']"
LeetCode,2291,Maximum Profit From Trading Stocks,2,Medium,,,48.24804367117541,True,"['Array', 'Dynamic Programming']"
LeetCode,2293,Min Max Game,1,Easy,,,64.44697292940786,False,"['Array', 'Simulation']"
LeetCode,2294,Partition Array Such That Maximum Difference Is K,2,Medium,,,81.81037362217874,False,"['Array', 'Greedy', 'Sorting']"
LeetCode,2295,Replace Elements in an Array,2,Medium,,,59.86469728780679,False,"['Array', 'Hash Table', 'Simulation']"
LeetCode,2296,Design a Text Editor,3,Hard,,,50.96481790921784,False,"['Linked List', 'String', 'Stack', 'Design', 'Simulation', 'Doubly-Linked List']"
LeetCode,2297,Jump Game VIII,2,Medium,,,45.857287791680754,True,"['Array', 'Dynamic Programming', 'Stack', 'Graph Theory', 'Monotonic Stack', 'Shortest Path']"
LeetCode,2299,Strong Password Checker II,1,Easy,,,55.464023563513955,False,['String']
LeetCode,2300,Successful Pairs of Spells and Potions,2,Medium,,,49.65888164996635,False,"['Array', 'Two Pointers', 'Binary Search', 'Sorting']"
LeetCode,2301,Match Substring After Replacement,3,Hard,,,43.40949033391915,False,"['Array', 'Hash Table', 'String', 'String Matching']"
LeetCode,2302,Count Subarrays With Score Less Than K,3,Hard,,,62.22605637307762,False,"['Array', 'Binary Search', 'Sliding Window', 'Prefix Sum']"
LeetCode,2303,Calculate Amount Paid in Taxes,1,Easy,,,69.41869161097328,False,"['Array', 'Simulation']"
LeetCode,2304,Minimum Path Cost in a Grid,2,Medium,,,68.17685144413458,False,"['Array', 'Dynamic Programming', 'Matrix']"
LeetCode,2305,Fair Distribution of Cookies,2,Medium,,,69.96962319104396,False,"['Array', 'Dynamic Programming', 'Backtracking', 'Bit Manipulation', 'Bitmask']"
LeetCode,2306,Naming a Company,3,Hard,,,46.53297028864874,False,"['Array', 'Hash Table', 'String', 'Bit Manipulation', 'Enumeration']"
LeetCode,2307,Check for Contradictions in Equations,3,Hard,,,43.982890515752246,True,"['Array', 'String', 'Depth-First Search', 'Union-Find', 'Graph Theory']"
LeetCode,2309,Greatest English Letter in Upper and Lower Case,1,Easy,,,72.61161514231284,False,"['Hash Table', 'String', 'Enumeration']"
LeetCode,2310,Sum of Numbers With Units Digit K,2,Medium,,,28.34530152111806,False,"['Math', 'Dynamic Programming', 'Greedy', 'Enumeration']"
LeetCode,2311,Longest Binary Subsequence Less Than or Equal to K,2,Medium,,,52.772432269262694,False,"['String', 'Dynamic Programming', 'Greedy', 'Memoization']"
LeetCode,2312,Selling Pieces of Wood,3,Hard,,,53.00877628746481,False,"['Array', 'Dynamic Programming', 'Memoization']"
LeetCode,2313,Minimum Flips in Binary Tree to Get Result,3,Hard,,,56.910834968388926,True,"['Dynamic Programming', 'Tree', 'Depth-First Search', 'Binary Tree']"
LeetCode,2315,Count Asterisks,1,Easy,,,83.47640020981292,False,['String']
LeetCode,2316,Count Unreachable Pairs of Nodes in an Undirected Graph,2,Medium,,,50.020202514907005,False,"['Depth-First Search', 'Breadth-First Search', 'Union-Find', 'Graph Theory']"
LeetCode,2317,Maximum XOR After Operations ,2,Medium,,,79.90035271193547,False,"['Array', 'Math', 'Bit Manipulation']"
LeetCode,2318,Number of Distinct Roll Sequences,3,Hard,,,58.226978998384496,False,"['Dynamic Programming', 'Memoization']"
LeetCode,2319,Check if Matrix Is X-Matrix,1,Easy,,,66.77042599127728,False,"['Array', 'Matrix']"
LeetCode,2320,Count Number of Ways to Place Houses,2,Medium,,,43.98323049775578,False,['Dynamic Programming']
LeetCode,2321,Maximum Score Of Spliced Array,3,Hard,,,58.57769678950776,False,"['Array', 'Dynamic Programming']"
LeetCode,2322,Minimum Score After Removals on a Tree,3,Hard,,,76.08033090236204,False,"['Array', 'Bit Manipulation', 'Tree', 'Depth-First Search']"
LeetCode,2323,Find Minimum Time to Finish All Jobs II,2,Medium,,,66.10668872118268,True,"['Array', 'Greedy', 'Sorting']"
LeetCode,2325,Decode the Message,1,Easy,,,85.87063641540011,False,"['Hash Table', 'String']"
LeetCode,2326,Spiral Matrix IV,2,Medium,,,82.31422599724286,False,"['Array', 'Linked List', 'Matrix', 'Simulation']"
LeetCode,2327,Number of People Aware of a Secret,2,Medium,,,60.705605904842216,False,"['Dynamic Programming', 'Queue', 'Simulation']"
LeetCode,2328,Number of Increasing Paths in a Grid,3,Hard,,,57.34997134514096,False,"['Array', 'Dynamic Programming', 'Depth-First Search', 'Breadth-First Search', 'Graph Theory', 'Topological Sort', 'Memoization', 'Matrix']"
LeetCode,2330,Valid Palindrome IV,2,Medium,,,75.63001247549457,True,"['Two Pointers', 'String']"
LeetCode,2331,Evaluate Boolean Binary Tree,1,Easy,,,82.42339691925142,False,"['Tree', 'Depth-First Search', 'Binary Tree']"
LeetCode,2332,The Latest Time to Catch a Bus,2,Medium,,,30.073295145022037,False,"['Array', 'Two Pointers', 'Binary Search', 'Sorting']"
LeetCode,2333,Minimum Sum of Squared Difference,2,Medium,,,26.922010206345686,False,"['Array', 'Binary Search', 'Greedy', 'Sorting', 'Heap (Priority Queue)']"
LeetCode,2334,Subarray With Elements Greater Than Varying Threshold,3,Hard,,,45.61613740762932,False,"['Array', 'Stack', 'Union-Find', 'Monotonic Stack']"
LeetCode,2335,Minimum Amount of Time to Fill Cups,1,Easy,,,60.38907536058422,False,"['Array', 'Greedy', 'Sorting', 'Heap (Priority Queue)']"
LeetCode,2336,Smallest Number in Infinite Set,2,Medium,,,70.61233129511095,False,"['Hash Table', 'Design', 'Heap (Priority Queue)', 'Ordered Set']"
LeetCode,2337,Move Pieces to Obtain a String,2,Medium,,,56.63790880932008,False,"['Two Pointers', 'String']"
LeetCode,2338,Count the Number of Ideal Arrays,3,Hard,,,56.957110173041606,False,"['Math', 'Dynamic Programming', 'Combinatorics', 'Number Theory']"
LeetCode,2340,Minimum Adjacent Swaps to Make a Valid Array,2,Medium,,,72.24083231420924,True,"['Array', 'Greedy']"
LeetCode,2341,Maximum Number of Pairs in Array,1,Easy,,,76.19109553964087,False,"['Array', 'Hash Table', 'Counting']"
LeetCode,2342,Max Sum of a Pair With Equal Sum of Digits,2,Medium,,,65.9314906363903,False,"['Array', 'Hash Table', 'Sorting', 'Heap (Priority Queue)']"
LeetCode,2343,Query Kth Smallest Trimmed Number,2,Medium,,,47.76031638053291,False,"['Array', 'String', 'Divide and Conquer', 'Sorting', 'Heap (Priority Queue)', 'Radix Sort', 'Quickselect']"
LeetCode,2344,Minimum Deletions to Make Array Divisible,3,Hard,,,61.45460441794619,False,"['Array', 'Math', 'Sorting', 'Heap (Priority Queue)', 'Number Theory']"
LeetCode,2345,Finding the Number of Visible Mountains,2,Medium,,,37.413481996175705,True,"['Array', 'Stack', 'Sorting', 'Monotonic Stack']"
LeetCode,2347,Best Poker Hand,1,Easy,,,61.807020693989315,False,"['Array', 'Hash Table', 'Counting']"
LeetCode,2348,Number of Zero-Filled Subarrays,2,Medium,,,70.0986739495836,False,"['Array', 'Math']"
LeetCode,2349,Design a Number Container System,2,Medium,,,57.06391761999787,False,"['Hash Table', 'Design', 'Heap (Priority Queue)', 'Ordered Set']"
LeetCode,2350,Shortest Impossible Sequence of Rolls,3,Hard,,,69.17010216884746,False,"['Array', 'Hash Table', 'Greedy']"
LeetCode,2351,First Letter to Appear Twice,1,Easy,,,75.02062880257594,False,"['Hash Table', 'String', 'Bit Manipulation', 'Counting']"
LeetCode,2352,Equal Row and Column Pairs,2,Medium,,,70.98659717692173,False,"['Array', 'Hash Table', 'Matrix', 'Simulation']"
LeetCode,2353,Design a Food Rating System,2,Medium,,,52.873795956148214,False,"['Array', 'Hash Table', 'String', 'Design', 'Heap (Priority Queue)', 'Ordered Set']"
LeetCode,2354,Number of Excellent Pairs,3,Hard,,,49.27946407706489,False,"['Array', 'Hash Table', 'Binary Search', 'Bit Manipulation']"
LeetCode,2355,Maximum Number of Books You Can Take,3,Hard,,,39.49218063609208,True,"['Array', 'Dynamic Programming', 'Stack', 'Monotonic Stack']"
LeetCode,2357,Make Array Zero by Subtracting Equal Amounts,1,Easy,,,73.81695507414189,False,"['Array', 'Hash Table', 'Greedy', 'Sorting', 'Heap (Priority Queue)', 'Simulation']"
LeetCode,2358,Maximum Number of Groups Entering a Competition,2,Medium,,,68.61799609433679,False,"['Array', 'Math', 'Binary Search', 'Greedy']"
LeetCode,2359,Find Closest Node to Given Two Nodes,2,Medium,,,53.02939412117576,False,"['Depth-First Search', 'Graph Theory']"
LeetCode,2360,Longest Cycle in a Graph,3,Hard,,,50.770302593994565,False,"['Depth-First Search', 'Breadth-First Search', 'Graph Theory', 'Topological Sort']"
LeetCode,2361,Minimum Costs Using the Train Line,3,Hard,,,77.89098318899643,True,"['Array', 'Dynamic Programming']"
LeetCode,2363,Merge Similar Items,1,Easy,,,77.5964754067561,False,"['Array', 'Hash Table', 'Sorting', 'Ordered Set']"
LeetCode,2364,Count Number of Bad Pairs,2,Medium,,,54.175244356024564,False,"['Array', 'Hash Table', 'Math', 'Counting']"
LeetCode,2365,Task Scheduler II,2,Medium,,,54.84589436717342,False,"['Array', 'Hash Table', 'Simulation']"
LeetCode,2366,Minimum Replacements to Sort the Array,3,Hard,,,53.12407857233119,False,"['Array', 'Math', 'Greedy']"
LeetCode,2367,Number of Arithmetic Triplets,1,Easy,,,85.53035838276205,False,"['Array', 'Hash Table', 'Two Pointers', 'Enumeration']"
LeetCode,2368,Reachable Nodes With Restrictions,2,Medium,,,60.46643567766904,False,"['Array', 'Hash Table', 'Tree', 'Depth-First Search', 'Breadth-First Search', 'Union-Find', 'Graph Theory']"
LeetCode,2369,Check if There is a Valid Partition For The Array,2,Medium,,,52.421070806481914,False,"['Array', 'Dynamic Programming']"
LeetCode,2370,Longest Ideal Subsequence,2,Medium,,,46.632376968339095,False,"['Hash Table', 'String', 'Dynamic Programming']"
LeetCode,2371,Minimize Maximum Value in a Grid,3,Hard,,,70.06954102920723,True,"['Array', 'Union-Find', 'Graph Theory', 'Topological Sort', 'Sorting', 'Matrix']"
LeetCode,2373,Largest Local Values in a Matrix,1,Easy,,,87.6427987030696,False,"['Array', 'Matrix']"
LeetCode,2374,Node With Highest Edge Score,2,Medium,,,49.41945701841686,False,"['Hash Table', 'Graph Theory']"
LeetCode,2375,Construct Smallest Number From DI String,2,Medium,,,85.5700335580615,False,"['String', 'Backtracking', 'Stack', 'Greedy']"
LeetCode,2376,Count Special Integers,3,Hard,,,43.588363329978705,False,"['Math', 'Dynamic Programming']"
LeetCode,2378,Choose Edges to Maximize Score in a Tree,2,Medium,,,56.76303562209603,True,"['Dynamic Programming', 'Tree', 'Depth-First Search']"
LeetCode,2379,Minimum Recolors to Get K Consecutive Black Blocks,1,Easy,,,68.73464569905134,False,"['String', 'Sliding Window']"
LeetCode,2380,Time Needed to Rearrange a Binary String,2,Medium,,,53.22500883080183,False,"['String', 'Dynamic Programming', 'Simulation']"
LeetCode,2381,Shifting Letters II,2,Medium,,,53.71079686868122,False,"['Array', 'String', 'Prefix Sum']"
LeetCode,2382,Maximum Segment Sum After Removals,3,Hard,,,49.815067159820906,False,"['Array', 'Union-Find', 'Prefix Sum', 'Ordered Set']"
LeetCode,2383,Minimum Hours of Training to Win a Competition,1,Easy,,,42.608504075787614,False,"['Array', 'Greedy']"
LeetCode,2384,Largest Palindromic Number,2,Medium,,,37.20753693913515,False,"['Hash Table', 'String', 'Greedy', 'Counting']"
LeetCode,2385,Amount of Time for Binary Tree to Be Infected,2,Medium,,,65.5514345977228,False,"['Hash Table', 'Tree', 'Depth-First Search', 'Breadth-First Search', 'Binary Tree']"
LeetCode,2386,Find the K-Sum of an Array,3,Hard,,,41.58306755581328,False,"['Array', 'Sorting', 'Heap (Priority Queue)']"
LeetCode,2387,Median of a Row Wise Sorted Matrix,2,Medium,,,71.12059026977174,True,"['Array', 'Binary Search', 'Matrix']"
LeetCode,2389,Longest Subsequence With Limited Sum,1,Easy,,,73.63760336321312,False,"['Array', 'Binary Search', 'Greedy', 'Sorting', 'Prefix Sum']"
LeetCode,2390,Removing Stars From a String,2,Medium,,,79.38624670722606,False,"['String', 'Stack', 'Simulation']"
LeetCode,2391,Minimum Amount of Time to Collect Garbage,2,Medium,,,85.04013555934523,False,"['Array', 'String', 'Prefix Sum']"
LeetCode,2392,Build a Matrix With Conditions,3,Hard,,,79.328029989964,False,"['Array', 'Graph Theory', 'Topological Sort', 'Matrix']"
LeetCode,2393,Count Strictly Increasing Subarrays,2,Medium,,,71.08875436951146,True,"['Array', 'Math', 'Dynamic Programming']"
LeetCode,2395,Find Subarrays With Equal Sum,1,Easy,,,67.10251278630199,False,"['Array', 'Hash Table']"
LeetCode,2396,Strictly Palindromic Number,2,Medium,,,90.33957732949088,False,"['Math', 'Two Pointers', 'Brainteaser']"
LeetCode,2397,Maximum Rows Covered by Columns,2,Medium,,,58.104766506551464,False,"['Array', 'Backtracking', 'Bit Manipulation', 'Matrix', 'Enumeration']"
LeetCode,2398,Maximum Number of Robots Within Budget,3,Hard,,,38.65904177715302,False,"['Array', 'Binary Search', 'Queue', 'Sliding Window', 'Heap (Priority Queue)', 'Prefix Sum', 'Monotonic Queue']"
LeetCode,2399,Check Distances Between Same Letters,1,Easy,,,71.59587137753076,False,"['Array', 'Hash Table', 'String']"
LeetCode,2400,Number of Ways to Reach a Position After Exactly k Steps,2,Medium,,,37.02234441020721,False,"['Math', 'Dynamic Programming', 'Combinatorics']"
LeetCode,2401,Longest Nice Subarray,2,Medium,,,64.80366378057994,False,"['Array', 'Bit Manipulation', 'Sliding Window']"
LeetCode,2402,Meeting Rooms III,3,Hard,,,51.46412346510074,False,"['Array', 'Hash Table', 'Sorting', 'Heap (Priority Queue)', 'Simulation']"
LeetCode,2403,Minimum Time to Kill All Monsters,3,Hard,,,57.61489936917994,True,"['Array', 'Dynamic Programming', 'Bit Manipulation', 'Bitmask']"
LeetCode,2404,Most Frequent Even Element,1,Easy,,,53.79467854287998,False,"['Array', 'Hash Table', 'Counting']"
LeetCode,2405,Optimal Partition of String,2,Medium,,,78.43976688301481,False,"['Hash Table', 'String', 'Greedy']"
LeetCode,2406,Divide Intervals Into Minimum Number of Groups,2,Medium,,,63.55800542443101,False,"['Array', 'Two Pointers', 'Greedy', 'Sorting', 'Heap (Priority Queue)', 'Prefix Sum']"
LeetCode,2407,Longest Increasing Subsequence II,3,Hard,,,26.29945612724729,False,"['Array', 'Divide and Conquer', 'Dynamic Programming', 'Binary Indexed Tree', 'Segment Tree', 'Queue', 'Monotonic Queue']"
LeetCode,2408,Design SQL,2,Medium,,,64.005774957139,True,"['Array', 'Hash Table', 'String', 'Design']"
LeetCode,2409,Count Days Spent Together,1,Easy,,,48.10917310688212,False,"['Math', 'String']"
LeetCode,2410,Maximum Matching of Players With Trainers,2,Medium,,,75.33116971795344,False,"['Array', 'Two Pointers', 'Greedy', 'Sorting']"
LeetCode,2411,Smallest Subarrays With Maximum Bitwise OR,2,Medium,,,61.94404544689882,False,"['Array', 'Binary Search', 'Bit Manipulation', 'Sliding Window']"
LeetCode,2412,Minimum Money Required Before Transactions,3,Hard,,,42.18939210462582,False,"['Array', 'Greedy', 'Sorting']"
LeetCode,2413,Smallest Even Multiple,1,Easy,,,88.37498822753814,False,"['Math', 'Number Theory']"
LeetCode,2414,Length of the Longest Alphabetical Continuous Substring,2,Medium,,,60.81655071402417,False,['String']
LeetCode,2415,Reverse Odd Levels of Binary Tree,2,Medium,,,86.6594054912639,False,"['Tree', 'Depth-First Search', 'Breadth-First Search', 'Binary Tree']"
LeetCode,2416,Sum of Prefix Scores of Strings,3,Hard,,,60.839223494275764,False,"['Array', 'String', 'Trie', 'Counting']"
LeetCode,2417,Closest Fair Integer,2,Medium,,,44.34915773353752,True,"['Math', 'Enumeration']"
LeetCode,2418,Sort the People,1,Easy,,,84.8137805048598,False,"['Array', 'Hash Table', 'String', 'Sorting']"
LeetCode,2419,Longest Subarray With Maximum Bitwise AND,2,Medium,,,65.36210154452843,False,"['Array', 'Bit Manipulation', 'Brainteaser']"
LeetCode,2420,Find All Good Indices,2,Medium,,,41.01491203019655,False,"['Array', 'Dynamic Programming', 'Prefix Sum']"
LeetCode,2421,Number of Good Paths,3,Hard,,,56.38249771794675,False,"['Array', 'Hash Table', 'Tree', 'Union-Find', 'Graph Theory', 'Sorting']"
LeetCode,2422,Merge Operations to Turn Array Into a Palindrome,2,Medium,,,68.89392630972941,True,"['Array', 'Two Pointers', 'Greedy']"
LeetCode,2423,Remove Letter To Equalize Frequency,1,Easy,,,19.421695384416243,False,"['Hash Table', 'String', 'Counting']"
LeetCode,2424,Longest Uploaded Prefix,2,Medium,,,55.13922051552013,False,"['Hash Table', 'Binary Search', 'Union-Find', 'Design', 'Binary Indexed Tree', 'Segment Tree', 'Heap (Priority Queue)', 'Ordered Set']"
LeetCode,2425,Bitwise XOR of All Pairings,2,Medium,,,66.87637772338141,False,"['Array', 'Bit Manipulation', 'Brainteaser']"
LeetCode,2426,Number of Pairs Satisfying Inequality,3,Hard,,,47.42320080765347,False,"['Array', 'Binary Search', 'Divide and Conquer', 'Binary Indexed Tree', 'Segment Tree', 'Merge Sort', 'Ordered Set']"
LeetCode,2427,Number of Common Factors,1,Easy,,,80.13035853375321,False,"['Math', 'Enumeration', 'Number Theory']"
LeetCode,2428,Maximum Sum of an Hourglass,2,Medium,,,76.35151061381251,False,"['Array', 'Matrix', 'Prefix Sum']"
LeetCode,2429,Minimize XOR,2,Medium,,,62.395017793594306,False,"['Greedy', 'Bit Manipulation']"
LeetCode,2430,Maximum Deletions on a String,3,Hard,,,36.055340660240276,False,"['String', 'Dynamic Programming', 'Rolling Hash', 'String Matching', 'Hash Function']"
LeetCode,2431,Maximize Total Tastiness of Purchased Fruits,2,Medium,,,64.61807209782437,True,"['Array', 'Dynamic Programming']"
LeetCode,2432,The Employee That Worked on the Longest Task,1,Easy,,,51.80674115714715,False,['Array']
LeetCode,2433,Find The Original Array of Prefix Xor,2,Medium,,,88.38466676056466,False,"['Array', 'Bit Manipulation']"
LeetCode,2434,Using a Robot to Print the Lexicographically Smallest String,2,Medium,,,62.29384198912623,False,"['Hash Table', 'String', 'Stack', 'Greedy']"
LeetCode,2435,Paths in Matrix Whose Sum Is Divisible by K,3,Hard,,,58.753026835633825,False,"['Array', 'Dynamic Programming', 'Matrix']"
LeetCode,2436,Minimum Split Into Subarrays With GCD Greater Than One,2,Medium,,,70.33333333333334,True,"['Array', 'Math', 'Dynamic Programming', 'Greedy', 'Number Theory']"
LeetCode,2437,Number of Valid Clock Times,1,Easy,,,48.140781736423385,False,"['String', 'Enumeration']"
LeetCode,2438,Range Product Queries of Powers,2,Medium,,,61.24215571074521,False,"['Array', 'Bit Manipulation', 'Prefix Sum']"
LeetCode,2439,Minimize Maximum of Array,2,Medium,,,46.54526175053595,False,"['Array', 'Binary Search', 'Dynamic Programming', 'Greedy', 'Prefix Sum']"
LeetCode,2440,Create Components With Same Value,3,Hard,,,53.691149656365425,False,"['Array', 'Math', 'Tree', 'Depth-First Search', 'Enumeration']"
LeetCode,2441,Largest Positive Integer That Exists With Its Negative,1,Easy,,,74.5657918929525,False,"['Array', 'Hash Table', 'Two Pointers', 'Sorting']"
LeetCode,2442,Count Number of Distinct Integers After Reverse Operations,2,Medium,,,81.59038749246086,False,"['Array', 'Hash Table', 'Math', 'Counting']"
LeetCode,2443,Sum of Number and Its Reverse,2,Medium,,,49.73196603174932,False,"['Math', 'Enumeration']"
LeetCode,2444,Count Subarrays With Fixed Bounds,3,Hard,,,69.20667567726392,False,"['Array', 'Queue', 'Sliding Window', 'Monotonic Queue']"
LeetCode,2445,Number of Nodes With Value One,2,Medium,,,66.17745163442295,True,"['Array', 'Tree', 'Depth-First Search', 'Breadth-First Search', 'Binary Tree']"
LeetCode,2446,Determine if Two Events Have Conflict,1,Easy,,,53.37967111477078,False,"['Array', 'String']"
LeetCode,2447,Number of Subarrays With GCD Equal to K,2,Medium,,,52.70860967080671,False,"['Array', 'Math', 'Number Theory']"
LeetCode,2448,Minimum Cost to Make Array Equal,3,Hard,,,46.82073036874425,False,"['Array', 'Binary Search', 'Greedy', 'Sorting', 'Prefix Sum']"
LeetCode,2449,Minimum Number of Operations to Make Arrays Similar,3,Hard,,,61.373286843649666,False,"['Array', 'Greedy', 'Sorting']"
LeetCode,2450,Number of Distinct Binary Strings After Applying Operations,2,Medium,,,63.92463235294118,True,"['Math', 'String']"
LeetCode,2451,Odd String Difference,1,Easy,,,62.059661425519096,False,"['Array', 'Hash Table', 'String']"
LeetCode,2452,Words Within Two Edits of Dictionary,2,Medium,,,73.47446480541355,False,"['Array', 'String', 'Trie']"
LeetCode,2453,Destroy Sequential Targets,2,Medium,,,42.09787510308645,False,"['Array', 'Hash Table', 'Counting']"
LeetCode,2454,Next Greater Element IV,3,Hard,,,42.04151130461021,False,"['Array', 'Binary Search', 'Stack', 'Sorting', 'Heap (Priority Queue)', 'Monotonic Stack']"
LeetCode,2455,Average Value of Even Numbers That Are Divisible by Three,1,Easy,,,63.322066948326295,False,"['Array', 'Math']"
LeetCode,2456,Most Popular Video Creator,2,Medium,,,45.41189066633077,False,"['Array', 'Hash Table', 'String', 'Sorting', 'Heap (Priority Queue)']"
LeetCode,2457,Minimum Addition to Make Integer Beautiful,2,Medium,,,38.7816983209884,False,"['Math', 'Greedy']"
LeetCode,2458,Height of Binary Tree After Subtree Removal Queries,3,Hard,,,54.90862066279233,False,"['Array', 'Tree', 'Depth-First Search', 'Breadth-First Search', 'Binary Tree']"
LeetCode,2459,Sort Array by Moving Items to Empty Space,3,Hard,,,45.65577473272098,True,"['Array', 'Hash Table', 'Sorting']"
LeetCode,2460,Apply Operations to an Array,1,Easy,,,74.7365997199322,False,"['Array', 'Two Pointers', 'Simulation']"
LeetCode,2461,Maximum Sum of Distinct Subarrays With Length K,2,Medium,,,43.117512302991564,False,"['Array', 'Hash Table', 'Sliding Window']"
LeetCode,2462,Total Cost to Hire K Workers,2,Medium,,,43.691735596782,False,"['Array', 'Two Pointers', 'Heap (Priority Queue)', 'Simulation']"
LeetCode,2463,Minimum Total Distance Traveled,3,Hard,,,63.13952621475034,False,"['Array', 'Dynamic Programming', 'Sorting']"
LeetCode,2464,Minimum Subarrays in a Valid Split,2,Medium,,,64.78363208401231,True,"['Array', 'Math', 'Dynamic Programming', 'Number Theory']"
LeetCode,2465,Number of Distinct Averages,1,Easy,,,59.01149814521218,False,"['Array', 'Hash Table', 'Two Pointers', 'Sorting']"
LeetCode,2466,Count Ways To Build Good Strings,2,Medium,,,58.877918922760806,False,['Dynamic Programming']
LeetCode,2467,Most Profitable Path in a Tree,2,Medium,,,67.29408028532866,False,"['Array', 'Tree', 'Depth-First Search', 'Breadth-First Search', 'Graph Theory']"
LeetCode,2468,Split Message Based on Limit,3,Hard,,,42.13379910121354,False,"['String', 'Enumeration']"
LeetCode,2469,Convert the Temperature,1,Easy,,,90.29302375702997,False,['Math']
LeetCode,2470,Number of Subarrays With LCM Equal to K,2,Medium,,,45.59691649699717,False,"['Array', 'Math', 'Number Theory']"
LeetCode,2471,Minimum Number of Operations to Sort a Binary Tree by Level,2,Medium,,,74.23872699484993,False,"['Tree', 'Breadth-First Search', 'Binary Tree']"
LeetCode,2472,Maximum Number of Non-overlapping Palindrome Substrings,3,Hard,,,44.80036282397998,False,"['Two Pointers', 'String', 'Dynamic Programming', 'Greedy']"
LeetCode,2473,Minimum Cost to Buy Apples,2,Medium,,,67.30055238612695,True,"['Array', 'Graph Theory', 'Heap (Priority Queue)', 'Shortest Path']"
LeetCode,2475,Number of Unequal Triplets in Array,1,Easy,,,73.43495141170254,False,"['Array', 'Hash Table', 'Sorting']"
LeetCode,2476,Closest Nodes Queries in a Binary Search Tree,2,Medium,,,44.59151123122591,False,"['Array', 'Binary Search', 'Tree', 'Depth-First Search', 'Binary Search Tree', 'Binary Tree']"
LeetCode,2477,Minimum Fuel Cost to Report to the Capital,2,Medium,,,65.36644544351672,False,"['Tree', 'Depth-First Search', 'Breadth-First Search', 'Graph Theory']"
LeetCode,2478,Number of Beautiful Partitions,3,Hard,,,33.122013069345556,False,"['String', 'Dynamic Programming', 'Prefix Sum']"
LeetCode,2479,Maximum XOR of Two Non-Overlapping Subtrees,3,Hard,,,52.242744063324544,True,"['Tree', 'Depth-First Search', 'Graph Theory', 'Trie']"
LeetCode,2481,Minimum Cuts to Divide a Circle,1,Easy,,,56.302944885394254,False,"['Math', 'Geometry']"
LeetCode,2482,Difference Between Ones and Zeros in Row and Column,2,Medium,,,84.46248117448238,False,"['Array', 'Matrix', 'Simulation']"
LeetCode,2483,Minimum Penalty for a Shop,2,Medium,,,71.2403303068206,False,"['String', 'Prefix Sum']"
LeetCode,2484,Count Palindromic Subsequences,3,Hard,,,41.25940197858387,False,"['String', 'Dynamic Programming']"
LeetCode,2485,Find the Pivot Integer,1,Easy,,,83.8094787004218,False,"['Math', 'Prefix Sum']"
LeetCode,2486,Append Characters to String to Make Subsequence,2,Medium,,,73.08409592221273,False,"['Two Pointers', 'String', 'Greedy']"
LeetCode,2487,Remove Nodes From Linked List,2,Medium,,,74.98598916495423,False,"['Linked List', 'Stack', 'Recursion', 'Monotonic Stack']"
LeetCode,2488,Count Subarrays With Median K,3,Hard,,,48.918949902556456,False,"['Array', 'Hash Table', 'Prefix Sum']"
LeetCode,2489,Number of Substrings With Fixed Ratio,2,Medium,,,57.128937966872364,True,"['Hash Table', 'Math', 'String', 'Prefix Sum']"
LeetCode,2490,Circular Sentence,1,Easy,,,70.16879292705197,False,['String']
LeetCode,2491,Divide Players Into Teams of Equal Skill,2,Medium,,,68.92850058666703,False,"['Array', 'Hash Table', 'Two Pointers', 'Sorting']"
LeetCode,2492,Minimum Score of a Path Between Two Cities,2,Medium,,,58.90055648127771,False,"['Depth-First Search', 'Breadth-First Search', 'Union-Find', 'Graph Theory']"
LeetCode,2493,Divide Nodes Into the Maximum Number of Groups,3,Hard,,,66.88928511043821,False,"['Depth-First Search', 'Breadth-First Search', 'Union-Find', 'Graph Theory']"
LeetCode,2495,Number of Subarrays Having Even Product,2,Medium,,,63.35252435783879,True,"['Array', 'Math', 'Dynamic Programming']"
LeetCode,2496,Maximum Value of a String in an Array,1,Easy,,,74.32069341547593,False,"['Array', 'String']"
LeetCode,2497,Maximum Star Sum of a Graph,2,Medium,,,42.431165401122485,False,"['Array', 'Greedy', 'Graph Theory', 'Sorting', 'Heap (Priority Queue)']"
LeetCode,2498,Frog Jump II,2,Medium,,,62.309739222990956,False,"['Array', 'Binary Search', 'Greedy']"
LeetCode,2499,Minimum Total Cost to Make Arrays Unequal,3,Hard,,,41.298272357723576,False,"['Array', 'Hash Table', 'Greedy', 'Counting']"
LeetCode,2500,Delete Greatest Value in Each Row,1,Easy,,,79.97153279694531,False,"['Array', 'Sorting', 'Heap (Priority Queue)', 'Matrix', 'Simulation']"
LeetCode,2501,Longest Square Streak in an Array,2,Medium,,,53.101752958329094,False,"['Array', 'Hash Table', 'Binary Search', 'Dynamic Programming', 'Sorting']"
LeetCode,2502,Design Memory Allocator,2,Medium,,,50.24791559806495,False,"['Array', 'Hash Table', 'Design', 'Simulation']"
LeetCode,2503,Maximum Number of Points From Grid Queries,3,Hard,,,59.258106044729196,False,"['Array', 'Two Pointers', 'Breadth-First Search', 'Union-Find', 'Sorting', 'Heap (Priority Queue)', 'Matrix']"
LeetCode,2505,Bitwise OR of All Subsequence Sums,2,Medium,,,64.15417558886509,True,"['Array', 'Math', 'Bit Manipulation', 'Brainteaser', 'Prefix Sum']"
LeetCode,2506,Count Pairs Of Similar Strings,1,Easy,,,73.7758065157723,False,"['Array', 'Hash Table', 'String', 'Bit Manipulation', 'Counting']"
LeetCode,2507,Smallest Value After Replacing With Sum of Prime Factors,2,Medium,,,50.09486532112285,False,"['Math', 'Simulation', 'Number Theory']"
LeetCode,2508,Add Edges to Make Degrees of All Nodes Even,3,Hard,,,36.35513031405158,False,"['Hash Table', 'Graph Theory']"
LeetCode,2509,Cycle Length Queries in a Tree,3,Hard,,,60.53814382896016,False,"['Array', 'Tree', 'Binary Tree']"
LeetCode,2510,Check if There is a Path With Equal Number of 0's And 1's,2,Medium,,,52.037982042503714,True,"['Array', 'Dynamic Programming', 'Matrix']"
LeetCode,2511,Maximum Enemy Forts That Can Be Captured,1,Easy,,,41.503069632811226,False,"['Array', 'Two Pointers']"
LeetCode,2512,Reward Top K Students,2,Medium,,,47.13374838341003,False,"['Array', 'Hash Table', 'String', 'Sorting', 'Heap (Priority Queue)']"
LeetCode,2513,Minimize the Maximum of Two Arrays,2,Medium,,,32.406358556109346,False,"['Math', 'Binary Search', 'Number Theory']"
LeetCode,2514,Count Anagrams,3,Hard,,,37.85755046722306,False,"['Hash Table', 'Math', 'String', 'Combinatorics', 'Counting']"
LeetCode,2515,Shortest Distance to Target String in a Circular Array,1,Easy,,,65.21881750914962,False,"['Array', 'String']"
LeetCode,2516,Take K of Each Character From Left and Right,2,Medium,,,51.48401523789321,False,"['Hash Table', 'String', 'Sliding Window']"
LeetCode,2517,Maximum Tastiness of Candy Basket,2,Medium,,,68.27002002823653,False,"['Array', 'Binary Search', 'Greedy', 'Sorting']"
LeetCode,2518,Number of Great Partitions,3,Hard,,,33.608538540694475,False,"['Array', 'Dynamic Programming']"
LeetCode,2519,Count the Number of K-Big Indices,3,Hard,,,53.651854692893544,True,"['Array', 'Binary Search', 'Divide and Conquer', 'Binary Indexed Tree', 'Segment Tree', 'Merge Sort', 'Ordered Set']"
LeetCode,2520,Count the Digits That Divide a Number,1,Easy,,,85.91656236194964,False,['Math']
LeetCode,2521,Distinct Prime Factors of Product of Array,2,Medium,,,54.72981929041665,False,"['Array', 'Hash Table', 'Math', 'Number Theory']"
LeetCode,2522,Partition String Into Substrings With Values at Most K,2,Medium,,,47.80131431767337,False,"['String', 'Dynamic Programming', 'Greedy']"
LeetCode,2523,Closest Prime Numbers in Range,2,Medium,,,51.825177425352024,False,"['Math', 'Number Theory']"
LeetCode,2524,Maximum Frequency Score of a Subarray,3,Hard,,,36.252937406537065,True,"['Array', 'Hash Table', 'Math', 'Stack', 'Sliding Window']"
LeetCode,2525,Categorize Box According to Criteria,1,Easy,,,39.23925867295889,False,['Math']
LeetCode,2526,Find Consecutive Integers from a Data Stream,2,Medium,,,51.323233677436654,False,"['Hash Table', 'Design', 'Queue', 'Counting', 'Data Stream']"
LeetCode,2527,Find Xor-Beauty of Array,2,Medium,,,70.93197173655166,False,"['Array', 'Math', 'Bit Manipulation']"
LeetCode,2528,Maximize the Minimum Powered City,3,Hard,,,61.5887272433915,False,"['Array', 'Binary Search', 'Greedy', 'Queue', 'Sliding Window', 'Prefix Sum']"
LeetCode,2529,Maximum Count of Positive Integer and Negative Integer,1,Easy,,,74.26838723636997,False,"['Array', 'Binary Search', 'Counting']"
LeetCode,2530,Maximal Score After Applying K Operations,2,Medium,,,64.10126327366798,False,"['Array', 'Greedy', 'Heap (Priority Queue)']"
LeetCode,2531,Make Number of Distinct Characters Equal,2,Medium,,,27.690134478472146,False,"['Hash Table', 'String', 'Counting']"
LeetCode,2532,Time to Cross a Bridge,3,Hard,,,44.266586880095744,False,"['Array', 'Heap (Priority Queue)', 'Simulation']"
LeetCode,2533,Number of Good Binary Strings,2,Medium,,,52.93400189727605,True,['Dynamic Programming']
LeetCode,2534,Time Taken to Cross the Door,3,Hard,,,50.337126000842815,True,"['Array', 'Queue', 'Simulation']"
LeetCode,2535,Difference Between Element Sum and Digit Sum of an Array,1,Easy,,,85.33338133928608,False,"['Array', 'Math']"
LeetCode,2536,Increment Submatrices by One,2,Medium,,,73.83700878456514,False,"['Array', 'Matrix', 'Prefix Sum']"
LeetCode,2537,Count the Number of Good Subarrays,2,Medium,,,65.82228938046521,False,"['Array', 'Hash Table', 'Sliding Window']"
LeetCode,2538,Difference Between Maximum and Minimum Price Sum,3,Hard,,,33.67389244254916,False,"['Array', 'Dynamic Programming', 'Tree', 'Depth-First Search']"
LeetCode,2539,Count the Number of Good Subsequences,2,Medium,,,48.58572925154231,True,"['Hash Table', 'Math', 'String', 'Combinatorics', 'Counting']"
LeetCode,2540,Minimum Common Value,1,Easy,,,60.809216018447266,False,"['Array', 'Hash Table', 'Two Pointers', 'Binary Search']"
LeetCode,2541,Minimum Operations to Make Array Equal II,2,Medium,,,33.23070536548241,False,"['Array', 'Math', 'Greedy']"
LeetCode,2542,Maximum Subsequence Score,2,Medium,,,54.747032231468474,False,"['Array', 'Greedy', 'Sorting', 'Heap (Priority Queue)']"
LeetCode,2543,Check if Point Is Reachable,3,Hard,,,44.98626373626374,False,"['Math', 'Number Theory']"
LeetCode,2544,Alternating Digit Sum,1,Easy,,,69.1780866381465,False,['Math']
LeetCode,2545,Sort the Students by Their Kth Score,2,Medium,,,86.01681806676605,False,"['Array', 'Sorting', 'Matrix']"
LeetCode,2546,Apply Bitwise Operations to Make Strings Equal,2,Medium,,,42.72481381303494,False,"['String', 'Bit Manipulation']"
LeetCode,2547,Minimum Cost to Split an Array,3,Hard,,,44.64885993485342,False,"['Array', 'Hash Table', 'Dynamic Programming', 'Counting']"
LeetCode,2548,Maximum Price to Fill a Bag,2,Medium,,,64.58602846054333,True,"['Array', 'Greedy', 'Sorting']"
LeetCode,2549,Count Distinct Numbers on Board,1,Easy,,,61.83515272532048,False,"['Array', 'Hash Table', 'Math', 'Simulation']"
LeetCode,2550,Count Collisions of Monkeys on a Polygon,2,Medium,,,30.182437522518097,False,"['Math', 'Recursion']"
LeetCode,2551,Put Marbles in Bags,3,Hard,,,72.10495599598478,False,"['Array', 'Greedy', 'Sorting', 'Heap (Priority Queue)']"
LeetCode,2552,Count Increasing Quadruplets,3,Hard,,,34.48181569592562,False,"['Array', 'Dynamic Programming', 'Binary Indexed Tree', 'Enumeration', 'Prefix Sum']"
LeetCode,2553,Separate the Digits in an Array,1,Easy,,,85.79190033007475,False,"['Array', 'Simulation']"
LeetCode,2554,Maximum Number of Integers to Choose From a Range I,2,Medium,,,68.00602712204922,False,"['Array', 'Hash Table', 'Binary Search', 'Greedy', 'Sorting']"
LeetCode,2555,Maximize Win From Two Segments,2,Medium,,,37.8641228478362,False,"['Array', 'Binary Search', 'Sliding Window']"
LeetCode,2556,Disconnect Path in a Binary Matrix by at Most One Flip,2,Medium,,,27.959814082392683,False,"['Array', 'Dynamic Programming', 'Depth-First Search', 'Breadth-First Search', 'Matrix']"
LeetCode,2557,Maximum Number of Integers to Choose From a Range II,2,Medium,,,34.93620037807184,True,"['Array', 'Binary Search', 'Greedy', 'Sorting']"
LeetCode,2558,Take Gifts From the Richest Pile,1,Easy,,,75.49887522243736,False,"['Array', 'Heap (Priority Queue)', 'Simulation']"
LeetCode,2559,Count Vowel Strings in Ranges,2,Medium,,,67.84782192151914,False,"['Array', 'String', 'Prefix Sum']"
LeetCode,2560,House Robber IV,2,Medium,,,64.67616970404913,False,"['Array', 'Binary Search', 'Dynamic Programming', 'Greedy']"
LeetCode,2561,Rearranging Fruits,3,Hard,,,57.30029144383477,False,"['Array', 'Hash Table', 'Greedy', 'Sort']"
LeetCode,2562,Find the Array Concatenation Value,1,Easy,,,72.04368015512578,False,"['Array', 'Two Pointers', 'Simulation']"
LeetCode,2563,Count the Number of Fair Pairs,2,Medium,,,52.640266916536035,False,"['Array', 'Two Pointers', 'Binary Search', 'Sorting']"
LeetCode,2564,Substring XOR Queries,2,Medium,,,35.675594017739606,False,"['Array', 'Hash Table', 'String', 'Bit Manipulation']"
LeetCode,2565,Subsequence With the Minimum Score,3,Hard,,,33.491752865529776,False,"['Two Pointers', 'String', 'Binary Search']"
LeetCode,2566,Maximum Difference by Remapping a Digit,1,Easy,,,75.74908518304746,False,"['Math', 'Greedy']"
LeetCode,2567,Minimum Score by Changing Two Elements,2,Medium,,,50.03587970513406,False,"['Array', 'Greedy', 'Sorting']"
LeetCode,2568,Minimum Impossible OR,2,Medium,,,59.17473226046618,False,"['Array', 'Bit Manipulation', 'Brainteaser']"
LeetCode,2569,Handling Sum Queries After Update,3,Hard,,,31.288784622370216,False,"['Array', 'Segment Tree']"
LeetCode,2570,Merge Two 2D Arrays by Summing Values,1,Easy,,,81.66876364297842,False,"['Array', 'Hash Table', 'Two Pointers']"
LeetCode,2571,Minimum Operations to Reduce an Integer to 0,2,Medium,,,62.65058958750159,False,"['Dynamic Programming', 'Greedy', 'Bit Manipulation']"
LeetCode,2572,Count the Number of Square-Free Subsets,2,Medium,,,26.707935560859188,False,"['Array', 'Math', 'Dynamic Programming', 'Bit Manipulation', 'Number Theory', 'Bitmask']"
LeetCode,2573,Find the String with LCP,3,Hard,,,63.11320196461329,False,"['Array', 'String', 'Dynamic Programming', 'Greedy', 'Union-Find', 'Matrix']"
LeetCode,2574,Left and Right Sum Differences,1,Easy,,,89.60769069760488,False,"['Array', 'Prefix Sum']"
LeetCode,2575,Find the Divisibility Array of a String,2,Medium,,,36.613944162481985,False,"['Array', 'Math', 'String']"
LeetCode,2576,Find the Maximum Number of Marked Indices,2,Medium,,,41.369707980283835,False,"['Array', 'Two Pointers', 'Binary Search', 'Greedy', 'Sorting']"
LeetCode,2577,Minimum Time to Visit a Cell In a Grid,3,Hard,,,56.197448626908816,False,"['Array', 'Breadth-First Search', 'Graph Theory', 'Heap (Priority Queue)', 'Matrix', 'Shortest Path']"
LeetCode,2578,Split With Minimum Sum,1,Easy,,,73.6582008396999,False,"['Math', 'Greedy', 'Sorting']"
LeetCode,2579,Count Total Number of Colored Cells,2,Medium,,,66.1113638636943,False,['Math']
LeetCode,2580,Count Ways to Group Overlapping Ranges,2,Medium,,,39.197292069632496,False,"['Array', 'Sorting']"
LeetCode,2581,Count Number of Possible Root Nodes,3,Hard,,,48.438630958535825,False,"['Array', 'Hash Table', 'Dynamic Programming', 'Tree', 'Depth-First Search']"
LeetCode,2582,Pass the Pillow,1,Easy,,,56.573621227887614,False,"['Math', 'Simulation']"
LeetCode,2583,Kth Largest Sum in a Binary Tree,2,Medium,,,58.98192313340868,False,"['Tree', 'Breadth-First Search', 'Sorting', 'Binary Tree']"
LeetCode,2584,Split the Array to Make Coprime Products,3,Hard,,,29.0181905074823,False,"['Array', 'Hash Table', 'Math', 'Number Theory']"
LeetCode,2585,Number of Ways to Earn Points,3,Hard,,,59.89687698548458,False,"['Array', 'Dynamic Programming']"
LeetCode,2586,Count the Number of Vowel Strings in Range,1,Easy,,,74.35020630949674,False,"['Array', 'String', 'Counting']"
LeetCode,2587,Rearrange Array to Maximize Prefix Score,2,Medium,,,42.889994959677416,False,"['Array', 'Greedy', 'Sorting', 'Prefix Sum']"
LeetCode,2588,Count the Number of Beautiful Subarrays,2,Medium,,,54.31756517635956,False,"['Array', 'Hash Table', 'Bit Manipulation', 'Prefix Sum']"
LeetCode,2589,Minimum Time to Complete All Tasks,3,Hard,,,39.98323334468575,False,"['Array', 'Binary Search', 'Stack', 'Greedy', 'Sorting']"
LeetCode,2590,Design a Todo List,2,Medium,,,59.76410668811152,True,"['Array', 'Hash Table', 'String', 'Design', 'Sorting']"
LeetCode,2591,Distribute Money to Maximum Children,1,Easy,,,20.666465134191643,False,"['Math', 'Greedy']"
LeetCode,2592,Maximize Greatness of an Array,2,Medium,,,61.76957788313246,False,"['Array', 'Two Pointers', 'Greedy', 'Sorting']"
LeetCode,2593,Find Score of an Array After Marking All Elements,2,Medium,,,64.51868741945079,False,"['Array', 'Hash Table', 'Sorting', 'Heap (Priority Queue)', 'Simulation']"
LeetCode,2594,Minimum Time to Repair Cars,2,Medium,,,59.50530169388646,False,"['Array', 'Binary Search']"
LeetCode,2595,Number of Even and Odd Bits,1,Easy,,,73.58825509860534,False,['Bit Manipulation']
LeetCode,2596,Check Knight Tour Configuration,2,Medium,,,61.39444049375378,False,"['Array', 'Depth-First Search', 'Breadth-First Search', 'Matrix', 'Simulation']"
LeetCode,2597,The Number of Beautiful Subsets,2,Medium,,,50.9104210074764,False,"['Array', 'Hash Table', 'Math', 'Dynamic Programming', 'Backtracking', 'Sorting', 'Combinatorics']"
LeetCode,2598,Smallest Missing Non-negative Integer After Operations,2,Medium,,,55.94062769995437,False,"['Array', 'Hash Table', 'Math', 'Greedy']"
LeetCode,2599,Make the Prefix Sum Non-negative,2,Medium,,,51.953363447686485,True,"['Array', 'Greedy', 'Heap (Priority Queue)']"
LeetCode,2600,K Items With the Maximum Sum,1,Easy,,,60.37305889920059,False,"['Math', 'Greedy']"
LeetCode,2601,Prime Subtraction Operation,2,Medium,,,55.56088406044369,False,"['Array', 'Math', 'Binary Search', 'Greedy', 'Number Theory']"
LeetCode,2602,Minimum Operations to Make All Array Elements Equal,2,Medium,,,38.49348310109324,False,"['Array', 'Binary Search', 'Sorting', 'Prefix Sum']"
LeetCode,2603,Collect Coins in a Tree,3,Hard,,,40.25620244045207,False,"['Array', 'Tree', 'Graph Theory', 'Topological Sort']"
LeetCode,2604,Minimum Time to Eat All Grains,3,Hard,,,40.92609082813891,True,"['Array', 'Two Pointers', 'Binary Search', 'Sorting']"
LeetCode,2605,Form Smallest Number From Two Digit Arrays,1,Easy,,,55.32747544857122,False,"['Array', 'Hash Table', 'Enumeration']"
LeetCode,2606,Find the Substring With Maximum Cost,2,Medium,,,58.135467458130165,False,"['Array', 'Hash Table', 'String', 'Dynamic Programming']"
LeetCode,2607,Make K-Subarray Sums Equal,2,Medium,,,38.66406887654353,False,"['Array', 'Math', 'Greedy', 'Sorting', 'Number Theory']"
LeetCode,2608,Shortest Cycle in a Graph,3,Hard,,,39.82621469207883,False,"['Breadth-First Search', 'Graph Theory']"
LeetCode,2609,Find the Longest Balanced Substring of a Binary String,1,Easy,,,46.64377401684245,False,['String']
LeetCode,2610,Convert an Array Into a 2D Array With Conditions,2,Medium,,,86.20293274648154,False,"['Array', 'Hash Table']"
LeetCode,2611,Mice and Cheese,2,Medium,,,48.855637047138174,False,"['Array', 'Greedy', 'Sorting', 'Heap (Priority Queue)']"
LeetCode,2612,Minimum Reverse Operations,3,Hard,,,17.08197484862599,False,"['Array', 'Hash Table', 'Breadth-First Search', 'Union-Find', 'Ordered Set']"
LeetCode,2613,Beautiful Pairs,3,Hard,,,48.91256102973813,True,"['Array', 'Math', 'Divide and Conquer', 'Geometry', 'Sorting', 'Ordered Set']"
LeetCode,2614,Prime In Diagonal,1,Easy,,,37.91027019129418,False,"['Array', 'Math', 'Matrix', 'Number Theory']"
LeetCode,2615,Sum of Distances,2,Medium,,,50.3278346024422,False,"['Array', 'Hash Table', 'Prefix Sum']"
LeetCode,2616,Minimize the Maximum Difference of Pairs,2,Medium,,,50.974881537707404,False,"['Array', 'Binary Search', 'Dynamic Programming', 'Greedy', 'Sorting']"
LeetCode,2617,Minimum Number of Visited Cells in a Grid,3,Hard,,,23.88428947112107,False,"['Array', 'Dynamic Programming', 'Stack', 'Breadth-First Search', 'Union-Find', 'Heap (Priority Queue)', 'Matrix', 'Monotonic Stack']"
LeetCode,2638,Count the Number of K-Free Subsets,2,Medium,,,47.34056628737761,True,"['Array', 'Math', 'Dynamic Programming', 'Sorting', 'Combinatorics']"
LeetCode,2639,Find the Width of Columns of a Grid,1,Easy,,,70.49518101011478,False,"['Array', 'Matrix']"
LeetCode,2640,Find the Score of All Prefixes of an Array,2,Medium,,,72.98538290435336,False,"['Array', 'Prefix Sum']"
LeetCode,2641,Cousins in Binary Tree II,2,Medium,,,75.89341165135325,False,"['Hash Table', 'Tree', 'Depth-First Search', 'Breadth-First Search', 'Binary Tree']"
LeetCode,2642,Design Graph With Shortest Path Calculator,3,Hard,,,65.27554498103015,False,"['Graph Theory', 'Design', 'Heap (Priority Queue)', 'Shortest Path']"
LeetCode,2643,Row With Maximum Ones,1,Easy,,,74.27549258252931,False,"['Array', 'Matrix']"
LeetCode,2644,Find the Maximum Divisibility Score,1,Easy,,,52.01833541326678,False,['Array']
LeetCode,2645,Minimum Additions to Make Valid String,2,Medium,,,51.07545237282349,False,"['String', 'Dynamic Programming', 'Stack', 'Greedy']"
LeetCode,2646,Minimize the Total Price of the Trips,3,Hard,,,48.45023357315784,False,"['Array', 'Dynamic Programming', 'Tree', 'Depth-First Search', 'Graph Theory']"
LeetCode,2647,Color the Triangle Red,3,Hard,,,59.36739659367397,True,"['Array', 'Math']"
LeetCode,2651,Calculate Delayed Arrival Time,1,Easy,,,75.51154366658292,False,['Math']
LeetCode,2652,Sum Multiples,1,Easy,,,86.02435666631368,False,['Math']
LeetCode,2653,Sliding Subarray Beauty,2,Medium,,,37.24209327604949,False,"['Array', 'Hash Table', 'Sliding Window']"
LeetCode,2654,Minimum Number of Operations to Make All Array Elements Equal to 1,2,Medium,,,54.708380052570625,False,"['Array', 'Math', 'Number Theory']"
LeetCode,2655,Find Maximal Uncovered Ranges,2,Medium,,,49.755994058985785,True,"['Array', 'Sorting']"
LeetCode,2656,Maximum Sum With Exactly K Elements ,1,Easy,,,80.70206993719742,False,"['Array', 'Greedy']"
LeetCode,2657,Find the Prefix Common Array of Two Arrays,2,Medium,,,88.31354891526811,False,"['Array', 'Hash Table', 'Bit Manipulation']"
LeetCode,2658,Maximum Number of Fish in a Grid,2,Medium,,,70.58670254800197,False,"['Array', 'Depth-First Search', 'Breadth-First Search', 'Union-Find', 'Matrix']"
LeetCode,2659,Make Array Empty,3,Hard,,,27.12944574833002,False,"['Array', 'Binary Search', 'Greedy', 'Binary Indexed Tree', 'Segment Tree', 'Sorting', 'Ordered Set']"
LeetCode,2660,Determine the Winner of a Bowling Game,1,Easy,,,37.71098778405359,False,"['Array', 'Simulation']"
LeetCode,2661,First Completely Painted Row or Column,2,Medium,,,63.859931351390095,False,"['Array', 'Hash Table', 'Matrix']"
LeetCode,2662,Minimum Cost of a Path With Special Roads,2,Medium,,,43.33411012011948,False,"['Array', 'Graph Theory', 'Heap (Priority Queue)', 'Shortest Path']"
LeetCode,2663,Lexicographically Smallest Beautiful String,3,Hard,,,38.32226709562598,False,"['String', 'Greedy']"
LeetCode,2664,The Knight’s Tour,2,Medium,,,72.70988310308184,True,"['Array', 'Backtracking', 'Matrix']"
LeetCode,2670,Find the Distinct Difference Array,1,Easy,,,77.46446452206939,False,"['Array', 'Hash Table']"
LeetCode,2671,Frequency Tracker,2,Medium,,,31.33125243034755,False,"['Hash Table', 'Design']"
LeetCode,2672,Number of Adjacent Elements With the Same Color,2,Medium,,,59.81669078630005,False,['Array']
LeetCode,2673,Make Costs of Paths Equal in a Binary Tree,2,Medium,,,58.63874345549738,False,"['Array', 'Dynamic Programming', 'Greedy', 'Tree', 'Binary Tree']"
LeetCode,2674,Split a Circular Linked List,2,Medium,,,77.55193209738664,True,"['Linked List', 'Two Pointers']"
LeetCode,2678,Number of Senior Citizens,1,Easy,,,81.24563247147437,False,"['Array', 'String']"
LeetCode,2679,Sum in a Matrix,2,Medium,,,60.76375529049635,False,"['Array', 'Sorting', 'Heap (Priority Queue)', 'Matrix', 'Simulation']"
LeetCode,2680,Maximum OR,2,Medium,,,43.21557694820752,False,"['Array', 'Greedy', 'Bit Manipulation', 'Prefix Sum']"
LeetCode,2681,Power of Heroes,3,Hard,,,31.766709850774916,False,"['Array', 'Math', 'Dynamic Programming', 'Sorting', 'Prefix Sum']"
LeetCode,2682,Find the Losers of the Circular Game,1,Easy,,,50.146678170836935,False,"['Array', 'Hash Table', 'Simulation']"
LeetCode,2683,Neighboring Bitwise XOR,2,Medium,,,79.8072819677219,False,"['Array', 'Bit Manipulation']"
LeetCode,2684,Maximum Number of Moves in a Grid,2,Medium,,,58.75960878819328,False,"['Array', 'Dynamic Programming', 'Matrix']"
LeetCode,2685,Count the Number of Complete Components,2,Medium,,,77.83853634666274,False,"['Depth-First Search', 'Breadth-First Search', 'Union-Find', 'Graph Theory']"
LeetCode,2689,Extract Kth Character From The Rope Tree,1,Easy,,,73.37908878504673,True,"['Tree', 'Depth-First Search', 'Binary Tree']"
LeetCode,2696,Minimum String Length After Removing Substrings,1,Easy,,,77.18327616121618,False,"['String', 'Stack', 'Simulation']"
LeetCode,2697,Lexicographically Smallest Palindrome,1,Easy,,,81.55749568140436,False,"['Two Pointers', 'String', 'Greedy']"
LeetCode,2698,Find the Punishment Number of an Integer,2,Medium,,,81.68869278385846,False,"['Math', 'Backtracking']"
LeetCode,2699,Modify Graph Edge Weights,3,Hard,,,55.583692280133214,False,"['Graph Theory', 'Heap (Priority Queue)', 'Shortest Path']"
LeetCode,2702,Minimum Operations to Make Numbers Non-positive,3,Hard,,,44.102704929287384,True,"['Array', 'Binary Search']"
LeetCode,2706,Buy Two Chocolates,1,Easy,,,68.35202049974136,False,"['Array', 'Greedy', 'Sorting']"
LeetCode,2707,Extra Characters in a String,2,Medium,,,57.40568168175035,False,"['Array', 'Hash Table', 'String', 'Dynamic Programming', 'Trie']"
LeetCode,2708,Maximum Strength of a Group,2,Medium,,,25.77322308814116,False,"['Array', 'Dynamic Programming', 'Backtracking', 'Greedy', 'Bit Manipulation', 'Sorting', 'Enumeration']"
LeetCode,2709,Greatest Common Divisor Traversal,3,Hard,,,41.79933038125068,False,"['Array', 'Math', 'Union-Find', 'Number Theory']"
LeetCode,2710,Remove Trailing Zeros From a String,1,Easy,,,79.68924413157016,False,['String']
LeetCode,2711,Difference of Number of Distinct Values on Diagonals,2,Medium,,,68.44136948065446,False,"['Array', 'Hash Table', 'Matrix']"
LeetCode,2712,Minimum Cost to Make All Characters Equal,2,Medium,,,54.45745949358211,False,"['String', 'Dynamic Programming', 'Greedy']"
LeetCode,2713,Maximum Strictly Increasing Cells in a Matrix,3,Hard,,,31.488409693369178,False,"['Array', 'Hash Table', 'Binary Search', 'Dynamic Programming', 'Memoization', 'Sorting', 'Matrix', 'Ordered Set']"
LeetCode,2714,Find Shortest Path with K Hops,3,Hard,,,68.57862339115837,True,"['Graph Theory', 'Heap (Priority Queue)', 'Shortest Path']"
LeetCode,2716,Minimize String Length,1,Easy,,,79.33378588052754,False,"['Hash Table', 'String']"
LeetCode,2717,Semi-Ordered Permutation,1,Easy,,,64.30765144346498,False,"['Array', 'Simulation']"
LeetCode,2718,Sum of Matrix After Queries,2,Medium,,,32.20224690509816,False,"['Array', 'Hash Table']"
LeetCode,2719,Count of Integers,3,Hard,,,38.86939925474871,False,"['Math', 'String', 'Dynamic Programming']"
LeetCode,2728,Count Houses in a Circular Street,1,Easy,,,86.07467204843591,True,"['Array', 'Interactive']"
LeetCode,2729,Check if The Number is Fascinating,1,Easy,,,53.183154588887774,False,"['Hash Table', 'Math']"
LeetCode,2730,Find the Longest Semi-Repetitive Substring,2,Medium,,,39.06138184168609,False,"['String', 'Sliding Window']"
LeetCode,2731,Movement of Robots,2,Medium,,,28.072429734000913,False,"['Array', 'Brainteaser', 'Sorting', 'Prefix Sum']"
LeetCode,2732,Find a Good Subset of the Matrix,3,Hard,,,46.71270718232044,False,"['Array', 'Hash Table', 'Bit Manipulation', 'Matrix']"
LeetCode,2733,Neither Minimum nor Maximum,1,Easy,,,76.4308553810621,False,"['Array', 'Sorting']"
LeetCode,2734,Lexicographically Smallest String After Substring Operation,2,Medium,,,35.037593984962406,False,"['String', 'Greedy']"
LeetCode,2735,Collecting Chocolates,2,Medium,,,35.09274721307036,False,"['Array', 'Enumeration']"
LeetCode,2736,Maximum Sum Queries,3,Hard,,,30.679466133752054,False,"['Array', 'Binary Search', 'Stack', 'Binary Indexed Tree', 'Segment Tree', 'Sorting', 'Monotonic Stack']"
LeetCode,2737,Find the Closest Marked Node,2,Medium,,,65.43080024542029,True,"['Array', 'Graph Theory', 'Heap (Priority Queue)', 'Shortest Path']"
LeetCode,2739,Total Distance Traveled,1,Easy,,,41.5256308032614,False,"['Math', 'Simulation']"
LeetCode,2740,Find the Value of the Partition,2,Medium,,,65.00038931713775,False,"['Array', 'Sorting']"
LeetCode,2741,Special Permutations,2,Medium,,,29.663223039015048,False,"['Array', 'Dynamic Programming', 'Bit Manipulation', 'Bitmask']"
LeetCode,2742,Painting the Walls,3,Hard,,,49.10336224165437,False,"['Array', 'Dynamic Programming']"
LeetCode,2743,Count Substrings Without Repeating Character,2,Medium,,,75.95549104983067,True,"['Hash Table', 'String', 'Sliding Window']"
LeetCode,2744,Find Maximum Number of String Pairs,1,Easy,,,82.52865602382519,False,"['Array', 'Hash Table', 'String', 'Simulation']"
LeetCode,2745,Construct the Longest New String,2,Medium,,,54.90046249748642,False,"['Math', 'Dynamic Programming', 'Greedy', 'Brainteaser']"
LeetCode,2746,Decremental String Concatenation,2,Medium,,,27.84326218540937,False,"['Array', 'String', 'Dynamic Programming']"
LeetCode,2747,Count Zero Request Servers,2,Medium,,,36.04504603244191,False,"['Array', 'Hash Table', 'Sliding Window', 'Sorting']"
LeetCode,2748,Number of Beautiful Pairs,1,Easy,,,52.54691689008043,False,"['Array', 'Hash Table', 'Math', 'Counting', 'Number Theory']"
LeetCode,2749,Minimum Operations to Make the Integer Zero,2,Medium,,,58.176104386478514,False,"['Bit Manipulation', 'Brainteaser', 'Enumeration']"
LeetCode,2750,Ways to Split Array Into Good Subarrays,2,Medium,,,35.14942811462305,False,"['Array', 'Math', 'Dynamic Programming']"
LeetCode,2751,Robot Collisions,3,Hard,,,61.598041781289695,False,"['Array', 'Stack', 'Sorting', 'Simulation']"
LeetCode,2753,Count Houses in a Circular Street II,3,Hard,,,62.02694034637588,True,[]
LeetCode,2760,Longest Even Odd Subarray With Threshold,1,Easy,,,32.20750239098863,False,"['Array', 'Sliding Window']"
LeetCode,2761,Prime Pairs With Target Sum,2,Medium,,,37.77771702480544,False,"['Array', 'Math', 'Enumeration', 'Number Theory']"
LeetCode,2762,Continuous Subarrays,2,Medium,,,57.984891497858825,False,"['Array', 'Queue', 'Sliding Window', 'Heap (Priority Queue)', 'Ordered Set', 'Monotonic Queue']"
LeetCode,2763,Sum of Imbalance Numbers of All Subarrays,3,Hard,,,43.48316067790733,False,"['Array', 'Hash Table', 'Enumeration']"
LeetCode,2764,Is Array a Preorder of Some ‌Binary Tree,2,Medium,,,67.73002014775017,True,"['Stack', 'Tree', 'Depth-First Search', 'Binary Tree']"
LeetCode,2765,Longest Alternating Subarray,1,Easy,,,35.411161040216356,False,"['Array', 'Enumeration']"
LeetCode,2766,Relocate Marbles,2,Medium,,,51.619396886771774,False,"['Array', 'Hash Table', 'Sorting', 'Simulation']"
LeetCode,2767,Partition String Into Minimum Beautiful Substrings,2,Medium,,,54.26739140800076,False,"['Hash Table', 'String', 'Dynamic Programming', 'Backtracking']"
LeetCode,2768,Number of Black Blocks,2,Medium,,,41.92038791159224,False,"['Array', 'Hash Table', 'Enumeration']"
LeetCode,2769,Find the Maximum Achievable Number,1,Easy,,,91.39003533988152,False,['Math']
LeetCode,2770,Maximum Number of Jumps to Reach the Last Index,2,Medium,,,50.98205636791365,False,"['Array', 'Dynamic Programming']"
LeetCode,2771,Longest Non-decreasing Subarray From Two Arrays,2,Medium,,,31.239127694440942,False,"['Array', 'Dynamic Programming']"
LeetCode,2772,Apply Operations to Make All Array Elements Equal to Zero,2,Medium,,,33.54811073232548,False,"['Array', 'Prefix Sum']"
LeetCode,2773,Height of Special Binary Tree,2,Medium,,,74.73893585280955,True,"['Tree', 'Depth-First Search', 'Breadth-First Search', 'Binary Tree']"
LeetCode,2778,Sum of Squares of Special Elements ,1,Easy,,,82.17787418655098,False,"['Array', 'Enumeration']"
LeetCode,2779,Maximum Beauty of an Array After Applying Operation,2,Medium,,,58.43194554418629,False,"['Array', 'Binary Search', 'Sliding Window', 'Sorting']"
LeetCode,2780,Minimum Index of a Valid Split,2,Medium,,,75.49046739693769,False,"['Array', 'Hash Table', 'Sorting']"
LeetCode,2781,Length of the Longest Valid Substring,3,Hard,,,38.52332951283785,False,"['Array', 'Hash Table', 'String', 'Sliding Window']"
LeetCode,2782,Number of Unique Categories,2,Medium,,,83.96682791983415,True,"['Union-Find', 'Interactive', 'Counting']"
LeetCode,2784,Check if Array is Good,1,Easy,,,57.24189529387588,False,"['Array', 'Hash Table', 'Sorting']"
LeetCode,2785,Sort Vowels in a String,2,Medium,,,83.47240170817446,False,"['String', 'Sorting']"
LeetCode,2786,Visit Array Positions to Maximize Score,2,Medium,,,37.7375126746903,False,"['Array', 'Dynamic Programming']"
LeetCode,2787,Ways to Express an Integer as Sum of Powers,2,Medium,,,49.809054601638344,False,['Dynamic Programming']
LeetCode,2788,Split Strings by Separator,1,Easy,,,76.29143925374116,False,"['Array', 'String']"
LeetCode,2789,Largest Element in an Array after Merge Operations,2,Medium,,,48.0590548223096,False,"['Array', 'Greedy']"
LeetCode,2790,Maximum Number of Groups With Increasing Length,3,Hard,,,23.19793574163476,False,"['Array', 'Math', 'Binary Search', 'Greedy', 'Sorting']"
LeetCode,2791,Count Paths That Can Form a Palindrome in a Tree,3,Hard,,,52.524486136018766,False,"['Hash Table', 'Bit Manipulation', 'Tree', 'Depth-First Search']"
LeetCode,2792,Count Nodes That Are Great Enough,3,Hard,,,56.710628394103956,True,"['Divide and Conquer', 'Tree', 'Depth-First Search', 'Binary Tree']"
LeetCode,2798,Number of Employees Who Met the Target,1,Easy,,,87.87622898548693,False,['Array']
LeetCode,2799,Count Complete Subarrays in an Array,2,Medium,,,76.0100612423447,False,"['Array', 'Hash Table', 'Sliding Window']"
LeetCode,2800,Shortest String That Contains Three Strings,2,Medium,,,31.901495558304283,False,"['String', 'Greedy', 'Enumeration']"
LeetCode,2801,Count Stepping Numbers in Range,3,Hard,,,28.92207600177436,False,"['String', 'Dynamic Programming']"
LeetCode,2802,Find The K-th Lucky Number,2,Medium,,,75.90692124105011,True,"['Math', 'String', 'Bit Manipulation']"
LeetCode,2806,Account Balance After Rounded Purchase,1,Easy,,,56.631417001184815,False,['Math']
LeetCode,2807,Insert Greatest Common Divisors in Linked List,2,Medium,,,91.40572286149126,False,"['Linked List', 'Math', 'Number Theory']"
LeetCode,2808,Minimum Seconds to Equalize a Circular Array,2,Medium,,,28.76384043682694,False,"['Array', 'Hash Table']"
LeetCode,2809,Minimum Time to Make Array Sum At Most x,3,Hard,,,27.68561765179578,False,"['Array', 'Dynamic Programming', 'Sorting']"
LeetCode,2810,Faulty Keyboard,1,Easy,,,80.31991798322862,False,"['String', 'Simulation']"
LeetCode,2811,Check if it is Possible to Split Array,2,Medium,,,34.59119496855346,False,"['Array', 'Dynamic Programming', 'Greedy']"
LeetCode,2812,Find the Safest Path in a Grid,2,Medium,,,48.821294389845264,False,"['Array', 'Binary Search', 'Breadth-First Search', 'Union-Find', 'Heap (Priority Queue)', 'Matrix']"
LeetCode,2813,Maximum Elegance of a K-Length Subsequence,3,Hard,,,28.920650566781664,False,"['Array', 'Hash Table', 'Stack', 'Greedy', 'Sorting', 'Heap (Priority Queue)']"
LeetCode,2814,Minimum Time Takes to Reach Destination Without Drowning,3,Hard,,,54.22488356620093,True,"['Array', 'Breadth-First Search', 'Matrix']"
LeetCode,2815,Max Pair Sum in an Array,1,Easy,,,60.8250056500506,False,"['Array', 'Hash Table']"
LeetCode,2816,Double a Number Represented as a Linked List,2,Medium,,,61.27696946807426,False,"['Linked List', 'Math', 'Stack']"
LeetCode,2817,Minimum Absolute Difference Between Elements With Constraint,2,Medium,,,37.79695134387387,False,"['Array', 'Binary Search', 'Ordered Set']"
LeetCode,2818,Apply Operations to Maximize Score,3,Hard,,,53.62729555689614,False,"['Array', 'Math', 'Stack', 'Greedy', 'Sorting', 'Monotonic Stack', 'Number Theory']"
LeetCode,2819,Minimum Relative Loss After Buying Chocolates,3,Hard,,,46.85314685314685,True,"['Array', 'Binary Search', 'Sorting', 'Prefix Sum']"
LeetCode,2824,Count Pairs Whose Sum is Less than Target,1,Easy,,,87.76182080461612,False,"['Array', 'Two Pointers', 'Binary Search', 'Sorting']"
LeetCode,2825,Make String a Subsequence Using Cyclic Increments,2,Medium,,,65.713701693774,False,"['Two Pointers', 'String']"
LeetCode,2826,Sorting Three Groups,2,Medium,,,43.16654696353044,False,"['Array', 'Binary Search', 'Dynamic Programming']"
LeetCode,2827,Number of Beautiful Integers in the Range,3,Hard,,,22.73162162586069,False,"['Math', 'Dynamic Programming']"
LeetCode,2828,Check if a String Is an Acronym of Words,1,Easy,,,83.04552590266876,False,"['Array', 'String']"
LeetCode,2829,Determine the Minimum Sum of a k-avoiding Array,2,Medium,,,60.94409243932199,False,"['Math', 'Greedy']"
LeetCode,2830,Maximize the Profit as the Salesman,2,Medium,,,38.440142567614785,False,"['Array', 'Hash Table', 'Binary Search', 'Dynamic Programming', 'Sorting']"
LeetCode,2831,Find the Longest Equal Subarray,2,Medium,,,38.24422585992039,False,"['Array', 'Hash Table', 'Binary Search', 'Sliding Window']"
LeetCode,2832,Maximal Range That Each Element Is Maximum in It,2,Medium,,,75.37922987164526,True,"['Array', 'Stack', 'Monotonic Stack']"
LeetCode,2833,Furthest Point From Origin,1,Easy,,,77.08585889869127,False,"['String', 'Counting']"
LeetCode,2834,Find the Minimum Possible Sum of a Beautiful Array,2,Medium,,,34.9368629879604,False,"['Math', 'Greedy']"
LeetCode,2835,Minimum Operations to Form Subsequence With Target Sum,3,Hard,,,32.60188794016266,False,"['Array', 'Greedy', 'Bit Manipulation']"
LeetCode,2836,Maximize Value of Function in a Ball Passing Game,3,Hard,,,31.22644508014349,False,"['Array', 'Dynamic Programming', 'Bit Manipulation']"
LeetCode,2838,Maximum Coins Heroes Can Collect,2,Medium,,,68.80637113797735,True,"['Array', 'Two Pointers', 'Binary Search', 'Sorting', 'Prefix Sum']"
LeetCode,2839,Check if Strings Can be Made Equal With Operations I,1,Easy,,,61.91516964418516,False,['String']
LeetCode,2840,Check if Strings Can be Made Equal With Operations II,2,Medium,,,74.05249955393222,False,"['Hash Table', 'String', 'Sorting']"
LeetCode,2841,Maximum Sum of Almost Unique Subarray,2,Medium,,,41.302881047162806,False,"['Array', 'Hash Table', 'Sliding Window']"
LeetCode,2842,Count K-Subsequences of a String With Maximum Beauty,3,Hard,,,30.461643725348143,False,"['Hash Table', 'Math', 'String', 'Greedy', 'Sorting', 'Combinatorics']"
LeetCode,2843,  Count Symmetric Integers,1,Easy,,,83.03417701514635,False,"['Math', 'Enumeration']"
LeetCode,2844,Minimum Operations to Make a Special Number,2,Medium,,,38.60327046600302,False,"['Math', 'String', 'Greedy', 'Enumeration']"
LeetCode,2845,Count of Interesting Subarrays,2,Medium,,,58.00981035398507,False,"['Array', 'Hash Table', 'Prefix Sum']"
LeetCode,2846,Minimum Edge Weight Equilibrium Queries in a Tree,3,Hard,,,46.59085719504955,False,"['Array', 'Dynamic Programming', 'Bit Manipulation', 'Tree', 'Depth-First Search']"
LeetCode,2847,Smallest Number With Given Digit Product,2,Medium,,,43.78048780487805,True,"['Math', 'Greedy']"
LeetCode,2848,Points That Intersect With Cars,1,Easy,,,73.4582761279645,False,"['Array', 'Hash Table', 'Prefix Sum']"
LeetCode,2849,Determine if a Cell Is Reachable at a Given Time,2,Medium,,,37.137017883570536,False,['Math']
LeetCode,2850,Minimum Moves to Spread Stones Over Grid,2,Medium,,,45.77163540638367,False,"['Array', 'Dynamic Programming', 'Backtracking', 'Bit Manipulation', 'Matrix', 'Bitmask']"
LeetCode,2851,String Transformation,3,Hard,,,27.334523221812933,False,"['Math', 'String', 'Dynamic Programming', 'String Matching']"
LeetCode,2852,Sum of Remoteness of All Cells,2,Medium,,,70.7783145464305,True,"['Array', 'Hash Table', 'Depth-First Search', 'Breadth-First Search', 'Union-Find', 'Matrix']"
LeetCode,2855,Minimum Right Shifts to Sort the Array,1,Easy,,,57.47296618459667,False,['Array']
LeetCode,2856,Minimum Array Length After Pair Removals,2,Medium,,,27.665254095899094,False,"['Array', 'Hash Table', 'Two Pointers', 'Binary Search', 'Greedy', 'Counting']"
LeetCode,2857,Count Pairs of Points With Distance k,2,Medium,,,33.0981690783001,False,"['Array', 'Hash Table', 'Bit Manipulation']"
LeetCode,2858,Minimum Edge Reversals So Every Node Is Reachable,3,Hard,,,59.7303803562831,False,"['Dynamic Programming', 'Depth-First Search', 'Breadth-First Search', 'Graph Theory']"
LeetCode,2859,Sum of Values at Indices With K Set Bits,1,Easy,,,86.18614452085086,False,"['Array', 'Bit Manipulation']"
LeetCode,2860,Happy Students,2,Medium,,,51.103193093051935,False,"['Array', 'Sorting', 'Enumeration']"
LeetCode,2861,Maximum Number of Alloys,2,Medium,,,41.1761252446184,False,"['Array', 'Binary Search']"
LeetCode,2862,Maximum Element-Sum of a Complete Subset of Indices,3,Hard,,,43.138728068237064,False,"['Array', 'Math', 'Number Theory']"
LeetCode,2863,Maximum Length of Semi-Decreasing Subarrays,2,Medium,,,70.06329419722665,True,"['Array', 'Stack', 'Sorting', 'Monotonic Stack']"
LeetCode,2864,Maximum Odd Binary Number,1,Easy,,,82.90842076016501,False,"['Math', 'String', 'Greedy']"
LeetCode,2865,Beautiful Towers I,2,Medium,,,44.66337205570888,False,"['Array', 'Stack', 'Monotonic Stack']"
LeetCode,2866,Beautiful Towers II,2,Medium,,,36.59018680722424,False,"['Array', 'Stack', 'Monotonic Stack']"
LeetCode,2867,Count Valid Paths in a Tree,3,Hard,,,36.41712978097417,False,"['Math', 'Dynamic Programming', 'Tree', 'Depth-First Search', 'Number Theory']"
LeetCode,2868,The Wording Game,3,Hard,,,56.23693379790941,True,"['Array', 'Math', 'Two Pointers', 'String', 'Greedy', 'Game Theory']"
LeetCode,2869,Minimum Operations to Collect Elements,1,Easy,,,62.48245903039621,False,"['Array', 'Hash Table', 'Bit Manipulation']"
LeetCode,2870,Minimum Number of Operations to Make Array Empty,2,Medium,,,62.14422491078423,False,"['Array', 'Hash Table', 'Greedy', 'Counting']"
LeetCode,2871,Split Array Into Maximum Number of Subarrays,2,Medium,,,42.54136504653568,False,"['Array', 'Greedy', 'Bit Manipulation']"
LeetCode,2872,Maximum Number of K-Divisible Components,3,Hard,,,74.00796861095381,False,"['Tree', 'Depth-First Search']"
LeetCode,2873,Maximum Value of an Ordered Triplet I,1,Easy,,,58.16276940812152,False,['Array']
LeetCode,2874,Maximum Value of an Ordered Triplet II,2,Medium,,,56.38409819625125,False,['Array']
LeetCode,2875,Minimum Size Subarray in Infinite Array,2,Medium,,,32.295819778392,False,"['Array', 'Hash Table', 'Sliding Window', 'Prefix Sum']"
LeetCode,2876,Count Visited Nodes in a Directed Graph,3,Hard,,,30.97638127372417,False,"['Dynamic Programming', 'Depth-First Search', 'Graph Theory', 'Topological Sort', 'Memoization']"
LeetCode,2892,Minimizing Array After Replacing Pairs With Their Product,2,Medium,,,40.78212290502793,True,"['Array', 'Dynamic Programming', 'Greedy']"
LeetCode,2894,Divisible and Non-divisible Sums Difference,1,Easy,,,91.04578917140917,False,['Math']
LeetCode,2895,Minimum Processing Time,2,Medium,,,70.43012393919042,False,"['Array', 'Greedy', 'Sorting']"
LeetCode,2896,Apply Operations to Make Two Strings Equal,2,Medium,,,27.768811960203593,False,"['String', 'Dynamic Programming']"
LeetCode,2897,Apply Operations on Array to Maximize Sum of Squares,3,Hard,,,44.72431270158194,False,"['Array', 'Hash Table', 'Greedy', 'Bit Manipulation']"
LeetCode,2898,Maximum Linear Stock Score,2,Medium,,,61.84844502847131,True,"['Array', 'Hash Table']"
LeetCode,2899,Last Visited Integers,1,Easy,,,62.40498856172976,False,"['Array', 'Simulation']"
LeetCode,2900,Longest Unequal Adjacent Groups Subsequence I,1,Easy,,,66.93880621451676,False,"['Array', 'String', 'Dynamic Programming', 'Greedy']"
LeetCode,2901,Longest Unequal Adjacent Groups Subsequence II,2,Medium,,,51.443442437023734,False,"['Array', 'String', 'Dynamic Programming']"
LeetCode,2902,Count of Sub-Multisets With Bounded Sum,3,Hard,,,22.496282055932387,False,"['Array', 'Hash Table', 'Dynamic Programming', 'Sliding Window']"
LeetCode,2903,Find Indices With Index and Value Difference I,1,Easy,,,60.324357205705034,False,"['Array', 'Two Pointers']"
LeetCode,2904,Shortest and Lexicographically Smallest Beautiful String,2,Medium,,,41.19817223876638,False,"['String', 'Sliding Window']"
LeetCode,2905,Find Indices With Index and Value Difference II,2,Medium,,,32.77727310265092,False,"['Array', 'Two Pointers']"
LeetCode,2906,Construct Product Matrix,2,Medium,,,51.712451735077835,False,"['Array', 'Matrix', 'Prefix Sum']"
LeetCode,2907,Maximum Profitable Triplets With Increasing Prices I,2,Medium,,,55.93705293276109,True,"['Array', 'Binary Indexed Tree', 'Segment Tree']"
LeetCode,2908,Minimum Sum of Mountain Triplets I,1,Easy,,,67.59662493195428,False,['Array']
LeetCode,2909,Minimum Sum of Mountain Triplets II,2,Medium,,,54.718647909860664,False,['Array']
LeetCode,2910,Minimum Number of Groups to Create a Valid Assignment,2,Medium,,,25.310893220136315,False,"['Array', 'Hash Table', 'Greedy']"
LeetCode,2911,Minimum Changes to Make K Semi-palindromes,3,Hard,,,36.160744386757464,False,"['Two Pointers', 'String', 'Dynamic Programming']"
LeetCode,2912,Number of Ways to Reach Destination in the Grid,3,Hard,,,57.78313253012048,True,"['Math', 'Dynamic Programming', 'Combinatorics']"
LeetCode,2913,Subarrays Distinct Element Sum of Squares I,1,Easy,,,80.21570669538049,False,"['Array', 'Hash Table', 'Segment Tree']"
LeetCode,2914,Minimum Number of Changes to Make Binary String Beautiful,2,Medium,,,76.38860602469867,False,['String']
LeetCode,2915,Length of the Longest Subsequence That Sums to Target,2,Medium,,,39.90038907335357,False,"['Array', 'Dynamic Programming']"
LeetCode,2916,Subarrays Distinct Element Sum of Squares II,3,Hard,,,23.373038930854154,False,"['Array', 'Hash Table', 'Binary Indexed Tree', 'Segment Tree']"
LeetCode,2917,Find the K-or of an Array,1,Easy,,,72.89044853178444,False,"['Array', 'Bit Manipulation']"
LeetCode,2918,Minimum Equal Sum of Two Arrays After Replacing Zeros,2,Medium,,,50.182528522246315,False,"['Array', 'Greedy']"
LeetCode,2919,Minimum Increment Operations to Make Array Beautiful,2,Medium,,,34.87597702982932,False,"['Array', 'Dynamic Programming']"
LeetCode,2920,Maximum Points After Collecting Coins From All Nodes,3,Hard,,,36.71962766811106,False,"['Array', 'Dynamic Programming', 'Bit Manipulation', 'Tree', 'Depth-First Search', 'Memoization']"
LeetCode,2921,Maximum Profitable Triplets With Increasing Prices II,3,Hard,,,46.22913068508924,True,"['Array', 'Binary Indexed Tree', 'Segment Tree']"
LeetCode,2923,Find Champion I,1,Easy,,,73.5009069005658,False,"['Array', 'Matrix']"
LeetCode,2924,Find Champion II,2,Medium,,,70.34754199572969,False,['Graph Theory']
LeetCode,2925,Maximum Score After Applying Operations on a Tree,2,Medium,,,47.36770544406374,False,"['Dynamic Programming', 'Tree', 'Depth-First Search']"
LeetCode,2926,Maximum Balanced Subsequence Sum,3,Hard,,,26.094949444761884,False,"['Array', 'Binary Search', 'Dynamic Programming', 'Binary Indexed Tree', 'Segment Tree']"
LeetCode,2927,Distribute Candies Among Children III,3,Hard,,,57.18035245594301,True,"['Math', 'Combinatorics']"
LeetCode,2928,Distribute Candies Among Children I,1,Easy,,,76.50107534463915,False,"['Math', 'Combinatorics', 'Enumeration']"
LeetCode,2929,Distribute Candies Among Children II,2,Medium,,,55.639411007742126,False,"['Math', 'Combinatorics', 'Enumeration']"
LeetCode,2930,Number of Strings Which Can Be Rearranged to Contain Substring,2,Medium,,,57.19713484895671,False,"['Math', 'Dynamic Programming', 'Combinatorics']"
LeetCode,2931,Maximum Spending After Buying Items,3,Hard,,,61.2516089952298,False,"['Array', 'Greedy', 'Sorting', 'Heap (Priority Queue)', 'Matrix']"
LeetCode,2932,Maximum Strong Pair XOR I,1,Easy,,,76.18551263374692,False,"['Array', 'Hash Table', 'Bit Manipulation', 'Trie', 'Sliding Window']"
LeetCode,2933,High-Access Employees,2,Medium,,,47.561748834063664,False,"['Array', 'Hash Table', 'String', 'Sorting']"
LeetCode,2934,Minimum Operations to Maximize Last Elements in Arrays,2,Medium,,,44.10322952710496,False,"['Array', 'Enumeration']"
LeetCode,2935,Maximum Strong Pair XOR II,3,Hard,,,32.95458670635641,False,"['Array', 'Hash Table', 'Bit Manipulation', 'Trie', 'Sliding Window']"
LeetCode,2936,Number of Equal Numbers Blocks,2,Medium,,,62.4842846366608,True,"['Array', 'Binary Search', 'Interactive']"
LeetCode,2937,Make Three Strings Equal,1,Easy,,,45.041222646143055,False,['String']
LeetCode,2938,Separate Black and White Balls,2,Medium,,,63.905271943246625,False,"['Two Pointers', 'String', 'Greedy']"
LeetCode,2939,Maximum Xor Product,2,Medium,,,30.003900952947077,False,"['Math', 'Greedy', 'Bit Manipulation']"
LeetCode,2940,Find Building Where Alice and Bob Can Meet,3,Hard,,,52.35357816071977,False,"['Array', 'Binary Search', 'Stack', 'Binary Indexed Tree', 'Segment Tree', 'Heap (Priority Queue)', 'Monotonic Stack']"
LeetCode,2941,Maximum GCD-Sum of a Subarray,3,Hard,,,38.849701573521436,True,"['Array', 'Math', 'Binary Search', 'Number Theory']"
LeetCode,2942,Find Words Containing Character,1,Easy,,,90.38612729156988,False,"['Array', 'String']"
LeetCode,2943,Maximize Area of Square Hole in Grid,2,Medium,,,61.96903656215318,False,"['Array', 'Sorting']"
LeetCode,2944,Minimum Number of Coins for Fruits,2,Medium,,,49.29222648752399,False,"['Array', 'Dynamic Programming', 'Queue', 'Heap (Priority Queue)', 'Monotonic Queue']"
LeetCode,2945,Find Maximum Non-decreasing Array Length,3,Hard,,,19.00363917071019,False,"['Array', 'Binary Search', 'Dynamic Programming', 'Stack', 'Queue', 'Monotonic Stack', 'Prefix Sum', 'Monotonic Queue']"
LeetCode,2946,Matrix Similarity After Cyclic Shifts,1,Easy,,,74.34793904684447,False,"['Array', 'Math', 'Matrix', 'Simulation']"
LeetCode,2947,Count Beautiful Substrings I,2,Medium,,,61.356715320802266,False,"['Hash Table', 'Math', 'String', 'Enumeration', 'Number Theory', 'Prefix Sum']"
LeetCode,2948,Make Lexicographically Smallest Array by Swapping Elements,2,Medium,,,60.265631049735426,False,"['Array', 'Union-Find', 'Sorting']"
LeetCode,2949,Count Beautiful Substrings II,3,Hard,,,27.651178849758313,False,"['Hash Table', 'Math', 'String', 'Number Theory', 'Prefix Sum']"
LeetCode,2950,Number of Divisible Substrings,2,Medium,,,74.62450592885375,True,"['Hash Table', 'String', 'Counting', 'Prefix Sum']"
LeetCode,2951,Find the Peaks,1,Easy,,,75.31218069859756,False,"['Array', 'Enumeration']"
LeetCode,2952,Minimum Number of Coins to be Added,2,Medium,,,58.24855418126557,False,"['Array', 'Greedy', 'Sorting']"
LeetCode,2953,Count Complete Substrings,3,Hard,,,30.59089098393308,False,"['Hash Table', 'String', 'Sliding Window']"
LeetCode,2954,Count the Number of Infection Sequences,3,Hard,,,37.82073212452959,False,"['Array', 'Math', 'Combinatorics']"
LeetCode,2955,Number of Same-End Substrings,2,Medium,,,61.682498462379556,True,"['Array', 'Hash Table', 'String', 'Counting', 'Prefix Sum']"
LeetCode,2956,Find Common Elements Between Two Arrays,1,Easy,,,84.54996183176677,False,"['Array', 'Hash Table']"
LeetCode,2957,Remove Adjacent Almost-Equal Characters,2,Medium,,,53.751560982378244,False,"['String', 'Dynamic Programming', 'Greedy']"
LeetCode,2958,Length of Longest Subarray With at Most K Frequency,2,Medium,,,56.64471797426991,False,"['Array', 'Hash Table', 'Sliding Window']"
LeetCode,2959,Number of Possible Sets of Closing Branches,3,Hard,,,51.3019540592987,False,"['Bit Manipulation', 'Graph Theory', 'Heap (Priority Queue)', 'Enumeration', 'Shortest Path']"
LeetCode,2960,Count Tested Devices After Test Operations,1,Easy,,,78.9617714063455,False,"['Array', 'Simulation', 'Counting']"
LeetCode,2961,Double Modular Exponentiation,2,Medium,,,48.147530040053404,False,"['Array', 'Math', 'Simulation']"
LeetCode,2962,Count Subarrays Where Max Element Appears at Least K Times,2,Medium,,,62.40232721723476,False,"['Array', 'Sliding Window']"
LeetCode,2963,Count the Number of Good Partitions,3,Hard,,,49.72601071602533,False,"['Array', 'Hash Table', 'Math', 'Combinatorics']"
LeetCode,2964,Number of Divisible Triplet Sums,2,Medium,,,67.65763931310663,True,"['Array', 'Hash Table']"
LeetCode,2965,Find Missing and Repeated Values,1,Easy,,,83.12686390532545,False,"['Array', 'Hash Table', 'Math', 'Matrix']"
LeetCode,2966,Divide Array Into Arrays With Max Difference,2,Medium,,,79.01503103963995,False,"['Array', 'Greedy', 'Sorting']"
LeetCode,2967,Minimum Cost to Make Array Equalindromic,2,Medium,,,23.559081892887505,False,"['Array', 'Math', 'Binary Search', 'Greedy', 'Sorting']"
LeetCode,2968,Apply Operations to Maximize Frequency Score,3,Hard,,,39.148284999813384,False,"['Array', 'Binary Search', 'Sliding Window', 'Sorting', 'Prefix Sum']"
LeetCode,2969,Minimum Number of Coins for Fruits II,3,Hard,,,47.7892756349953,True,"['Array', 'Dynamic Programming', 'Queue', 'Heap (Priority Queue)', 'Monotonic Queue']"
LeetCode,2970,Count the Number of Incremovable Subarrays I,1,Easy,,,56.682820361053565,False,"['Array', 'Two Pointers', 'Binary Search', 'Enumeration']"
LeetCode,2971,Find Polygon With the Largest Perimeter,2,Medium,,,65.54946652649474,False,"['Array', 'Greedy', 'Sorting', 'Prefix Sum']"
LeetCode,2972,Count the Number of Incremovable Subarrays II,3,Hard,,,40.31184302733006,False,"['Array', 'Two Pointers', 'Binary Search']"
LeetCode,2973,Find Number of Coins to Place in Tree Nodes,3,Hard,,,37.59204110351147,False,"['Dynamic Programming', 'Tree', 'Depth-First Search', 'Sorting', 'Heap (Priority Queue)']"
LeetCode,2974,Minimum Number Game,1,Easy,,,85.54079942851577,False,"['Array', 'Sorting', 'Heap (Priority Queue)', 'Simulation']"
LeetCode,2975,Maximum Square Area by Removing Fences From a Field,2,Medium,,,49.55056404712571,False,"['Array', 'Hash Table', 'Enumeration']"
LeetCode,2976,Minimum Cost to Convert String I,2,Medium,,,63.15309626746905,False,"['Array', 'String', 'Graph Theory', 'Shortest Path']"
LeetCode,2977,Minimum Cost to Convert String II,3,Hard,,,59.5443991443772,False,"['Array', 'String', 'Dynamic Programming', 'Graph Theory', 'Trie', 'Shortest Path']"
LeetCode,2979,Most Expensive Item That Can Not Be Bought,2,Medium,,,80.12536873156341,True,"['Math', 'Dynamic Programming', 'Number Theory']"
LeetCode,2980,Check if Bitwise OR Has Trailing Zeros,1,Easy,,,71.41415698529927,False,"['Array', 'Bit Manipulation']"
LeetCode,2981,Find Longest Special Substring That Occurs Thrice I,2,Medium,,,61.812793834655835,False,"['Hash Table', 'String', 'Binary Search', 'Sliding Window', 'Counting']"
LeetCode,2982,Find Longest Special Substring That Occurs Thrice II,2,Medium,,,39.24467132799458,False,"['Hash Table', 'String', 'Binary Search', 'Sliding Window', 'Counting']"
LeetCode,2983,Palindrome Rearrangement Queries,3,Hard,,,25.092478421701603,False,"['Array', 'Hash Table', 'String', 'Prefix Sum']"
LeetCode,2992,Number of Self-Divisible Permutations,2,Medium,,,72.0123839009288,True,"['Array', 'Math', 'Dynamic Programming', 'Backtracking', 'Bit Manipulation', 'Number Theory', 'Bitmask']"
LeetCode,2996,Smallest Missing Integer Greater Than Sequential Prefix Sum,1,Easy,,,35.639183595794286,False,"['Array', 'Hash Table', 'Sorting']"
LeetCode,2997,Minimum Number of Operations to Make Array XOR Equal to K,2,Medium,,,85.46622166901476,False,"['Array', 'Bit Manipulation']"
LeetCode,2998,Minimum Number of Operations to Make X and Y Equal,2,Medium,,,48.72872135647691,False,"['Dynamic Programming', 'Breadth-First Search', 'Memoization']"
LeetCode,2999,Count the Number of Powerful Integers,3,Hard,,,46.24005293287096,False,"['Math', 'String', 'Dynamic Programming']"
LeetCode,3000,Maximum Area of Longest Diagonal Rectangle,1,Easy,,,45.906972073005534,False,['Array']
LeetCode,3001,Minimum Moves to Capture The Queen,2,Medium,,,22.51807543773048,False,"['Math', 'Enumeration']"
LeetCode,3002,Maximum Size of a Set After Removals,2,Medium,,,46.51385121615012,False,"['Array', 'Hash Table', 'Greedy']"
LeetCode,3003,Maximize the Number of Partitions After Operations,3,Hard,,,53.391284123615435,False,"['String', 'Dynamic Programming', 'Bit Manipulation', 'Bitmask']"
LeetCode,3004,Maximum Subtree of the Same Color,2,Medium,,,58.68860055607043,True,"['Array', 'Dynamic Programming', 'Tree', 'Depth-First Search']"
LeetCode,3005,Count Elements With Maximum Frequency,1,Easy,,,79.8175851769767,False,"['Array', 'Hash Table', 'Counting']"
LeetCode,3006,Find Beautiful Indices in the Given Array I,2,Medium,,,40.97712323666901,False,"['Two Pointers', 'String', 'Binary Search', 'Rolling Hash', 'String Matching', 'Hash Function']"
LeetCode,3007,Maximum Number That Sum of the Prices Is Less Than or Equal to K,2,Medium,,,38.832957241219695,False,"['Math', 'Binary Search', 'Dynamic Programming', 'Bit Manipulation']"
LeetCode,3008,Find Beautiful Indices in the Given Array II,3,Hard,,,28.094456173273908,False,"['Two Pointers', 'String', 'Binary Search', 'Rolling Hash', 'String Matching', 'Hash Function']"
LeetCode,3009,Maximum Number of Intersections on the Chart,3,Hard,,,45.218369643039786,True,"['Array', 'Hash Table', 'Math', 'Binary Indexed Tree', 'Geometry', 'Sweep Line', 'Sorting']"
LeetCode,3010,Divide an Array Into Subarrays With Minimum Cost I,1,Easy,,,80.5874303461352,False,"['Array', 'Sorting', 'Enumeration']"
LeetCode,3011,Find if Array Can Be Sorted,2,Medium,,,66.3872682312979,False,"['Array', 'Bit Manipulation', 'Sorting']"
LeetCode,3012,Minimize Length of Array Using Operations,2,Medium,,,35.90130916414904,False,"['Array', 'Math', 'Greedy', 'Number Theory']"
LeetCode,3013,Divide an Array Into Subarrays With Minimum Cost II,3,Hard,,,54.70608197833977,False,"['Array', 'Hash Table', 'Sliding Window', 'Heap (Priority Queue)']"
LeetCode,3014,Minimum Number of Pushes to Type Word I,1,Easy,,,67.20853311453553,False,"['Math', 'String', 'Greedy']"
LeetCode,3015,Count the Number of Houses at a Certain Distance I,2,Medium,,,57.857216654613076,False,"['Breadth-First Search', 'Graph Theory', 'Prefix Sum']"
LeetCode,3016,Minimum Number of Pushes to Type Word II,2,Medium,,,79.98205583950607,False,"['Hash Table', 'String', 'Greedy', 'Sorting', 'Counting']"
LeetCode,3017,Count the Number of Houses at a Certain Distance II,3,Hard,,,23.68880656258269,False,"['Graph Theory', 'Prefix Sum']"
LeetCode,3018,Maximum Number of Removal Queries That Can Be Processed I,3,Hard,,,44.89659773182122,True,"['Array', 'Dynamic Programming']"
LeetCode,3019,Number of Changing Keys,1,Easy,,,80.75330162777928,False,['String']
LeetCode,3020,Find the Maximum Number of Elements in Subset,2,Medium,,,26.99592423879166,False,"['Array', 'Hash Table', 'Enumeration']"
LeetCode,3021,Alice and Bob Playing Flower Game,2,Medium,,,59.97892253097502,False,['Math']
LeetCode,3022,Minimize OR of Remaining Elements Using Operations,3,Hard,,,30.51633585703567,False,"['Array', 'Greedy', 'Bit Manipulation']"
LeetCode,3023,Find Pattern in Infinite Stream I,2,Medium,,,57.421875,True,"['Array', 'Sliding Window', 'Rolling Hash', 'String Matching', 'Interactive', 'Hash Function']"
LeetCode,3024,Type of Triangle,1,Easy,,,44.03199388621432,False,"['Array', 'Math', 'Sorting']"
LeetCode,3025,Find the Number of Ways to Place People I,2,Medium,,,64.00657484679834,False,"['Array', 'Math', 'Geometry', 'Sorting', 'Enumeration']"
LeetCode,3026,Maximum Good Subarray Sum,2,Medium,,,22.010009931009083,False,"['Array', 'Hash Table', 'Prefix Sum']"
LeetCode,3027,Find the Number of Ways to Place People II,3,Hard,,,64.42236457924784,False,"['Array', 'Math', 'Geometry', 'Sorting', 'Enumeration']"
LeetCode,3028,Ant on the Boundary,1,Easy,,,74.52607206598813,False,"['Array', 'Simulation', 'Prefix Sum']"
LeetCode,3029,Minimum Time to Revert Word to Initial State I,2,Medium,,,42.63431845175714,False,"['String', 'Rolling Hash', 'String Matching', 'Hash Function']"
LeetCode,3030,Find the Grid of Region Average,2,Medium,,,43.65118752215527,False,"['Array', 'Matrix']"
LeetCode,3031,Minimum Time to Revert Word to Initial State II,3,Hard,,,35.43446018513783,False,"['String', 'Rolling Hash', 'String Matching', 'Hash Function']"
LeetCode,3032,Count Numbers With Unique Digits II,1,Easy,,,87.19028989868592,True,"['Hash Table', 'Math', 'Dynamic Programming']"
LeetCode,3033,Modify the Matrix,1,Easy,,,69.19042056074767,False,"['Array', 'Matrix']"
LeetCode,3034,Number of Subarrays That Match a Pattern I,2,Medium,,,68.70283328027566,False,"['Array', 'Rolling Hash', 'String Matching', 'Hash Function']"
LeetCode,3035,Maximum Palindromes After Operations,2,Medium,,,46.89890598009377,False,"['Array', 'Hash Table', 'String', 'Greedy', 'Sorting', 'Counting']"
LeetCode,3036,Number of Subarrays That Match a Pattern II,3,Hard,,,33.85627648863184,False,"['Array', 'Rolling Hash', 'String Matching', 'Hash Function']"
LeetCode,3037,Find Pattern in Infinite Stream II,3,Hard,,,67.66215585627626,True,"['Array', 'Sliding Window', 'Rolling Hash', 'String Matching', 'Interactive', 'Hash Function']"
LeetCode,3038,Maximum Number of Operations With the Same Score I,1,Easy,,,52.995599119823964,False,"['Array', 'Simulation']"
LeetCode,3039,Apply Operations to Make String Empty,2,Medium,,,57.76137375006544,False,"['Array', 'Hash Table', 'Sorting', 'Counting']"
LeetCode,3040,Maximum Number of Operations With the Same Score II,2,Medium,,,34.298960196039474,False,"['Array', 'Dynamic Programming', 'Memoization']"
LeetCode,3041,Maximize Consecutive Elements in an Array After Modification,3,Hard,,,33.98516520566419,False,"['Array', 'Dynamic Programming', 'Sorting']"
LeetCode,3042,Count Prefix and Suffix Pairs I,1,Easy,,,77.78197966526564,False,"['Array', 'String', 'Trie', 'Rolling Hash', 'String Matching', 'Hash Function']"
LeetCode,3043,Find the Length of the Longest Common Prefix,2,Medium,,,62.253898886416245,False,"['Array', 'Hash Table', 'String', 'Trie']"
LeetCode,3044,Most Frequent Prime,2,Medium,,,46.15494978479197,False,"['Array', 'Hash Table', 'Math', 'Matrix', 'Counting', 'Enumeration', 'Number Theory']"
LeetCode,3045,Count Prefix and Suffix Pairs II,3,Hard,,,28.587517137820722,False,"['Array', 'String', 'Trie', 'Rolling Hash', 'String Matching', 'Hash Function']"
LeetCode,3046,Split the Array,1,Easy,,,61.42711343021835,False,"['Array', 'Hash Table', 'Counting']"
LeetCode,3047,Find the Largest Area of Square Inside Two Rectangles,2,Medium,,,67.04258597514998,False,"['Array', 'Math', 'Geometry']"
LeetCode,3048,Earliest Second to Mark Indices I,2,Medium,,,37.07007600154579,False,"['Array', 'Binary Search']"
LeetCode,3049,Earliest Second to Mark Indices II,3,Hard,,,22.66222961730449,False,"['Array', 'Binary Search', 'Greedy', 'Heap (Priority Queue)']"
LeetCode,3062,Winner of the Linked List Game,1,Easy,,,77.52773173530537,True,['Linked List']
LeetCode,3063,Linked List Frequency,1,Easy,,,85.47564325354561,True,"['Hash Table', 'Linked List', 'Counting']"
LeetCode,3064,Guess the Number Using Bitwise Questions I,2,Medium,,,88.88475836431226,True,"['Bit Manipulation', 'Interactive']"
LeetCode,3065,Minimum Operations to Exceed Threshold Value I,1,Easy,,,86.80614381383157,False,['Array']
LeetCode,3066,Minimum Operations to Exceed Threshold Value II,2,Medium,,,45.8339631151769,False,"['Array', 'Heap (Priority Queue)', 'Simulation']"
LeetCode,3067,Count Pairs of Connectable Servers in a Weighted Tree Network,2,Medium,,,56.028603588690984,False,"['Array', 'Tree', 'Depth-First Search']"
LeetCode,3068,Find the Maximum Sum of Node Values,3,Hard,,,69.41880145586715,False,"['Array', 'Dynamic Programming', 'Greedy', 'Bit Manipulation', 'Tree', 'Sorting']"
LeetCode,3069,Distribute Elements Into Two Arrays I,1,Easy,,,74.12295807911829,False,"['Array', 'Simulation']"
LeetCode,3070,Count Submatrices with Top-Left Element and Sum Less Than k,2,Medium,,,74.84903676902015,False,"['Array', 'Matrix', 'Prefix Sum']"
LeetCode,3071,Minimum Operations to Write the Letter Y on a Grid,2,Medium,,,64.6079195910233,False,"['Array', 'Hash Table', 'Matrix', 'Counting']"
LeetCode,3072,Distribute Elements Into Two Arrays II,3,Hard,,,30.879705140968884,False,"['Array', 'Binary Indexed Tree', 'Segment Tree', 'Simulation']"
LeetCode,3073,Maximum Increasing Triplet Value,2,Medium,,,35.958731756416704,True,"['Array', 'Ordered Set']"
LeetCode,3074,Apple Redistribution into Boxes,1,Easy,,,78.5828303029191,False,"['Array', 'Greedy', 'Sorting']"
LeetCode,3075,Maximize Happiness of Selected Children,2,Medium,,,58.702386206728995,False,"['Array', 'Greedy', 'Sorting']"
LeetCode,3076,Shortest Uncommon Substring in an Array,2,Medium,,,50.91825952033815,False,"['Array', 'Hash Table', 'String', 'Trie']"
LeetCode,3077,Maximum Strength of K Disjoint Subarrays,3,Hard,,,27.993960174903272,False,"['Array', 'Dynamic Programming', 'Prefix Sum']"
LeetCode,3078,Match Alphanumerical Pattern in Matrix I,2,Medium,,,65.21946564885496,True,"['Array', 'Hash Table', 'String', 'Matrix']"
LeetCode,3079,Find the Sum of Encrypted Integers,1,Easy,,,75.04830606724204,False,"['Array', 'Math']"
LeetCode,3080,Mark Elements on Array by Performing Queries,2,Medium,,,49.471952908587255,False,"['Array', 'Hash Table', 'Sorting', 'Heap (Priority Queue)', 'Simulation']"
LeetCode,3081,Replace Question Marks in String to Minimize Its Value,2,Medium,,,29.294115754074884,False,"['Hash Table', 'String', 'Greedy', 'Sorting', 'Heap (Priority Queue)', 'Counting']"
LeetCode,3082,Find the Sum of the Power of All Subsequences,3,Hard,,,38.50293542074364,False,"['Array', 'Dynamic Programming']"
LeetCode,3083,Existence of a Substring in a String and Its Reverse,1,Easy,,,66.59460584270703,False,"['Hash Table', 'String']"
LeetCode,3084,Count Substrings Starting and Ending with Given Character,2,Medium,,,50.20976495703802,False,"['Math', 'String', 'Counting']"
LeetCode,3085,Minimum Deletions to Make String K-Special,2,Medium,,,67.13573360378633,False,"['Hash Table', 'String', 'Greedy', 'Sorting', 'Counting']"
LeetCode,3086,Minimum Moves to Pick K Ones,3,Hard,,,21.706946418942106,False,"['Array', 'Greedy', 'Sliding Window', 'Prefix Sum']"
LeetCode,3088,Make String Anti-palindrome,3,Hard,,,46.982358402971215,True,"['String', 'Greedy', 'Sorting', 'Counting Sort']"
LeetCode,3090,Maximum Length Substring With Two Occurrences,1,Easy,,,65.70507095365684,False,"['Hash Table', 'String', 'Sliding Window']"
LeetCode,3091,Apply Operations to Make Sum of Array Greater Than or Equal to k,2,Medium,,,44.428168256954706,False,"['Math', 'Greedy', 'Enumeration']"
LeetCode,3092,Most Frequent IDs,2,Medium,,,43.03370038923451,False,"['Array', 'Hash Table', 'Heap (Priority Queue)', 'Ordered Set']"
LeetCode,3093,Longest Common Suffix Queries,3,Hard,,,52.648371848739494,False,"['Array', 'String', 'Trie']"
LeetCode,3094,Guess the Number Using Bitwise Questions II,2,Medium,,,82.9160530191458,True,"['Bit Manipulation', 'Interactive']"
LeetCode,3095,Shortest Subarray With OR at Least K I,1,Easy,,,44.727260654485896,False,"['Array', 'Bit Manipulation', 'Sliding Window']"
LeetCode,3096,Minimum Levels to Gain More Points,2,Medium,,,40.44619536199258,False,"['Array', 'Prefix Sum']"
LeetCode,3097,Shortest Subarray With OR at Least K II,2,Medium,,,50.23243671998152,False,"['Array', 'Bit Manipulation', 'Sliding Window']"
LeetCode,3098,Find the Sum of Subsequence Powers,3,Hard,,,25.334999652850097,False,"['Array', 'Dynamic Programming', 'Sorting']"
LeetCode,3099,Harshad Number,1,Easy,,,83.37214583889086,False,['Math']
LeetCode,3100,Water Bottles II,2,Medium,,,78.14324954412206,False,"['Math', 'Simulation']"
LeetCode,3101,Count Alternating Subarrays,2,Medium,,,57.528252825282536,False,"['Array', 'Math']"
LeetCode,3102,Minimize Manhattan Distances,3,Hard,,,33.00664502230179,False,"['Array', 'Math', 'Geometry', 'Sorting', 'Ordered Set']"
LeetCode,3104,Find Longest Self-Contained Substring,3,Hard,,,58.62002690755334,True,"['Hash Table', 'String', 'Sorting']"
LeetCode,3105,Longest Strictly Increasing or Strictly Decreasing Subarray,1,Easy,,,64.92731961351345,False,['Array']
LeetCode,3106,Lexicographically Smallest String After Operations With Constraint,2,Medium,,,62.87137105318924,False,"['String', 'Greedy']"
LeetCode,3107,Minimum Operations to Make Median of Array Equal to K,2,Medium,,,48.008104690665895,False,"['Array', 'Greedy', 'Sorting']"
LeetCode,3108,Minimum Cost Walk in Weighted Graph,3,Hard,,,68.23118943628793,False,"['Array', 'Bit Manipulation', 'Union-Find', 'Graph Theory']"
LeetCode,3109,Find the Index of Permutation,2,Medium,,,37.13235294117647,True,"['Array', 'Binary Search', 'Divide and Conquer', 'Binary Indexed Tree', 'Segment Tree', 'Merge Sort', 'Ordered Set']"
LeetCode,3110,Score of a String,1,Easy,,,91.35346744895186,False,['String']
LeetCode,3111,Minimum Rectangles to Cover Points,2,Medium,,,63.93966655819918,False,"['Array', 'Greedy', 'Sorting']"
LeetCode,3112,Minimum Time to Visit Disappearing Nodes,2,Medium,,,37.94587294441649,False,"['Array', 'Graph Theory', 'Heap (Priority Queue)', 'Shortest Path']"
LeetCode,3113,Find the Number of Subarrays Where Boundary Elements Are Maximum,3,Hard,,,33.50212094965243,False,"['Array', 'Binary Search', 'Stack', 'Monotonic Stack']"
LeetCode,3114,Latest Time You Can Obtain After Replacing Characters,1,Easy,,,35.35238384759589,False,"['String', 'Enumeration']"
LeetCode,3115,Maximum Prime Difference,2,Medium,,,59.157305265998716,False,"['Array', 'Math', 'Number Theory']"
LeetCode,3116,Kth Smallest Amount With Single Denomination Combination,3,Hard,,,20.27580372250423,False,"['Array', 'Math', 'Binary Search', 'Bit Manipulation', 'Combinatorics', 'Number Theory']"
LeetCode,3117,Minimum Sum of Values by Dividing Array,3,Hard,,,28.246101590242397,False,"['Array', 'Binary Search', 'Dynamic Programming', 'Bit Manipulation', 'Segment Tree', 'Queue']"
LeetCode,3119,Maximum Number of Potholes That Can Be Fixed,2,Medium,,,53.694202154951256,True,"['String', 'Greedy', 'Sorting']"
LeetCode,3120,Count the Number of Special Characters I,1,Easy,,,77.25347493856135,False,"['Hash Table', 'String']"
LeetCode,3121,Count the Number of Special Characters II,2,Medium,,,60.393392051433594,False,"['Hash Table', 'String']"
LeetCode,3122,Minimum Number of Operations to Satisfy Conditions,2,Medium,,,42.26525176510379,False,"['Array', 'Dynamic Programming', 'Matrix']"
LeetCode,3123,Find Edges in Shortest Paths,3,Hard,,,46.7946328736489,False,"['Depth-First Search', 'Breadth-First Search', 'Graph Theory', 'Heap (Priority Queue)', 'Shortest Path']"
LeetCode,3125,Maximum Number That Makes Result of Bitwise AND Zero,2,Medium,,,70.0152207001522,True,"['String', 'Greedy', 'Sorting']"
LeetCode,3127,Make a Square with the Same Color,1,Easy,,,53.228947812351436,False,"['Array', 'Matrix', 'Enumeration']"
LeetCode,3128,Right Triangles,2,Medium,,,48.85408708938121,False,"['Array', 'Hash Table', 'Math', 'Combinatorics', 'Counting']"
LeetCode,3129,Find All Possible Stable Binary Arrays I,2,Medium,,,53.63013526739779,False,"['Dynamic Programming', 'Prefix Sum']"
LeetCode,3130,Find All Possible Stable Binary Arrays II,3,Hard,,,58.85917568380577,False,"['Dynamic Programming', 'Prefix Sum']"
LeetCode,3131,Find the Integer Added to Array I,1,Easy,,,82.9518301424907,False,['Array']
LeetCode,3132,Find the Integer Added to Array II,2,Medium,,,33.061107796340494,False,"['Array', 'Two Pointers', 'Sorting', 'Enumeration']"
LeetCode,3133,Minimum Array End,2,Medium,,,55.44994833344149,False,['Bit Manipulation']
LeetCode,3134,Find the Median of the Uniqueness Array,3,Hard,,,30.34273861653442,False,"['Array', 'Hash Table', 'Binary Search', 'Sliding Window']"
LeetCode,3135,Equalize Strings by Adding or Removing Characters at Ends,2,Medium,,,56.3997005988024,True,"['String', 'Binary Search', 'Dynamic Programming', 'Sliding Window', 'Hash Function']"
LeetCode,3136,Valid Word,1,Easy,,,50.88176046658764,False,['String']
LeetCode,3137,Minimum Number of Operations to Make Word K-Periodic,2,Medium,,,60.83148206918438,False,"['Hash Table', 'String', 'Counting']"
LeetCode,3138,Minimum Length of Anagram Concatenation,2,Medium,,,39.875211382587906,False,"['Hash Table', 'String', 'Counting']"
LeetCode,3139,Minimum Cost to Equalize Array,3,Hard,,,18.92491074513417,False,"['Array', 'Greedy', 'Enumeration']"
LeetCode,3141,Maximum Hamming Distances,3,Hard,,,49.47526236881559,True,"['Array', 'Bit Manipulation', 'Breadth-First Search']"
LeetCode,3142,Check if Grid Satisfies Conditions,1,Easy,,,45.60080539771352,False,"['Array', 'Matrix']"
LeetCode,3143,Maximum Points Inside the Square,2,Medium,,,39.743705932464515,False,"['Array', 'Hash Table', 'String', 'Binary Search', 'Sorting']"
LeetCode,3144,Minimum Substring Partition of Equal Character Frequency,2,Medium,,,40.36028632598776,False,"['Hash Table', 'String', 'Dynamic Programming', 'Counting']"
LeetCode,3145,Find Products of Elements of Big Array,3,Hard,,,24.932395889670094,False,"['Array', 'Binary Search', 'Bit Manipulation']"
LeetCode,3146,Permutation Difference between Two Strings,1,Easy,,,87.88559171643287,False,"['Hash Table', 'String']"
LeetCode,3147,Taking Maximum Energy From the Mystic Dungeon,2,Medium,,,61.02344435266165,False,"['Array', 'Dynamic Programming', 'Prefix Sum']"
LeetCode,3148,Maximum Difference Score in a Grid,2,Medium,,,48.22160751770545,False,"['Array', 'Dynamic Programming', 'Matrix']"
LeetCode,3149,Find the Minimum Cost Array Permutation,3,Hard,,,25.930967088961015,False,"['Array', 'Dynamic Programming', 'Bit Manipulation', 'Bitmask']"
LeetCode,3151,Special Array I,1,Easy,,,81.62561409034346,False,['Array']
LeetCode,3152,Special Array II,2,Medium,,,45.79883334817204,False,"['Array', 'Binary Search', 'Prefix Sum']"
LeetCode,3153,Sum of Digit Differences of All Pairs,2,Medium,,,43.154753323145236,False,"['Array', 'Hash Table', 'Math', 'Counting']"
LeetCode,3154,Find Number of Ways to Reach the K-th Stair,3,Hard,,,37.85198513775618,False,"['Math', 'Dynamic Programming', 'Bit Manipulation', 'Memoization', 'Combinatorics']"
LeetCode,3155,Maximum Number of Upgradable Servers,2,Medium,,,43.61439842209073,True,"['Array', 'Math', 'Binary Search']"
LeetCode,3157,Find the Level of Tree with Minimum Sum,2,Medium,,,69.4278041726916,True,"['Tree', 'Depth-First Search', 'Breadth-First Search', 'Binary Tree']"
LeetCode,3158,Find the XOR of Numbers Which Appear Twice,1,Easy,,,79.0575762614062,False,"['Array', 'Hash Table', 'Bit Manipulation']"
LeetCode,3159,Find Occurrences of an Element in an Array,2,Medium,,,73.50964612767396,False,"['Array', 'Hash Table']"
LeetCode,3160,Find the Number of Distinct Colors Among the Balls,2,Medium,,,54.154090949271975,False,"['Array', 'Hash Table', 'Simulation']"
LeetCode,3161,Block Placement Queries,3,Hard,,,41.46683344752374,False,"['Array', 'Binary Search', 'Binary Indexed Tree', 'Segment Tree', 'Ordered Set']"
LeetCode,3162,Find the Number of Good Pairs I,1,Easy,,,86.49478957566025,False,"['Array', 'Hash Table']"
LeetCode,3163,String Compression III,2,Medium,,,67.08212899563978,False,['String']
LeetCode,3164,Find the Number of Good Pairs II,2,Medium,,,26.736250501806502,False,"['Array', 'Hash Table']"
LeetCode,3165,Maximum Sum of Subsequence With Non-adjacent Elements,3,Hard,,,15.856746232691336,False,"['Array', 'Divide and Conquer', 'Dynamic Programming', 'Segment Tree']"
LeetCode,3167,Better Compression of String,2,Medium,,,75.27272727272727,True,"['Hash Table', 'String', 'Sorting', 'Counting']"
LeetCode,3168,Minimum Number of Chairs in a Waiting Room,1,Easy,,,79.43443602592077,False,"['String', 'Simulation']"
LeetCode,3169,Count Days Without Meetings,2,Medium,,,48.17427483244309,False,"['Array', 'Sorting']"
LeetCode,3170,Lexicographically Minimum String After Removing Stars,2,Medium,,,50.955912858679,False,"['Hash Table', 'String', 'Stack', 'Greedy', 'Heap (Priority Queue)']"
LeetCode,3171,Find Subarray With Bitwise OR Closest to K,3,Hard,,,31.228828407896277,False,"['Array', 'Binary Search', 'Bit Manipulation', 'Segment Tree']"
LeetCode,3173,Bitwise OR of Adjacent Elements,1,Easy,,,94.82831114225648,True,"['Array', 'Bit Manipulation']"
LeetCode,3174,Clear Digits,1,Easy,,,82.76631166179405,False,"['String', 'Stack', 'Simulation']"
LeetCode,3175,Find The First Player to win K Games in a Row,2,Medium,,,40.349673202614376,False,"['Array', 'Simulation']"
LeetCode,3176,Find the Maximum Length of a Good Subsequence I,2,Medium,,,32.90684931506849,False,"['Array', 'Hash Table', 'Dynamic Programming']"
LeetCode,3177,Find the Maximum Length of a Good Subsequence II,3,Hard,,,25.34562211981567,False,"['Array', 'Hash Table', 'Dynamic Programming']"
LeetCode,3178,Find the Child Who Has the Ball After K Seconds,1,Easy,,,62.12166217697248,False,"['Math', 'Simulation']"
LeetCode,3179,Find the N-th Value After K Seconds,2,Medium,,,54.030955354176456,False,"['Array', 'Math', 'Simulation', 'Combinatorics', 'Prefix Sum']"
LeetCode,3180,Maximum Total Reward Using Operations I,2,Medium,,,31.007071494087363,False,"['Array', 'Dynamic Programming', 'Bit Manipulation', 'Sorting']"
LeetCode,3181,Maximum Total Reward Using Operations II,3,Hard,,,21.969489585147947,False,"['Array', 'Dynamic Programming', 'Bit Manipulation', 'Sorting']"
LeetCode,3183,The Number of Ways to Make the Sum,2,Medium,,,50.76923076923077,True,"['Array', 'Dynamic Programming']"
LeetCode,3184,Count Pairs That Form a Complete Day I,1,Easy,,,78.2585906236455,False,"['Array', 'Hash Table', 'Counting']"
LeetCode,3185,Count Pairs That Form a Complete Day II,2,Medium,,,43.83765349100202,False,"['Array', 'Hash Table', 'Counting']"
LeetCode,3186,Maximum Total Damage With Spell Casting,2,Medium,,,45.088391382279546,False,"['Array', 'Hash Table', 'Two Pointers', 'Binary Search', 'Dynamic Programming', 'Sorting', 'Counting']"
LeetCode,3187,Peaks in Array,3,Hard,,,27.71316949075546,False,"['Array', 'Binary Indexed Tree', 'Segment Tree']"
LeetCode,3189,Minimum Moves to Get a Peaceful Board,2,Medium,,,75.79607843137255,True,"['Array', 'Greedy', 'Sorting', 'Counting Sort']"
LeetCode,3190,Find Minimum Operations to Make All Elements Divisible by Three,1,Easy,,,90.8392983097782,False,"['Array', 'Math']"
LeetCode,3191,Minimum Operations to Make Binary Array Elements Equal to One I,2,Medium,,,80.40705747404009,False,"['Array', 'Bit Manipulation', 'Queue', 'Sliding Window', 'Prefix Sum']"
LeetCode,3192,Minimum Operations to Make Binary Array Elements Equal to One II,2,Medium,,,65.22425028750037,False,"['Array', 'Dynamic Programming', 'Greedy']"
LeetCode,3193,Count the Number of Inversions,3,Hard,,,31.291998418883054,False,"['Array', 'Dynamic Programming']"
LeetCode,3194,Minimum Average of Smallest and Largest Elements,1,Easy,,,85.40839884715788,False,"['Array', 'Two Pointers', 'Sorting']"
LeetCode,3195,Find the Minimum Area to Cover All Ones I,2,Medium,,,78.15663391808505,False,"['Array', 'Matrix']"
LeetCode,3196,Maximize Total Cost of Alternating Subarrays,2,Medium,,,29.799777912607468,False,"['Array', 'Dynamic Programming']"
LeetCode,3197,Find the Minimum Area to Cover All Ones II,3,Hard,,,63.50880267975384,False,"['Array', 'Matrix', 'Enumeration']"
LeetCode,3199,Count Triplets with Even XOR Set Bits I,1,Easy,,,83.12074829931973,True,"['Array', 'Bit Manipulation']"
LeetCode,3200,Maximum Height of a Triangle,1,Easy,,,44.46889278740844,False,"['Array', 'Enumeration']"
LeetCode,3201,Find the Maximum Length of Valid Subsequence I,2,Medium,,,54.88253782842914,False,"['Array', 'Dynamic Programming']"
LeetCode,3202,Find the Maximum Length of Valid Subsequence II,2,Medium,,,57.12962446292059,False,"['Array', 'Dynamic Programming']"
LeetCode,3203,Find Minimum Diameter After Merging Two Trees,3,Hard,,,57.036524147481394,False,"['Tree', 'Depth-First Search', 'Breadth-First Search', 'Graph Theory']"
LeetCode,3205,Maximum Array Hopping Score I,2,Medium,,,77.02127659574468,True,"['Array', 'Dynamic Programming', 'Stack', 'Greedy', 'Monotonic Stack']"
LeetCode,3206,Alternating Groups I,1,Easy,,,69.171298958533,False,"['Array', 'Sliding Window']"
LeetCode,3207,Maximum Points After Enemy Battles,2,Medium,,,33.43971019492841,False,"['Array', 'Greedy']"
LeetCode,3208,Alternating Groups II,2,Medium,,,60.02109154326002,False,"['Array', 'Sliding Window']"
LeetCode,3209,Number of Subarrays With AND Value of K,3,Hard,,,35.481372279553234,False,"['Array', 'Binary Search', 'Bit Manipulation', 'Segment Tree']"
LeetCode,3210,Find the Encrypted String,1,Easy,,,68.28533915120883,False,['String']
LeetCode,3211,Generate Binary Strings Without Adjacent Zeros,2,Medium,,,88.46990939920029,False,"['String', 'Backtracking', 'Bit Manipulation']"
LeetCode,3212,Count Submatrices With Equal Frequency of X and Y,2,Medium,,,69.65016518720138,False,"['Array', 'Matrix', 'Prefix Sum']"
LeetCode,3213,Construct String with Minimum Cost,3,Hard,,,18.99804629009027,False,"['Array', 'String', 'Dynamic Programming', 'Suffix Array']"
LeetCode,3215,Count Triplets with Even XOR Set Bits II,2,Medium,,,61.75824175824176,True,"['Array', 'Bit Manipulation']"
LeetCode,3216,Lexicographically Smallest String After a Swap,1,Easy,,,54.70503428927681,False,"['String', 'Greedy']"
LeetCode,3217,Delete Nodes From Linked List Present in Array,2,Medium,,,69.40649741536251,False,"['Array', 'Hash Table', 'Linked List']"
LeetCode,3218,Minimum Cost for Cutting Cake I,2,Medium,,,58.60621326616289,False,"['Array', 'Two Pointers', 'Dynamic Programming', 'Greedy', 'Sorting']"
LeetCode,3219,Minimum Cost for Cutting Cake II,3,Hard,,,55.324523025573946,False,"['Array', 'Greedy', 'Sorting']"
LeetCode,3221,Maximum Array Hopping Score II,2,Medium,,,59.66933867735471,True,"['Array', 'Stack', 'Greedy', 'Monotonic Stack']"
LeetCode,3222,Find the Winning Player in Coin Game,1,Easy,,,53.45724974246833,False,"['Math', 'Simulation', 'Game Theory']"
LeetCode,3223,Minimum Length of String After Operations,2,Medium,,,75.07188480029444,False,"['Hash Table', 'String', 'Counting']"
LeetCode,3224,Minimum Array Changes to Make Differences Equal,2,Medium,,,24.69695306496887,False,"['Array', 'Hash Table', 'Prefix Sum']"
LeetCode,3225,Maximum Score From Grid Operations,3,Hard,,,64.38616938616939,False,"['Array', 'Dynamic Programming', 'Matrix', 'Prefix Sum']"
LeetCode,3226,Number of Bit Changes to Make Two Integers Equal,1,Easy,,,63.582708179317194,False,['Bit Manipulation']
LeetCode,3227,Vowels Game in a String,2,Medium,,,77.08865969589273,False,"['Math', 'String', 'Brainteaser', 'Game Theory']"
LeetCode,3228,Maximum Number of Operations to Move Ones to the End,2,Medium,,,67.105080399594,False,"['String', 'Greedy', 'Counting']"
LeetCode,3229,Minimum Operations to Make Array Equal to Target,3,Hard,,,41.66285200820575,False,"['Array', 'Dynamic Programming', 'Stack', 'Greedy', 'Monotonic Stack']"
LeetCode,3231,Minimum Number of Increasing Subsequence to Be Removed,3,Hard,,,47.368421052631575,True,"['Array', 'Binary Search']"
LeetCode,3232,Find if Digit Game Can Be Won,1,Easy,,,81.66310857269602,False,"['Array', 'Math']"
LeetCode,3233,Find the Count of Numbers Which Are Not Special,2,Medium,,,28.079584154866467,False,"['Array', 'Math', 'Number Theory']"
LeetCode,3234,Count the Number of Substrings With Dominant Ones,2,Medium,,,41.962589414359854,False,"['String', 'Enumeration']"
LeetCode,3235,Check if the Rectangle Corner Is Reachable,3,Hard,,,25.214492932535027,False,"['Array', 'Math', 'Depth-First Search', 'Breadth-First Search', 'Union-Find', 'Geometry']"
LeetCode,3237,Alt and Tab Simulation,2,Medium,,,53.30543933054393,True,"['Array', 'Hash Table', 'Simulation']"
LeetCode,3238,Find the Number of Winning Players,1,Easy,,,60.601374356160285,False,"['Array', 'Hash Table', 'Counting']"
LeetCode,3239,Minimum Number of Flips to Make Binary Grid Palindromic I,2,Medium,,,74.97814269966169,False,"['Array', 'Two Pointers', 'Matrix']"
LeetCode,3240,Minimum Number of Flips to Make Binary Grid Palindromic II,2,Medium,,,25.662067148906853,False,"['Array', 'Two Pointers', 'Matrix']"
LeetCode,3241,Time Taken to Mark All Nodes,3,Hard,,,28.31735672037528,False,"['Dynamic Programming', 'Tree', 'Depth-First Search', 'Graph Theory']"
LeetCode,3242,Design Neighbor Sum Service,1,Easy,,,76.63551401869158,False,"['Array', 'Hash Table', 'Design', 'Matrix', 'Simulation']"
LeetCode,3243,Shortest Distance After Road Addition Queries I,2,Medium,,,61.88686000716076,False,"['Array', 'Breadth-First Search', 'Graph Theory']"
LeetCode,3244,Shortest Distance After Road Addition Queries II,3,Hard,,,26.847294834897227,False,"['Array', 'Greedy', 'Graph Theory', 'Ordered Set']"
LeetCode,3245,Alternating Groups III,3,Hard,,,19.31847628919409,False,"['Array', 'Binary Indexed Tree', 'Ordered Set']"
LeetCode,3247,Number of Subsequences with Odd Sum,2,Medium,,,47.388535031847134,True,"['Array', 'Math', 'Dynamic Programming', 'Combinatorics']"
LeetCode,3248,Snake in Matrix,1,Easy,,,82.37845844574935,False,"['Array', 'String', 'Simulation']"
LeetCode,3249,Count the Number of Good Nodes,2,Medium,,,55.43976803444337,False,"['Tree', 'Depth-First Search']"
LeetCode,3250,Find the Count of Monotonic Pairs I,3,Hard,,,47.5453781321702,False,"['Array', 'Math', 'Dynamic Programming', 'Combinatorics', 'Prefix Sum']"
LeetCode,3251,Find the Count of Monotonic Pairs II,3,Hard,,,24.770833955391,False,"['Array', 'Math', 'Dynamic Programming', 'Combinatorics', 'Prefix Sum']"
LeetCode,3253,Construct String with Minimum Cost (Easy),2,Medium,,,59.10049191848208,True,[]
LeetCode,3254,Find the Power of K-Size Subarrays I,2,Medium,,,62.09381959244271,False,"['Array', 'Sliding Window']"
LeetCode,3255,Find the Power of K-Size Subarrays II,2,Medium,,,31.722449706248888,False,"['Array', 'Sliding Window']"
LeetCode,3256,Maximum Value Sum by Placing Three Rooks I,3,Hard,,,16.819464622680893,False,"['Array', 'Dynamic Programming', 'Matrix', 'Enumeration']"
LeetCode,3257,Maximum Value Sum by Placing Three Rooks II,3,Hard,,,27.008270748169977,False,"['Array', 'Dynamic Programming', 'Matrix', 'Enumeration']"
LeetCode,3258,Count Substrings That Satisfy K-Constraint I,1,Easy,,,79.15671602186488,False,"['String', 'Sliding Window']"
LeetCode,3259,Maximum Energy Boost From Two Drinks,2,Medium,,,50.17532674529805,False,"['Array', 'Dynamic Programming']"
LeetCode,3260,Find the Largest Palindrome Divisible by K,3,Hard,,,17.130056184849963,False,"['Math', 'String', 'Dynamic Programming', 'Greedy', 'Number Theory']"
LeetCode,3261,Count Substrings That Satisfy K-Constraint II,3,Hard,,,23.726244607671678,False,"['Array', 'String', 'Binary Search', 'Sliding Window', 'Prefix Sum']"
LeetCode,3263,Convert Doubly Linked List to Array I,1,Easy,,,94.96359828463149,True,"['Array', 'Linked List', 'Doubly-Linked List']"
LeetCode,3264,Final Array State After K Multiplication Operations I,1,Easy,,,86.91087484330947,False,"['Array', 'Math', 'Heap (Priority Queue)', 'Simulation']"
LeetCode,3265,Count Almost Equal Pairs I,2,Medium,,,38.40581591587693,False,"['Array', 'Hash Table', 'Sorting', 'Counting', 'Enumeration']"
LeetCode,3266,Final Array State After K Multiplication Operations II,3,Hard,,,13.430869346042803,False,"['Array', 'Heap (Priority Queue)', 'Simulation']"
LeetCode,3267,Count Almost Equal Pairs II,3,Hard,,,27.375393953542666,False,"['Array', 'Hash Table', 'Sorting', 'Counting', 'Enumeration']"
LeetCode,3269,Constructing Two Increasing Arrays,3,Hard,,,62.00923787528868,True,"['Array', 'Dynamic Programming']"
LeetCode,3270,Find the Key of the Numbers,1,Easy,,,76.63643811622454,False,['Math']
LeetCode,3271,Hash Divided String,2,Medium,,,83.34149926506615,False,"['String', 'Simulation']"
LeetCode,3272,Find the Count of Good Integers,3,Hard,,,69.28305030196323,False,"['Hash Table', 'Math', 'Combinatorics', 'Enumeration']"
LeetCode,3273,Minimum Amount of Damage Dealt to Bob,3,Hard,,,39.9352592350797,False,"['Array', 'Greedy', 'Sorting']"
LeetCode,3274,Check if Two Chessboard Squares Have the Same Color,1,Easy,,,72.4203904598772,False,"['Math', 'String']"
LeetCode,3275,K-th Nearest Obstacle Queries,2,Medium,,,49.14836965974926,False,"['Array', 'Heap (Priority Queue)']"
LeetCode,3276,Select Cells in Grid With Maximum Score,3,Hard,,,15.896898470444395,False,"['Array', 'Dynamic Programming', 'Bit Manipulation', 'Matrix', 'Bitmask']"
LeetCode,3277,Maximum XOR Score Subarray Queries,3,Hard,,,44.31608133086876,False,"['Array', 'Dynamic Programming']"
LeetCode,3279,Maximum Total Area Occupied by Pistons,3,Hard,,,40.54878048780488,True,"['Array', 'Hash Table', 'String', 'Simulation', 'Counting', 'Prefix Sum']"
LeetCode,3280,Convert Date to Binary,1,Easy,,,88.86134764182123,False,"['Math', 'String']"
LeetCode,3281,Maximize Score of Numbers in Ranges,2,Medium,,,35.844996215438044,False,"['Array', 'Binary Search', 'Greedy', 'Sorting']"
LeetCode,3282,Reach End of Array With Max Score,2,Medium,,,33.773975563695934,False,"['Array', 'Greedy']"
LeetCode,3283,Maximum Number of Moves to Kill All Pawns,3,Hard,,,34.091634374287665,False,"['Array', 'Math', 'Bit Manipulation', 'Breadth-First Search', 'Game Theory', 'Bitmask']"
LeetCode,3284,Sum of Consecutive Subarrays,2,Medium,,,42.83018867924528,True,"['Array', 'Two Pointers', 'Dynamic Programming']"
LeetCode,3285,Find Indices of Stable Mountains,1,Easy,,,87.0531774718035,False,['Array']
LeetCode,3286,Find a Safe Walk Through a Grid,2,Medium,,,33.49306250894006,False,"['Array', 'Breadth-First Search', 'Graph Theory', 'Heap (Priority Queue)', 'Matrix', 'Shortest Path']"
LeetCode,3287,Find the Maximum Sequence Value of Array,3,Hard,,,21.753246753246753,False,"['Array', 'Dynamic Programming', 'Bit Manipulation']"
LeetCode,3288,Length of the Longest Increasing Path,3,Hard,,,19.569446659225004,False,"['Array', 'Binary Search', 'Sorting']"
LeetCode,3289,The Two Sneaky Numbers of Digitville,1,Easy,,,89.76932045303131,False,"['Array', 'Hash Table', 'Math']"
LeetCode,3290,Maximum Multiplication Score,2,Medium,,,41.39244192558411,False,"['Array', 'Dynamic Programming']"
LeetCode,3291,Minimum Number of Valid Strings to Form Target I,2,Medium,,,22.052019418305026,False,"['Array', 'String', 'Binary Search', 'Dynamic Programming', 'Greedy', 'Trie', 'Segment Tree', 'Rolling Hash', 'String Matching', 'Hash Function']"
LeetCode,3292,Minimum Number of Valid Strings to Form Target II,3,Hard,,,20.84204455338476,False,"['Array', 'String', 'Binary Search', 'Dynamic Programming', 'Greedy', 'Segment Tree', 'Rolling Hash', 'String Matching', 'Hash Function']"
LeetCode,3294,Convert Doubly Linked List to Array II,2,Medium,,,82.83633052583656,True,"['Array', 'Linked List', 'Doubly-Linked List']"
LeetCode,3295,Report Spam Message,2,Medium,,,48.70636208546581,False,"['Array', 'Hash Table', 'String']"
LeetCode,3296,Minimum Number of Seconds to Make Mountain Height Zero,2,Medium,,,58.32963447923834,False,"['Array', 'Math', 'Binary Search', 'Greedy', 'Heap (Priority Queue)']"
LeetCode,3297,Count Substrings That Can Be Rearranged to Contain a String I,2,Medium,,,43.25916787203267,False,"['Hash Table', 'String', 'Sliding Window']"
LeetCode,3298,Count Substrings That Can Be Rearranged to Contain a String II,3,Hard,,,56.20335969007017,False,"['Hash Table', 'String', 'Sliding Window']"
LeetCode,3299,Sum of Consecutive Subsequences,3,Hard,,,44.375,True,"['Array', 'Hash Table', 'Dynamic Programming']"
LeetCode,3300,Minimum Element After Replacement With Digit Sum,1,Easy,,,89.58666966660932,False,"['Array', 'Math']"
LeetCode,3301,Maximize the Total Height of Unique Towers,2,Medium,,,37.61450341119211,False,"['Array', 'Greedy', 'Sorting']"
LeetCode,3302,Find the Lexicographically Smallest Valid Sequence,2,Medium,,,22.105678678170644,False,"['Two Pointers', 'String', 'Dynamic Programming', 'Greedy']"
LeetCode,3303,Find the Occurrence of First Almost Equal Substring,3,Hard,,,15.773404757278858,False,"['String', 'String Matching']"
LeetCode,3304,Find the K-th Character in String Game I,1,Easy,,,81.65747949461081,False,"['Math', 'Bit Manipulation', 'Recursion', 'Simulation']"
LeetCode,3305,Count of Substrings Containing Every Vowel and K Consonants I,2,Medium,,,41.955713064897196,False,"['Hash Table', 'String', 'Sliding Window']"
LeetCode,3306,Count of Substrings Containing Every Vowel and K Consonants II,2,Medium,,,40.66120891252897,False,"['Hash Table', 'String', 'Sliding Window']"
LeetCode,3307,Find the K-th Character in String Game II,3,Hard,,,48.41747003469234,False,"['Math', 'Bit Manipulation', 'Recursion']"
LeetCode,3309,Maximum Possible Number by Binary Concatenation,2,Medium,,,65.59040268221982,False,"['Array', 'Bit Manipulation', 'Enumeration']"
LeetCode,3310,Remove Methods From Project,2,Medium,,,50.69746926173016,False,"['Depth-First Search', 'Breadth-First Search', 'Graph Theory']"
LeetCode,3311,Construct 2D Grid Matching Graph Layout,3,Hard,,,29.992942836979537,False,"['Array', 'Hash Table', 'Graph Theory', 'Matrix']"
LeetCode,3312,Sorted GCD Pair Queries,3,Hard,,,23.18249813014211,False,"['Array', 'Hash Table', 'Math', 'Binary Search', 'Combinatorics', 'Counting', 'Number Theory', 'Prefix Sum']"
LeetCode,3313,Find the Last Marked Nodes in Tree,3,Hard,,,56.62751677852349,True,"['Tree', 'Depth-First Search']"
LeetCode,3314,Construct the Minimum Bitwise Array I,1,Easy,,,85.25133571883731,False,"['Array', 'Bit Manipulation']"
LeetCode,3315,Construct the Minimum Bitwise Array II,2,Medium,,,66.60881749873053,False,"['Array', 'Bit Manipulation']"
LeetCode,3316,Find Maximum Removals From Source String,2,Medium,,,39.45369838534686,False,"['Array', 'Hash Table', 'Two Pointers', 'String', 'Dynamic Programming']"
LeetCode,3317,Find the Number of Possible Ways for an Event,3,Hard,,,35.19430051813471,False,"['Math', 'Dynamic Programming', 'Combinatorics']"
LeetCode,3318,Find X-Sum of All K-Long Subarrays I,1,Easy,,,76.06631578947368,False,"['Array', 'Hash Table', 'Sliding Window', 'Heap (Priority Queue)']"
LeetCode,3319,K-th Largest Perfect Subtree Size in Binary Tree,2,Medium,,,62.32742834804436,False,"['Tree', 'Depth-First Search', 'Sorting', 'Binary Tree']"
LeetCode,3320,Count The Number of Winning Sequences,3,Hard,,,32.30855889241351,False,"['String', 'Dynamic Programming']"
LeetCode,3321,Find X-Sum of All K-Long Subarrays II,3,Hard,,,41.185954519037885,False,"['Array', 'Hash Table', 'Sliding Window', 'Heap (Priority Queue)']"
LeetCode,3323,Minimize Connected Groups by Inserting Interval,2,Medium,,,50.082590023125206,True,"['Array', 'Binary Search', 'Sliding Window', 'Sorting']"
LeetCode,3324,Find the Sequence of Strings Appeared on the Screen,2,Medium,,,80.40343157194098,False,"['String', 'Simulation']"
LeetCode,3325,Count Substrings With K-Frequency Characters I,2,Medium,,,56.0722380639029,False,"['Hash Table', 'String', 'Sliding Window']"
LeetCode,3326,Minimum Division Operations to Make Array Non Decreasing,2,Medium,,,29.301623073050276,False,"['Array', 'Math', 'Greedy', 'Number Theory']"
LeetCode,3327,Check if DFS Strings Are Palindromes,3,Hard,,,20.706658108186964,False,"['Array', 'Hash Table', 'String', 'Tree', 'Depth-First Search', 'Hash Function']"
LeetCode,3329,Count Substrings With K-Frequency Characters II,3,Hard,,,70.12726054922975,True,"['Hash Table', 'String', 'Sliding Window']"
LeetCode,3330,Find the Original Typed String I,1,Easy,,,72.0515624602618,False,['String']
LeetCode,3331,Find Subtree Sizes After Changes,2,Medium,,,53.83462482859785,False,"['Array', 'Hash Table', 'String', 'Tree', 'Depth-First Search']"
LeetCode,3332,Maximum Points Tourist Can Earn,2,Medium,,,47.72505191156712,False,"['Array', 'Dynamic Programming', 'Matrix']"
LeetCode,3333,Find the Original Typed String II,3,Hard,,,45.4711879317929,False,"['String', 'Dynamic Programming', 'Prefix Sum']"
LeetCode,3334,Find the Maximum Factor Score of Array,2,Medium,,,41.174190721736345,False,"['Array', 'Math', 'Number Theory']"
LeetCode,3335,Total Characters in String After Transformations I,2,Medium,,,45.64411222211436,False,"['Hash Table', 'Math', 'String', 'Dynamic Programming', 'Counting']"
LeetCode,3336,Find the Number of Subsequences With Equal GCD,3,Hard,,,31.86311485172099,False,"['Array', 'Math', 'Dynamic Programming', 'Number Theory']"
LeetCode,3337,Total Characters in String After Transformations II,3,Hard,,,57.89894874686261,False,"['Hash Table', 'Math', 'String', 'Dynamic Programming', 'Counting']"
LeetCode,3339,Find the Number of K-Even Arrays,2,Medium,,,61.23595505617978,True,['Dynamic Programming']
LeetCode,3340,Check Balanced String,1,Easy,,,82.81609667872411,False,['String']
LeetCode,3341,Find Minimum Time to Reach Last Room I,2,Medium,,,55.43857156389126,False,"['Array', 'Graph Theory', 'Heap (Priority Queue)', 'Matrix', 'Shortest Path']"
LeetCode,3342,Find Minimum Time to Reach Last Room II,2,Medium,,,67.59969378523209,False,"['Array', 'Graph Theory', 'Heap (Priority Queue)', 'Matrix', 'Shortest Path']"
LeetCode,3343,Count Number of Balanced Permutations,3,Hard,,,49.02275703590225,False,"['Math', 'String', 'Dynamic Programming', 'Combinatorics']"
LeetCode,3344,Maximum Sized Array,2,Medium,,,51.669316375198726,True,"['Binary Search', 'Bit Manipulation']"
LeetCode,3345,Smallest Divisible Digit Product I,1,Easy,,,64.48230879487221,False,"['Math', 'Enumeration']"
LeetCode,3346,Maximum Frequency of an Element After Performing Operations I,2,Medium,,,40.18238990929154,False,"['Array', 'Binary Search', 'Sliding Window', 'Sorting', 'Prefix Sum']"
LeetCode,3347,Maximum Frequency of an Element After Performing Operations II,3,Hard,,,53.84359321872697,False,"['Array', 'Binary Search', 'Sliding Window', 'Sorting', 'Prefix Sum']"
LeetCode,3348,Smallest Divisible Digit Product II,3,Hard,,,14.741330806360864,False,"['Math', 'String', 'Backtracking', 'Greedy', 'Number Theory']"
LeetCode,3349,Adjacent Increasing Subarrays Detection I,1,Easy,,,47.98390924625024,False,['Array']
LeetCode,3350,Adjacent Increasing Subarrays Detection II,2,Medium,,,58.87262292690044,False,"['Array', 'Binary Search']"
LeetCode,3351,Sum of Good Subsequences,3,Hard,,,31.161007667031765,False,"['Array', 'Hash Table', 'Dynamic Programming']"
LeetCode,3352,Count K-Reducible Numbers Less Than N,3,Hard,,,28.268761530679043,False,"['Math', 'String', 'Dynamic Programming', 'Combinatorics']"
LeetCode,3353,Minimum Total Operations,1,Easy,,,63.6283185840708,True,['Array']
LeetCode,3354,Make Array Elements Equal to Zero,1,Easy,,,68.30164379595566,False,"['Array', 'Simulation', 'Prefix Sum']"
LeetCode,3355,Zero Array Transformation I,2,Medium,,,54.55472268013091,False,"['Array', 'Prefix Sum']"
LeetCode,3356,Zero Array Transformation II,2,Medium,,,43.60711889771906,False,"['Array', 'Two Pointers', 'Binary Search', 'Prefix Sum']"
LeetCode,3357,Minimize the Maximum Adjacent Element Difference,3,Hard,,,19.813420968938832,False,"['Array', 'Binary Search', 'Greedy']"
LeetCode,3359,Find Sorted Submatrices With Maximum Element at Most K,3,Hard,,,51.31128848346636,True,"['Array', 'Stack', 'Matrix', 'Monotonic Stack']"
LeetCode,3360,Stone Removal Game,1,Easy,,,42.578416264850624,False,"['Math', 'Simulation']"
LeetCode,3361,Shift Distance Between Two Strings,2,Medium,,,53.71177717226764,False,"['Array', 'String', 'Prefix Sum']"
LeetCode,3362,Zero Array Transformation III,2,Medium,,,54.7429624902503,False,"['Array', 'Two Pointers', 'Greedy', 'Sorting', 'Heap (Priority Queue)', 'Prefix Sum']"
LeetCode,3363,Find the Maximum Number of Fruits Collected,3,Hard,,,64.97666987418073,False,"['Array', 'Dynamic Programming', 'Matrix']"
LeetCode,3364,Minimum Positive Sum Subarray ,1,Easy,,,45.17506963527938,False,"['Array', 'Sliding Window', 'Prefix Sum']"
LeetCode,3365,Rearrange K Substrings to Form Target String,2,Medium,,,56.84979626247014,False,"['Hash Table', 'String', 'Sorting']"
LeetCode,3366,Minimum Array Sum,2,Medium,,,31.567248478664865,False,"['Array', 'Dynamic Programming']"
LeetCode,3367,Maximize Sum of Weights after Edge Removals,3,Hard,,,31.226641751201285,False,"['Dynamic Programming', 'Tree', 'Depth-First Search', 'Sorting']"
LeetCode,3369,Design an Array Statistics Tracker ,3,Hard,,,35.626947974106926,True,"['Hash Table', 'Binary Search', 'Design', 'Queue', 'Heap (Priority Queue)', 'Data Stream', 'Ordered Set']"
LeetCode,3370,Smallest Number With All Set Bits,1,Easy,,,80.32090931915185,False,"['Math', 'Bit Manipulation']"
LeetCode,3371,Identify the Largest Outlier in an Array,2,Medium,,,36.35336414997432,False,"['Array', 'Hash Table', 'Counting', 'Enumeration']"
LeetCode,3372,Maximize the Number of Target Nodes After Connecting Trees I,2,Medium,,,69.43251131370106,False,"['Tree', 'Depth-First Search', 'Breadth-First Search']"
LeetCode,3373,Maximize the Number of Target Nodes After Connecting Trees II,3,Hard,,,73.0862065377973,False,"['Tree', 'Depth-First Search', 'Breadth-First Search']"
LeetCode,3375,Minimum Operations to Make Array Values Equal to K,1,Easy,,,73.21049300841764,False,"['Array', 'Hash Table']"
LeetCode,3376,Minimum Time to Break Locks I,2,Medium,,,32.66976282802778,False,"['Array', 'Dynamic Programming', 'Backtracking', 'Bit Manipulation', 'Breadth-First Search', 'Bitmask']"
LeetCode,3377,Digit Operations to Make Two Integers Equal,2,Medium,,,30.79833298850235,False,"['Math', 'Graph Theory', 'Heap (Priority Queue)', 'Number Theory', 'Shortest Path']"
LeetCode,3378,Count Connected Components in LCM Graph,3,Hard,,,31.406001426298758,False,"['Array', 'Hash Table', 'Math', 'Union-Find', 'Number Theory']"
LeetCode,3379,Transformed Array,1,Easy,,,70.53100184487046,False,"['Array', 'Simulation']"
LeetCode,3380,Maximum Area Rectangle With Point Constraints I,2,Medium,,,51.84914764610647,False,"['Array', 'Math', 'Binary Indexed Tree', 'Segment Tree', 'Geometry', 'Sorting', 'Enumeration']"
LeetCode,3381,Maximum Subarray Sum With Length Divisible by K,2,Medium,,,49.715739247160215,False,"['Array', 'Hash Table', 'Prefix Sum']"
LeetCode,3382,Maximum Area Rectangle With Point Constraints II,3,Hard,,,24.184882608375652,False,"['Array', 'Math', 'Binary Indexed Tree', 'Segment Tree', 'Geometry', 'Sorting']"
LeetCode,3383,Minimum Runes to Add to Cast Spell,3,Hard,,,45.11196067722556,True,"['Array', 'Depth-First Search', 'Breadth-First Search', 'Graph Theory', 'Topological Sort']"
LeetCode,3385,Minimum Time to Break Locks II,3,Hard,,,45.375,True,"['Array', 'Breadth-First Search', 'Graph Theory']"
LeetCode,3386,Button with Longest Push Time,1,Easy,,,41.19424540354385,False,['Array']
LeetCode,3387,Maximize Amount After Two Days of Conversions,2,Medium,,,61.578426521524,False,"['Array', 'String', 'Depth-First Search', 'Breadth-First Search', 'Graph Theory']"
LeetCode,3388,Count Beautiful Splits in an Array,2,Medium,,,19.0267114155671,False,"['Array', 'Dynamic Programming']"
LeetCode,3389,Minimum Operations to Make Character Frequencies Equal,3,Hard,,,26.537503459728757,False,"['Hash Table', 'String', 'Dynamic Programming', 'Counting', 'Enumeration']"
LeetCode,3391,Design a 3D Binary Matrix with Efficient Layer Tracking,2,Medium,,,66.1521499448732,True,"['Array', 'Hash Table', 'Design', 'Heap (Priority Queue)', 'Matrix', 'Ordered Set']"
LeetCode,3392,Count Subarrays of Length Three With a Condition,1,Easy,,,61.40443357087959,False,['Array']
LeetCode,3393,Count Paths With the Given XOR Value,2,Medium,,,40.7110844412774,False,"['Array', 'Dynamic Programming', 'Bit Manipulation', 'Matrix']"
LeetCode,3394,Check if Grid can be Cut into Sections,2,Medium,,,68.25176922154253,False,"['Array', 'Sorting']"
LeetCode,3395,Subsequences with a Unique Middle Mode I,3,Hard,,,21.474822884131942,False,"['Array', 'Hash Table', 'Math', 'Combinatorics']"
LeetCode,3396,Minimum Number of Operations to Make Elements in Array Distinct,1,Easy,,,71.2529191966371,False,"['Array', 'Hash Table']"
LeetCode,3397,Maximum Number of Distinct Elements After Operations,2,Medium,,,52.24868853693432,False,"['Array', 'Greedy', 'Sorting']"
LeetCode,3398,Smallest Substring With Identical Characters I,3,Hard,,,20.69030150484657,False,"['Array', 'Binary Search', 'Enumeration']"
LeetCode,3399,Smallest Substring With Identical Characters II,3,Hard,,,40.35137272624562,False,"['String', 'Binary Search']"
LeetCode,3400,Maximum Number of Matching Indices After Right Shifts,2,Medium,,,84.67299051422866,True,"['Array', 'Two Pointers', 'Simulation']"
LeetCode,3402,Minimum Operations to Make Columns Strictly Increasing,1,Easy,,,72.71532874115505,False,"['Array', 'Greedy', 'Matrix']"
LeetCode,3403,Find the Lexicographically Largest String From the Box I,2,Medium,,,40.929610983981696,False,"['Two Pointers', 'String', 'Enumeration']"
LeetCode,3404,Count Special Subsequences,2,Medium,,,30.07168551538521,False,"['Array', 'Hash Table', 'Math', 'Enumeration']"
LeetCode,3405,Count the Number of Arrays with K Matching Adjacent Elements,3,Hard,,,58.232873561259865,False,"['Math', 'Combinatorics']"
LeetCode,3406,Find the Lexicographically Largest String From the Box II,3,Hard,,,49.38980617372577,True,"['Two Pointers', 'String']"
LeetCode,3407,Substring Matching Pattern,1,Easy,,,28.911903532440707,False,"['String', 'String Matching']"
LeetCode,3408,Design Task Manager,2,Medium,,,48.936180324207186,False,"['Hash Table', 'Design', 'Heap (Priority Queue)', 'Ordered Set']"
LeetCode,3409,Longest Subsequence With Decreasing Adjacent Difference,2,Medium,,,16.9613083002147,False,"['Array', 'Dynamic Programming']"
LeetCode,3410,Maximize Subarray Sum After Removing All Occurrences of One Element,3,Hard,,,23.199521322889467,False,"['Array', 'Hash Table', 'Divide and Conquer', 'Dynamic Programming', 'Segment Tree', 'Prefix Sum']"
LeetCode,3411,Maximum Subarray With Equal Products,1,Easy,,,46.948829742023825,False,"['Array', 'Math', 'Sliding Window', 'Enumeration', 'Number Theory']"
LeetCode,3412,Find Mirror Score of a String,2,Medium,,,35.88859416445624,False,"['Hash Table', 'String', 'Stack', 'Simulation']"
LeetCode,3413,Maximum Coins From K Consecutive Bags,2,Medium,,,24.94779377864562,False,"['Array', 'Binary Search', 'Greedy', 'Sliding Window', 'Sorting', 'Prefix Sum']"
LeetCode,3414,Maximum Score of Non-overlapping Intervals,3,Hard,,,31.632437010374765,False,"['Array', 'Binary Search', 'Dynamic Programming', 'Sorting']"
LeetCode,3416,Subsequences with a Unique Middle Mode II,3,Hard,,,15.211104684788895,True,"['Array', 'Hash Table', 'Math', 'Combinatorics']"
LeetCode,3417,Zigzag Grid Traversal With Skip,1,Easy,,,65.39957159334323,False,"['Array', 'Matrix', 'Simulation']"
LeetCode,3418,Maximum Amount of Money Robot Can Earn,2,Medium,,,47.78168371073777,False,"['Array', 'Dynamic Programming', 'Matrix']"
LeetCode,3419,Minimize the Maximum Edge Weight of Graph,2,Medium,,,44.87795502594657,False,"['Binary Search', 'Depth-First Search', 'Breadth-First Search', 'Graph Theory', 'Shortest Path']"
LeetCode,3420,Count Non-Decreasing Subarrays After K Operations,3,Hard,,,24.576365663322186,False,"['Array', 'Stack', 'Segment Tree', 'Queue', 'Sliding Window', 'Monotonic Stack', 'Monotonic Queue']"
LeetCode,3422,Minimum Operations to Make Subarray Elements Equal,2,Medium,,,46.17775015537601,True,"['Array', 'Hash Table', 'Math', 'Sliding Window', 'Heap (Priority Queue)']"
LeetCode,3423,Maximum Difference Between Adjacent Elements in a Circular Array,1,Easy,,,75.64551304488302,False,['Array']
LeetCode,3424,Minimum Cost to Make Arrays Identical,2,Medium,,,37.95374642120722,False,"['Array', 'Greedy', 'Sorting']"
LeetCode,3425,Longest Special Path,3,Hard,,,22.90779879335233,False,"['Array', 'Hash Table', 'Tree', 'Depth-First Search', 'Prefix Sum']"
LeetCode,3426,Manhattan Distances of All Arrangements of Pieces,3,Hard,,,35.546494105132524,False,"['Math', 'Combinatorics']"
LeetCode,3427,Sum of Variable Length Subarrays,1,Easy,,,85.6955211947288,False,"['Array', 'Prefix Sum']"
LeetCode,3428,Maximum and Minimum Sums of at Most Size K Subsequences,2,Medium,,,21.980244354933063,False,"['Array', 'Math', 'Dynamic Programming', 'Sorting', 'Combinatorics']"
LeetCode,3429,Paint House IV,2,Medium,,,45.49432023441577,False,"['Array', 'Dynamic Programming']"
LeetCode,3430,Maximum and Minimum Sums of at Most Size K Subarrays,3,Hard,,,25.953648259037482,False,"['Array', 'Math', 'Stack', 'Monotonic Stack']"
LeetCode,3431,Minimum Unlocked Indices to Sort Nums,2,Medium,,,57.60322255790534,True,"['Array', 'Hash Table']"
LeetCode,3432,Count Partitions with Even Sum Difference,1,Easy,,,85.28533446362515,False,"['Array', 'Math', 'Prefix Sum']"
LeetCode,3433,Count Mentions Per User,2,Medium,,,50.791552853408525,False,"['Array', 'Math', 'Sorting', 'Simulation']"
LeetCode,3434,Maximum Frequency After Subarray Operation,2,Medium,,,31.325779923663205,False,"['Array', 'Hash Table', 'Dynamic Programming', 'Greedy', 'Enumeration', 'Prefix Sum']"
LeetCode,3435,Frequencies of Shortest Supersequences,3,Hard,,,22.54887440758294,False,"['Array', 'String', 'Bit Manipulation', 'Graph Theory', 'Topological Sort', 'Enumeration']"
LeetCode,3437,Permutations III,2,Medium,,,86.24213836477988,True,"['Array', 'Backtracking']"
LeetCode,3438,Find Valid Pair of Adjacent Digits in String,1,Easy,,,60.973013587126665,False,"['Hash Table', 'String', 'Counting']"
LeetCode,3439,Reschedule Meetings for Maximum Free Time I,2,Medium,,,53.99383483857012,False,"['Array', 'Greedy', 'Sliding Window']"
LeetCode,3440,Reschedule Meetings for Maximum Free Time II,2,Medium,,,60.351184375355885,False,"['Array', 'Greedy', 'Enumeration']"
LeetCode,3441,Minimum Cost Good Caption,3,Hard,,,21.02148531215013,False,"['String', 'Dynamic Programming']"
LeetCode,3442,Maximum Difference Between Even and Odd Frequency I,1,Easy,,,60.744549050266,False,"['Hash Table', 'String', 'Counting']"
LeetCode,3443,Maximum Manhattan Distance After K Changes,2,Medium,,,54.15069560853736,False,"['Hash Table', 'Math', 'String', 'Counting']"
LeetCode,3444,Minimum Increments for Target Multiples in an Array,3,Hard,,,27.859944435365257,False,"['Array', 'Math', 'Dynamic Programming', 'Bit Manipulation', 'Number Theory', 'Bitmask']"
LeetCode,3445,Maximum Difference Between Even and Odd Frequency II,3,Hard,,,48.61537954502385,False,"['String', 'Sliding Window', 'Enumeration', 'Prefix Sum']"
LeetCode,3446,Sort Matrix by Diagonals,2,Medium,,,84.67093549898486,False,"['Array', 'Sorting', 'Matrix']"
LeetCode,3447,Assign Elements to Groups with Constraints,2,Medium,,,27.10760706333178,False,"['Array', 'Hash Table']"
LeetCode,3448,Count Substrings Divisible By Last Digit,3,Hard,,,23.480909225969395,False,"['String', 'Dynamic Programming']"
LeetCode,3449,Maximize the Minimum Game Score,3,Hard,,,26.449037946029662,False,"['Array', 'Binary Search', 'Greedy']"
LeetCode,3450,Maximum Students on a Single Bench,1,Easy,,,88.23972860912176,True,"['Array', 'Hash Table']"
LeetCode,3452,Sum of Good Numbers,1,Easy,,,69.8370447315458,False,['Array']
LeetCode,3453,Separate Squares I,2,Medium,,,57.98644593242792,False,"['Array', 'Binary Search']"
LeetCode,3454,Separate Squares II,3,Hard,,,59.29027459843721,False,"['Array', 'Binary Search', 'Segment Tree', 'Sweep Line']"
LeetCode,3455,Shortest Matching Substring,3,Hard,,,24.520836358356323,False,"['Two Pointers', 'String', 'Binary Search', 'String Matching']"
LeetCode,3456,Find Special Substring of Length K,1,Easy,,,35.23056958415645,False,['String']
LeetCode,3457,Eat Pizzas!,2,Medium,,,33.471171713470646,False,"['Array', 'Greedy', 'Sorting']"
LeetCode,3458,Select K Disjoint Special Substrings,2,Medium,,,19.36322178257662,False,"['Hash Table', 'String', 'Dynamic Programming', 'Greedy', 'Sorting']"
LeetCode,3459,Length of Longest V-Shaped Diagonal Segment,3,Hard,,,56.17550107983177,False,"['Array', 'Dynamic Programming', 'Memoization', 'Matrix']"
LeetCode,3460,Longest Common Prefix After at Most One Removal,2,Medium,,,67.75226908702616,True,"['Two Pointers', 'String']"
LeetCode,3461,Check If Digits Are Equal in String After Operations I,1,Easy,,,82.52520358095488,False,"['Math', 'String', 'Simulation', 'Combinatorics', 'Number Theory']"
LeetCode,3462,Maximum Sum With at Most K Elements,2,Medium,,,60.90876469005113,False,"['Array', 'Greedy', 'Sorting', 'Heap (Priority Queue)', 'Matrix']"
LeetCode,3463,Check If Digits Are Equal in String After Operations II,3,Hard,,,14.465800004146711,False,"['Math', 'String', 'Combinatorics', 'Number Theory']"
LeetCode,3464,Maximize the Distance Between Points on a Square,3,Hard,,,51.11040991898137,False,"['Array', 'Math', 'Binary Search', 'Geometry', 'Sorting']"
LeetCode,3466,Maximum Coin Collection ,2,Medium,,,52.90161414296695,True,"['Array', 'Dynamic Programming']"
LeetCode,3467,Transform Array by Parity,1,Easy,,,89.8032264098841,False,"['Array', 'Sorting', 'Counting']"
LeetCode,3468,Find the Number of Copy Arrays,2,Medium,,,47.14192139737991,False,"['Array', 'Math']"
LeetCode,3469,Find Minimum Cost to Remove Array Elements,2,Medium,,,21.813401215856377,False,"['Array', 'Dynamic Programming']"
LeetCode,3470,Permutations IV,3,Hard,,,34.493354843665976,False,"['Array', 'Math', 'Combinatorics', 'Enumeration']"
LeetCode,3471,Find the Largest Almost Missing Integer,1,Easy,,,37.34200181433323,False,"['Array', 'Hash Table']"
LeetCode,3472,Longest Palindromic Subsequence After at Most K Operations,2,Medium,,,37.88677791422861,False,"['String', 'Dynamic Programming']"
LeetCode,3473,Sum of K Subarrays With Length at Least M,2,Medium,,,26.337422536992538,False,"['Array', 'Dynamic Programming', 'Prefix Sum']"
LeetCode,3474,Lexicographically Smallest Generated String,3,Hard,,,53.501062431272686,False,"['String', 'Greedy', 'String Matching']"
LeetCode,3476,Maximize Profit from Task Assignment,2,Medium,,,65.19928613920285,True,"['Array', 'Greedy', 'Sorting', 'Heap (Priority Queue)']"
LeetCode,3477,Fruits Into Baskets II,1,Easy,,,70.26912093155117,False,"['Array', 'Binary Search', 'Segment Tree', 'Simulation', 'Ordered Set']"
LeetCode,3478,Choose K Elements With Maximum Sum,2,Medium,,,33.96602417510618,False,"['Array', 'Sorting', 'Heap (Priority Queue)']"
LeetCode,3479,Fruits Into Baskets III,2,Medium,,,39.336083319227036,False,"['Array', 'Binary Search', 'Segment Tree', 'Ordered Set']"
LeetCode,3480,Maximize Subarrays After Removing One Conflicting Pair,3,Hard,,,64.53658754837699,False,"['Array', 'Segment Tree', 'Enumeration', 'Prefix Sum']"
LeetCode,3481,Apply Substitutions,2,Medium,,,77.72288984942763,True,"['Array', 'Hash Table', 'String', 'Depth-First Search', 'Breadth-First Search', 'Graph Theory', 'Topological Sort']"
LeetCode,3483,Unique 3-Digit Even Numbers,1,Easy,,,69.9169128239454,False,"['Array', 'Hash Table', 'Recursion', 'Enumeration']"
LeetCode,3484,Design Spreadsheet,2,Medium,,,74.04791285477214,False,"['Array', 'Hash Table', 'String', 'Design', 'Matrix']"
LeetCode,3485,Longest Common Prefix of K Strings After Removal,3,Hard,,,24.173248223881135,False,"['Array', 'String', 'Trie']"
LeetCode,3486,Longest Special Path II,3,Hard,,,19.637549836897428,False,"['Array', 'Hash Table', 'Tree', 'Depth-First Search', 'Prefix Sum']"
LeetCode,3487,Maximum Unique Subarray Sum After Deletion,1,Easy,,,40.50566700177078,False,"['Array', 'Hash Table', 'Greedy']"
LeetCode,3488,Closest Equal Element Queries,2,Medium,,,51.44523919741564,False,"['Array', 'Hash Table', 'Binary Search']"
LeetCode,3489,Zero Array Transformation IV,2,Medium,,,31.431770250214804,False,"['Array', 'Dynamic Programming']"
LeetCode,3490,Count Beautiful Numbers,3,Hard,,,24.194153705016472,False,['Dynamic Programming']
LeetCode,3491,Phone Number Prefix,1,Easy,,,70.18348623853211,True,"['Array', 'String', 'Trie', 'Sorting']"
LeetCode,3492,Maximum Containers on a Ship,1,Easy,,,75.42401209179299,False,['Math']
LeetCode,3493,Properties Graph,2,Medium,,,48.95974966939224,False,"['Array', 'Hash Table', 'Depth-First Search', 'Breadth-First Search', 'Union-Find', 'Graph Theory']"
LeetCode,3494,Find the Minimum Amount of Time to Brew Potions,2,Medium,,,62.67234213317282,False,"['Array', 'Simulation', 'Prefix Sum']"
LeetCode,3495,Minimum Operations to Make Array Elements Zero,3,Hard,,,60.336813690923016,False,"['Array', 'Math', 'Bit Manipulation']"
LeetCode,3496,Maximize Score After Pair Deletions,2,Medium,,,52.5050916496945,True,"['Array', 'Greedy']"
LeetCode,3498,Reverse Degree of a String,1,Easy,,,88.80801528636798,False,"['String', 'Simulation']"
LeetCode,3499,Maximize Active Section with Trade I,2,Medium,,,31.797883807386878,False,"['String', 'Enumeration']"
LeetCode,3500,Minimum Cost to Divide Array Into Subarrays,3,Hard,,,28.160166065770788,False,"['Array', 'Dynamic Programming', 'Prefix Sum']"
LeetCode,3501,Maximize Active Section with Trade II,3,Hard,,,21.210747080829837,False,"['Array', 'String', 'Binary Search', 'Segment Tree']"
LeetCode,3502,Minimum Cost to Reach Every Position,1,Easy,,,83.44795781284463,False,['Array']
LeetCode,3503,Longest Palindrome After Substring Concatenation I,2,Medium,,,43.90776793726347,False,"['Two Pointers', 'String', 'Dynamic Programming', 'Enumeration']"
LeetCode,3504,Longest Palindrome After Substring Concatenation II,3,Hard,,,18.12134327161978,False,"['Two Pointers', 'String', 'Dynamic Programming']"
LeetCode,3505,Minimum Operations to Make Elements Within K Subarrays Equal,3,Hard,,,28.528871141535145,False,"['Array', 'Hash Table', 'Math', 'Dynamic Programming', 'Sliding Window', 'Heap (Priority Queue)']"
LeetCode,3506,Find Time Required to Eliminate Bacterial Strains,3,Hard,,,61.407491486946654,True,"['Array', 'Math', 'Greedy', 'Heap (Priority Queue)']"
LeetCode,3507,Minimum Pair Removal to Sort Array I,1,Easy,,,65.19114600937746,False,"['Array', 'Hash Table', 'Linked List', 'Heap (Priority Queue)', 'Simulation', 'Doubly-Linked List', 'Ordered Set']"
LeetCode,3508,Implement Router,2,Medium,,,39.04141380402296,False,"['Array', 'Hash Table', 'Binary Search', 'Design', 'Queue', 'Ordered Set']"
LeetCode,3509,Maximum Product of Subsequences With an Alternating Sum Equal to K,3,Hard,,,13.426311407160698,False,"['Array', 'Hash Table', 'Dynamic Programming']"
LeetCode,3510,Minimum Pair Removal to Sort Array II,3,Hard,,,39.0045243558221,False,"['Array', 'Hash Table', 'Linked List', 'Heap (Priority Queue)', 'Simulation', 'Doubly-Linked List', 'Ordered Set']"
LeetCode,3511,Make a Positive Array,2,Medium,,,36.4774251229325,True,"['Array', 'Greedy', 'Prefix Sum']"
LeetCode,3512,Minimum Operations to Make Array Sum Divisible by K,1,Easy,,,92.32557924944405,False,"['Array', 'Math']"
LeetCode,3513,Number of Unique XOR Triplets I,2,Medium,,,26.80111971450554,False,"['Array', 'Math', 'Bit Manipulation']"
LeetCode,3514,Number of Unique XOR Triplets II,2,Medium,,,32.62297993251643,False,"['Array', 'Math', 'Bit Manipulation', 'Enumeration']"
LeetCode,3515,Shortest Path in a Weighted Tree,3,Hard,,,42.480271873739994,False,"['Array', 'Tree', 'Depth-First Search', 'Binary Indexed Tree', 'Segment Tree']"
LeetCode,3516,Find Closest Person,1,Easy,,,88.98424932025301,False,['Math']
LeetCode,3517,Smallest Palindromic Rearrangement I,2,Medium,,,63.79619280784856,False,"['String', 'Sorting', 'Counting Sort']"
LeetCode,3518,Smallest Palindromic Rearrangement II,3,Hard,,,14.703048250252651,False,"['Hash Table', 'Math', 'String', 'Combinatorics', 'Counting']"
LeetCode,3519,Count Numbers with Non-Decreasing Digits ,3,Hard,,,38.884040580342536,False,"['Math', 'String', 'Dynamic Programming']"
LeetCode,3520,Minimum Threshold for Inversion Pairs Count,2,Medium,,,54.61538461538461,True,"['Array', 'Binary Search', 'Divide and Conquer', 'Binary Indexed Tree', 'Segment Tree', 'Merge Sort']"
LeetCode,3522,Calculate Score After Performing Instructions,2,Medium,,,57.155008924587236,False,"['Array', 'Hash Table', 'String', 'Simulation']"
LeetCode,3523,Make Array Non-decreasing,2,Medium,,,57.328026127781186,False,"['Array', 'Stack', 'Greedy', 'Monotonic Stack']"
LeetCode,3524,Find X Value of Array I,2,Medium,,,37.61232765612328,False,"['Array', 'Math', 'Dynamic Programming']"
LeetCode,3525,Find X Value of Array II,3,Hard,,,31.480058074985056,False,"['Array', 'Math', 'Segment Tree']"
LeetCode,3526,Range XOR Queries with Subarray Reversals,3,Hard,,,62.63079222720478,True,"['Array', 'Tree', 'Binary Search Tree', 'Binary Tree']"
LeetCode,3527,Find the Most Common Response,2,Medium,,,74.88480154888674,False,"['Array', 'Hash Table', 'String', 'Counting']"
LeetCode,3528,Unit Conversion I,2,Medium,,,54.07336827060505,False,"['Depth-First Search', 'Breadth-First Search', 'Graph Theory']"
LeetCode,3529,Count Cells in Overlapping Horizontal and Vertical Substrings,2,Medium,,,27.544527000604358,False,"['Array', 'String', 'Rolling Hash', 'String Matching', 'Matrix', 'Hash Function']"
LeetCode,3530,Maximum Profit from Valid Topological Order in DAG,3,Hard,,,30.322487206720094,False,"['Array', 'Dynamic Programming', 'Bit Manipulation', 'Graph Theory', 'Topological Sort', 'Bitmask']"
LeetCode,3531,Count Covered Buildings,2,Medium,,,58.8848794471804,False,"['Array', 'Hash Table', 'Sorting']"
LeetCode,3532,Path Existence Queries in a Graph I,2,Medium,,,55.633529211791554,False,"['Array', 'Hash Table', 'Binary Search', 'Union-Find', 'Graph Theory']"
LeetCode,3533,Concatenated Divisibility,3,Hard,,,31.078565830721004,False,"['Array', 'Dynamic Programming', 'Bit Manipulation', 'Bitmask']"
LeetCode,3534,Path Existence Queries in a Graph II,3,Hard,,,26.90743841186319,False,"['Array', 'Two Pointers', 'Binary Search', 'Dynamic Programming', 'Greedy', 'Bit Manipulation', 'Graph Theory', 'Sorting']"
LeetCode,3535,Unit Conversion II,2,Medium,,,66.0,True,"['Array', 'Math', 'Depth-First Search', 'Breadth-First Search', 'Graph Theory']"
LeetCode,3536,Maximum Product of Two Digits,1,Easy,,,69.33588449221082,False,"['Math', 'Sorting']"
LeetCode,3537,Fill a Special Grid,2,Medium,,,70.95601599418393,False,"['Array', 'Divide and Conquer', 'Matrix']"
LeetCode,3538,Merge Operations for Minimum Travel Time,3,Hard,,,31.28491620111732,False,"['Array', 'Dynamic Programming', 'Prefix Sum']"
LeetCode,3539,Find Sum of Array Product of Magical Sequences,3,Hard,,,61.756390417573215,False,"['Array', 'Math', 'Dynamic Programming', 'Bit Manipulation', 'Combinatorics', 'Bitmask']"
LeetCode,3540,Minimum Time to Visit All Houses,2,Medium,,,69.35307017543859,True,"['Array', 'Prefix Sum']"
LeetCode,3541,Find Most Frequent Vowel and Consonant,1,Easy,,,89.25600595295008,False,"['Hash Table', 'String', 'Counting']"
LeetCode,3542,Minimum Operations to Convert All Elements to Zero,2,Medium,,,53.02157413494293,False,"['Array', 'Hash Table', 'Stack', 'Greedy', 'Monotonic Stack']"
LeetCode,3543,Maximum Weighted K-Edge Path,2,Medium,,,20.162796362455342,False,"['Hash Table', 'Dynamic Programming', 'Graph Theory']"
LeetCode,3544,Subtree Inversion Sum,3,Hard,,,44.267955801104975,False,"['Array', 'Dynamic Programming', 'Tree', 'Depth-First Search']"
LeetCode,3545,Minimum Deletions for At Most K Distinct Characters,1,Easy,,,73.1819550885178,False,"['Hash Table', 'String', 'Greedy', 'Sorting', 'Counting']"
LeetCode,3546,Equal Sum Grid Partition I,2,Medium,,,52.87127427878473,False,"['Array', 'Matrix', 'Enumeration', 'Prefix Sum']"
LeetCode,3547,Maximum Sum of Edge Values in a Graph,3,Hard,,,36.764859500678995,False,"['Math', 'Greedy', 'Graph Theory']"
LeetCode,3548,Equal Sum Grid Partition II,3,Hard,,,39.42721779178142,False,"['Array', 'Hash Table', 'Matrix', 'Enumeration', 'Prefix Sum']"
LeetCode,3549,Multiply Two Polynomials,3,Hard,,,58.28488372093024,True,"['Array', 'Math']"
LeetCode,3550,Smallest Index With Digit Sum Equal to Index,1,Easy,,,80.3370004177691,False,"['Array', 'Math']"
LeetCode,3551,Minimum Swaps to Sort by Digit Sum,2,Medium,,,50.646456496263426,False,"['Array', 'Hash Table', 'Sorting']"
LeetCode,3552,Grid Teleportation Traversal,2,Medium,,,23.708088780948525,False,"['Array', 'Hash Table', 'Breadth-First Search', 'Matrix']"
LeetCode,3553,Minimum Weighted Subgraph With the Required Paths II,3,Hard,,,50.31565656565656,False,"['Array', 'Dynamic Programming', 'Bit Manipulation', 'Tree', 'Depth-First Search']"
LeetCode,3555,Smallest Subarray to Sort in Every Sliding Window,2,Medium,,,58.543619322278296,True,"['Array', 'Two Pointers', 'Stack', 'Greedy', 'Sorting', 'Monotonic Stack']"
LeetCode,3556,Sum of Largest Prime Substrings,2,Medium,,,38.09710258418168,False,"['Hash Table', 'Math', 'String', 'Sorting', 'Number Theory']"
LeetCode,3557,Find Maximum Number of Non Intersecting Substrings,2,Medium,,,30.95802176649145,False,"['Hash Table', 'String', 'Dynamic Programming', 'Greedy']"
LeetCode,3558,Number of Ways to Assign Edge Weights I,2,Medium,,,64.21021804531296,False,"['Math', 'Tree', 'Depth-First Search']"
LeetCode,3559,Number of Ways to Assign Edge Weights II,3,Hard,,,72.8807801884725,False,"['Array', 'Math', 'Dynamic Programming', 'Bit Manipulation', 'Tree', 'Depth-First Search']"
LeetCode,3560,Find Minimum Log Transportation Cost,1,Easy,,,42.45507229409354,False,['Math']
LeetCode,3561,Resulting String After Adjacent Removals,2,Medium,,,56.99967503035901,False,"['String', 'Stack', 'Simulation']"
LeetCode,3562,Maximum Profit from Trading Stocks with Discounts,3,Hard,,,56.49812090506967,False,"['Array', 'Dynamic Programming', 'Tree', 'Depth-First Search']"
LeetCode,3563,Lexicographically Smallest String After Adjacent Removals,3,Hard,,,17.65303530607061,False,"['String', 'Dynamic Programming']"
LeetCode,3565,Sequential Grid Path Cover,2,Medium,,,60.13805004314064,True,"['Array', 'Recursion', 'Matrix']"
LeetCode,3566,Partition Array into Two Equal Product Subsets,2,Medium,,,35.218782290755904,False,"['Array', 'Bit Manipulation', 'Recursion', 'Enumeration']"
LeetCode,3567,Minimum Absolute Difference in Sliding Submatrix,2,Medium,,,78.77155261868987,False,"['Array', 'Sorting', 'Matrix']"
LeetCode,3568,Minimum Moves to Clean the Classroom,2,Medium,,,26.89017341040462,False,"['Array', 'Hash Table', 'Bit Manipulation', 'Breadth-First Search', 'Matrix']"
LeetCode,3569,Maximize Count of Distinct Primes After Split,3,Hard,,,18.995191090863074,False,"['Array', 'Hash Table', 'Math', 'Segment Tree', 'Number Theory', 'Ordered Set']"
LeetCode,3571,Find the Shortest Superstring II,1,Easy,,,48.4375,True,['String']
LeetCode,3572,Maximize Y‑Sum by Picking a Triplet of Distinct X‑Values,2,Medium,,,63.497179693795324,False,"['Array', 'Hash Table', 'Greedy', 'Sorting', 'Heap (Priority Queue)']"
LeetCode,3573,Best Time to Buy and Sell Stock V,2,Medium,,,60.58029014507254,False,"['Array', 'Dynamic Programming']"
LeetCode,3574,Maximize Subarray GCD Score,3,Hard,,,25.280987810669618,False,"['Array', 'Math', 'Enumeration', 'Number Theory']"
LeetCode,3575,Maximum Good Subtree Score,3,Hard,,,45.554335894621296,False,"['Array', 'Dynamic Programming', 'Bit Manipulation', 'Tree', 'Depth-First Search', 'Bitmask']"
LeetCode,3576,Transform Array to All Equal Elements,2,Medium,,,33.31976955860622,False,"['Array', 'Greedy']"
LeetCode,3577,Count the Number of Computer Unlocking Permutations,2,Medium,,,58.94001454418885,False,"['Array', 'Math', 'Brainteaser', 'Combinatorics']"
LeetCode,3578,Count Partitions With Max-Min Difference at Most K,2,Medium,,,58.53767982050944,False,"['Array', 'Dynamic Programming', 'Queue', 'Sliding Window', 'Prefix Sum', 'Monotonic Queue']"
LeetCode,3579,Minimum Steps to Convert String with Operations,3,Hard,,,43.93998441153546,False,"['String', 'Dynamic Programming']"
LeetCode,3581,Count Odd Letters from Number,1,Easy,,,84.71192241871078,True,"['Hash Table', 'String', 'Simulation', 'Counting']"
LeetCode,3582,Generate Tag for Video Caption,1,Easy,,,32.548950354296814,False,"['String', 'Simulation']"
LeetCode,3583,Count Special Triplets,2,Medium,,,47.11607502150122,False,"['Array', 'Hash Table', 'Counting']"
LeetCode,3584,Maximum Product of First and Last Elements of a Subsequence,2,Medium,,,31.62639907371671,False,"['Array', 'Two Pointers']"
LeetCode,3585,Find Weighted Median Node in Tree,3,Hard,,,26.770264116575593,False,"['Array', 'Binary Search', 'Dynamic Programming', 'Bit Manipulation', 'Tree', 'Depth-First Search']"
LeetCode,3587,Minimum Adjacent Swaps to Alternate Parity,2,Medium,,,42.5213071050612,False,"['Array', 'Greedy']"
LeetCode,3588,Find Maximum Area of a Triangle,2,Medium,,,29.626522197717904,False,"['Array', 'Hash Table', 'Math', 'Greedy', 'Geometry', 'Enumeration']"
LeetCode,3589,Count Prime-Gap Balanced Subarrays,2,Medium,,,23.437547381508324,False,"['Array', 'Math', 'Queue', 'Sliding Window', 'Number Theory', 'Monotonic Queue']"
LeetCode,3590,Kth Smallest Path XOR Sum,3,Hard,,,30.160206718346256,False,"['Array', 'Tree', 'Depth-First Search', 'Ordered Set']"
LeetCode,3591,Check if Any Element Has Prime Frequency,1,Easy,,,62.61032211818467,False,"['Array', 'Hash Table', 'Math', 'Counting', 'Number Theory']"
LeetCode,3592,Inverse Coin Change,2,Medium,,,52.3457302179824,False,"['Array', 'Dynamic Programming']"
LeetCode,3593,Minimum Increments to Equalize Leaf Paths,2,Medium,,,41.30451118402926,False,"['Array', 'Dynamic Programming', 'Tree', 'Depth-First Search']"
LeetCode,3594,Minimum Time to Transport All Individuals,3,Hard,,,28.509925855058597,False,"['Array', 'Bit Manipulation', 'Graph Theory', 'Heap (Priority Queue)', 'Shortest Path', 'Bitmask']"
LeetCode,3595,Once Twice,2,Medium,,,75.93406593406593,True,"['Array', 'Bit Manipulation']"
LeetCode,3596,Minimum Cost Path with Alternating Directions I,2,Medium,,,70.23121387283237,True,"['Math', 'Brainteaser']"
LeetCode,3597,Partition String ,2,Medium,,,59.21879186638483,False,"['Hash Table', 'String', 'Trie', 'Simulation']"
LeetCode,3598,Longest Common Prefix Between Adjacent Strings After Removals,2,Medium,,,32.60884148386664,False,"['Array', 'String']"
LeetCode,3599,Partition Array to Minimize XOR,2,Medium,,,41.49102153130408,False,"['Array', 'Dynamic Programming', 'Bit Manipulation', 'Prefix Sum']"
LeetCode,3600,Maximize Spanning Tree Stability with Upgrades,3,Hard,,,66.23923985135707,False,"['Binary Search', 'Greedy', 'Union-Find', 'Graph Theory', 'Minimum Spanning Tree']"
LeetCode,3602,Hexadecimal and Hexatrigesimal Conversion,1,Easy,,,81.01062451412282,False,"['Math', 'String']"
LeetCode,3603,Minimum Cost Path with Alternating Directions II,2,Medium,,,44.93736831137558,False,"['Array', 'Dynamic Programming', 'Matrix']"
LeetCode,3604,Minimum Time to Reach Destination in Directed Graph,2,Medium,,,45.79193014152364,False,"['Graph Theory', 'Heap (Priority Queue)', 'Shortest Path']"
LeetCode,3605,Minimum Stability Factor of Array,3,Hard,,,20.72808320950966,False,"['Array', 'Math', 'Binary Search', 'Greedy', 'Segment Tree', 'Number Theory']"
LeetCode,3606,Coupon Code Validator,1,Easy,,,64.77003728575927,False,"['Array', 'Hash Table', 'String', 'Sorting']"
LeetCode,3607,Power Grid Maintenance,2,Medium,,,56.14908166553292,False,"['Array', 'Hash Table', 'Depth-First Search', 'Breadth-First Search', 'Union-Find', 'Graph Theory', 'Heap (Priority Queue)', 'Ordered Set']"
LeetCode,3608,Minimum Time for K Connected Components,2,Medium,,,45.52079406960674,False,"['Binary Search', 'Union-Find', 'Graph Theory', 'Sorting']"
LeetCode,3609,Minimum Moves to Reach Target in Grid,3,Hard,,,15.214125782954966,False,['Math']
LeetCode,3610,Minimum Number of Primes to Sum to Target,2,Medium,,,59.81790070434633,True,"['Array', 'Math', 'Dynamic Programming', 'Number Theory']"
LeetCode,3612,Process String with Special Operations I,2,Medium,,,71.4302428979267,False,"['String', 'Simulation']"
LeetCode,3613,Minimize Maximum Component Cost,2,Medium,,,43.63322895042398,False,"['Binary Search', 'Union-Find', 'Graph Theory', 'Sorting']"
LeetCode,3614,Process String with Special Operations II,3,Hard,,,39.854079528454044,False,"['String', 'Simulation']"
LeetCode,3615,Longest Palindromic Path in Graph,3,Hard,,,22.396555283569764,False,"['String', 'Dynamic Programming', 'Bit Manipulation', 'Graph Theory', 'Bitmask']"
LeetCode,3616,Number of Student Replacements,2,Medium,,,85.65672844480258,True,"['Array', 'Simulation']"
LeetCode,3618,Split Array by Prime Indices,2,Medium,,,49.54136807817589,False,"['Array', 'Math', 'Number Theory']"
LeetCode,3619,Count Islands With Total Value Divisible by K,2,Medium,,,56.223506743737964,False,"['Array', 'Depth-First Search', 'Breadth-First Search', 'Union-Find', 'Matrix']"
LeetCode,3620,Network Recovery Pathways,3,Hard,,,30.009834775767114,False,"['Array', 'Binary Search', 'Dynamic Programming', 'Graph Theory', 'Topological Sort', 'Heap (Priority Queue)', 'Shortest Path']"
LeetCode,3621,Number of Integers With Popcount-Depth Equal to K I,3,Hard,,,22.920844075241096,False,"['Math', 'Dynamic Programming', 'Bit Manipulation', 'Combinatorics']"
LeetCode,3622,Check Divisibility by Digit Sum and Product,1,Easy,,,69.60232566807052,False,['Math']
LeetCode,3623,Count Number of Trapezoids I,2,Medium,,,48.147082774574905,False,"['Array', 'Hash Table', 'Math', 'Geometry']"
LeetCode,3624,Number of Integers With Popcount-Depth Equal to K II,3,Hard,,,59.51230867718094,False,"['Array', 'Divide and Conquer', 'Binary Indexed Tree', 'Segment Tree']"
LeetCode,3625,Count Number of Trapezoids II,3,Hard,,,39.8607621798865,False,"['Array', 'Hash Table', 'Math', 'Geometry']"
LeetCode,3627,Maximum Median Sum of Subsequences of Size 3,2,Medium,,,65.11234919399439,False,"['Array', 'Math', 'Greedy', 'Sorting', 'Game Theory']"
LeetCode,3628,Maximum Number of Subsequences After One Inserting,2,Medium,,,32.00542255907817,False,"['String', 'Dynamic Programming', 'Greedy', 'Prefix Sum']"
LeetCode,3629,Minimum Jumps to Reach End via Prime Teleportation,2,Medium,,,44.63643627646824,False,"['Array', 'Hash Table', 'Math', 'Breadth-First Search', 'Number Theory']"
LeetCode,3630,Partition Array for Maximum XOR and AND,3,Hard,,,17.824156516371062,False,"['Array', 'Math', 'Greedy', 'Bit Manipulation', 'Enumeration']"
LeetCode,3631,Sort Threats by Severity and Exploitability,2,Medium,,,64.62793068297655,True,"['Array', 'Sorting']"
LeetCode,3632,Subarrays with XOR at Least K,3,Hard,,,44.460431654676256,True,"['Array', 'Bit Manipulation', 'Trie', 'Prefix Sum']"
LeetCode,3633,Earliest Finish Time for Land and Water Rides I,1,Easy,,,72.95924919733268,False,"['Array', 'Two Pointers', 'Binary Search', 'Greedy', 'Sorting']"
LeetCode,3634,Minimum Removals to Balance Array,2,Medium,,,47.85407373661562,False,"['Array', 'Binary Search', 'Sliding Window', 'Sorting']"
LeetCode,3635,Earliest Finish Time for Land and Water Rides II,2,Medium,,,64.2651435154075,False,"['Array', 'Two Pointers', 'Binary Search', 'Greedy', 'Sorting']"
LeetCode,3636,Threshold Majority Queries,3,Hard,,,22.192281342772322,False,"['Array', 'Hash Table', 'Binary Search', 'Divide and Conquer', 'Counting', 'Prefix Sum']"
LeetCode,3637,Trionic Array I,1,Easy,,,49.52769035946688,False,['Array']
LeetCode,3638,Maximum Balanced Shipments,2,Medium,,,61.45427735409995,False,"['Array', 'Dynamic Programming', 'Stack', 'Greedy', 'Monotonic Stack']"
LeetCode,3639,Minimum Time to Activate String,2,Medium,,,49.216933721270166,False,"['Array', 'Binary Search']"
LeetCode,3640,Trionic Array II,3,Hard,,,47.32768173758865,False,"['Array', 'Dynamic Programming']"
LeetCode,3641,Longest Semi-Repeating Subarray,2,Medium,,,63.39600470035253,True,"['Array', 'Hash Table', 'Sliding Window']"
LeetCode,3643,Flip Square Submatrix Vertically,1,Easy,,,79.36762911752744,False,"['Array', 'Two Pointers', 'Matrix']"
LeetCode,3644,Maximum K to Sort a Permutation,2,Medium,,,37.42811573366879,False,"['Array', 'Bit Manipulation']"
LeetCode,3645,Maximum Total from Optimal Activation Order,2,Medium,,,33.354989604989605,False,"['Array', 'Two Pointers', 'Greedy', 'Sorting', 'Heap (Priority Queue)']"
LeetCode,3646,Next Special Palindrome Number,3,Hard,,,28.18103186291699,False,"['Backtracking', 'Bit Manipulation']"
LeetCode,3647,Maximum Weight in Two Bags,2,Medium,,,57.939581719597214,True,"['Array', 'Dynamic Programming']"
LeetCode,3648,Minimum Sensors to Cover Grid,2,Medium,,,68.71633648489332,False,['Math']
LeetCode,3649,Number of Perfect Pairs,2,Medium,,,34.215231141359055,False,"['Array', 'Math', 'Two Pointers', 'Sorting']"
LeetCode,3650,Minimum Cost Path with Edge Reversals,2,Medium,,,61.78017238846748,False,"['Graph Theory', 'Heap (Priority Queue)', 'Shortest Path']"
LeetCode,3651,Minimum Cost Path with Teleportations,3,Hard,,,45.461456278763976,False,"['Array', 'Dynamic Programming', 'Matrix']"
LeetCode,3652,Best Time to Buy and Sell Stock using Strategy,2,Medium,,,59.74138788154707,False,"['Array', 'Sliding Window', 'Prefix Sum']"
LeetCode,3653,XOR After Range Multiplication Queries I,2,Medium,,,73.30014155318007,False,"['Array', 'Divide and Conquer', 'Simulation', 'Prefix Sum']"
LeetCode,3654,Minimum Sum After Divisible Sum Deletions,2,Medium,,,46.45808551931384,False,"['Array', 'Hash Table', 'Dynamic Programming', 'Prefix Sum']"
LeetCode,3655,XOR After Range Multiplication Queries II,3,Hard,,,47.7126158114874,False,"['Array', 'Divide and Conquer', 'Prefix Sum']"
LeetCode,3656,Determine if a Simple Graph Exists,2,Medium,,,47.38598442714127,True,"['Array', 'Binary Search', 'Graph Theory', 'Sorting', 'Prefix Sum']"
LeetCode,3658,GCD of Odd and Even Sums,1,Easy,,,85.02965496341834,False,"['Math', 'Number Theory']"
LeetCode,3659,Partition Array Into K-Distinct Groups,2,Medium,,,47.184328089964566,False,"['Array', 'Hash Table', 'Counting']"
LeetCode,3660,Jump Game IX,2,Medium,,,46.271297509829616,False,"['Array', 'Dynamic Programming']"
LeetCode,3661,Maximum Walls Destroyed by Robots,3,Hard,,,47.98948298850919,False,"['Array', 'Binary Search', 'Dynamic Programming', 'Sorting']"
LeetCode,3662,Filter Characters by Frequency,1,Easy,,,86.22620380739082,True,"['Hash Table', 'String', 'Counting']"
LeetCode,3663,Find The Least Frequent Digit,1,Easy,,,69.78034646540726,False,"['Array', 'Hash Table', 'Math', 'Counting']"
LeetCode,3664,Two-Letter Card Game,2,Medium,,,12.831546916159505,False,"['Array', 'Hash Table', 'String', 'Counting', 'Enumeration']"
LeetCode,3665,Twisted Mirror Path Count,2,Medium,,,48.326507103545374,False,"['Array', 'Dynamic Programming', 'Matrix']"
LeetCode,3666,Minimum Operations to Equalize Binary String,3,Hard,,,45.083092830443626,False,"['Math', 'String', 'Breadth-First Search', 'Union-Find', 'Ordered Set']"
LeetCode,3667,Sort Array By Absolute Value,1,Easy,,,86.61936137861125,True,"['Array', 'Math', 'Two Pointers', 'Sorting']"
LeetCode,3668,Restore Finishing Order,1,Easy,,,91.30645779234601,False,"['Array', 'Hash Table']"
LeetCode,3669,Balanced K-Factor Decomposition,2,Medium,,,40.33221728338048,False,"['Math', 'Backtracking', 'Number Theory']"
LeetCode,3670,Maximum Product of Two Integers With No Common Bits,2,Medium,,,15.274323904258628,False,"['Array', 'Dynamic Programming', 'Bit Manipulation']"
LeetCode,3671,Sum of Beautiful Subsequences,3,Hard,,,31.571531667754904,False,"['Array', 'Math', 'Binary Indexed Tree', 'Number Theory']"
LeetCode,3672,Sum of Weighted Modes in Subarrays,2,Medium,,,53.64635364635365,True,"['Array', 'Hash Table', 'Sliding Window', 'Counting', 'Ordered Set']"
LeetCode,3674,Minimum Operations to Equalize Array,1,Easy,,,60.58084091894235,False,"['Array', 'Bit Manipulation', 'Brainteaser']"
LeetCode,3675,Minimum Operations to Transform String,2,Medium,,,62.02484591217594,False,"['String', 'Greedy']"
LeetCode,3676,Count Bowl Subarrays,2,Medium,,,48.3783402112002,False,"['Array', 'Stack', 'Monotonic Stack']"
LeetCode,3677,Count Binary Palindromic Numbers,3,Hard,,,33.806551284995514,False,"['Math', 'Bit Manipulation']"
LeetCode,3678,Smallest Absent Positive Greater Than Average,1,Easy,,,34.429146595729385,False,"['Array', 'Hash Table']"
LeetCode,3679, Minimum Discards to Balance Inventory,2,Medium,,,35.2647180477044,False,"['Array', 'Hash Table', 'Sliding Window', 'Simulation', 'Counting']"
LeetCode,3680,Generate Schedule,2,Medium,,,24.74452183639229,False,"['Array', 'Math', 'Greedy']"
LeetCode,3681,Maximum XOR of Subsequences,3,Hard,,,51.448707909162096,False,"['Array', 'Math', 'Greedy', 'Bit Manipulation']"
LeetCode,3682,Minimum Index Sum of Common Elements,2,Medium,,,76.93069306930693,True,"['Array', 'Hash Table']"
LeetCode,3683,Earliest Time to Finish One Task,1,Easy,,,84.7191813970639,False,['Array']
LeetCode,3684,Maximize Sum of At Most K Distinct Elements,1,Easy,,,77.02212145064085,False,"['Array', 'Hash Table', 'Greedy', 'Sorting']"
LeetCode,3685,Subsequence Sum After Capping Elements,2,Medium,,,25.40439677224028,False,"['Array', 'Two Pointers', 'Dynamic Programming', 'Sorting']"
LeetCode,3686,Number of Stable Subsequences,3,Hard,,,60.21416803953872,False,"['Array', 'Dynamic Programming']"
LeetCode,3687,Library Late Fee Calculator,1,Easy,,,94.27850231384097,True,"['Array', 'Simulation']"
LeetCode,3688,Bitwise OR of Even Numbers in an Array,1,Easy,,,85.17482199322095,False,"['Array', 'Bit Manipulation', 'Simulation']"
LeetCode,3689,Maximum Total Subarray Value I,2,Medium,,,71.90465348869355,False,"['Array', 'Greedy']"
LeetCode,3690,Split and Merge Array Transformation,2,Medium,,,58.86426592797784,False,"['Array', 'Hash Table', 'Breadth-First Search']"
LeetCode,3691,Maximum Total Subarray Value II,3,Hard,,,41.686920206757264,False,"['Array', 'Greedy', 'Segment Tree', 'Heap (Priority Queue)']"
LeetCode,3692,Majority Frequency Characters,1,Easy,,,67.15588882479865,False,"['Hash Table', 'String', 'Counting']"
LeetCode,3693,Climbing Stairs II,2,Medium,,,64.18405416609092,False,"['Array', 'Dynamic Programming']"
LeetCode,3694,Distinct Points Reachable After Substring Removal,2,Medium,,,54.16426420654751,False,"['Hash Table', 'String', 'Sliding Window', 'Prefix Sum']"
LeetCode,3695,Maximize Alternating Sum Using Swaps,3,Hard,,,64.71109294085582,False,"['Array', 'Greedy', 'Union-Find', 'Sorting']"
LeetCode,3696,Maximum Distance Between Unequal Words in Array I,1,Easy,,,82.6992103374013,True,"['Array', 'String']"
LeetCode,3697,Compute Decimal Representation,1,Easy,,,64.84217316215485,False,"['Array', 'Math']"
LeetCode,3698,Split Array With Minimum Difference,2,Medium,,,33.59291544690255,False,"['Array', 'Prefix Sum']"
LeetCode,3699,Number of ZigZag Arrays I,3,Hard,,,33.148102914834716,False,"['Dynamic Programming', 'Prefix Sum']"
LeetCode,3700,Number of ZigZag Arrays II,3,Hard,,,57.55950773504108,False,"['Math', 'Dynamic Programming']"
LeetCode,3701,Compute Alternating Sum,1,Easy,,,90.06045237394434,False,"['Array', 'Simulation']"
LeetCode,3702,Longest Subsequence With Non-Zero Bitwise XOR,2,Medium,,,37.43776966478593,False,"['Array', 'Bit Manipulation']"
LeetCode,3703,Remove K-Balanced Substrings,2,Medium,,,32.86967235705138,False,"['String', 'Stack', 'Simulation']"
LeetCode,3704,Count No-Zero Pairs That Sum to N,3,Hard,,,14.845650646050712,False,"['Math', 'Dynamic Programming']"
LeetCode,3706,Maximum Distance Between Unequal Words in Array II,2,Medium,,,72.29050279329608,True,"['Array', 'String']"
LeetCode,3707,Equal Score Substrings,1,Easy,,,56.85625185625186,False,"['String', 'Prefix Sum']"
LeetCode,3708,Longest Fibonacci Subarray,2,Medium,,,69.5588838736151,False,['Array']
LeetCode,3709,Design Exam Scores Tracker,2,Medium,,,44.250341109893306,False,"['Array', 'Binary Search', 'Design', 'Prefix Sum']"
LeetCode,3710,Maximum Partition Factor,3,Hard,,,31.939746538582963,False,"['Array', 'Binary Search', 'Depth-First Search', 'Breadth-First Search', 'Union-Find', 'Graph Theory']"
LeetCode,3711,Maximum Transactions Without Negative Balance,2,Medium,,,46.46525679758308,True,"['Array', 'Greedy', 'Heap (Priority Queue)']"
LeetCode,3712,Sum of Elements With Frequency Divisible by K,1,Easy,,,78.06913508822679,False,"['Array', 'Hash Table', 'Counting']"
LeetCode,3713,Longest Balanced Substring I,2,Medium,,,69.65307036290733,False,"['Hash Table', 'String', 'Counting', 'Enumeration']"
LeetCode,3714,Longest Balanced Substring II,2,Medium,,,41.8923883637821,False,"['Hash Table', 'String', 'Prefix Sum']"
LeetCode,3715,Sum of Perfect Square Ancestors,3,Hard,,,42.75730622617535,False,"['Array', 'Hash Table', 'Math', 'Tree', 'Depth-First Search', 'Counting', 'Number Theory']"
LeetCode,3717,Minimum Operations to Make the Array Beautiful,2,Medium,,,37.083333333333336,True,"['Array', 'Dynamic Programming']"
LeetCode,3718,Smallest Missing Multiple of K,1,Easy,,,63.30295278374105,False,"['Array', 'Hash Table']"
LeetCode,3719,Longest Balanced Subarray I,2,Medium,,,65.64962764803703,False,"['Array', 'Hash Table', 'Divide and Conquer', 'Segment Tree', 'Prefix Sum']"
LeetCode,3720,Lexicographically Smallest Permutation Greater Than Target,2,Medium,,,26.842567443380233,False,"['Hash Table', 'String', 'Greedy', 'Counting', 'Enumeration']"
LeetCode,3721,Longest Balanced Subarray II,3,Hard,,,33.76087621271509,False,"['Array', 'Hash Table', 'Divide and Conquer', 'Segment Tree', 'Prefix Sum']"
LeetCode,3722,Lexicographically Smallest String After Reverse,2,Medium,,,54.86248814552979,False,"['Two Pointers', 'Binary Search', 'Enumeration']"
LeetCode,3723,Maximize Sum of Squares of Digits,2,Medium,,,59.01651632892732,False,"['Math', 'Greedy']"
LeetCode,3724,Minimum Operations to Transform Array,2,Medium,,,40.066860305803694,False,"['Array', 'Greedy']"
LeetCode,3725,Count Ways to Choose Coprime Integers from Rows,3,Hard,,,48.466227509586076,False,"['Array', 'Math', 'Dynamic Programming', 'Matrix', 'Combinatorics', 'Number Theory']"
LeetCode,3726,Remove Zeros in Decimal Representation,1,Easy,,,76.4599829806874,False,"['Math', 'Simulation']"
LeetCode,3727,Maximum Alternating Sum of Squares,2,Medium,,,61.60592825946875,False,"['Array', 'Greedy', 'Sorting']"
LeetCode,3728,Stable Subarrays With Equal Boundary and Interior Sum,2,Medium,,,26.377631768260517,False,"['Array', 'Hash Table', 'Prefix Sum']"
LeetCode,3729,Count Distinct Subarrays Divisible by K in Sorted Array,3,Hard,,,28.0541961210803,False,"['Array', 'Hash Table', 'Prefix Sum']"
LeetCode,3730,Maximum Calories Burnt from Jumps,2,Medium,,,72.76825969341749,True,"['Array', 'Two Pointers', 'Greedy', 'Sorting']"
LeetCode,3731,Find Missing Elements,1,Easy,,,83.2414230637841,False,"['Array', 'Hash Table', 'Sorting']"
LeetCode,3732,Maximum Product of Three Elements After One Replacement,2,Medium,,,47.63413448077688,False,"['Array', 'Math', 'Greedy', 'Sorting']"
LeetCode,3733,Minimum Time to Complete All Deliveries,2,Medium,,,35.38688317461803,False,"['Math', 'Binary Search']"
LeetCode,3734,Lexicographically Smallest Palindromic Permutation Greater Than Target,3,Hard,,,25.44660194174757,False,"['Two Pointers', 'String', 'Enumeration']"
LeetCode,3735,Lexicographically Smallest String After Reverse II,3,Hard,,,47.78887303851641,True,"['String', 'Binary Search', 'Rolling Hash', 'Suffix Array', 'Hash Function']"
LeetCode,3736,Minimum Moves to Equal Array Elements III,1,Easy,,,81.95245257792261,False,"['Array', 'Math']"
LeetCode,3737,Count Subarrays With Majority Element I,2,Medium,,,65.8162304650725,False,"['Array', 'Hash Table', 'Divide and Conquer', 'Segment Tree', 'Merge Sort', 'Counting', 'Prefix Sum']"
LeetCode,3738,Longest Non-Decreasing Subarray After Replacing at Most One Element,2,Medium,,,22.340270702954445,False,"['Array', 'Dynamic Programming']"
LeetCode,3739,Count Subarrays With Majority Element II,3,Hard,,,45.91008240426564,False,"['Array', 'Hash Table', 'Divide and Conquer', 'Segment Tree', 'Merge Sort', 'Prefix Sum']"
LeetCode,3740,Minimum Distance Between Three Equal Elements I,1,Easy,,,73.44742386806324,False,"['Array', 'Hash Table']"
LeetCode,3741,Minimum Distance Between Three Equal Elements II,2,Medium,,,74.77294152813225,False,"['Array', 'Hash Table']"
LeetCode,3742,Maximum Path Score in a Grid,2,Medium,,,53.75514304545076,False,"['Array', 'Dynamic Programming', 'Matrix']"
LeetCode,3743,Maximize Cyclic Partition Score,3,Hard,,,13.940180999147762,False,"['Array', 'Dynamic Programming']"
LeetCode,3744,Find Kth Character in Expanded String,2,Medium,,,57.276507276507274,True,['String']
LeetCode,3745,Maximize Expression of Three Elements,1,Easy,,,72.79096149129262,False,"['Array', 'Greedy', 'Sorting', 'Enumeration']"
LeetCode,3746,Minimum String Length After Balanced Removals,2,Medium,,,78.44695753960012,False,"['String', 'Stack', 'Counting']"
LeetCode,3747,Count Distinct Integers After Removing Zeros,2,Medium,,,22.985588298558827,False,"['Math', 'Dynamic Programming']"
LeetCode,3748,Count Stable Subarrays,3,Hard,,,32.85304098146698,False,"['Array', 'Binary Search', 'Prefix Sum']"
LeetCode,3749,Evaluate Valid Expressions,3,Hard,,,69.6969696969697,True,"['Hash Table', 'Math', 'String', 'Divide and Conquer', 'Stack']"
LeetCode,3750,Minimum Number of Flips to Reverse Binary String,1,Easy,,,76.6852784965273,False,"['Math', 'Two Pointers', 'String', 'Bit Manipulation']"
LeetCode,3751,Total Waviness of Numbers in Range I,2,Medium,,,87.48574071219362,False,"['Math', 'Dynamic Programming', 'Enumeration']"
LeetCode,3752,Lexicographically Smallest Negated Permutation that Sums to Target,2,Medium,,,31.41591915521744,False,"['Array', 'Math', 'Two Pointers', 'Greedy', 'Sorting']"
LeetCode,3753,Total Waviness of Numbers in Range II,3,Hard,,,56.66245216254975,False,"['Math', 'Dynamic Programming']"
LeetCode,3754,Concatenate Non-Zero Digits and Multiply by Sum I,1,Easy,,,55.93404238218983,False,['Math']
LeetCode,3755,Find Maximum Balanced XOR Subarray Length,2,Medium,,,51.038607075758776,False,"['Array', 'Hash Table', 'Bit Manipulation', 'Prefix Sum']"
LeetCode,3756,Concatenate Non-Zero Digits and Multiply by Sum II,2,Medium,,,24.584414992940747,False,"['Math', 'String', 'Prefix Sum']"
LeetCode,3757,Number of Effective Subsequences,3,Hard,,,32.469417375077754,False,"['Array', 'Math', 'Dynamic Programming', 'Bit Manipulation', 'Combinatorics']"
LeetCode,3758,Convert Number Words to Digits,2,Medium,,,69.20374707259953,True,"['String', 'Trie']"
LeetCode,3759,Count Elements With at Least K Greater Values,2,Medium,,,31.645399597045,False,"['Array', 'Binary Search', 'Divide and Conquer', 'Sorting', 'Quickselect']"
LeetCode,3760,Maximum Substrings With Distinct Start,2,Medium,,,91.41554441693339,False,"['Hash Table', 'String']"
LeetCode,3761,Minimum Absolute Distance Between Mirror Pairs,2,Medium,,,59.17504886060148,False,"['Array', 'Hash Table', 'Math']"
LeetCode,3762,Minimum Operations to Equalize Subarrays,3,Hard,,,20.581781706476082,False,"['Array', 'Math', 'Binary Search', 'Segment Tree', 'Sorting']"
LeetCode,3763,Maximum Total Sum with Threshold Constraints,2,Medium,,,82.59887005649718,True,"['Array', 'Greedy', 'Sorting', 'Heap (Priority Queue)']"
LeetCode,3765,Complete Prime Number,2,Medium,,,36.75595046742192,False,"['Math', 'Enumeration', 'Number Theory']"
LeetCode,3766,Minimum Operations to Make Binary Palindrome,2,Medium,,,52.07641440117561,False,"['Array', 'Two Pointers', 'Binary Search', 'Bit Manipulation']"
LeetCode,3767,Maximize Points After Choosing K Tasks,2,Medium,,,60.198724498784394,False,"['Array', 'Greedy', 'Sorting', 'Heap (Priority Queue)']"
LeetCode,3768,Minimum Inversion Count in Subarrays of Fixed Length,3,Hard,,,42.77367524141849,False,"['Array', 'Segment Tree', 'Sliding Window']"
LeetCode,3769,Sort Integers by Binary Reflection,1,Easy,,,61.108186621434555,False,"['Array', 'Sorting']"
LeetCode,3770,Largest Prime from Consecutive Prime Sum,2,Medium,,,39.23974811856857,False,"['Array', 'Math', 'Number Theory']"
LeetCode,3771,Total Score of Dungeon Runs,2,Medium,,,30.993813956177373,False,"['Array', 'Binary Search', 'Prefix Sum']"
LeetCode,3772,Maximum Subgraph Score in a Tree,3,Hard,,,70.71461933675852,False,"['Array', 'Dynamic Programming', 'Tree', 'Depth-First Search']"
LeetCode,3773,Maximum Number of Equal Length Runs,2,Medium,,,84.27947598253274,True,"['Hash Table', 'String', 'Counting']"
LeetCode,3774,Absolute Difference Between Maximum and Minimum K Elements,1,Easy,,,75.67143820259952,False,"['Array', 'Sorting']"
LeetCode,3775,Reverse Words With Same Vowel Count,2,Medium,,,66.92416106185217,False,"['Two Pointers', 'String', 'Simulation']"
LeetCode,3776,Minimum Moves to Balance Circular Array,2,Medium,,,40.417339694226364,False,"['Array', 'Greedy', 'Sorting']"
LeetCode,3777,Minimum Deletions to Make Alternating Substring,3,Hard,,,45.405087487134246,False,"['String', 'Segment Tree']"
LeetCode,3778,Minimum Distance Excluding One Maximum Weighted Edge,2,Medium,,,46.354883081155435,True,[]
LeetCode,3779,Minimum Number of Operations to Have Distinct Elements,2,Medium,,,42.38545971648225,False,"['Array', 'Hash Table']"
LeetCode,3780,Maximum Sum of Three Numbers Divisible by Three,2,Medium,,,47.69347371871031,False,"['Array', 'Greedy', 'Sorting', 'Heap (Priority Queue)']"
LeetCode,3781,Maximum Score After Binary Swaps,2,Medium,,,35.31990944834982,False,"['Array', 'String', 'Greedy', 'Heap (Priority Queue)']"
LeetCode,3782,Last Remaining Integer After Alternating Deletion Operations,3,Hard,,,48.71748004630476,False,"['Math', 'Recursion']"
LeetCode,3783,Mirror Distance of an Integer,1,Easy,,,91.47978747002715,False,['Math']
LeetCode,3784,Minimum Deletion Cost to Make All Characters Equal,2,Medium,,,55.22606244126553,False,"['Array', 'Hash Table', 'String', 'Enumeration']"
LeetCode,3785,Minimum Swaps to Avoid Forbidden Values,3,Hard,,,30.81708400857337,False,"['Array', 'Hash Table', 'Greedy', 'Counting']"
LeetCode,3786,Total Sum of Interaction Cost in Tree Groups,3,Hard,,,54.289982925441095,False,"['Array', 'Tree', 'Depth-First Search']"
LeetCode,3787,Find Diameter Endpoints of a Tree,2,Medium,,,67.32283464566929,True,"['Tree', 'Breadth-First Search', 'Graph Theory']"
LeetCode,3788,Maximum Score of a Split,2,Medium,,,51.96920540368046,False,"['Array', 'Prefix Sum']"
LeetCode,3789,Minimum Cost to Acquire Required Items,2,Medium,,,35.09427479276725,False,"['Math', 'Greedy']"
LeetCode,3790,Smallest All-Ones Multiple,2,Medium,,,47.00142546836818,False,"['Hash Table', 'Math']"
LeetCode,3791,Number of Balanced Integers in a Range,3,Hard,,,35.95328005620445,False,['Dynamic Programming']
LeetCode,3792,Sum of Increasing Product Blocks,2,Medium,,,68.18181818181817,True,"['Math', 'Simulation']"
LeetCode,3794,Reverse String Prefix,1,Easy,,,89.38465986752182,False,"['Two Pointers', 'String']"
LeetCode,3795,Minimum Subarray Length With Distinct Sum At Least K,2,Medium,,,31.880103294336585,False,"['Array', 'Hash Table', 'Sliding Window']"
LeetCode,3796,Find Maximum Value in a Constrained Sequence,2,Medium,,,62.20097882266844,False,"['Array', 'Greedy']"
LeetCode,3797,Count Routes to Climb a Rectangular Grid,3,Hard,,,24.95215005741993,False,"['Array', 'Dynamic Programming', 'Matrix', 'Prefix Sum']"
LeetCode,3798,Largest Even Number,1,Easy,,,69.28614102321244,False,['String']
LeetCode,3799,Word Squares II,2,Medium,,,55.142317100289084,False,"['Array', 'String', 'Backtracking', 'Sorting', 'Enumeration']"
LeetCode,3800,Minimum Cost to Make Two Binary Strings Equal,2,Medium,,,39.415908061127816,False,"['String', 'Greedy']"
LeetCode,3801,Minimum Cost to Merge Sorted Lists,3,Hard,,,35.053352444656795,False,"['Array', 'Two Pointers', 'Binary Search', 'Dynamic Programming', 'Bit Manipulation']"
LeetCode,3802,Number of Ways to Paint Sheets,3,Hard,,,66.8693009118541,True,[]
LeetCode,3803,Count Residue Prefixes,1,Easy,,,65.70467103349905,False,"['Hash Table', 'String']"
LeetCode,3804,Number of Centered Subarrays,2,Medium,,,67.20813592266708,False,"['Array', 'Hash Table', 'Enumeration']"
LeetCode,3805,Count Caesar Cipher Pairs,2,Medium,,,51.29987620226645,False,"['Array', 'Hash Table', 'Math', 'String', 'Counting']"
LeetCode,3806,Maximum Bitwise AND After Increment Operations,3,Hard,,,32.02479338842975,False,"['Array', 'Greedy', 'Bit Manipulation', 'Sorting']"
LeetCode,3807,Minimum Cost to Repair Edges to Traverse a Graph,2,Medium,,,55.88235294117647,True,"['Binary Search', 'Breadth-First Search', 'Graph Theory']"
LeetCode,3809,Best Reachable Tower,2,Medium,,,56.00055504483722,False,['Array']
LeetCode,3810,Minimum Operations to Reach Target Array,2,Medium,,,63.784855620275124,False,"['Array', 'Hash Table', 'Greedy']"
LeetCode,3811,Number of Alternating XOR Partitions,2,Medium,,,27.195725431858893,False,"['Array', 'Hash Table', 'Dynamic Programming', 'Bit Manipulation']"
LeetCode,3812,Minimum Edge Toggles on a Tree,3,Hard,,,69.1288290245492,False,"['Tree', 'Depth-First Search', 'Graph Theory', 'Topological Sort', 'Sorting']"
LeetCode,3813,Vowel-Consonant Score,1,Easy,,,53.80780653372932,False,"['String', 'Simulation']"
LeetCode,3814,Maximum Capacity Within Budget,2,Medium,,,20.46323364065662,False,"['Array', 'Two Pointers', 'Binary Search', 'Sorting']"
LeetCode,3815,Design Auction System,2,Medium,,,42.23278755212041,False,"['Hash Table', 'Design', 'Heap (Priority Queue)', 'Ordered Set']"
LeetCode,3816,Lexicographically Smallest String After Deleting Duplicate Characters,3,Hard,,,20.503291569335317,False,"['Hash Table', 'String', 'Stack', 'Greedy', 'Monotonic Stack']"
LeetCode,3817,Good Indices in a Digit String,2,Medium,,,85.81235697940504,True,"['Math', 'String']"
LeetCode,3818,Minimum Prefix Removal to Make Array Strictly Increasing,2,Medium,,,73.96457173312389,False,['Array']
LeetCode,3819,Rotate Non Negative Elements,2,Medium,,,48.06026157496827,False,"['Array', 'Simulation']"
LeetCode,3820,Pythagorean Distance Nodes in a Tree,2,Medium,,,57.943157113314605,False,"['Tree', 'Breadth-First Search']"
LeetCode,3821,Find Nth Smallest Integer With K One Bits,3,Hard,,,35.16816340905089,False,"['Math', 'Bit Manipulation', 'Combinatorics']"
LeetCode,3822,Design Order Management System,2,Medium,,,77.97202797202797,True,"['Hash Table', 'Design']"
LeetCode,3823,Reverse Letters Then Special Characters in a String,1,Easy,,,82.14496779150168,False,"['Two Pointers', 'String', 'Simulation']"
LeetCode,3824,Minimum K to Reduce Array Within Limit,2,Medium,,,41.048336309600835,False,"['Array', 'Binary Search']"
LeetCode,3825,Longest Strictly Increasing Subsequence With Non-Zero Bitwise AND,2,Medium,,,50.584171268894806,False,"['Array', 'Binary Search', 'Bit Manipulation', 'Enumeration']"
LeetCode,3826,Minimum Partition Score,3,Hard,,,33.85232822397369,False,"['Array', 'Divide and Conquer', 'Dynamic Programming', 'Queue', 'Prefix Sum', 'Monotonic Queue']"
LeetCode,3827,Count Monobit Integers,1,Easy,,,66.50874407790293,False,"['Bit Manipulation', 'Enumeration']"
LeetCode,3828,Final Element After Subarray Deletions,2,Medium,,,40.78432842347238,False,"['Array', 'Math', 'Brainteaser', 'Game Theory']"
LeetCode,3829,Design Ride Sharing System,2,Medium,,,63.31614223372936,False,"['Hash Table', 'Design', 'Queue', 'Data Stream']"
LeetCode,3830,Longest Alternating Subarray After Removing At Most One Element,3,Hard,,,31.249764088627185,False,"['Array', 'Dynamic Programming', 'Enumeration']"
LeetCode,3831,Median of a Binary Search Tree Level,2,Medium,,,87.02865761689291,True,"['Tree', 'Depth-First Search', 'Breadth-First Search', 'Binary Search Tree', 'Binary Tree']"
LeetCode,3833,Count Dominant Indices,1,Easy,,,66.04221064273742,False,"['Array', 'Enumeration']"
LeetCode,3834,Merge Adjacent Equal Elements,2,Medium,,,42.41511958521492,False,"['Array', 'Stack', 'Simulation']"
LeetCode,3835,Count Subarrays With Cost Less Than or Equal to K,2,Medium,,,46.09603093190247,False,"['Array', 'Queue', 'Monotonic Queue']"
LeetCode,3836,Maximum Score Using Exactly K Pairs,3,Hard,,,41.70043857214234,False,"['Array', 'Dynamic Programming']"
LeetCode,3837,Delayed Count of Equal Elements,2,Medium,,,78.39506172839506,True,"['Array', 'Hash Table', 'Counting']"
LeetCode,3838,Weighted Word Mapping,1,Easy,,,90.66374164583439,False,"['Array', 'String', 'Simulation']"
LeetCode,3839,Number of Prefix Connected Groups,2,Medium,,,60.73255796088313,False,"['Array', 'Hash Table', 'String', 'Counting']"
LeetCode,3840,House Robber V,2,Medium,,,53.901207317481024,False,"['Array', 'Dynamic Programming']"
LeetCode,3841,Palindromic Path Queries in a Tree,3,Hard,,,36.408885611577105,False,"['Array', 'String', 'Divide and Conquer', 'Bit Manipulation', 'Tree', 'Depth-First Search', 'Segment Tree']"
LeetCode,3842,Toggle Light Bulbs,1,Easy,,,72.0212927048025,False,"['Array', 'Hash Table', 'Sorting', 'Simulation']"
LeetCode,3843,First Element with Unique Frequency,2,Medium,,,70.14474934331861,False,"['Array', 'Hash Table', 'Counting']"
LeetCode,3844,Longest Almost-Palindromic Substring,2,Medium,,,22.66032755414242,False,"['Two Pointers', 'String', 'Dynamic Programming']"
LeetCode,3845,Maximum Subarray XOR with Bounded Range,3,Hard,,,32.83482278557967,False,"['Array', 'Bit Manipulation', 'Trie', 'Queue', 'Sliding Window', 'Prefix Sum', 'Monotonic Queue']"
LeetCode,3846,Total Distance to Type a String Using One Finger,2,Medium,,,89.337822671156,True,"['Hash Table', 'String']"
LeetCode,3847,Find the Score Difference in a Game,2,Medium,,,72.4872943464979,False,"['Array', 'Simulation']"
LeetCode,3848,Check Digitorial Permutation,2,Medium,,,46.81141236157329,False,"['Math', 'Counting']"
LeetCode,3849,Maximum Bitwise XOR After Rearrangement,2,Medium,,,71.37765446590545,False,"['String', 'Greedy', 'Bit Manipulation']"
LeetCode,3850,Count Sequences to K,3,Hard,,,36.083203945565806,False,"['Array', 'Math', 'Dynamic Programming', 'Memoization', 'Number Theory']"
LeetCode,3851,Maximum Requests Without Violating the Limit,2,Medium,,,64.6888567293777,True,"['Array', 'Hash Table', 'Greedy', 'Sliding Window', 'Sorting']"
LeetCode,3852,Smallest Pair With Different Frequencies,1,Easy,,,69.39652856144876,False,"['Array', 'Hash Table', 'Counting']"
LeetCode,3853,Merge Close Characters,2,Medium,,,54.74573713595896,False,"['Hash Table', 'String']"
LeetCode,3854,Minimum Operations to Make Array Parity Alternating,2,Medium,,,17.21212862706715,False,"['Array', 'Greedy']"
LeetCode,3855,Sum of K-Digit Numbers in a Range,3,Hard,,,50.675922542930216,False,"['Math', 'Divide and Conquer', 'Combinatorics', 'Number Theory']"
LeetCode,3856,Trim Trailing Vowels,1,Easy,,,77.4803467042935,False,['String']
LeetCode,3857,Minimum Cost to Split into Ones,2,Medium,,,83.17642041726808,False,"['Math', 'Dynamic Programming']"
LeetCode,3858,Minimum Bitwise OR From Grid,2,Medium,,,27.179690899116583,False,"['Array', 'Greedy', 'Bit Manipulation', 'Matrix']"
LeetCode,3859,Count Subarrays With K Distinct Integers,3,Hard,,,20.287110232762405,False,"['Array', 'Hash Table', 'Sliding Window', 'Counting']"
LeetCode,3860,Unique Email Groups,2,Medium,,,85.65737051792829,True,"['Array', 'Hash Table', 'String']"
LeetCode,3861,Minimum Capacity Box,1,Easy,,,72.77024980576515,False,['Array']
LeetCode,3862,Find the Smallest Balanced Index,2,Medium,,,19.390356738973992,False,"['Array', 'Prefix Sum']"
LeetCode,3863,Minimum Operations to Sort a String,2,Medium,,,19.109919221749326,False,['String']
LeetCode,3864,Minimum Cost to Partition a Binary String,3,Hard,,,52.52657769735354,False,"['String', 'Divide and Conquer', 'Prefix Sum']"
LeetCode,3865,Reverse K Subarrays,2,Medium,,,89.24731182795699,True,"['Array', 'Two Pointers']"
LeetCode,3866,First Unique Even Element,1,Easy,,,66.28315451228146,False,"['Array', 'Hash Table', 'Counting']"
LeetCode,3867,Sum of GCD of Formed Pairs,2,Medium,,,65.85163007318697,False,"['Array', 'Math', 'Two Pointers', 'Sorting', 'Simulation', 'Number Theory']"
LeetCode,3868,Minimum Cost to Equalize Arrays Using Swaps,2,Medium,,,48.680176619169735,False,"['Array', 'Hash Table', 'Greedy', 'Counting']"
LeetCode,3869,Count Fancy Numbers in a Range,3,Hard,,,26.8384074941452,False,"['Math', 'Dynamic Programming']"
LeetCode,3870,Count Commas in Range,1,Easy,,,69.08788336907735,False,['Math']
LeetCode,3871,Count Commas in Range II,2,Medium,,,41.00011642798928,False,['Math']
LeetCode,3872,Longest Arithmetic Sequence After Changing At Most One Element,2,Medium,,,21.361141185632608,False,"['Array', 'Enumeration']"
LeetCode,3873,Maximum Points Activated with One Addition,3,Hard,,,44.30921052631579,False,"['Array', 'Hash Table', 'Union-Find']"
LeetCode,3874,Valid Subarrays With Exactly One Peak,2,Medium,,,67.49585406301824,True,"['Array', 'Math']"
LeetCode,3875,Construct Uniform Parity Array I,1,Easy,,,76.44972239358421,False,"['Array', 'Math']"
LeetCode,3876,Construct Uniform Parity Array II,2,Medium,,,50.094296076491915,False,"['Array', 'Math']"
LeetCode,3877,Minimum Removals to Achieve Target XOR,2,Medium,,,41.7817874259938,False,"['Array', 'Dynamic Programming', 'Bit Manipulation']"
LeetCode,3878,Count Good Subarrays,3,Hard,,,25.200202005627297,False,"['Array', 'Stack', 'Bit Manipulation', 'Monotonic Stack']"
LeetCode,3879,Maximum Distinct Path Sum in a Binary Tree,2,Medium,,,52.773826458036986,True,"['Hash Table', 'Tree', 'Depth-First Search', 'Binary Tree']"
LeetCode,3880,Minimum Absolute Difference Between Two Values,1,Easy,,,66.67157391958648,False,"['Array', 'Enumeration']"
LeetCode,3881,Direction Assignments with Exactly K Visible People,2,Medium,,,36.38691654056571,False,"['Math', 'Combinatorics']"
LeetCode,3882,Minimum XOR Path in a Grid,2,Medium,,,39.76038299837177,False,"['Array', 'Dynamic Programming', 'Bit Manipulation', 'Matrix']"
LeetCode,3883,Count Non Decreasing Arrays With Given Digit Sums,3,Hard,,,41.82813002896685,False,"['Array', 'Dynamic Programming', 'Prefix Sum']"
LeetCode,3884,First Matching Character From Both Ends,1,Easy,,,82.04526355443508,False,"['Two Pointers', 'String']"
LeetCode,3885,Design Event Manager,2,Medium,,,50.87002779970484,False,"['Array', 'Hash Table', 'Design', 'Heap (Priority Queue)', 'Ordered Set']"
LeetCode,3886,Sum of Sortable Integers,3,Hard,,,31.467582037554116,False,"['Array', 'Math', 'Sorting', 'Enumeration']"
LeetCode,3887,Incremental Even-Weighted Cycle Queries,3,Hard,,,51.71426712640687,False,"['Union-Find', 'Graph Theory']"
LeetCode,3888,Minimum Operations to Make All Grid Elements Equal,3,Hard,,,62.109375,True,"['Array', 'Math', 'Matrix', 'Prefix Sum']"
LeetCode,3889,Mirror Frequency Distance,2,Medium,,,60.83712336554861,False,"['Hash Table', 'String', 'Counting']"
LeetCode,3890,Integers With Multiple Sum of Two Cubes,2,Medium,,,55.527478383442485,False,"['Hash Table', 'Sorting', 'Counting', 'Enumeration']"
LeetCode,3891,Minimum Increase to Maximize Special Indices,2,Medium,,,19.698927070726302,False,"['Array', 'Dynamic Programming', 'Greedy', 'Prefix Sum']"
LeetCode,3892,Minimum Operations to Achieve At Least K Peaks,3,Hard,,,30.61541692921655,False,"['Array', 'Dynamic Programming']"
LeetCode,3893,Maximum Team Size with Overlapping Intervals,2,Medium,,,48.724489795918366,True,[]
LeetCode,3894,Traffic Signal Color,1,Easy,,,83.54768260131036,False,"['Math', 'String', 'Simulation']"
LeetCode,3895,Count Digit Appearances,2,Medium,,,86.7223894331231,False,"['Array', 'Math']"
LeetCode,3896,Minimum Operations to Transform Array into Alternating Prime,2,Medium,,,53.16630128405888,False,"['Array', 'Math', 'Two Pointers', 'Binary Search', 'Sorting', 'Number Theory']"
LeetCode,3897,Maximum Value of Concatenated Binary Segments,3,Hard,,,26.84424160423272,False,"['Array', 'Greedy', 'Sorting']"
LeetCode,3898,Find the Degree of Each Vertex,1,Easy,,,92.57113992254588,False,"['Array', 'Graph Theory', 'Matrix']"
LeetCode,3899,Angles of a Triangle,2,Medium,,,62.220196864746626,False,"['Array', 'Math', 'Geometry']"
LeetCode,3900,Longest Balanced Substring After One Swap,2,Medium,,,13.699652589295408,False,"['Hash Table', 'String', 'Prefix Sum']"
LeetCode,3901,Good Subsequence Queries,3,Hard,,,19.916885656664427,False,"['Array', 'Math', 'Segment Tree', 'Number Theory']"
LeetCode,3902,Zigzag Level Sum of Binary Tree,2,Medium,,,70.01733102253033,True,"['Tree', 'Breadth-First Search', 'Binary Tree']"
LeetCode,3903,Smallest Stable Index I,1,Easy,,,68.37711949086102,False,"['Array', 'Prefix Sum']"
LeetCode,3904,Smallest Stable Index II,2,Medium,,,73.59700694815606,False,"['Array', 'Prefix Sum']"
LeetCode,3905,Multi Source Flood Fill,2,Medium,,,56.27500502894437,False,"['Array', 'Breadth-First Search', 'Matrix']"
LeetCode,3906,Count Good Integers on a Grid Path,3,Hard,,,49.0308019118428,False,['Dynamic Programming']
LeetCode,3907,Count Smaller Elements With Opposite Parity,2,Medium,,,75.73529411764706,True,[]
LeetCode,3908,Valid Digit Number,1,Easy,,,70.54169636493228,False,['Math']
LeetCode,3909,Compare Sums of Bitonic Parts,2,Medium,,,53.39572986968887,False,['Array']
LeetCode,3910,Count Connected Subgraphs with Even Node Sum,3,Hard,,,62.195734903425006,False,"['Array', 'Bit Manipulation', 'Depth-First Search', 'Breadth-First Search', 'Union-Find', 'Graph Theory', 'Enumeration']"
LeetCode,3911,K-th Smallest Remaining Even Integer in Subarray Queries,3,Hard,,,29.166120361872295,False,"['Array', 'Binary Search']"
LeetCode,3912,Valid Elements in an Array,1,Easy,,,57.15117755111184,False,['Array']
LeetCode,3913,Sort Vowels by Frequency,2,Medium,,,62.84374484530009,False,"['String', 'Sorting', 'Counting']"
LeetCode,3914,Minimum Operations to Make Array Non Decreasing,2,Medium,,,55.38032525659652,False,"['Array', 'Greedy']"
LeetCode,3915,Maximum Sum of Alternating Subsequence With Distance at Least K,3,Hard,,,32.02267874236065,False,"['Array', 'Dynamic Programming', 'Segment Tree']"
LeetCode,3916,Number of ZigZag Arrays III,3,Hard,,,69.96805111821087,True,"['Math', 'Dynamic Programming', 'Prefix Sum']"
LeetCode,3917,Count Indices With Opposite Parity,1,Easy,,,81.86045575328126,False,['Array']
LeetCode,3918,Sum of Primes Between Number and Its Reverse,2,Medium,,,76.19547561507072,False,"['Math', 'Number Theory']"
LeetCode,3919,Minimum Cost to Move Between Indices,2,Medium,,,50.492241491719916,False,"['Array', 'Greedy', 'Prefix Sum']"
LeetCode,3920,Maximize Fixed Points After Deletions,3,Hard,,,19.38590369853454,False,"['Array', 'Binary Search', 'Sorting']"
LeetCode,3921,Score Validator,1,Easy,,,73.46697365919604,False,"['Array', 'String', 'Simulation']"
LeetCode,3922,Minimum Flips to Make Binary String Coherent,2,Medium,,,19.80755603625107,False,['String']
LeetCode,3923,Minimum Generations to Target Point,2,Medium,,,43.957174426579286,False,"['Array', 'Hash Table', 'Simulation']"
LeetCode,3924,Minimum Threshold Path With Limited Heavy Edges,3,Hard,,,39.57907336292455,False,"['Binary Search', 'Breadth-First Search', 'Graph Theory']"
LeetCode,3925,Concatenate Array With Reverse,1,Easy,,,91.80737196836095,False,"['Array', 'Simulation']"
LeetCode,3926,Count Valid Word Occurrences,2,Medium,,,48.04102872871151,False,"['Array', 'Hash Table', 'String', 'Counting']"
LeetCode,3927,Minimize Array Sum Using Divisible Replacements,2,Medium,,,32.03632941713243,False,"['Array', 'Hash Table', 'Math', 'Greedy', 'Number Theory']"
LeetCode,3928,Minimum Cost to Buy Apples II,3,Hard,,,31.6893974580923,False,"['Array', 'Graph Theory', 'Heap (Priority Queue)', 'Shortest Path']"
LeetCode,3929,Minimum Partition Score II,3,Hard,,,45.41832669322709,True,"['Array', 'Binary Search', 'Dynamic Programming', 'Prefix Sum']"
LeetCode,3930,Power Update After K-th Largest Insertion II,3,Hard,,,86.16352201257862,True,"['Array', 'Hash Table', 'Math', 'Segment Tree', 'Sorting']"
LeetCode,3931,Check Adjacent Digit Differences,1,Easy,,,77.8622578285792,False,['String']
LeetCode,3932,Count K-th Roots in a Range,2,Medium,,,24.434455653896144,False,"['Math', 'Binary Search']"
LeetCode,3933,Largest Local Values in a Matrix II,2,Medium,,,18.549584788838455,False,"['Array', 'Matrix', 'Prefix Sum']"
LeetCode,3934,Smallest Unique Subarray,3,Hard,,,40.44667608138501,False,"['Array', 'Hash Table', 'Binary Search', 'Rolling Hash', 'Suffix Array', 'Hash Function']"
LeetCode,3935,Power Update After K-th Largest Insertion I,2,Medium,,,69.55223880597015,True,"['Array', 'Hash Table', 'Math', 'Segment Tree', 'Sorting', 'Heap (Priority Queue)']"
LeetCode,3936,Minimum Swaps to Move Zeros to End,1,Easy,,,60.85352724192097,False,"['Array', 'Two Pointers']"
LeetCode,3937,Minimum Operations to Make Array Modulo Alternating I,2,Medium,,,46.743974427774795,False,"['Array', 'Enumeration']"
LeetCode,3938,Maximum Path Intersection Sum in a Grid,2,Medium,,,25.38024783455593,False,"['Array', 'Dynamic Programming', 'Matrix', 'Prefix Sum']"
LeetCode,3939,Count Non Adjacent Subsets in a Rooted Tree,3,Hard,,,56.09321896747046,False,"['Array', 'Dynamic Programming', 'Tree', 'Depth-First Search']"
LeetCode,3940,Limit Occurrences in Sorted Array,1,Easy,,,73.4213112905045,False,"['Array', 'Two Pointers']"
LeetCode,3941,Password Strength,2,Medium,,,74.90769861889785,False,"['Hash Table', 'String']"
LeetCode,3942,Minimum Operations to Sort a Permutation,2,Medium,,,27.307331815834274,False,['Array']
LeetCode,3943,Number of Pairs After Increment,3,Hard,,,20.725634337206543,False,"['Array', 'Hash Table', 'Divide and Conquer', 'Counting']"
LeetCode,3944,Minimum Operations to Make Array Modulo Alternating II,3,Hard,,,65.929203539823,True,"['Array', 'Enumeration']"
LeetCode,3945,Digit Frequency Score,1,Easy,,,91.40264507607596,False,"['Hash Table', 'Math']"
LeetCode,3946,Maximum Number of Items From Sale I,2,Medium,,,37.19318349844743,False,"['Array', 'Dynamic Programming', 'Greedy']"
LeetCode,3947,Maximum Number of Items From Sale II,2,Medium,,,29.615063172902023,False,"['Array', 'Greedy', 'Sorting', 'Heap (Priority Queue)']"
LeetCode,3948,Lexicographically Maximum MEX Array,3,Hard,,,56.93099738742893,False,"['Array', 'Hash Table', 'Greedy', 'Queue']"
LeetCode,3949,Subtree Inversion Sum II,3,Hard,,,74.30340557275542,True,"['Array', 'Dynamic Programming', 'Tree', 'Depth-First Search']"
LeetCode,3950,Exactly One Consecutive Set Bits Pair,1,Easy,,,50.77707219251337,False,['Bit Manipulation']
LeetCode,3951,Minimum Energy to Maintain Brightness,2,Medium,,,54.03552508569648,False,"['Array', 'Sorting']"
LeetCode,3952,Maximum Total Value of Covered Indices,2,Medium,,,27.902527439331386,False,"['Array', 'String', 'Dynamic Programming', 'Greedy']"
LeetCode,3953,Maximum Score with Co-Prime Element,3,Hard,,,27.015558698727016,False,"['Array', 'Hash Table', 'Math', 'Combinatorics', 'Enumeration', 'Number Theory']"
LeetCode,3954,Sum of Compatible Numbers in Range I,1,Easy,,,58.74575497657687,False,"['Dynamic Programming', 'Bit Manipulation', 'Enumeration']"
LeetCode,3955,Valid Binary Strings With Cost Limit,2,Medium,,,78.7938288920056,False,"['String', 'Backtracking', 'Bit Manipulation', 'Enumeration']"
LeetCode,3956,Maximum Sum of M Non-Overlapping Subarrays I,3,Hard,,,25.82615067871724,False,"['Array', 'Binary Search', 'Dynamic Programming', 'Queue', 'Sliding Window', 'Prefix Sum', 'Monotonic Queue']"
LeetCode,3957,Maximum Sum of M Non-Overlapping Subarrays II,3,Hard,,,14.603174603174605,False,"['Array', 'Binary Search', 'Dynamic Programming', 'Queue', 'Sliding Window', 'Prefix Sum', 'Monotonic Queue']"
LeetCode,3958,Minimum Cost to Split into Ones II,2,Medium,,,73.21428571428571,True,['Math']
LeetCode,3959,Check Good Integer,1,Easy,,,83.31125584133643,False,[]
LeetCode,3960,Frequency Balance Subarray,2,Medium,,,27.755568246716162,False,[]
LeetCode,3961,Maximize Sum of Device Ratings,2,Medium,,,38.91693834569112,False,[]
LeetCode,3962,Maximum Subarray Sum After at Most K Swaps,3,Hard,,,12.461300309597522,False,[]
